client_id,age,region,anciennete_annees,nb_sinistres_passes,canal_souscription,score_risque_init,date_creation,nb_polices,prime_totale,prime_moy,nb_produits_diff,nb_sinistres_total,montant_total,montant_moy,nb_litigieux,freq_sin_par_police,taux_litigieux,ratio_sinistre_prime,cluster,segment,umap_x,umap_y
CLT00001,48,Auvergne-Rhône-Alpes,5,1,Web,0.1362,2017-07-19,3.0,3916.0,1305.3333333333333,2.0,2.0,11680.0,5840.0,0.0,0.6666666666666666,0.0,2.982635342185904,2,🔵 Risque modéré,-3.3799584,3.7493443
CLT00002,45,Occitanie,4,0,Web,0.1611,2020-02-19,2.0,2193.0,1096.5,2.0,0.0,0.0,0.0,0.0,0.0,0.0,0.0,2,🔵 Risque modéré,-6.0175843,6.7644334
CLT00003,33,Auvergne-Rhône-Alpes,0,0,Agent,0.0475,2019-01-23,2.0,2485.0,1242.5,2.0,0.0,0.0,0.0,0.0,0.0,0.0,0.0,2,🔵 Risque modéré,-5.8377547,7.3497467
CLT00004,18,Auvergne-Rhône-Alpes,1,1,Courtier,0.341,2016-03-08,1.0,675.0,675.0,1.0,0.0,0.0,0.0,0.0,0.0,0.0,0.0,2,🔵 Risque modéré,1.3828018,2.0932167
CLT00005,29,Île-de-France,2,1,Web,0.0388,2017-04-23,3.0,6316.0,2105.3333333333335,2.0,2.0,30449.0,15224.5,0.0,0.6666666666666666,0.0,4.820930968967701,3,🔴 Très haut risque,-2.567673,6.0936084
CLT00006,77,Grand Est,0,1,Agent,0.2394,2019-02-25,2.0,2442.0,1221.0,2.0,1.0,273.0,273.0,0.0,0.5,0.0,0.11179361179361179,2,🔵 Risque modéré,-3.2110832,3.5780585
CLT00007,33,Occitanie,4,0,Agent,0.0308,2019-12-09,1.0,463.0,463.0,1.0,1.0,481.0,481.0,0.0,1.0,0.0,1.038876889848812,2,🔵 Risque modéré,0.6215305,6.2408943
CLT00008,41,Grand Est,0,1,Courtier,0.0942,2018-07-10,1.0,1480.0,1480.0,1.0,0.0,0.0,0.0,0.0,0.0,0.0,0.0,2,🔵 Risque modéré,1.385002,0.9057105
CLT00009,24,Centre-Val de Loire,2,0,Web,0.1972,2020-11-17,1.0,819.0,819.0,1.0,1.0,6796.0,6796.0,0.0,1.0,0.0,8.297924297924299,3,🔴 Très haut risque,-0.36998817,5.744368
CLT00010,45,Île-de-France,10,0,Agent,0.0882,2016-11-24,,,,,0.0,0.0,0.0,0.0,,0.0,,1,🟢 Bon risque fidèle,14.692596,5.7040653
CLT00011,27,Bretagne,1,1,Web,0.0317,2016-11-16,1.0,1033.0,1033.0,1.0,0.0,0.0,0.0,0.0,0.0,0.0,0.0,2,🔵 Risque modéré,1.6470108,0.86329097
CLT00012,46,Occitanie,0,1,Partenaire banque,0.0237,2017-11-22,1.0,1348.0,1348.0,1.0,0.0,0.0,0.0,0.0,0.0,0.0,0.0,2,🔵 Risque modéré,1.2208024,0.40045184
CLT00013,50,Auvergne-Rhône-Alpes,5,1,Web,0.2388,2016-07-19,3.0,5082.0,1694.0,3.0,1.0,343.0,343.0,0.0,0.3333333333333333,0.0,0.0674931129476584,2,🔵 Risque modéré,-3.8255522,3.9276795
CLT00014,30,Provence-Alpes-Côte d'Azur,7,1,Téléphone,0.0991,2019-05-23,1.0,1746.0,1746.0,1.0,0.0,0.0,0.0,0.0,0.0,0.0,0.0,2,🔵 Risque modéré,0.31950203,0.9033204
CLT00015,39,Hauts-de-France,1,1,Téléphone,0.149,2020-02-05,2.0,3996.0,1998.0,2.0,0.0,0.0,0.0,0.0,0.0,0.0,0.0,2,🔵 Risque modéré,-3.4281132,2.744574
CLT00016,40,Normandie,0,1,Courtier,0.3004,2018-02-16,,,,,0.0,0.0,0.0,0.0,,0.0,,1,🟢 Bon risque fidèle,14.409879,0.954575
CLT00017,62,Auvergne-Rhône-Alpes,2,0,Courtier,0.1138,2020-08-27,3.0,4161.0,1387.0,1.0,1.0,3426.0,3426.0,0.0,0.3333333333333333,0.0,0.8233597692862292,2,🔵 Risque modéré,0.44954073,9.586699
CLT00018,36,Centre-Val de Loire,0,0,Téléphone,0.0939,2018-01-12,3.0,2868.0,956.0,3.0,0.0,0.0,0.0,0.0,0.0,0.0,0.0,2,🔵 Risque modéré,-4.705921,5.0061126
CLT00019,22,Centre-Val de Loire,2,1,Web,0.3082,2016-05-24,2.0,2904.0,1452.0,1.0,0.0,0.0,0.0,0.0,0.0,0.0,0.0,2,🔵 Risque modéré,1.2579784,2.0593078
CLT00020,62,Île-de-France,1,0,Agent,0.0382,2020-05-04,2.0,3953.0,1976.5,2.0,1.0,20688.0,20688.0,0.0,0.5,0.0,5.2334935492031365,3,🔴 Très haut risque,-2.4718204,6.3981857
CLT00021,30,Hauts-de-France,10,1,Partenaire banque,0.0498,2020-10-19,3.0,3237.0,1079.0,2.0,0.0,0.0,0.0,0.0,0.0,0.0,0.0,2,🔵 Risque modéré,-4.515926,3.4672225
CLT00022,45,Occitanie,0,1,Téléphone,0.2315,2018-02-19,1.0,2385.0,2385.0,1.0,0.0,0.0,0.0,0.0,0.0,0.0,0.0,2,🔵 Risque modéré,0.6349718,1.6009719
CLT00023,32,Hauts-de-France,1,0,Courtier,0.0572,2020-09-06,5.0,7517.0,1503.4,2.0,1.0,5169.0,5169.0,0.0,0.2,0.0,0.6876413462817613,2,🔵 Risque modéré,-4.3717747,5.8138323
CLT00024,46,Provence-Alpes-Côte d'Azur,0,0,Web,0.1261,2017-12-30,1.0,1480.0,1480.0,1.0,0.0,0.0,0.0,0.0,0.0,0.0,0.0,2,🔵 Risque modéré,1.2288462,11.485467
CLT00025,22,Occitanie,0,0,Agent,0.0819,2019-12-10,,,,,0.0,0.0,0.0,0.0,,0.0,,1,🟢 Bon risque fidèle,16.676165,7.1201177
CLT00026,39,Auvergne-Rhône-Alpes,2,1,Agent,0.2204,2016-12-18,,,,,0.0,0.0,0.0,0.0,,0.0,,1,🟢 Bon risque fidèle,14.513031,1.2895356
CLT00027,41,Grand Est,1,0,Agent,0.01,2016-12-02,3.0,5839.0,1946.3333333333333,1.0,0.0,0.0,0.0,0.0,0.0,0.0,0.0,2,🔵 Risque modéré,1.0677615,10.421773
CLT00028,43,Normandie,2,0,Courtier,0.0367,2019-08-05,,,,,0.0,0.0,0.0,0.0,,0.0,,1,🟢 Bon risque fidèle,14.937292,7.248248
CLT00029,48,Grand Est,1,0,Web,0.0641,2017-10-28,1.0,2841.0,2841.0,1.0,0.0,0.0,0.0,0.0,0.0,0.0,0.0,2,🔵 Risque modéré,3.0306058,10.178247
CLT00030,46,Île-de-France,1,1,Web,0.1893,2016-03-08,2.0,3271.0,1635.5,1.0,1.0,2043.0,2043.0,0.0,0.5,0.0,0.6245796392540508,2,🔵 Risque modéré,0.16459098,3.4096735
CLT00031,53,Provence-Alpes-Côte d'Azur,1,1,Courtier,0.0991,2016-05-17,3.0,4782.0,1594.0,3.0,0.0,0.0,0.0,0.0,0.0,0.0,0.0,2,🔵 Risque modéré,-3.8956325,3.846871
CLT00032,29,Occitanie,7,0,Téléphone,0.0377,2019-03-09,1.0,1048.0,1048.0,1.0,0.0,0.0,0.0,0.0,0.0,0.0,0.0,2,🔵 Risque modéré,2.10741,10.14478
CLT00033,65,Provence-Alpes-Côte d'Azur,0,0,Web,0.1874,2018-10-21,2.0,2292.0,1146.0,2.0,2.0,1286.0,643.0,0.0,1.0,0.0,0.5610820244328097,2,🔵 Risque modéré,-4.258131,6.258578
CLT00034,51,Bretagne,0,1,Téléphone,0.0777,2019-08-11,2.0,2382.0,1191.0,1.0,1.0,24823.0,24823.0,0.0,0.5,0.0,10.421074727120066,3,🔴 Très haut risque,-2.067519,6.4124756
CLT00035,31,Normandie,10,1,Web,0.0678,2016-10-14,2.0,2688.0,1344.0,1.0,0.0,0.0,0.0,0.0,0.0,0.0,0.0,2,🔵 Risque modéré,-0.01962098,0.8917479
CLT00036,56,Occitanie,3,0,Agent,0.1226,2019-01-10,1.0,1437.0,1437.0,1.0,0.0,0.0,0.0,0.0,0.0,0.0,0.0,2,🔵 Risque modéré,0.7919326,11.121836
CLT00037,37,Hauts-de-France,9,2,Agent,0.1894,2018-05-29,,,,,0.0,0.0,0.0,0.0,,0.0,,1,🟢 Bon risque fidèle,13.478809,2.7618923
CLT00038,60,Centre-Val de Loire,9,2,Courtier,0.1233,2017-03-27,2.0,1411.0,705.5,1.0,1.0,318.0,318.0,0.0,0.5,0.0,0.22537207654145996,2,🔵 Risque modéré,-0.17342891,0.71025854
CLT00039,45,Nouvelle-Aquitaine,0,0,Courtier,0.1847,2016-07-07,2.0,2726.0,1363.0,2.0,1.0,1094.0,1094.0,0.0,0.5,0.0,0.4013206162876009,2,🔵 Risque modéré,-4.625391,6.6946564
CLT00040,44,Île-de-France,4,1,Téléphone,0.0383,2016-11-11,2.0,1678.0,839.0,2.0,1.0,296.0,296.0,0.0,0.5,0.0,0.1764004767580453,2,🔵 Risque modéré,-3.803207,3.1019766
CLT00041,28,Nouvelle-Aquitaine,1,1,Agent,0.2687,2018-05-16,5.0,7212.0,1442.4,3.0,3.0,2723.0,907.6666666666666,0.0,0.6,0.0,0.37756516916250693,2,🔵 Risque modéré,-3.5458379,4.0608363
CLT00042,47,Centre-Val de Loire,3,0,Web,0.1641,2018-02-22,,,,,0.0,0.0,0.0,0.0,,0.0,,1,🟢 Bon risque fidèle,15.049125,8.079466
CLT00043,22,Centre-Val de Loire,1,1,Partenaire banque,0.1368,2018-12-21,2.0,2433.0,1216.5,2.0,1.0,2704.0,2704.0,0.0,0.5,0.0,1.1113851212494863,2,🔵 Risque modéré,-2.8155632,3.2183428
CLT00044,45,Hauts-de-France,6,0,Partenaire banque,0.1227,2020-10-30,2.0,4351.0,2175.5,2.0,2.0,30240.0,15120.0,0.0,1.0,0.0,6.950126407722363,3,🔴 Très haut risque,-2.0341403,6.3344755
CLT00045,38,Île-de-France,0,1,Agent,0.472,2016-08-24,1.0,2567.0,2567.0,1.0,1.0,2810.0,2810.0,0.0,1.0,0.0,1.094663030775224,2,🔵 Risque modéré,-0.4944875,4.0829816
CLT00046,42,Grand Est,0,3,Agent,0.3863,2020-04-25,2.0,2497.0,1248.5,2.0,0.0,0.0,0.0,0.0,0.0,0.0,0.0,2,🔵 Risque modéré,-1.6870793,2.623099
CLT00047,48,Provence-Alpes-Côte d'Azur,13,1,Web,0.0927,2018-06-11,3.0,6221.0,2073.6666666666665,2.0,2.0,3795.0,1897.5,1.0,0.6666666666666666,0.5,0.6100305417135509,0,🟠 Risque élevé,-3.2448254,5.119339
CLT00048,56,Nouvelle-Aquitaine,1,0,Courtier,0.0558,2020-01-20,3.0,3485.0,1161.6666666666667,2.0,1.0,281.0,281.0,1.0,0.3333333333333333,1.0,0.0806312769010043,0,🟠 Risque élevé,-4.734523,22.0783
CLT00049,51,Hauts-de-France,4,1,Partenaire banque,0.1692,2020-04-11,2.0,3502.0,1751.0,2.0,0.0,0.0,0.0,0.0,0.0,0.0,0.0,2,🔵 Risque modéré,-3.6316266,3.0194156
CLT00050,42,Nouvelle-Aquitaine,8,1,Courtier,0.01,2016-08-07,1.0,3197.0,3197.0,1.0,0.0,0.0,0.0,0.0,0.0,0.0,0.0,2,🔵 Risque modéré,0.23554987,1.1375631
CLT00051,28,Hauts-de-France,1,3,Téléphone,0.5282,2018-11-07,1.0,1353.0,1353.0,1.0,2.0,10737.0,5368.5,0.0,2.0,0.0,7.93569844789357,3,🔴 Très haut risque,-1.2263672,4.57954
CLT00052,49,Centre-Val de Loire,6,1,Web,0.5253,2018-02-06,2.0,3327.0,1663.5,2.0,0.0,0.0,0.0,0.0,0.0,0.0,0.0,2,🔵 Risque modéré,-1.83796,2.4607537
CLT00053,45,Nouvelle-Aquitaine,1,0,Courtier,0.1076,2020-05-15,,,,,0.0,0.0,0.0,0.0,,0.0,,1,🟢 Bon risque fidèle,15.185853,8.110347
CLT00054,44,Grand Est,0,0,Téléphone,0.0144,2019-05-13,2.0,3038.0,1519.0,2.0,1.0,231.0,231.0,0.0,0.5,0.0,0.07603686635944701,2,🔵 Risque modéré,-4.7169456,6.8517203
CLT00055,18,Provence-Alpes-Côte d'Azur,3,0,Courtier,0.1617,2016-08-19,1.0,1138.0,1138.0,1.0,2.0,3239.0,1619.5,0.0,2.0,0.0,2.84622144112478,3,🔴 Très haut risque,-0.7508932,5.6840787
CLT00056,29,Provence-Alpes-Côte d'Azur,2,1,Téléphone,0.1465,2020-09-01,1.0,1002.0,1002.0,1.0,0.0,0.0,0.0,0.0,0.0,0.0,0.0,2,🔵 Risque modéré,1.6020839,1.2384714
CLT00057,31,Hauts-de-France,0,0,Web,0.1216,2017-05-10,2.0,2253.0,1126.5,2.0,0.0,0.0,0.0,0.0,0.0,0.0,0.0,2,🔵 Risque modéré,-5.648393,7.4992933
CLT00058,72,Centre-Val de Loire,5,1,Partenaire banque,0.2134,2016-06-26,1.0,899.0,899.0,1.0,2.0,1605.0,802.5,0.0,2.0,0.0,1.7853170189099,3,🔴 Très haut risque,-0.7466841,4.8601713
CLT00059,56,Normandie,1,0,Téléphone,0.0271,2020-04-08,3.0,3264.0,1088.0,2.0,1.0,317.0,317.0,0.0,0.3333333333333333,0.0,0.09712009803921569,2,🔵 Risque modéré,-5.515265,6.2082233
CLT00060,31,Grand Est,0,0,Agent,0.2661,2016-09-21,2.0,3489.0,1744.5,2.0,0.0,0.0,0.0,0.0,0.0,0.0,0.0,2,🔵 Risque modéré,-5.702626,7.4747853
CLT00061,46,Normandie,5,1,Partenaire banque,0.01,2016-12-06,,,,,0.0,0.0,0.0,0.0,,0.0,,1,🟢 Bon risque fidèle,14.09288,2.1889763
CLT00062,71,Hauts-de-France,2,0,Courtier,0.1832,2019-05-29,,,,,0.0,0.0,0.0,0.0,,0.0,,1,🟢 Bon risque fidèle,14.320704,8.793412
CLT00063,59,Bretagne,0,0,Partenaire banque,0.0292,2019-01-11,3.0,4492.0,1497.3333333333333,2.0,3.0,13030.0,4343.333333333333,0.0,1.0,0.0,2.9007123775601067,2,🔵 Risque modéré,-4.0506744,6.252744
CLT00064,48,Occitanie,2,0,Agent,0.1575,2018-03-30,1.0,2063.0,2063.0,1.0,0.0,0.0,0.0,0.0,0.0,0.0,0.0,2,🔵 Risque modéré,1.0594094,11.496638
CLT00065,18,Provence-Alpes-Côte d'Azur,0,0,Courtier,0.0536,2018-11-27,4.0,5799.0,1449.75,2.0,0.0,0.0,0.0,0.0,0.0,0.0,0.0,2,🔵 Risque modéré,-5.187651,7.242206
CLT00066,64,Normandie,4,0,Web,0.01,2017-04-07,2.0,2215.0,1107.5,2.0,0.0,0.0,0.0,0.0,0.0,0.0,0.0,2,🔵 Risque modéré,-6.0907927,6.098289
CLT00067,62,Auvergne-Rhône-Alpes,2,2,Web,0.1364,2019-04-21,1.0,1379.0,1379.0,1.0,0.0,0.0,0.0,0.0,0.0,0.0,0.0,2,🔵 Risque modéré,-0.5174495,1.4132252
CLT00068,44,Grand Est,0,2,Web,0.24,2017-03-29,,,,,0.0,0.0,0.0,0.0,,0.0,,1,🟢 Bon risque fidèle,12.507301,2.4312584
CLT00069,64,Île-de-France,2,0,Web,0.01,2019-07-18,2.0,3237.0,1618.5,2.0,1.0,4044.0,4044.0,0.0,0.5,0.0,1.2493049119555144,2,🔵 Risque modéré,-4.8884215,6.211484
CLT00070,39,Île-de-France,12,1,Web,0.1588,2016-03-07,1.0,1202.0,1202.0,1.0,2.0,2607.0,1303.5,0.0,2.0,0.0,2.1688851913477536,3,🔴 Très haut risque,-0.73837554,6.139124
CLT00071,35,Provence-Alpes-Côte d'Azur,1,1,Web,0.2108,2017-05-04,1.0,597.0,597.0,1.0,0.0,0.0,0.0,0.0,0.0,0.0,0.0,1,🟢 Bon risque fidèle,1.5995284,1.2795137
CLT00072,33,Hauts-de-France,0,1,Agent,0.285,2017-03-16,1.0,1312.0,1312.0,1.0,0.0,0.0,0.0,0.0,0.0,0.0,0.0,2,🔵 Risque modéré,1.3338294,1.8554235
CLT00073,47,Grand Est,6,0,Web,0.0981,2020-12-14,2.0,3948.0,1974.0,1.0,0.0,0.0,0.0,0.0,0.0,0.0,0.0,2,🔵 Risque modéré,1.5162024,10.105506
CLT00074,49,Centre-Val de Loire,6,1,Courtier,0.069,2017-05-14,2.0,3843.0,1921.5,2.0,1.0,1958.0,1958.0,0.0,0.5,0.0,0.5094977881863128,2,🔵 Risque modéré,-3.9947584,3.2900364
CLT00075,59,Normandie,1,2,Téléphone,0.2308,2017-01-26,1.0,828.0,828.0,1.0,1.0,851.0,851.0,0.0,1.0,0.0,1.0277777777777777,2,🔵 Risque modéré,-0.6054769,4.2179074
CLT00076,53,Auvergne-Rhône-Alpes,0,1,Web,0.2814,2018-06-03,1.0,1609.0,1609.0,1.0,3.0,19970.0,6656.666666666667,0.0,3.0,0.0,12.411435674331884,3,🔴 Très haut risque,-1.3139211,5.3191643
CLT00077,34,Provence-Alpes-Côte d'Azur,9,0,Courtier,0.1049,2018-08-16,1.0,2058.0,2058.0,1.0,0.0,0.0,0.0,0.0,0.0,0.0,0.0,2,🔵 Risque modéré,2.30067,9.863844
CLT00078,38,Île-de-France,11,1,Agent,0.0387,2019-08-18,1.0,1633.0,1633.0,1.0,0.0,0.0,0.0,0.0,0.0,0.0,0.0,2,🔵 Risque modéré,0.047456957,0.69509006
CLT00079,30,Auvergne-Rhône-Alpes,1,0,Web,0.2992,2020-02-02,,,,,0.0,0.0,0.0,0.0,,0.0,,1,🟢 Bon risque fidèle,16.466429,7.9842815
CLT00080,58,Provence-Alpes-Côte d'Azur,6,1,Téléphone,0.2192,2016-08-13,1.0,860.0,860.0,1.0,0.0,0.0,0.0,0.0,0.0,0.0,0.0,2,🔵 Risque modéré,0.57434523,0.3796526
CLT00081,32,Occitanie,3,0,Web,0.0691,2019-01-05,2.0,2593.0,1296.5,2.0,2.0,4843.0,2421.5,0.0,1.0,0.0,1.8677207867335133,2,🔵 Risque modéré,-4.3287,6.9972086
CLT00082,37,Normandie,0,0,Web,0.1804,2017-01-12,2.0,2429.0,1214.5,1.0,1.0,3297.0,3297.0,0.0,0.5,0.0,1.3573487031700289,2,🔵 Risque modéré,0.34269834,8.819907
CLT00083,50,Hauts-de-France,0,0,Courtier,0.2358,2020-11-27,1.0,1498.0,1498.0,1.0,0.0,0.0,0.0,0.0,0.0,0.0,0.0,2,🔵 Risque modéré,0.90094286,11.812265
CLT00084,35,Auvergne-Rhône-Alpes,6,1,Courtier,0.1604,2020-11-01,2.0,3909.0,1954.5,1.0,1.0,2782.0,2782.0,0.0,0.5,0.0,0.7116909695574316,2,🔵 Risque modéré,0.011853866,3.3232102
CLT00085,21,Grand Est,6,3,Web,0.2313,2019-08-30,,,,,0.0,0.0,0.0,0.0,,0.0,,1,🟢 Bon risque fidèle,12.541862,2.8483737
CLT00086,18,Grand Est,9,0,Téléphone,0.223,2016-07-12,2.0,5473.0,2736.5,2.0,1.0,9404.0,9404.0,0.0,0.5,0.0,1.7182532431938609,2,🔵 Risque modéré,-4.081225,6.845214
CLT00087,37,Occitanie,2,0,Web,0.0795,2018-09-23,2.0,2659.0,1329.5,2.0,1.0,6615.0,6615.0,0.0,0.5,0.0,2.4877773599097406,2,🔵 Risque modéré,-4.001446,6.8018365
CLT00088,59,Normandie,3,1,Web,0.2471,2018-04-03,3.0,2936.0,978.6666666666666,2.0,0.0,0.0,0.0,0.0,0.0,0.0,0.0,2,🔵 Risque modéré,-3.5286233,3.2372863
CLT00089,51,Île-de-France,1,1,Web,0.1499,2016-01-07,3.0,3317.0,1105.6666666666667,3.0,1.0,1468.0,1468.0,0.0,0.3333333333333333,0.0,0.4425685860717516,2,🔵 Risque modéré,-3.825199,3.8855295
CLT00090,42,Bretagne,19,0,Web,0.0984,2020-05-26,1.0,1166.0,1166.0,1.0,0.0,0.0,0.0,0.0,0.0,0.0,0.0,2,🔵 Risque modéré,1.7258365,8.698932
CLT00091,48,Normandie,2,1,Web,0.1854,2019-11-29,,,,,0.0,0.0,0.0,0.0,,0.0,,1,🟢 Bon risque fidèle,13.828058,1.378245
CLT00092,72,Grand Est,3,1,Agent,0.0933,2018-09-25,6.0,9218.0,1536.3333333333333,3.0,1.0,4732.0,4732.0,1.0,0.16666666666666666,1.0,0.513343458450857,0,🟠 Risque élevé,-4.729814,22.049917
CLT00093,40,Nouvelle-Aquitaine,3,0,Web,0.1676,2017-03-23,,,,,0.0,0.0,0.0,0.0,,0.0,,1,🟢 Bon risque fidèle,15.559393,7.9852195
CLT00094,39,Île-de-France,1,1,Courtier,0.0545,2019-01-17,2.0,3323.0,1661.5,1.0,0.0,0.0,0.0,0.0,0.0,0.0,0.0,2,🔵 Risque modéré,1.2570188,0.75265646
CLT00095,46,Île-de-France,1,2,Agent,0.4776,2016-04-29,2.0,4770.0,2385.0,1.0,5.0,17868.0,3573.6,0.0,2.5,0.0,3.7459119496855346,3,🔴 Très haut risque,-1.2802628,4.6824565
CLT00096,23,Île-de-France,10,1,Courtier,0.2991,2018-10-28,4.0,6395.0,1598.75,2.0,2.0,7031.0,3515.5,0.0,0.5,0.0,1.0994526974198593,2,🔵 Risque modéré,-3.0033653,3.5072126
CLT00097,40,Grand Est,6,1,Web,0.1118,2018-11-08,1.0,791.0,791.0,1.0,3.0,3094.0,1031.3333333333333,0.0,3.0,0.0,3.911504424778761,3,🔴 Très haut risque,-1.0234356,5.3460016
CLT00098,18,Auvergne-Rhône-Alpes,14,2,Téléphone,0.3914,2016-05-22,5.0,7066.0,1413.2,3.0,4.0,44673.0,11168.25,0.0,0.8,0.0,6.322247381828475,3,🔴 Très haut risque,-2.4514036,3.5923054
CLT00099,19,Centre-Val de Loire,0,4,Web,0.3881,2020-11-02,3.0,3946.0,1315.3333333333333,2.0,2.0,10443.0,5221.5,0.0,0.6666666666666666,0.0,2.646477445514445,3,🔴 Très haut risque,-1.9004118,3.2801626
CLT00100,35,Occitanie,2,0,Courtier,0.1423,2020-12-30,2.0,3010.0,1505.0,2.0,1.0,6583.0,6583.0,0.0,0.5,0.0,2.187043189368771,2,🔵 Risque modéré,-4.0476217,6.7866936
CLT00101,43,Centre-Val de Loire,1,1,Web,0.2414,2019-05-04,,,,,0.0,0.0,0.0,0.0,,0.0,,1,🟢 Bon risque fidèle,14.242715,1.0899142
CLT00102,30,Île-de-France,4,0,Agent,0.0296,2018-05-10,1.0,967.0,967.0,1.0,0.0,0.0,0.0,0.0,0.0,0.0,0.0,2,🔵 Risque modéré,2.1606305,10.911361
CLT00103,43,Centre-Val de Loire,7,1,Courtier,0.2851,2017-10-11,1.0,1344.0,1344.0,1.0,1.0,28323.0,28323.0,1.0,1.0,1.0,21.073660714285715,0,🟠 Risque élevé,-4.921129,21.77092
CLT00104,38,Hauts-de-France,0,0,Web,0.1972,2020-01-08,2.0,4215.0,2107.5,1.0,1.0,204.0,204.0,1.0,0.5,1.0,0.048398576512455514,0,🟠 Risque élevé,-4.669293,22.112366
CLT00105,51,Provence-Alpes-Côte d'Azur,4,0,Web,0.1969,2018-03-23,,,,,0.0,0.0,0.0,0.0,,0.0,,1,🟢 Bon risque fidèle,14.859797,8.326014
CLT00106,56,Nouvelle-Aquitaine,1,0,Agent,0.01,2017-09-08,2.0,1762.0,881.0,1.0,0.0,0.0,0.0,0.0,0.0,0.0,0.0,2,🔵 Risque modéré,0.847134,10.392797
CLT00107,38,Normandie,2,1,Web,0.2518,2020-03-21,2.0,4048.0,2024.0,1.0,0.0,0.0,0.0,0.0,0.0,0.0,0.0,2,🔵 Risque modéré,0.90657616,1.777793
CLT00108,55,Auvergne-Rhône-Alpes,11,0,Web,0.0331,2019-06-28,1.0,1525.0,1525.0,1.0,1.0,9644.0,9644.0,0.0,1.0,0.0,6.323934426229508,3,🔴 Très haut risque,-0.84162605,6.4686127
CLT00109,41,Centre-Val de Loire,1,0,Partenaire banque,0.1696,2016-06-01,2.0,2768.0,1384.0,1.0,1.0,243.0,243.0,0.0,0.5,0.0,0.08778901734104046,2,🔵 Risque modéré,0.42003214,8.984264
CLT00110,41,Grand Est,1,1,Web,0.2303,2017-06-29,2.0,4173.0,2086.5,1.0,2.0,3980.0,1990.0,0.0,1.0,0.0,0.953750299544692,2,🔵 Risque modéré,0.029102633,3.984565
CLT00111,47,Nouvelle-Aquitaine,0,0,Partenaire banque,0.01,2020-12-11,,,,,0.0,0.0,0.0,0.0,,0.0,,1,🟢 Bon risque fidèle,14.52588,7.4501204
CLT00112,41,Auvergne-Rhône-Alpes,4,0,Téléphone,0.1555,2018-01-28,2.0,2510.0,1255.0,2.0,0.0,0.0,0.0,0.0,0.0,0.0,0.0,2,🔵 Risque modéré,-6.016995,6.9314094
CLT00113,34,Hauts-de-France,0,0,Web,0.0207,2020-09-05,3.0,4239.0,1413.0,1.0,1.0,493.0,493.0,1.0,0.3333333333333333,1.0,0.11630101439018636,0,🟠 Risque élevé,-4.732699,22.057009
CLT00114,40,Grand Est,0,0,Agent,0.01,2019-06-08,1.0,2553.0,2553.0,1.0,0.0,0.0,0.0,0.0,0.0,0.0,0.0,2,🔵 Risque modéré,3.0132835,10.334523
CLT00115,69,Grand Est,0,1,Web,0.2035,2020-08-02,,,,,0.0,0.0,0.0,0.0,,0.0,,1,🟢 Bon risque fidèle,13.255236,1.3270144
CLT00116,53,Grand Est,5,0,Web,0.01,2019-09-22,2.0,4266.0,2133.0,2.0,0.0,0.0,0.0,0.0,0.0,0.0,0.0,2,🔵 Risque modéré,-6.425359,6.3974447
CLT00117,34,Auvergne-Rhône-Alpes,2,1,Partenaire banque,0.0572,2016-10-04,2.0,2898.0,1449.0,2.0,0.0,0.0,0.0,0.0,0.0,0.0,0.0,2,🔵 Risque modéré,-3.8547602,2.684457
CLT00118,65,Hauts-de-France,0,0,Web,0.0751,2016-08-09,2.0,2986.0,1493.0,1.0,1.0,10750.0,10750.0,0.0,0.5,0.0,3.6001339584728735,3,🔴 Très haut risque,-0.31897506,6.4097977
CLT00119,50,Grand Est,2,0,Web,0.1111,2017-08-02,1.0,1405.0,1405.0,1.0,0.0,0.0,0.0,0.0,0.0,0.0,0.0,2,🔵 Risque modéré,0.953467,11.264938
CLT00120,40,Centre-Val de Loire,3,0,Web,0.01,2017-12-05,,,,,0.0,0.0,0.0,0.0,,0.0,,1,🟢 Bon risque fidèle,15.048455,6.815536
CLT00121,31,Occitanie,0,0,Agent,0.01,2020-10-14,1.0,1476.0,1476.0,1.0,0.0,0.0,0.0,0.0,0.0,0.0,0.0,2,🔵 Risque modéré,2.433269,11.209851
CLT00122,32,Hauts-de-France,0,1,Courtier,0.0918,2017-05-31,1.0,1919.0,1919.0,1.0,0.0,0.0,0.0,0.0,0.0,0.0,0.0,2,🔵 Risque modéré,1.1518075,1.2841122
CLT00123,56,Île-de-France,2,0,Web,0.1454,2018-05-19,2.0,2795.0,1397.5,2.0,2.0,1989.0,994.5,0.0,1.0,0.0,0.7116279069767442,2,🔵 Risque modéré,-4.2283945,6.328629
CLT00124,75,Hauts-de-France,5,0,Web,0.1515,2017-11-16,2.0,2737.0,1368.5,2.0,1.0,1785.0,1785.0,0.0,0.5,0.0,0.6521739130434783,2,🔵 Risque modéré,-5.530063,6.070089
CLT00125,36,Nouvelle-Aquitaine,1,1,Agent,0.1232,2017-06-22,2.0,2981.0,1490.5,1.0,0.0,0.0,0.0,0.0,0.0,0.0,0.0,2,🔵 Risque modéré,1.3893116,0.95211875
CLT00126,22,Nouvelle-Aquitaine,0,0,Agent,0.1803,2019-02-05,1.0,3077.0,3077.0,1.0,0.0,0.0,0.0,0.0,0.0,0.0,0.0,2,🔵 Risque modéré,3.250293,10.789561
CLT00127,32,Bretagne,0,0,Courtier,0.0513,2016-08-19,2.0,2227.0,1113.5,2.0,0.0,0.0,0.0,0.0,0.0,0.0,0.0,2,🔵 Risque modéré,-5.7883945,7.4281917
CLT00128,42,Auvergne-Rhône-Alpes,2,1,Partenaire banque,0.0969,2019-11-18,1.0,937.0,937.0,1.0,0.0,0.0,0.0,0.0,0.0,0.0,0.0,2,🔵 Risque modéré,1.3617744,0.5939732
CLT00129,47,Nouvelle-Aquitaine,8,1,Courtier,0.1115,2020-09-07,2.0,3601.0,1800.5,2.0,0.0,0.0,0.0,0.0,0.0,0.0,0.0,2,🔵 Risque modéré,-4.2381864,3.1571896
CLT00130,49,Provence-Alpes-Côte d'Azur,10,1,Courtier,0.01,2016-11-01,3.0,4024.0,1341.3333333333333,3.0,0.0,0.0,0.0,0.0,0.0,0.0,0.0,2,🔵 Risque modéré,-4.470636,3.7566786
CLT00131,55,Bretagne,0,0,Web,0.0238,2017-09-25,,,,,0.0,0.0,0.0,0.0,,0.0,,1,🟢 Bon risque fidèle,14.019321,7.9977627
CLT00132,45,Provence-Alpes-Côte d'Azur,1,0,Téléphone,0.01,2020-06-20,1.0,1015.0,1015.0,1.0,0.0,0.0,0.0,0.0,0.0,0.0,0.0,2,🔵 Risque modéré,1.3193107,10.936803
CLT00133,20,Île-de-France,3,0,Téléphone,0.1898,2017-03-08,1.0,2591.0,2591.0,1.0,0.0,0.0,0.0,0.0,0.0,0.0,0.0,2,🔵 Risque modéré,3.2398696,10.872916
CLT00134,80,Occitanie,0,0,Agent,0.01,2017-12-27,1.0,1466.0,1466.0,1.0,0.0,0.0,0.0,0.0,0.0,0.0,0.0,2,🔵 Risque modéré,0.3471666,10.527136
CLT00135,33,Grand Est,4,1,Téléphone,0.236,2018-04-14,,,,,0.0,0.0,0.0,0.0,,0.0,,1,🟢 Bon risque fidèle,14.588974,1.6229323
CLT00136,18,Centre-Val de Loire,1,3,Agent,0.3663,2017-05-01,1.0,1280.0,1280.0,1.0,0.0,0.0,0.0,0.0,0.0,0.0,0.0,2,🔵 Risque modéré,-1.1078281,1.7866918
CLT00137,44,Nouvelle-Aquitaine,0,0,Partenaire banque,0.1089,2020-07-20,3.0,6775.0,2258.3333333333335,2.0,2.0,2462.0,1231.0,1.0,0.6666666666666666,0.5,0.3633948339483395,0,🟠 Risque élevé,-3.0808027,5.169512
CLT00138,48,Nouvelle-Aquitaine,7,0,Téléphone,0.188,2016-02-22,,,,,0.0,0.0,0.0,0.0,,0.0,,1,🟢 Bon risque fidèle,14.868937,6.3336687
CLT00139,33,Nouvelle-Aquitaine,0,0,Agent,0.1588,2017-11-13,2.0,2319.0,1159.5,2.0,2.0,2676.0,1338.0,0.0,1.0,0.0,1.1539456662354464,2,🔵 Risque modéré,-4.33697,7.061115
CLT00140,49,Bretagne,2,0,Téléphone,0.1835,2020-11-06,1.0,1365.0,1365.0,1.0,0.0,0.0,0.0,0.0,0.0,0.0,0.0,2,🔵 Risque modéré,1.0741665,11.567413
CLT00141,38,Occitanie,6,0,Web,0.1348,2020-06-02,,,,,0.0,0.0,0.0,0.0,,0.0,,1,🟢 Bon risque fidèle,15.107163,6.476387
CLT00142,32,Auvergne-Rhône-Alpes,1,1,Courtier,0.01,2016-03-22,1.0,788.0,788.0,1.0,2.0,1536.0,768.0,0.0,2.0,0.0,1.9492385786802031,3,🔴 Très haut risque,-0.7067534,5.470708
CLT00143,46,Normandie,1,0,Web,0.0681,2020-08-01,2.0,1240.0,620.0,1.0,0.0,0.0,0.0,0.0,0.0,0.0,0.0,2,🔵 Risque modéré,1.3185315,10.964485
CLT00144,45,Normandie,0,2,Web,0.3771,2020-08-09,,,,,0.0,0.0,0.0,0.0,,0.0,,1,🟢 Bon risque fidèle,12.136457,2.5308301
CLT00145,46,Occitanie,3,0,Web,0.0285,2019-09-15,1.0,1212.0,1212.0,1.0,0.0,0.0,0.0,0.0,0.0,0.0,0.0,2,🔵 Risque modéré,1.389465,10.522076
CLT00146,44,Occitanie,0,0,Courtier,0.1248,2017-07-26,5.0,7675.0,1535.0,2.0,3.0,6343.0,2114.3333333333335,0.0,0.6,0.0,0.8264495114006515,2,🔵 Risque modéré,-4.4835978,5.8066626
CLT00147,53,Auvergne-Rhône-Alpes,0,1,Partenaire banque,0.1144,2017-07-27,1.0,2036.0,2036.0,1.0,0.0,0.0,0.0,0.0,0.0,0.0,0.0,2,🔵 Risque modéré,0.74684864,1.0749465
CLT00148,37,Provence-Alpes-Côte d'Azur,6,0,Agent,0.1229,2018-03-31,2.0,3048.0,1524.0,2.0,1.0,2150.0,2150.0,0.0,0.5,0.0,0.7053805774278216,2,🔵 Risque modéré,-4.770944,6.542889
CLT00149,60,Grand Est,0,0,Web,0.0555,2016-02-28,2.0,3778.0,1889.0,2.0,0.0,0.0,0.0,0.0,0.0,0.0,0.0,2,🔵 Risque modéré,-6.2315464,6.4535723
CLT00150,55,Auvergne-Rhône-Alpes,4,1,Téléphone,0.2574,2017-06-20,4.0,5934.0,1483.5,2.0,3.0,13234.0,4411.333333333333,1.0,0.75,0.3333333333333333,2.2301988540613413,0,🟠 Risque élevé,-3.0539255,4.938479
CLT00151,31,Nouvelle-Aquitaine,0,1,Courtier,0.0755,2017-06-29,,,,,0.0,0.0,0.0,0.0,,0.0,,1,🟢 Bon risque fidèle,14.751936,1.8686886
CLT00152,29,Île-de-France,11,0,Web,0.01,2018-06-10,2.0,4167.0,2083.5,1.0,0.0,0.0,0.0,0.0,0.0,0.0,0.0,2,🔵 Risque modéré,2.0981452,9.318117
CLT00153,44,Provence-Alpes-Côte d'Azur,3,0,Agent,0.3344,2017-10-06,,,,,0.0,0.0,0.0,0.0,,0.0,,1,🟢 Bon risque fidèle,15.662901,8.577462
CLT00154,66,Bretagne,10,1,Agent,0.159,2018-11-15,3.0,3829.0,1276.3333333333333,2.0,1.0,32686.0,32686.0,0.0,0.3333333333333333,0.0,8.536432488900497,3,🔴 Très haut risque,-2.1617384,6.506814
CLT00155,68,Auvergne-Rhône-Alpes,2,3,Courtier,0.5145,2019-03-28,1.0,2402.0,2402.0,1.0,0.0,0.0,0.0,0.0,0.0,0.0,0.0,2,🔵 Risque modéré,-0.9122545,1.9886895
CLT00156,77,Occitanie,2,0,Web,0.1324,2019-12-24,2.0,3217.0,1608.5,2.0,1.0,4361.0,4361.0,0.0,0.5,0.0,1.355610817531862,2,🔵 Risque modéré,-5.1215,6.1175385
CLT00157,56,Bretagne,0,0,Web,0.0417,2020-07-11,1.0,1310.0,1310.0,1.0,1.0,17715.0,17715.0,0.0,1.0,0.0,13.522900763358779,3,🔴 Très haut risque,-1.7643367,6.211559
CLT00158,53,Grand Est,10,0,Agent,0.01,2020-03-01,2.0,3901.0,1950.5,1.0,0.0,0.0,0.0,0.0,0.0,0.0,0.0,2,🔵 Risque modéré,1.5730908,9.424392
CLT00159,59,Occitanie,2,0,Courtier,0.01,2016-05-25,,,,,0.0,0.0,0.0,0.0,,0.0,,1,🟢 Bon risque fidèle,13.747263,8.173856
CLT00160,26,Provence-Alpes-Côte d'Azur,0,0,Agent,0.0851,2019-09-22,,,,,0.0,0.0,0.0,0.0,,0.0,,1,🟢 Bon risque fidèle,16.522968,7.210115
CLT00161,53,Auvergne-Rhône-Alpes,1,1,Agent,0.1743,2017-09-09,3.0,5697.0,1899.0,2.0,1.0,3786.0,3786.0,0.0,0.3333333333333333,0.0,0.6645602948920485,2,🔵 Risque modéré,-3.2857268,3.5723984
CLT00162,38,Grand Est,0,1,Web,0.0893,2018-04-18,1.0,1060.0,1060.0,1.0,1.0,1601.0,1601.0,0.0,1.0,0.0,1.510377358490566,2,🔵 Risque modéré,0.14389369,4.7020416
CLT00163,32,Provence-Alpes-Côte d'Azur,5,0,Courtier,0.0649,2017-08-30,1.0,1695.0,1695.0,1.0,1.0,34250.0,34250.0,0.0,1.0,0.0,20.206489675516224,3,🔴 Très haut risque,-1.8808217,6.423053
CLT00164,40,Grand Est,0,0,Web,0.1155,2018-05-13,3.0,4934.0,1644.6666666666667,2.0,1.0,2063.0,2063.0,0.0,0.3333333333333333,0.0,0.4181191730847183,2,🔵 Risque modéré,-4.743403,6.7210317
CLT00165,77,Bretagne,0,1,Agent,0.0893,2016-12-24,1.0,2804.0,2804.0,1.0,0.0,0.0,0.0,0.0,0.0,0.0,0.0,2,🔵 Risque modéré,0.6153846,1.1013937
CLT00166,18,Centre-Val de Loire,2,1,Courtier,0.3452,2018-04-13,,,,,0.0,0.0,0.0,0.0,,0.0,,1,🟢 Bon risque fidèle,15.0612135,1.1736852
CLT00167,46,Grand Est,11,0,Téléphone,0.01,2017-09-16,1.0,1165.0,1165.0,1.0,0.0,0.0,0.0,0.0,0.0,0.0,0.0,2,🔵 Risque modéré,1.6997604,9.258492
CLT00168,53,Hauts-de-France,2,0,Web,0.01,2020-05-30,3.0,4185.0,1395.0,2.0,2.0,644.0,322.0,0.0,0.6666666666666666,0.0,0.15388291517323777,2,🔵 Risque modéré,-4.688166,6.2535906
CLT00169,48,Centre-Val de Loire,4,0,Agent,0.01,2017-10-23,1.0,1108.0,1108.0,1.0,0.0,0.0,0.0,0.0,0.0,0.0,0.0,2,🔵 Risque modéré,1.383476,10.347054
CLT00170,32,Normandie,4,0,Courtier,0.01,2019-10-17,3.0,5292.0,1764.0,2.0,1.0,131.0,131.0,0.0,0.3333333333333333,0.0,0.02475434618291761,2,🔵 Risque modéré,-5.2895627,6.903664
CLT00171,43,Occitanie,0,1,Courtier,0.187,2020-06-15,3.0,3234.0,1078.0,2.0,1.0,5118.0,5118.0,0.0,0.3333333333333333,0.0,1.582560296846011,2,🔵 Risque modéré,-3.1258643,3.7245853
CLT00172,38,Nouvelle-Aquitaine,5,2,Agent,0.2125,2017-08-06,1.0,940.0,940.0,1.0,1.0,2520.0,2520.0,1.0,1.0,1.0,2.6808510638297873,0,🟠 Risque élevé,-4.6682343,22.103895
CLT00173,26,Grand Est,1,1,Agent,0.2516,2019-06-24,2.0,1745.0,872.5,2.0,1.0,4342.0,4342.0,0.0,0.5,0.0,2.4882521489971348,2,🔵 Risque modéré,-2.7258098,3.3692806
CLT00174,18,Provence-Alpes-Côte d'Azur,8,1,Web,0.3525,2020-03-20,,,,,0.0,0.0,0.0,0.0,,0.0,,1,🟢 Bon risque fidèle,14.399239,2.1917565
CLT00175,32,Occitanie,3,0,Agent,0.01,2017-04-07,3.0,5447.0,1815.6666666666667,3.0,2.0,5215.0,2607.5,0.0,0.6666666666666666,0.0,0.957407747383881,2,🔵 Risque modéré,-4.5594034,5.3818793
CLT00176,24,Occitanie,3,0,Web,0.2535,2016-04-06,1.0,1256.0,1256.0,1.0,1.0,1410.0,1410.0,0.0,1.0,0.0,1.122611464968153,2,🔵 Risque modéré,0.6963746,5.8664575
CLT00177,44,Occitanie,5,0,Partenaire banque,0.0403,2019-06-07,,,,,0.0,0.0,0.0,0.0,,0.0,,1,🟢 Bon risque fidèle,14.6975565,6.511478
CLT00178,41,Auvergne-Rhône-Alpes,8,1,Courtier,0.2303,2020-12-21,3.0,4059.0,1353.0,3.0,2.0,2261.0,1130.5,1.0,0.6666666666666666,0.5,0.5570337521557034,0,🟠 Risque élevé,-3.1308885,5.073009
CLT00179,72,Centre-Val de Loire,1,0,Web,0.1572,2019-11-29,,,,,0.0,0.0,0.0,0.0,,0.0,,1,🟢 Bon risque fidèle,14.204948,8.786307
CLT00180,23,Bretagne,1,0,Courtier,0.1161,2017-05-16,,,,,0.0,0.0,0.0,0.0,,0.0,,1,🟢 Bon risque fidèle,16.620605,7.2798786
CLT00181,19,Nouvelle-Aquitaine,3,1,Agent,0.2732,2016-01-14,1.0,1922.0,1922.0,1.0,0.0,0.0,0.0,0.0,0.0,0.0,0.0,2,🔵 Risque modéré,1.031192,1.9049699
CLT00182,45,Auvergne-Rhône-Alpes,3,1,Agent,0.2683,2017-03-26,,,,,0.0,0.0,0.0,0.0,,0.0,,1,🟢 Bon risque fidèle,14.054071,1.2628897
CLT00183,39,Nouvelle-Aquitaine,1,0,Téléphone,0.1707,2019-11-28,1.0,1121.0,1121.0,1.0,1.0,3245.0,3245.0,0.0,1.0,0.0,2.8947368421052633,2,🔵 Risque modéré,0.64911777,5.8497496
CLT00184,37,Grand Est,3,0,Courtier,0.0899,2019-02-17,1.0,1649.0,1649.0,1.0,1.0,9398.0,9398.0,0.0,1.0,0.0,5.699211643420255,3,🔴 Très haut risque,-0.18577166,5.9718924
CLT00185,20,Occitanie,1,1,Téléphone,0.1502,2016-09-07,2.0,2632.0,1316.0,2.0,1.0,1006.0,1006.0,0.0,0.5,0.0,0.3822188449848024,2,🔵 Risque modéré,-2.8177118,3.0647583
CLT00186,28,Normandie,4,2,Web,0.5232,2018-08-11,2.0,3224.0,1612.0,2.0,1.0,1897.0,1897.0,1.0,0.5,1.0,0.5883995037220844,0,🟠 Risque élevé,-4.687072,22.071583
CLT00187,33,Grand Est,2,1,Partenaire banque,0.1922,2019-05-06,,,,,0.0,0.0,0.0,0.0,,0.0,,1,🟢 Bon risque fidèle,14.772284,1.4454368
CLT00188,37,Provence-Alpes-Côte d'Azur,0,1,Partenaire banque,0.2243,2021-01-01,3.0,3939.0,1313.0,1.0,0.0,0.0,0.0,0.0,0.0,0.0,0.0,2,🔵 Risque modéré,0.9003684,1.7241284
CLT00189,33,Normandie,1,2,Agent,0.4712,2020-01-15,4.0,7065.0,1766.25,3.0,2.0,11370.0,5685.0,0.0,0.5,0.0,1.6093418259023355,3,🔴 Très haut risque,-2.1271925,3.4910831
CLT00190,50,Grand Est,1,0,Courtier,0.01,2019-01-29,1.0,1405.0,1405.0,1.0,0.0,0.0,0.0,0.0,0.0,0.0,0.0,2,🔵 Risque modéré,0.77645737,10.781232
CLT00191,40,Normandie,0,0,Téléphone,0.1621,2020-03-05,1.0,1730.0,1730.0,1.0,0.0,0.0,0.0,0.0,0.0,0.0,0.0,2,🔵 Risque modéré,2.116128,11.190786
CLT00192,47,Normandie,6,1,Courtier,0.2011,2020-03-21,3.0,4382.0,1460.6666666666667,3.0,2.0,13856.0,6928.0,0.0,0.6666666666666666,0.0,3.1620264719306252,3,🔴 Très haut risque,-3.7125716,3.978729
CLT00193,35,Occitanie,2,0,Téléphone,0.1433,2017-07-23,1.0,2995.0,2995.0,1.0,1.0,6751.0,6751.0,0.0,1.0,0.0,2.254090150250417,3,🔴 Très haut risque,0.041741766,5.6580806
CLT00194,53,Grand Est,0,1,Courtier,0.2134,2017-05-06,,,,,0.0,0.0,0.0,0.0,,0.0,,1,🟢 Bon risque fidèle,13.515087,1.0760548
CLT00195,41,Hauts-de-France,7,1,Courtier,0.1982,2020-01-03,2.0,4946.0,2473.0,2.0,0.0,0.0,0.0,0.0,0.0,0.0,0.0,2,🔵 Risque modéré,-3.9745104,2.9011173
CLT00196,22,Hauts-de-France,0,0,Web,0.1741,2017-11-20,2.0,2114.0,1057.0,2.0,0.0,0.0,0.0,0.0,0.0,0.0,0.0,2,🔵 Risque modéré,-5.456576,7.58207
CLT00197,27,Provence-Alpes-Côte d'Azur,5,0,Téléphone,0.1778,2016-06-16,4.0,7382.0,1845.5,1.0,2.0,5767.0,2883.5,1.0,0.5,0.5,0.781224600379301,0,🟠 Risque élevé,-3.1251063,5.160717
CLT00198,47,Nouvelle-Aquitaine,6,0,Web,0.01,2018-02-25,,,,,0.0,0.0,0.0,0.0,,0.0,,1,🟢 Bon risque fidèle,14.520923,6.243917
CLT00199,54,Nouvelle-Aquitaine,3,0,Agent,0.0983,2016-05-13,1.0,3362.0,3362.0,1.0,0.0,0.0,0.0,0.0,0.0,0.0,0.0,2,🔵 Risque modéré,3.067946,10.141874
CLT00200,51,Bretagne,6,1,Courtier,0.1447,2019-01-18,,,,,0.0,0.0,0.0,0.0,,0.0,,1,🟢 Bon risque fidèle,13.729145,2.060303
CLT00201,34,Normandie,2,1,Courtier,0.3209,2017-03-01,3.0,2742.0,914.0,2.0,5.0,6957.0,1391.4,0.0,1.6666666666666667,0.0,2.537199124726477,3,🔴 Très haut risque,-2.2069287,4.1989274
CLT00202,18,Bretagne,5,0,Courtier,0.01,2020-04-27,1.0,1323.0,1323.0,1.0,0.0,0.0,0.0,0.0,0.0,0.0,0.0,2,🔵 Risque modéré,2.4126573,10.765653
CLT00203,37,Centre-Val de Loire,1,0,Partenaire banque,0.01,2016-02-12,3.0,4541.0,1513.6666666666667,2.0,0.0,0.0,0.0,0.0,0.0,0.0,0.0,2,🔵 Risque modéré,-5.5268,6.8846006
CLT00204,18,Centre-Val de Loire,4,0,Courtier,0.01,2016-01-15,1.0,2091.0,2091.0,1.0,1.0,3719.0,3719.0,0.0,1.0,0.0,1.7785748445719751,2,🔵 Risque modéré,0.3117102,6.06391
CLT00205,39,Provence-Alpes-Côte d'Azur,8,1,Web,0.0374,2018-03-11,1.0,1081.0,1081.0,1.0,0.0,0.0,0.0,0.0,0.0,0.0,0.0,2,🔵 Risque modéré,0.24242824,0.6384397
CLT00206,26,Bretagne,18,0,Courtier,0.0382,2020-02-15,1.0,1205.0,1205.0,1.0,1.0,186.0,186.0,1.0,1.0,1.0,0.15435684647302905,0,🟠 Risque élevé,-4.814919,21.972445
CLT00207,44,Grand Est,3,0,Agent,0.1192,2017-03-29,3.0,4869.0,1623.0,2.0,1.0,4341.0,4341.0,0.0,0.3333333333333333,0.0,0.8915588416512631,2,🔵 Risque modéré,-4.5847235,6.4535537
CLT00208,33,Normandie,0,0,Web,0.0469,2018-06-13,1.0,1289.0,1289.0,1.0,1.0,738.0,738.0,0.0,1.0,0.0,0.5725368502715283,2,🔵 Risque modéré,0.80856895,6.063623
CLT00209,33,Normandie,0,4,Web,0.5189,2017-11-21,2.0,1510.0,755.0,2.0,2.0,1523.0,761.5,0.0,1.0,0.0,1.008609271523179,3,🔴 Très haut risque,-1.7165213,3.1769674
CLT00210,61,Bretagne,4,0,Agent,0.01,2020-09-19,2.0,3416.0,1708.0,2.0,0.0,0.0,0.0,0.0,0.0,0.0,0.0,2,🔵 Risque modéré,-6.1400576,6.1111827
CLT00211,34,Normandie,1,0,Téléphone,0.1533,2019-06-30,3.0,3497.0,1165.6666666666667,2.0,1.0,1918.0,1918.0,0.0,0.3333333333333333,0.0,0.5484701172433515,2,🔵 Risque modéré,-4.846381,6.9376965
CLT00212,63,Grand Est,0,1,Web,0.3796,2018-03-19,,,,,0.0,0.0,0.0,0.0,,0.0,,1,🟢 Bon risque fidèle,13.631669,0.89081794
CLT00213,49,Centre-Val de Loire,3,0,Courtier,0.1784,2016-02-27,3.0,3985.0,1328.3333333333333,2.0,0.0,0.0,0.0,0.0,0.0,0.0,0.0,2,🔵 Risque modéré,-5.614902,6.4747295
CLT00214,18,Auvergne-Rhône-Alpes,1,1,Agent,0.1203,2016-10-06,,,,,0.0,0.0,0.0,0.0,,0.0,,1,🟢 Bon risque fidèle,14.97933,1.8332276
CLT00215,34,Normandie,7,0,Web,0.0524,2017-06-18,2.0,3659.0,1829.5,2.0,1.0,330.0,330.0,0.0,0.5,0.0,0.09018857611369227,2,🔵 Risque modéré,-5.0663767,6.3558545
CLT00216,77,Bretagne,6,0,Web,0.01,2018-07-22,3.0,5666.0,1888.6666666666667,2.0,1.0,21009.0,21009.0,0.0,0.3333333333333333,0.0,3.707906812566184,3,🔴 Très haut risque,-2.4596002,6.401061
CLT00217,51,Provence-Alpes-Côte d'Azur,1,2,Web,0.4747,2020-12-08,3.0,5243.0,1747.6666666666667,2.0,0.0,0.0,0.0,0.0,0.0,0.0,0.0,2,🔵 Risque modéré,-1.9901769,2.9241483
CLT00218,53,Bretagne,4,1,Web,0.2107,2020-09-01,1.0,1906.0,1906.0,1.0,1.0,7860.0,7860.0,0.0,1.0,0.0,4.123819517313746,3,🔴 Très haut risque,-0.51855993,4.988919
CLT00219,32,Bretagne,8,1,Web,0.1681,2016-06-18,,,,,0.0,0.0,0.0,0.0,,0.0,,1,🟢 Bon risque fidèle,14.2241125,2.4764917
CLT00220,39,Normandie,1,1,Web,0.2047,2019-01-11,4.0,5537.0,1384.25,2.0,0.0,0.0,0.0,0.0,0.0,0.0,0.0,2,🔵 Risque modéré,-3.3796518,2.9798102
CLT00221,47,Île-de-France,2,0,Partenaire banque,0.12,2017-12-19,1.0,1559.0,1559.0,1.0,1.0,1699.0,1699.0,0.0,1.0,0.0,1.0898011545862734,2,🔵 Risque modéré,0.53984886,5.941962
CLT00222,53,Occitanie,15,1,Agent,0.01,2020-05-20,,,,,0.0,0.0,0.0,0.0,,0.0,,1,🟢 Bon risque fidèle,14.421145,5.0460773
CLT00223,51,Île-de-France,6,0,Agent,0.2563,2017-05-23,2.0,3581.0,1790.5,1.0,2.0,7615.0,3807.5,0.0,1.0,0.0,2.12650097738062,2,🔵 Risque modéré,0.17537957,5.841635
CLT00224,45,Occitanie,13,0,Téléphone,0.1577,2019-06-28,2.0,3089.0,1544.5,2.0,0.0,0.0,0.0,0.0,0.0,0.0,0.0,2,🔵 Risque modéré,-5.6935186,5.5072536
CLT00225,50,Nouvelle-Aquitaine,0,2,Web,0.3187,2018-08-29,2.0,3353.0,1676.5,1.0,0.0,0.0,0.0,0.0,0.0,0.0,0.0,2,🔵 Risque modéré,-0.65548295,1.7774389
CLT00226,57,Auvergne-Rhône-Alpes,0,1,Courtier,0.0973,2017-03-24,1.0,1935.0,1935.0,1.0,2.0,11310.0,5655.0,0.0,2.0,0.0,5.844961240310077,3,🔴 Très haut risque,-0.9777382,5.3790975
CLT00227,35,Normandie,8,3,Agent,0.3328,2020-04-21,3.0,6423.0,2141.0,2.0,2.0,12232.0,6116.0,0.0,0.6666666666666666,0.0,1.9044060407909076,3,🔴 Très haut risque,-1.9814577,3.2625477
CLT00228,63,Provence-Alpes-Côte d'Azur,4,0,Web,0.0534,2019-05-30,3.0,3566.0,1188.6666666666667,2.0,0.0,0.0,0.0,0.0,0.0,0.0,0.0,2,🔵 Risque modéré,-5.8876815,6.068561
CLT00229,21,Auvergne-Rhône-Alpes,0,2,Agent,0.1121,2016-12-03,,,,,0.0,0.0,0.0,0.0,,0.0,,1,🟢 Bon risque fidèle,12.816193,2.5811834
CLT00230,45,Hauts-de-France,4,0,Web,0.01,2016-02-24,1.0,1139.0,1139.0,1.0,2.0,815.0,407.5,0.0,2.0,0.0,0.7155399473222125,2,🔵 Risque modéré,-0.70211864,5.7005353
CLT00231,51,Hauts-de-France,2,1,Courtier,0.1701,2018-02-09,1.0,936.0,936.0,1.0,1.0,37803.0,37803.0,0.0,1.0,0.0,40.38782051282051,3,🔴 Très haut risque,-1.6930361,6.251595
CLT00232,54,Bretagne,1,0,Partenaire banque,0.0693,2017-02-12,3.0,3021.0,1007.0,2.0,0.0,0.0,0.0,0.0,0.0,0.0,0.0,2,🔵 Risque modéré,-5.68322,6.2675347
CLT00233,43,Auvergne-Rhône-Alpes,1,1,Courtier,0.1671,2020-08-30,,,,,0.0,0.0,0.0,0.0,,0.0,,1,🟢 Bon risque fidèle,14.228272,1.4079636
CLT00234,46,Occitanie,5,2,Web,0.2957,2020-05-03,2.0,1858.0,929.0,2.0,2.0,10892.0,5446.0,1.0,1.0,0.5,5.86221743810549,0,🟠 Risque élevé,-2.8357759,4.980755
CLT00235,44,Hauts-de-France,6,0,Téléphone,0.1109,2019-05-16,2.0,1673.0,836.5,2.0,2.0,687.0,343.5,0.0,1.0,0.0,0.41063956963538556,2,🔵 Risque modéré,-4.7806654,6.2356157
CLT00236,32,Auvergne-Rhône-Alpes,0,0,Agent,0.2801,2019-03-07,2.0,3071.0,1535.5,2.0,0.0,0.0,0.0,0.0,0.0,0.0,0.0,2,🔵 Risque modéré,-5.6697683,7.5114856
CLT00237,43,Île-de-France,1,1,Web,0.1219,2018-05-29,1.0,679.0,679.0,1.0,0.0,0.0,0.0,0.0,0.0,0.0,0.0,2,🔵 Risque modéré,1.492321,0.72906834
CLT00238,38,Provence-Alpes-Côte d'Azur,0,0,Web,0.0975,2019-08-21,1.0,1161.0,1161.0,1.0,0.0,0.0,0.0,0.0,0.0,0.0,0.0,2,🔵 Risque modéré,1.8532526,11.527191
CLT00239,76,Provence-Alpes-Côte d'Azur,1,2,Web,0.2404,2018-05-12,,,,,0.0,0.0,0.0,0.0,,0.0,,1,🟢 Bon risque fidèle,12.747494,1.9688478
CLT00240,41,Normandie,0,0,Web,0.0429,2018-01-13,1.0,2198.0,2198.0,1.0,0.0,0.0,0.0,0.0,0.0,0.0,0.0,2,🔵 Risque modéré,2.632052,10.634715
CLT00241,75,Normandie,4,1,Agent,0.1577,2018-06-12,3.0,3517.0,1172.3333333333333,3.0,1.0,564.0,564.0,0.0,0.3333333333333333,0.0,0.16036394654535116,2,🔵 Risque modéré,-3.8414664,3.8479588
CLT00242,44,Nouvelle-Aquitaine,0,0,Agent,0.01,2019-08-27,1.0,1679.0,1679.0,1.0,0.0,0.0,0.0,0.0,0.0,0.0,0.0,2,🔵 Risque modéré,1.992726,10.695324
CLT00243,27,Hauts-de-France,3,2,Agent,0.2419,2019-01-09,2.0,3898.0,1949.0,2.0,2.0,22642.0,11321.0,0.0,1.0,0.0,5.808619805028219,3,🔴 Très haut risque,-1.8227329,4.7011266
CLT00244,61,Normandie,0,1,Courtier,0.2925,2020-08-20,,,,,0.0,0.0,0.0,0.0,,0.0,,1,🟢 Bon risque fidèle,13.498873,0.989034
CLT00245,67,Centre-Val de Loire,8,2,Web,0.2558,2020-10-12,5.0,7458.0,1491.6,3.0,3.0,13077.0,4359.0,0.0,0.6,0.0,1.753419147224457,2,🔵 Risque modéré,-3.8086557,4.105484
CLT00246,43,Occitanie,6,0,Téléphone,0.135,2016-06-28,3.0,3579.0,1193.0,2.0,0.0,0.0,0.0,0.0,0.0,0.0,0.0,2,🔵 Risque modéré,-5.6567245,6.5157075
CLT00247,47,Hauts-de-France,5,0,Téléphone,0.2683,2017-05-16,1.0,1907.0,1907.0,1.0,2.0,2979.0,1489.5,0.0,2.0,0.0,1.562139486103828,3,🔴 Très haut risque,-0.82107437,5.4757338
CLT00248,27,Normandie,6,1,Courtier,0.0871,2019-10-02,4.0,7073.0,1768.25,2.0,3.0,12748.0,4249.333333333333,0.0,0.75,0.0,1.8023469532023186,2,🔵 Risque modéré,-3.8344052,4.236328
CLT00249,66,Bretagne,1,3,Web,0.4336,2018-10-11,5.0,9334.0,1866.8,3.0,3.0,100715.0,33571.666666666664,1.0,0.6,0.3333333333333333,10.790122134133275,3,🔴 Très haut risque,-2.1806657,6.176436
CLT00250,34,Provence-Alpes-Côte d'Azur,0,0,Web,0.1212,2017-03-12,2.0,2104.0,1052.0,2.0,1.0,13685.0,13685.0,0.0,0.5,0.0,6.504277566539924,3,🔴 Très haut risque,-2.4936457,6.273678
CLT00251,57,Provence-Alpes-Côte d'Azur,5,1,Agent,0.1389,2017-11-30,4.0,7061.0,1765.25,2.0,1.0,17465.0,17465.0,0.0,0.25,0.0,2.473445687579663,3,🔴 Très haut risque,-2.831421,5.955789
CLT00252,24,Hauts-de-France,17,0,Téléphone,0.01,2019-12-09,1.0,2024.0,2024.0,1.0,1.0,2236.0,2236.0,1.0,1.0,1.0,1.1047430830039526,0,🟠 Risque élevé,-4.770796,22.016037
CLT00253,45,Hauts-de-France,2,1,Courtier,0.2847,2018-11-26,2.0,2101.0,1050.5,1.0,1.0,421.0,421.0,0.0,0.5,0.0,0.20038077106139934,2,🔵 Risque modéré,0.6732849,2.305617
CLT00254,19,Occitanie,3,1,Web,0.1607,2020-01-16,2.0,2307.0,1153.5,2.0,0.0,0.0,0.0,0.0,0.0,0.0,0.0,2,🔵 Risque modéré,-3.1438653,2.73485
CLT00255,62,Bretagne,5,0,Courtier,0.188,2020-04-03,1.0,1242.0,1242.0,1.0,0.0,0.0,0.0,0.0,0.0,0.0,0.0,2,🔵 Risque modéré,0.6835198,11.179586
CLT00256,48,Occitanie,0,0,Agent,0.1261,2019-08-17,1.0,1112.0,1112.0,1.0,0.0,0.0,0.0,0.0,0.0,0.0,0.0,2,🔵 Risque modéré,1.0920318,11.489582
CLT00257,41,Normandie,1,1,Courtier,0.3073,2016-02-07,1.0,1609.0,1609.0,1.0,3.0,14062.0,4687.333333333333,0.0,3.0,0.0,8.739589807333747,3,🔴 Très haut risque,-1.2992918,5.296593
CLT00258,18,Auvergne-Rhône-Alpes,3,0,Web,0.1495,2018-04-10,,,,,0.0,0.0,0.0,0.0,,0.0,,1,🟢 Bon risque fidèle,16.592424,7.269579
CLT00259,47,Occitanie,1,1,Web,0.1813,2019-04-08,1.0,1505.0,1505.0,1.0,0.0,0.0,0.0,0.0,0.0,0.0,0.0,2,🔵 Risque modéré,1.1877115,1.0581012
CLT00260,35,Provence-Alpes-Côte d'Azur,14,0,Courtier,0.0347,2018-12-25,2.0,2133.0,1066.5,2.0,0.0,0.0,0.0,0.0,0.0,0.0,0.0,2,🔵 Risque modéré,-5.494447,5.487552
CLT00261,43,Provence-Alpes-Côte d'Azur,1,1,Courtier,0.0617,2020-03-09,,,,,0.0,0.0,0.0,0.0,,0.0,,1,🟢 Bon risque fidèle,14.307805,1.7975551
CLT00262,51,Grand Est,4,0,Web,0.01,2019-12-12,2.0,2672.0,1336.0,2.0,0.0,0.0,0.0,0.0,0.0,0.0,0.0,2,🔵 Risque modéré,-6.277064,6.4318237
CLT00263,53,Normandie,2,2,Web,0.4023,2017-05-31,,,,,0.0,0.0,0.0,0.0,,0.0,,1,🟢 Bon risque fidèle,12.135599,2.4760969
CLT00264,37,Occitanie,0,0,Web,0.138,2017-01-31,,,,,0.0,0.0,0.0,0.0,,0.0,,1,🟢 Bon risque fidèle,15.877009,7.856344
CLT00265,42,Provence-Alpes-Côte d'Azur,11,0,Web,0.01,2019-01-04,2.0,2429.0,1214.5,2.0,1.0,3174.0,3174.0,0.0,0.5,0.0,1.3067105804857966,2,🔵 Risque modéré,-5.0605054,5.8515434
CLT00266,40,Nouvelle-Aquitaine,10,0,Web,0.01,2020-02-23,2.0,2545.0,1272.5,1.0,1.0,9210.0,9210.0,0.0,0.5,0.0,3.618860510805501,2,🔵 Risque modéré,-1.2111136,6.732435
CLT00267,33,Normandie,0,2,Web,0.3009,2019-04-24,4.0,8205.0,2051.25,2.0,2.0,5243.0,2621.5,0.0,0.5,0.0,0.6390006093845216,2,🔵 Risque modéré,-2.264123,3.3152745
CLT00268,43,Grand Est,8,0,Courtier,0.0653,2016-07-26,,,,,0.0,0.0,0.0,0.0,,0.0,,1,🟢 Bon risque fidèle,14.8509245,6.0273504
CLT00269,18,Occitanie,4,0,Web,0.4098,2018-01-11,1.0,2005.0,2005.0,1.0,0.0,0.0,0.0,0.0,0.0,0.0,0.0,2,🔵 Risque modéré,3.0617766,11.490514
CLT00270,28,Nouvelle-Aquitaine,4,1,Web,0.2244,2019-12-23,,,,,0.0,0.0,0.0,0.0,,0.0,,1,🟢 Bon risque fidèle,14.734755,1.9248447
CLT00271,33,Grand Est,8,0,Web,0.2114,2016-04-05,3.0,4615.0,1538.3333333333333,2.0,2.0,6127.0,3063.5,0.0,0.6666666666666666,0.0,1.3276273022751897,2,🔵 Risque modéré,-4.596448,6.5251255
CLT00272,54,Île-de-France,11,1,Courtier,0.1496,2019-12-01,2.0,3536.0,1768.0,1.0,0.0,0.0,0.0,0.0,0.0,0.0,0.0,2,🔵 Risque modéré,0.020761192,0.4197284
CLT00273,55,Nouvelle-Aquitaine,3,0,Agent,0.1008,2020-03-23,2.0,3313.0,1656.5,2.0,2.0,8407.0,4203.5,0.0,1.0,0.0,2.537579233323272,2,🔵 Risque modéré,-4.0856333,6.3987026
CLT00274,44,Normandie,4,0,Web,0.1049,2016-01-28,2.0,4436.0,2218.0,1.0,0.0,0.0,0.0,0.0,0.0,0.0,0.0,2,🔵 Risque modéré,1.8113679,10.206353
CLT00275,26,Centre-Val de Loire,4,0,Web,0.2231,2018-09-09,1.0,2854.0,2854.0,1.0,0.0,0.0,0.0,0.0,0.0,0.0,0.0,2,🔵 Risque modéré,3.260046,10.803456
CLT00276,56,Normandie,6,1,Web,0.1148,2016-04-17,2.0,5377.0,2688.5,2.0,0.0,0.0,0.0,0.0,0.0,0.0,0.0,2,🔵 Risque modéré,-4.0604043,3.1036983
CLT00277,38,Hauts-de-France,1,1,Partenaire banque,0.2864,2018-09-07,1.0,1171.0,1171.0,1.0,1.0,984.0,984.0,0.0,1.0,0.0,0.8403074295473953,2,🔵 Risque modéré,-0.13311093,4.2445636
CLT00278,52,Auvergne-Rhône-Alpes,2,1,Téléphone,0.2435,2018-04-02,,,,,0.0,0.0,0.0,0.0,,0.0,,1,🟢 Bon risque fidèle,13.575252,1.0507987
CLT00279,39,Normandie,1,0,Web,0.0916,2019-07-15,2.0,4968.0,2484.0,1.0,0.0,0.0,0.0,0.0,0.0,0.0,0.0,2,🔵 Risque modéré,2.8312638,10.561447
CLT00280,64,Île-de-France,1,0,Web,0.01,2020-07-21,,,,,0.0,0.0,0.0,0.0,,0.0,,1,🟢 Bon risque fidèle,13.758337,8.426497
CLT00281,33,Centre-Val de Loire,1,0,Partenaire banque,0.01,2016-06-25,1.0,1045.0,1045.0,1.0,0.0,0.0,0.0,0.0,0.0,0.0,0.0,2,🔵 Risque modéré,2.094232,11.23933
CLT00282,64,Occitanie,3,0,Web,0.171,2020-04-16,,,,,0.0,0.0,0.0,0.0,,0.0,,1,🟢 Bon risque fidèle,14.4065485,8.698826
CLT00283,55,Bretagne,2,0,Agent,0.0475,2020-06-09,1.0,2061.0,2061.0,1.0,0.0,0.0,0.0,0.0,0.0,0.0,0.0,2,🔵 Risque modéré,0.55046695,10.77141
CLT00284,22,Centre-Val de Loire,3,0,Web,0.01,2018-12-08,1.0,1126.0,1126.0,1.0,0.0,0.0,0.0,0.0,0.0,0.0,0.0,2,🔵 Risque modéré,2.3320148,11.005282
CLT00285,61,Bretagne,6,2,Courtier,0.2964,2018-06-27,1.0,1358.0,1358.0,1.0,1.0,2756.0,2756.0,0.0,1.0,0.0,2.0294550810014726,2,🔵 Risque modéré,-0.79734904,4.160715
CLT00286,52,Hauts-de-France,1,1,Téléphone,0.2181,2018-05-30,2.0,2061.0,1030.5,1.0,1.0,3957.0,3957.0,0.0,0.5,0.0,1.9199417758369723,2,🔵 Risque modéré,0.14238429,3.4516623
CLT00287,39,Hauts-de-France,0,0,Courtier,0.1553,2016-05-05,1.0,485.0,485.0,1.0,1.0,129.0,129.0,0.0,1.0,0.0,0.26597938144329897,2,🔵 Risque modéré,0.78778297,5.9609194
CLT00288,29,Centre-Val de Loire,1,1,Partenaire banque,0.0916,2016-07-24,1.0,2335.0,2335.0,1.0,0.0,0.0,0.0,0.0,0.0,0.0,0.0,2,🔵 Risque modéré,0.9444433,1.3842732
CLT00289,54,Occitanie,5,0,Agent,0.01,2017-06-27,2.0,2097.0,1048.5,2.0,2.0,981.0,490.5,0.0,1.0,0.0,0.4678111587982833,2,🔵 Risque modéré,-4.881202,6.1793194
CLT00290,28,Auvergne-Rhône-Alpes,0,1,Web,0.1775,2016-12-23,2.0,2096.0,1048.0,2.0,1.0,13258.0,13258.0,0.0,0.5,0.0,6.325381679389313,3,🔴 Très haut risque,-2.321131,5.7992973
CLT00291,67,Grand Est,0,1,Web,0.2222,2016-01-08,,,,,0.0,0.0,0.0,0.0,,0.0,,1,🟢 Bon risque fidèle,13.273969,1.3161561
CLT00292,41,Bretagne,6,1,Courtier,0.1952,2019-05-03,1.0,1309.0,1309.0,1.0,1.0,447.0,447.0,0.0,1.0,0.0,0.3414820473644003,2,🔵 Risque modéré,-0.037129603,4.5826902
CLT00293,48,Normandie,3,2,Web,0.2839,2017-04-21,3.0,4992.0,1664.0,1.0,1.0,19363.0,19363.0,0.0,0.3333333333333333,0.0,3.87880608974359,3,🔴 Très haut risque,-2.2088852,5.1837735
CLT00294,48,Hauts-de-France,2,2,Agent,0.1504,2019-12-12,1.0,652.0,652.0,1.0,0.0,0.0,0.0,0.0,0.0,0.0,0.0,2,🔵 Risque modéré,-0.5561735,1.3240081
CLT00295,52,Normandie,1,1,Web,0.1199,2017-04-25,,,,,0.0,0.0,0.0,0.0,,0.0,,1,🟢 Bon risque fidèle,13.691561,1.5737455
CLT00296,32,Hauts-de-France,3,0,Agent,0.0979,2019-07-06,3.0,7397.0,2465.6666666666665,2.0,1.0,3723.0,3723.0,0.0,0.3333333333333333,0.0,0.503312153575774,2,🔵 Risque modéré,-4.9381437,6.8987045
CLT00297,25,Centre-Val de Loire,5,1,Agent,0.181,2017-02-11,,,,,0.0,0.0,0.0,0.0,,0.0,,1,🟢 Bon risque fidèle,14.7472925,2.117618
CLT00298,59,Bretagne,3,0,Web,0.2323,2017-04-07,3.0,6298.0,2099.3333333333335,1.0,3.0,31063.0,10354.333333333334,0.0,1.0,0.0,4.932200698634487,3,🔴 Très haut risque,-0.41721946,6.198177
CLT00299,62,Nouvelle-Aquitaine,2,1,Téléphone,0.0115,2020-08-21,3.0,3437.0,1145.6666666666667,2.0,0.0,0.0,0.0,0.0,0.0,0.0,0.0,2,🔵 Risque modéré,-3.8499115,3.3169599
CLT00300,30,Nouvelle-Aquitaine,2,1,Web,0.3439,2016-12-07,1.0,1103.0,1103.0,1.0,4.0,16708.0,4177.0,1.0,4.0,0.25,15.14777878513146,3,🔴 Très haut risque,-1.3746673,5.3902197
CLT00301,46,Hauts-de-France,3,0,Courtier,0.0166,2020-08-17,3.0,3228.0,1076.0,3.0,1.0,1475.0,1475.0,0.0,0.3333333333333333,0.0,0.4569392812887237,2,🔵 Risque modéré,-4.8391957,5.0850935
CLT00302,26,Centre-Val de Loire,1,0,Partenaire banque,0.0189,2018-06-20,2.0,2346.0,1173.0,1.0,0.0,0.0,0.0,0.0,0.0,0.0,0.0,2,🔵 Risque modéré,2.0609002,11.013788
CLT00303,31,Auvergne-Rhône-Alpes,6,0,Courtier,0.0433,2017-09-16,2.0,2317.0,1158.5,1.0,3.0,4622.0,1540.6666666666667,0.0,1.5,0.0,1.9948208890807078,2,🔵 Risque modéré,-0.4713639,6.0712543
CLT00304,56,Bretagne,4,0,Partenaire banque,0.0709,2018-10-23,,,,,0.0,0.0,0.0,0.0,,0.0,,1,🟢 Bon risque fidèle,14.212348,8.086075
CLT00305,25,Grand Est,4,2,Courtier,0.1367,2016-06-15,2.0,3004.0,1502.0,2.0,1.0,149.0,149.0,0.0,0.5,0.0,0.04960053262316911,2,🔵 Risque modéré,-2.6577375,2.813423
CLT00306,38,Centre-Val de Loire,0,1,Web,0.3727,2018-06-05,1.0,2216.0,2216.0,1.0,4.0,9079.0,2269.75,0.0,4.0,0.0,4.097021660649819,3,🔴 Très haut risque,-1.2029939,5.1472325
CLT00307,49,Provence-Alpes-Côte d'Azur,0,0,Agent,0.01,2016-02-24,2.0,3227.0,1613.5,2.0,2.0,19615.0,9807.5,0.0,1.0,0.0,6.078400991633096,3,🔴 Très haut risque,-3.244264,6.334515
CLT00308,40,Auvergne-Rhône-Alpes,5,0,Web,0.01,2019-10-14,,,,,0.0,0.0,0.0,0.0,,0.0,,1,🟢 Bon risque fidèle,14.916187,6.4704547
CLT00309,57,Centre-Val de Loire,10,0,Courtier,0.0609,2016-02-14,1.0,2809.0,2809.0,1.0,0.0,0.0,0.0,0.0,0.0,0.0,0.0,2,🔵 Risque modéré,2.3555052,9.552625
CLT00310,26,Hauts-de-France,19,1,Courtier,0.0684,2020-04-13,2.0,2253.0,1126.5,2.0,1.0,178.0,178.0,1.0,0.5,1.0,0.079005770084332,0,🟠 Risque élevé,-4.7677984,22.018286
CLT00311,43,Nouvelle-Aquitaine,3,0,Courtier,0.1927,2019-08-29,1.0,1039.0,1039.0,1.0,2.0,9526.0,4763.0,0.0,2.0,0.0,9.168431183830606,3,🔴 Très haut risque,-1.173248,5.573278
CLT00312,34,Normandie,6,2,Téléphone,0.2762,2017-01-08,1.0,1148.0,1148.0,1.0,0.0,0.0,0.0,0.0,0.0,0.0,0.0,2,🔵 Risque modéré,-0.9877565,1.4062234
CLT00313,27,Centre-Val de Loire,1,0,Courtier,0.01,2020-07-27,1.0,1467.0,1467.0,1.0,0.0,0.0,0.0,0.0,0.0,0.0,0.0,2,🔵 Risque modéré,2.56615,11.163856
CLT00314,43,Normandie,1,0,Partenaire banque,0.1608,2018-08-22,1.0,1324.0,1324.0,1.0,0.0,0.0,0.0,0.0,0.0,0.0,0.0,2,🔵 Risque modéré,1.3179098,11.561928
CLT00315,72,Provence-Alpes-Côte d'Azur,2,1,Courtier,0.0669,2017-10-21,,,,,0.0,0.0,0.0,0.0,,0.0,,1,🟢 Bon risque fidèle,13.28404,1.7431496
CLT00316,43,Auvergne-Rhône-Alpes,1,3,Téléphone,0.3801,2017-11-08,1.0,825.0,825.0,1.0,0.0,0.0,0.0,0.0,0.0,0.0,0.0,2,🔵 Risque modéré,-1.1094918,1.9162968
CLT00317,34,Bretagne,2,0,Agent,0.0564,2017-08-15,1.0,2699.0,2699.0,1.0,0.0,0.0,0.0,0.0,0.0,0.0,0.0,2,🔵 Risque modéré,2.9809318,10.369651
CLT00318,27,Bretagne,14,1,Téléphone,0.2313,2019-02-02,1.0,1062.0,1062.0,1.0,0.0,0.0,0.0,0.0,0.0,0.0,0.0,2,🔵 Risque modéré,-0.270154,0.80908257
CLT00319,41,Île-de-France,3,1,Courtier,0.2518,2017-10-08,1.0,903.0,903.0,1.0,1.0,3880.0,3880.0,0.0,1.0,0.0,4.2967884828349945,3,🔴 Très haut risque,-0.38401183,4.733392
CLT00320,18,Hauts-de-France,0,0,Web,0.1624,2020-05-03,3.0,6773.0,2257.6666666666665,2.0,1.0,304.0,304.0,0.0,0.3333333333333333,0.0,0.04488409862690093,2,🔵 Risque modéré,-5.216224,7.3811364
CLT00321,49,Bretagne,2,0,Téléphone,0.0854,2020-08-18,,,,,0.0,0.0,0.0,0.0,,0.0,,1,🟢 Bon risque fidèle,14.650324,8.036786
CLT00322,18,Île-de-France,0,1,Agent,0.2853,2019-01-18,1.0,1108.0,1108.0,1.0,0.0,0.0,0.0,0.0,0.0,0.0,0.0,2,🔵 Risque modéré,1.3978804,2.0504563
CLT00323,63,Normandie,0,0,Courtier,0.2219,2017-01-21,3.0,4321.0,1440.3333333333333,2.0,3.0,11849.0,3949.6666666666665,0.0,1.0,0.0,2.7421893080305484,2,🔵 Risque modéré,-4.0085487,6.2569394
CLT00324,39,Grand Est,0,1,Courtier,0.3491,2020-03-31,1.0,574.0,574.0,1.0,1.0,572.0,572.0,0.0,1.0,0.0,0.9965156794425087,2,🔵 Risque modéré,-0.23462287,4.257784
CLT00325,34,Normandie,0,0,Agent,0.0589,2020-04-07,,,,,0.0,0.0,0.0,0.0,,0.0,,1,🟢 Bon risque fidèle,15.769676,7.3395934
CLT00326,46,Île-de-France,0,0,Web,0.0372,2019-01-31,3.0,3677.0,1225.6666666666667,2.0,0.0,0.0,0.0,0.0,0.0,0.0,0.0,2,🔵 Risque modéré,-5.681357,6.5426497
CLT00327,20,Nouvelle-Aquitaine,3,0,Partenaire banque,0.2012,2018-06-18,,,,,0.0,0.0,0.0,0.0,,0.0,,1,🟢 Bon risque fidèle,16.63302,7.5256147
CLT00328,27,Normandie,8,0,Web,0.01,2019-07-16,,,,,0.0,0.0,0.0,0.0,,0.0,,1,🟢 Bon risque fidèle,15.253624,5.806796
CLT00329,34,Centre-Val de Loire,2,2,Agent,0.1629,2019-12-26,4.0,4626.0,1156.5,1.0,4.0,14257.0,3564.25,0.0,1.0,0.0,3.0819282317336794,3,🔴 Très haut risque,-2.4662626,3.6624289
CLT00330,41,Nouvelle-Aquitaine,2,0,Web,0.0626,2016-01-31,,,,,0.0,0.0,0.0,0.0,,0.0,,1,🟢 Bon risque fidèle,15.218406,7.3700266
CLT00331,54,Grand Est,0,0,Courtier,0.0204,2017-04-07,3.0,5567.0,1855.6666666666667,2.0,2.0,13141.0,6570.5,0.0,0.6666666666666666,0.0,2.3605173342913597,2,🔵 Risque modéré,-3.9423468,6.2524004
CLT00332,28,Auvergne-Rhône-Alpes,3,0,Courtier,0.0669,2016-08-30,3.0,3239.0,1079.6666666666667,2.0,0.0,0.0,0.0,0.0,0.0,0.0,0.0,2,🔵 Risque modéré,-5.398121,7.1155396
CLT00333,25,Nouvelle-Aquitaine,1,1,Courtier,0.186,2020-01-09,3.0,3748.0,1249.3333333333333,2.0,5.0,58188.0,11637.6,0.0,1.6666666666666667,0.0,15.525080042689435,3,🔴 Très haut risque,-1.643467,5.7815866
CLT00334,22,Hauts-de-France,2,3,Courtier,0.2426,2017-07-15,1.0,2219.0,2219.0,1.0,0.0,0.0,0.0,0.0,0.0,0.0,0.0,2,🔵 Risque modéré,-0.998611,1.7157266
CLT00335,57,Bretagne,2,0,Téléphone,0.01,2018-08-27,2.0,1744.0,872.0,2.0,1.0,2680.0,2680.0,0.0,0.5,0.0,1.536697247706422,2,🔵 Risque modéré,-4.8818116,6.2200017
CLT00336,40,Occitanie,4,2,Courtier,0.3521,2016-10-25,3.0,4897.0,1632.3333333333333,2.0,0.0,0.0,0.0,0.0,0.0,0.0,0.0,2,🔵 Risque modéré,-2.1625798,2.8861556
CLT00337,33,Bretagne,2,0,Web,0.0968,2019-05-14,3.0,5987.0,1995.6666666666667,3.0,1.0,7743.0,7743.0,0.0,0.3333333333333333,0.0,1.2933021546684482,2,🔵 Risque modéré,-4.105584,5.664204
CLT00338,43,Grand Est,4,0,Agent,0.2322,2016-10-08,2.0,3050.0,1525.0,2.0,0.0,0.0,0.0,0.0,0.0,0.0,0.0,2,🔵 Risque modéré,-6.062319,7.04491
CLT00339,45,Auvergne-Rhône-Alpes,0,0,Web,0.0545,2020-06-07,1.0,1061.0,1061.0,1.0,0.0,0.0,0.0,0.0,0.0,0.0,0.0,2,🔵 Risque modéré,1.4082584,11.0519905
CLT00340,30,Bretagne,1,0,Web,0.2199,2020-06-03,1.0,1881.0,1881.0,1.0,0.0,0.0,0.0,0.0,0.0,0.0,0.0,2,🔵 Risque modéré,2.9484055,11.314198
CLT00341,51,Grand Est,0,0,Web,0.2158,2016-01-08,2.0,2039.0,1019.5,2.0,0.0,0.0,0.0,0.0,0.0,0.0,0.0,2,🔵 Risque modéré,-6.02658,6.856298
CLT00342,45,Hauts-de-France,5,0,Agent,0.01,2020-09-13,1.0,1302.0,1302.0,1.0,0.0,0.0,0.0,0.0,0.0,0.0,0.0,2,🔵 Risque modéré,1.5640774,10.205361
CLT00343,50,Centre-Val de Loire,1,0,Courtier,0.2211,2019-09-15,1.0,3182.0,3182.0,1.0,1.0,6364.0,6364.0,0.0,1.0,0.0,2.0,3,🔴 Très haut risque,0.19028905,5.614225
CLT00344,45,Normandie,5,1,Téléphone,0.0574,2018-07-05,1.0,1326.0,1326.0,1.0,0.0,0.0,0.0,0.0,0.0,0.0,0.0,2,🔵 Risque modéré,0.8245653,0.461724
CLT00345,32,Grand Est,15,1,Courtier,0.1928,2017-11-13,,,,,0.0,0.0,0.0,0.0,,0.0,,1,🟢 Bon risque fidèle,14.441647,4.603298
CLT00346,52,Grand Est,4,0,Agent,0.1193,2018-02-13,,,,,0.0,0.0,0.0,0.0,,0.0,,1,🟢 Bon risque fidèle,14.560448,8.052882
CLT00347,49,Normandie,1,0,Partenaire banque,0.069,2020-11-17,1.0,875.0,875.0,1.0,0.0,0.0,0.0,0.0,0.0,0.0,0.0,2,🔵 Risque modéré,1.0809044,11.0306425
CLT00348,18,Occitanie,3,1,Partenaire banque,0.0312,2017-05-06,2.0,2071.0,1035.5,1.0,2.0,4097.0,2048.5,0.0,1.0,0.0,1.9782713664896185,2,🔵 Risque modéré,0.2023669,4.5533476
CLT00349,38,Centre-Val de Loire,8,1,Courtier,0.0923,2020-10-21,2.0,5639.0,2819.5,2.0,0.0,0.0,0.0,0.0,0.0,0.0,0.0,2,🔵 Risque modéré,-4.1919146,2.9914155
CLT00350,46,Bretagne,7,1,Web,0.1566,2020-03-07,1.0,1111.0,1111.0,1.0,0.0,0.0,0.0,0.0,0.0,0.0,0.0,2,🔵 Risque modéré,0.40850118,0.4868294
CLT00351,38,Normandie,7,2,Agent,0.3907,2020-07-21,,,,,0.0,0.0,0.0,0.0,,0.0,,1,🟢 Bon risque fidèle,12.411321,2.7356913
CLT00352,44,Bretagne,16,1,Courtier,0.01,2019-09-23,1.0,847.0,847.0,1.0,2.0,9573.0,4786.5,0.0,2.0,0.0,11.30224321133412,3,🔴 Très haut risque,-0.8732813,6.3451233
CLT00353,40,Nouvelle-Aquitaine,5,1,Courtier,0.1414,2016-03-18,,,,,0.0,0.0,0.0,0.0,,0.0,,1,🟢 Bon risque fidèle,14.090139,2.1472218
CLT00354,59,Nouvelle-Aquitaine,5,0,Courtier,0.0521,2019-04-25,3.0,5202.0,1734.0,2.0,1.0,29966.0,29966.0,0.0,0.3333333333333333,0.0,5.760476739715494,3,🔴 Très haut risque,-2.2298837,6.5280004
CLT00355,45,Provence-Alpes-Côte d'Azur,1,1,Téléphone,0.4502,2020-11-27,3.0,3429.0,1143.0,2.0,2.0,27710.0,13855.0,0.0,0.6666666666666666,0.0,8.081073199183436,3,🔴 Très haut risque,-1.992522,5.1449647
CLT00356,46,Normandie,5,0,Web,0.14,2018-07-26,,,,,0.0,0.0,0.0,0.0,,0.0,,1,🟢 Bon risque fidèle,14.944708,7.712332
CLT00357,38,Île-de-France,1,2,Agent,0.288,2018-04-21,2.0,1700.0,850.0,2.0,0.0,0.0,0.0,0.0,0.0,0.0,0.0,2,🔵 Risque modéré,-2.163068,2.7456915
CLT00358,60,Nouvelle-Aquitaine,0,1,Web,0.1577,2020-05-21,,,,,0.0,0.0,0.0,0.0,,0.0,,1,🟢 Bon risque fidèle,13.337618,1.4381095
CLT00359,25,Hauts-de-France,1,1,Web,0.2345,2019-11-21,,,,,0.0,0.0,0.0,0.0,,0.0,,1,🟢 Bon risque fidèle,15.037197,1.3121343
CLT00360,21,Bretagne,0,0,Agent,0.0214,2020-10-12,2.0,2110.0,1055.0,1.0,1.0,4918.0,4918.0,0.0,0.5,0.0,2.3308056872037914,2,🔵 Risque modéré,0.28152508,8.66003
CLT00361,30,Provence-Alpes-Côte d'Azur,5,1,Téléphone,0.01,2020-10-27,,,,,0.0,0.0,0.0,0.0,,0.0,,1,🟢 Bon risque fidèle,14.438947,2.353682
CLT00362,22,Grand Est,4,0,Courtier,0.01,2017-10-12,1.0,1316.0,1316.0,1.0,0.0,0.0,0.0,0.0,0.0,0.0,0.0,2,🔵 Risque modéré,2.388275,10.803953
CLT00363,20,Normandie,6,0,Téléphone,0.2063,2016-03-16,1.0,671.0,671.0,1.0,0.0,0.0,0.0,0.0,0.0,0.0,0.0,2,🔵 Risque modéré,2.3217726,11.538892
CLT00364,34,Centre-Val de Loire,4,0,Web,0.3158,2019-07-18,1.0,875.0,875.0,1.0,1.0,327.0,327.0,0.0,1.0,0.0,0.3737142857142857,2,🔵 Risque modéré,0.6769493,5.8105607
CLT00365,63,Hauts-de-France,3,1,Partenaire banque,0.3706,2020-03-11,2.0,4852.0,2426.0,2.0,1.0,6142.0,6142.0,0.0,0.5,0.0,1.2658697444352844,2,🔵 Risque modéré,-2.659265,4.037588
CLT00366,33,Auvergne-Rhône-Alpes,6,0,Courtier,0.1228,2016-07-22,,,,,0.0,0.0,0.0,0.0,,0.0,,1,🟢 Bon risque fidèle,15.333313,6.3720455
CLT00367,57,Auvergne-Rhône-Alpes,4,1,Courtier,0.0951,2019-11-24,,,,,0.0,0.0,0.0,0.0,,0.0,,1,🟢 Bon risque fidèle,13.5012,1.8831828
CLT00368,26,Hauts-de-France,1,0,Téléphone,0.0706,2016-04-06,,,,,0.0,0.0,0.0,0.0,,0.0,,1,🟢 Bon risque fidèle,16.424099,7.129864
CLT00369,40,Provence-Alpes-Côte d'Azur,3,3,Agent,0.3578,2017-08-25,2.0,3088.0,1544.0,2.0,5.0,1701.0,340.2,0.0,2.5,0.0,0.5508419689119171,3,🔴 Très haut risque,-1.265055,4.627088
CLT00370,68,Provence-Alpes-Côte d'Azur,6,0,Courtier,0.01,2016-10-27,1.0,2298.0,2298.0,1.0,0.0,0.0,0.0,0.0,0.0,0.0,0.0,2,🔵 Risque modéré,0.6029673,10.32126
CLT00371,58,Occitanie,1,1,Courtier,0.1596,2019-03-07,1.0,1035.0,1035.0,1.0,0.0,0.0,0.0,0.0,0.0,0.0,0.0,2,🔵 Risque modéré,0.9656791,0.55853665
CLT00372,35,Nouvelle-Aquitaine,1,0,Web,0.01,2016-06-12,2.0,3223.0,1611.5,2.0,0.0,0.0,0.0,0.0,0.0,0.0,0.0,2,🔵 Risque modéré,-5.9280314,7.189179
CLT00373,43,Centre-Val de Loire,1,1,Téléphone,0.0132,2019-06-25,1.0,1511.0,1511.0,1.0,1.0,3400.0,3400.0,0.0,1.0,0.0,2.2501654533421576,2,🔵 Risque modéré,0.06493758,4.9939857
CLT00374,56,Occitanie,7,0,Courtier,0.0105,2019-04-11,,,,,0.0,0.0,0.0,0.0,,0.0,,1,🟢 Bon risque fidèle,14.275477,5.770815
CLT00375,39,Nouvelle-Aquitaine,2,0,Web,0.219,2019-08-01,1.0,2270.0,2270.0,1.0,0.0,0.0,0.0,0.0,0.0,0.0,0.0,2,🔵 Risque modéré,2.8340344,10.797474
CLT00376,44,Hauts-de-France,2,0,Courtier,0.0422,2019-09-29,1.0,964.0,964.0,1.0,0.0,0.0,0.0,0.0,0.0,0.0,0.0,2,🔵 Risque modéré,1.3822207,10.931559
CLT00377,54,Île-de-France,0,1,Téléphone,0.2778,2018-08-12,5.0,6772.0,1354.4,3.0,6.0,37139.0,6189.833333333333,0.0,1.2,0.0,5.484199645599528,3,🔴 Très haut risque,-2.821706,4.0797153
CLT00378,52,Hauts-de-France,12,0,Agent,0.1227,2016-11-21,1.0,2311.0,2311.0,1.0,0.0,0.0,0.0,0.0,0.0,0.0,0.0,2,🔵 Risque modéré,2.3202825,9.496001
CLT00379,40,Auvergne-Rhône-Alpes,1,0,Courtier,0.0696,2017-12-10,,,,,0.0,0.0,0.0,0.0,,0.0,,1,🟢 Bon risque fidèle,15.323567,7.4276853
CLT00380,38,Centre-Val de Loire,1,1,Web,0.2267,2018-05-20,2.0,2924.0,1462.0,2.0,1.0,15334.0,15334.0,0.0,0.5,0.0,5.244186046511628,3,🔴 Très haut risque,-2.3369021,5.714949
CLT00381,34,Hauts-de-France,0,1,Courtier,0.1986,2017-09-12,1.0,1053.0,1053.0,1.0,0.0,0.0,0.0,0.0,0.0,0.0,0.0,2,🔵 Risque modéré,1.5951539,1.2637658
CLT00382,18,Occitanie,1,1,Partenaire banque,0.3344,2020-10-15,1.0,1300.0,1300.0,1.0,1.0,43686.0,43686.0,0.0,1.0,0.0,33.604615384615386,3,🔴 Très haut risque,-1.723212,6.2839274
CLT00383,45,Normandie,3,1,Web,0.1787,2018-02-22,1.0,556.0,556.0,1.0,0.0,0.0,0.0,0.0,0.0,0.0,0.0,1,🟢 Bon risque fidèle,1.3679242,0.88099974
CLT00384,20,Centre-Val de Loire,5,1,Courtier,0.1371,2017-08-30,1.0,1136.0,1136.0,1.0,0.0,0.0,0.0,0.0,0.0,0.0,0.0,2,🔵 Risque modéré,1.0957806,1.3194162
CLT00385,26,Hauts-de-France,3,0,Web,0.1267,2020-08-28,1.0,1819.0,1819.0,1.0,0.0,0.0,0.0,0.0,0.0,0.0,0.0,2,🔵 Risque modéré,2.737908,11.009423
CLT00386,43,Bretagne,1,0,Web,0.1248,2019-03-07,,,,,0.0,0.0,0.0,0.0,,0.0,,1,🟢 Bon risque fidèle,15.366372,8.103437
CLT00387,36,Île-de-France,1,1,Téléphone,0.1358,2020-03-08,3.0,4222.0,1407.3333333333333,3.0,2.0,4753.0,2376.5,0.0,0.6666666666666666,0.0,1.125769777356703,2,🔵 Risque modéré,-3.7106428,4.0000243
CLT00388,27,Normandie,7,1,Téléphone,0.1362,2017-08-11,,,,,0.0,0.0,0.0,0.0,,0.0,,1,🟢 Bon risque fidèle,14.355222,2.4538877
CLT00389,47,Occitanie,0,0,Agent,0.2812,2017-12-24,1.0,1195.0,1195.0,1.0,0.0,0.0,0.0,0.0,0.0,0.0,0.0,2,🔵 Risque modéré,0.98473984,11.787058
CLT00390,24,Occitanie,11,2,Agent,0.2022,2019-06-27,1.0,1088.0,1088.0,1.0,0.0,0.0,0.0,0.0,0.0,0.0,0.0,2,🔵 Risque modéré,-0.6493284,0.95965993
CLT00391,66,Hauts-de-France,3,0,Agent,0.01,2020-01-18,1.0,1085.0,1085.0,1.0,0.0,0.0,0.0,0.0,0.0,0.0,0.0,2,🔵 Risque modéré,0.50904214,10.539319
CLT00392,61,Nouvelle-Aquitaine,2,0,Agent,0.0857,2019-07-11,5.0,8880.0,1776.0,3.0,1.0,17744.0,17744.0,0.0,0.2,0.0,1.9981981981981982,3,🔴 Très haut risque,-2.9688876,6.1912875
CLT00393,33,Île-de-France,1,0,Web,0.1502,2018-06-23,3.0,3333.0,1111.0,2.0,0.0,0.0,0.0,0.0,0.0,0.0,0.0,2,🔵 Risque modéré,-5.3890676,7.2703333
CLT00394,58,Île-de-France,2,0,Courtier,0.01,2020-02-10,2.0,2534.0,1267.0,2.0,0.0,0.0,0.0,0.0,0.0,0.0,0.0,2,🔵 Risque modéré,-6.1151886,6.1845717
CLT00395,36,Nouvelle-Aquitaine,2,2,Web,0.3311,2017-08-29,,,,,0.0,0.0,0.0,0.0,,0.0,,1,🟢 Bon risque fidèle,12.3201065,2.6923153
CLT00396,41,Provence-Alpes-Côte d'Azur,9,0,Agent,0.01,2016-12-27,1.0,2074.0,2074.0,1.0,0.0,0.0,0.0,0.0,0.0,0.0,0.0,2,🔵 Risque modéré,2.1817021,9.60503
CLT00397,28,Occitanie,4,1,Web,0.1595,2019-01-11,,,,,0.0,0.0,0.0,0.0,,0.0,,1,🟢 Bon risque fidèle,14.7458,2.099011
CLT00398,43,Provence-Alpes-Côte d'Azur,1,1,Courtier,0.0462,2017-07-14,3.0,5587.0,1862.3333333333333,2.0,0.0,0.0,0.0,0.0,0.0,0.0,0.0,2,🔵 Risque modéré,-3.7815845,2.8903008
CLT00399,58,Nouvelle-Aquitaine,2,1,Web,0.2337,2020-08-17,1.0,1926.0,1926.0,1.0,0.0,0.0,0.0,0.0,0.0,0.0,0.0,2,🔵 Risque modéré,0.7680188,1.2202545
CLT00400,48,Normandie,6,0,Partenaire banque,0.01,2017-08-29,2.0,2074.0,1037.0,1.0,1.0,2242.0,2242.0,0.0,0.5,0.0,1.081002892960463,2,🔵 Risque modéré,0.9322311,9.601262
CLT00401,37,Provence-Alpes-Côte d'Azur,0,2,Téléphone,0.2596,2018-08-19,1.0,1231.0,1231.0,1.0,0.0,0.0,0.0,0.0,0.0,0.0,0.0,2,🔵 Risque modéré,-1.0320258,1.4583532
CLT00402,70,Auvergne-Rhône-Alpes,0,2,Web,0.1932,2017-04-09,1.0,2034.0,2034.0,1.0,1.0,8603.0,8603.0,0.0,1.0,0.0,4.2295968534906585,3,🔴 Très haut risque,-0.6913112,4.652134
CLT00403,40,Bretagne,16,1,Partenaire banque,0.1452,2020-07-07,1.0,2023.0,2023.0,1.0,0.0,0.0,0.0,0.0,0.0,0.0,0.0,2,🔵 Risque modéré,-0.25673798,0.6392661
CLT00404,25,Grand Est,0,1,Courtier,0.1745,2020-06-09,1.0,1408.0,1408.0,1.0,0.0,0.0,0.0,0.0,0.0,0.0,0.0,2,🔵 Risque modéré,1.5365906,1.5756482
CLT00405,50,Bretagne,0,1,Web,0.2326,2019-01-05,2.0,3065.0,1532.5,1.0,0.0,0.0,0.0,0.0,0.0,0.0,0.0,2,🔵 Risque modéré,0.9275414,1.2997351
CLT00406,45,Auvergne-Rhône-Alpes,3,1,Courtier,0.2004,2019-10-11,2.0,2778.0,1389.0,2.0,0.0,0.0,0.0,0.0,0.0,0.0,0.0,2,🔵 Risque modéré,-3.4804456,2.9351196
CLT00407,60,Hauts-de-France,2,0,Courtier,0.0682,2020-08-13,1.0,996.0,996.0,1.0,0.0,0.0,0.0,0.0,0.0,0.0,0.0,2,🔵 Risque modéré,0.5546252,10.717408
CLT00408,60,Provence-Alpes-Côte d'Azur,1,0,Web,0.0877,2017-04-25,2.0,2645.0,1322.5,2.0,2.0,381.0,190.5,0.0,1.0,0.0,0.1440453686200378,2,🔵 Risque modéré,-4.310898,6.2776866
CLT00409,53,Normandie,0,0,Web,0.1547,2020-12-17,1.0,1480.0,1480.0,1.0,0.0,0.0,0.0,0.0,0.0,0.0,0.0,2,🔵 Risque modéré,0.8714842,11.567629
CLT00410,36,Grand Est,2,1,Web,0.0878,2019-06-05,2.0,2107.0,1053.5,2.0,0.0,0.0,0.0,0.0,0.0,0.0,0.0,2,🔵 Risque modéré,-3.8096962,2.7193577
CLT00411,20,Occitanie,7,0,Agent,0.1944,2019-07-27,,,,,0.0,0.0,0.0,0.0,,0.0,,1,🟢 Bon risque fidèle,16.026674,6.533285
CLT00412,42,Normandie,0,1,Téléphone,0.2136,2017-09-12,,,,,0.0,0.0,0.0,0.0,,0.0,,1,🟢 Bon risque fidèle,14.249973,1.152583
CLT00413,35,Bretagne,0,1,Web,0.2201,2016-04-04,,,,,0.0,0.0,0.0,0.0,,0.0,,1,🟢 Bon risque fidèle,14.638455,1.1406213
CLT00414,34,Île-de-France,4,1,Web,0.2378,2018-10-07,2.0,1628.0,814.0,2.0,1.0,14144.0,14144.0,0.0,0.5,0.0,8.687960687960688,3,🔴 Très haut risque,-2.1920285,5.851724
CLT00415,27,Auvergne-Rhône-Alpes,0,0,Web,0.0322,2020-12-24,1.0,1319.0,1319.0,1.0,0.0,0.0,0.0,0.0,0.0,0.0,0.0,2,🔵 Risque modéré,2.5097413,11.266293
CLT00416,49,Grand Est,8,2,Web,0.238,2018-07-20,1.0,1376.0,1376.0,1.0,2.0,2750.0,1375.0,0.0,2.0,0.0,1.998546511627907,3,🔴 Très haut risque,-0.9770582,4.776973
CLT00417,47,Provence-Alpes-Côte d'Azur,4,1,Agent,0.1359,2020-03-03,2.0,1848.0,924.0,2.0,0.0,0.0,0.0,0.0,0.0,0.0,0.0,2,🔵 Risque modéré,-3.7888813,2.9808877
CLT00418,18,Grand Est,7,0,Courtier,0.01,2020-03-02,3.0,3086.0,1028.6666666666667,2.0,1.0,11646.0,11646.0,0.0,0.3333333333333333,0.0,3.7738172391445235,3,🔴 Très haut risque,-3.0849297,6.35766
CLT00419,45,Nouvelle-Aquitaine,0,0,Téléphone,0.0937,2019-09-05,2.0,4645.0,2322.5,2.0,0.0,0.0,0.0,0.0,0.0,0.0,0.0,2,🔵 Risque modéré,-6.323286,6.7806635
CLT00420,38,Auvergne-Rhône-Alpes,7,0,Téléphone,0.0722,2019-06-16,1.0,2929.0,2929.0,1.0,0.0,0.0,0.0,0.0,0.0,0.0,0.0,2,🔵 Risque modéré,2.7378986,9.852746
CLT00421,44,Bretagne,6,0,Partenaire banque,0.0717,2017-07-28,1.0,1542.0,1542.0,1.0,0.0,0.0,0.0,0.0,0.0,0.0,0.0,2,🔵 Risque modéré,1.6595309,10.01271
CLT00422,54,Île-de-France,1,1,Agent,0.1373,2017-03-22,3.0,4581.0,1527.0,2.0,1.0,6251.0,6251.0,1.0,0.3333333333333333,1.0,1.3645492250600306,0,🟠 Risque élevé,-4.801958,21.971416
CLT00423,47,Normandie,0,0,Courtier,0.2838,2017-04-30,,,,,0.0,0.0,0.0,0.0,,0.0,,1,🟢 Bon risque fidèle,15.539188,8.68035
CLT00424,41,Provence-Alpes-Côte d'Azur,1,1,Web,0.1597,2019-11-07,1.0,1177.0,1177.0,1.0,0.0,0.0,0.0,0.0,0.0,0.0,0.0,2,🔵 Risque modéré,1.4829246,1.0687088
CLT00425,56,Provence-Alpes-Côte d'Azur,0,2,Courtier,0.2136,2019-08-15,1.0,1371.0,1371.0,1.0,0.0,0.0,0.0,0.0,0.0,0.0,0.0,2,🔵 Risque modéré,-0.60077024,1.5765585
CLT00426,54,Provence-Alpes-Côte d'Azur,0,0,Web,0.1214,2017-07-21,1.0,430.0,430.0,1.0,0.0,0.0,0.0,0.0,0.0,0.0,0.0,1,🟢 Bon risque fidèle,0.9419422,11.414987
CLT00427,52,Occitanie,0,2,Partenaire banque,0.2351,2020-10-04,,,,,0.0,0.0,0.0,0.0,,0.0,,1,🟢 Bon risque fidèle,12.542982,2.30724
CLT00428,31,Normandie,7,1,Web,0.1336,2017-03-12,2.0,3775.0,1887.5,2.0,0.0,0.0,0.0,0.0,0.0,0.0,0.0,2,🔵 Risque modéré,-4.0878167,2.881929
CLT00429,55,Centre-Val de Loire,8,1,Partenaire banque,0.1701,2016-04-15,2.0,2848.0,1424.0,1.0,1.0,328.0,328.0,0.0,0.5,0.0,0.1151685393258427,2,🔵 Risque modéré,0.29288718,0.39039484
CLT00430,18,Provence-Alpes-Côte d'Azur,2,1,Web,0.1672,2016-09-16,1.0,720.0,720.0,1.0,0.0,0.0,0.0,0.0,0.0,0.0,0.0,2,🔵 Risque modéré,1.5954787,1.4262571
CLT00431,40,Centre-Val de Loire,3,1,Web,0.2653,2020-08-28,1.0,793.0,793.0,1.0,0.0,0.0,0.0,0.0,0.0,0.0,0.0,2,🔵 Risque modéré,1.325619,1.5330509
CLT00432,27,Grand Est,2,0,Web,0.1583,2017-03-20,1.0,639.0,639.0,1.0,0.0,0.0,0.0,0.0,0.0,0.0,0.0,2,🔵 Risque modéré,2.2502315,11.766514
CLT00433,38,Occitanie,4,2,Web,0.0197,2016-10-31,2.0,1948.0,974.0,2.0,0.0,0.0,0.0,0.0,0.0,0.0,0.0,2,🔵 Risque modéré,-3.5382469,2.7642744
CLT00434,74,Centre-Val de Loire,0,0,Web,0.1107,2020-10-26,5.0,7991.0,1598.2,2.0,0.0,0.0,0.0,0.0,0.0,0.0,0.0,2,🔵 Risque modéré,-5.3023577,5.85051
CLT00435,35,Nouvelle-Aquitaine,0,0,Partenaire banque,0.01,2019-01-13,,,,,0.0,0.0,0.0,0.0,,0.0,,1,🟢 Bon risque fidèle,15.581295,7.174661
CLT00436,38,Hauts-de-France,0,1,Agent,0.01,2016-08-15,2.0,4434.0,2217.0,2.0,0.0,0.0,0.0,0.0,0.0,0.0,0.0,2,🔵 Risque modéré,-3.7573116,2.7178526
CLT00437,43,Île-de-France,0,0,Web,0.01,2018-01-05,1.0,1791.0,1791.0,1.0,0.0,0.0,0.0,0.0,0.0,0.0,0.0,2,🔵 Risque modéré,2.0370908,10.709134
CLT00438,37,Occitanie,6,1,Courtier,0.0648,2016-02-04,2.0,4722.0,2361.0,2.0,0.0,0.0,0.0,0.0,0.0,0.0,0.0,2,🔵 Risque modéré,-4.218249,2.9813414
CLT00439,47,Nouvelle-Aquitaine,2,0,Web,0.062,2016-09-18,,,,,0.0,0.0,0.0,0.0,,0.0,,1,🟢 Bon risque fidèle,14.627657,7.792056
CLT00440,29,Bretagne,1,0,Courtier,0.1169,2020-03-09,1.0,871.0,871.0,1.0,1.0,236.0,236.0,0.0,1.0,0.0,0.2709529276693456,2,🔵 Risque modéré,0.8369254,6.0360937
CLT00441,41,Auvergne-Rhône-Alpes,4,1,Courtier,0.2676,2020-05-14,2.0,2458.0,1229.0,1.0,0.0,0.0,0.0,0.0,0.0,0.0,0.0,2,🔵 Risque modéré,1.0455003,1.6279927
CLT00442,32,Provence-Alpes-Côte d'Azur,2,0,Courtier,0.01,2016-08-13,,,,,0.0,0.0,0.0,0.0,,0.0,,1,🟢 Bon risque fidèle,15.79608,6.8211336
CLT00443,45,Normandie,3,0,Courtier,0.1209,2019-06-15,1.0,715.0,715.0,1.0,0.0,0.0,0.0,0.0,0.0,0.0,0.0,2,🔵 Risque modéré,1.4062225,11.29872
CLT00444,35,Île-de-France,1,0,Agent,0.1047,2020-11-12,1.0,1763.0,1763.0,1.0,0.0,0.0,0.0,0.0,0.0,0.0,0.0,2,🔵 Risque modéré,2.5366557,10.939164
CLT00445,64,Grand Est,0,0,Web,0.1897,2019-08-12,,,,,0.0,0.0,0.0,0.0,,0.0,,1,🟢 Bon risque fidèle,14.569306,8.879463
CLT00446,18,Île-de-France,0,0,Web,0.0841,2018-09-09,2.0,1817.0,908.5,2.0,1.0,420.0,420.0,0.0,0.5,0.0,0.23115024766097964,2,🔵 Risque modéré,-4.940076,7.4266
CLT00447,40,Bretagne,0,0,Courtier,0.1077,2016-08-11,3.0,5242.0,1747.3333333333333,2.0,0.0,0.0,0.0,0.0,0.0,0.0,0.0,2,🔵 Risque modéré,-5.5327525,6.7543693
CLT00448,44,Normandie,4,0,Agent,0.1042,2018-06-29,2.0,2186.0,1093.0,2.0,3.0,27058.0,9019.333333333334,0.0,1.5,0.0,12.377859103385179,3,🔴 Très haut risque,-1.7878687,5.771155
CLT00449,40,Auvergne-Rhône-Alpes,4,2,Téléphone,0.2619,2017-10-23,1.0,1805.0,1805.0,1.0,2.0,7451.0,3725.5,0.0,2.0,0.0,4.1279778393351805,3,🔴 Très haut risque,-1.103464,4.8590627
CLT00450,33,Centre-Val de Loire,9,0,Web,0.0462,2016-09-17,3.0,3844.0,1281.3333333333333,2.0,3.0,13734.0,4578.0,0.0,1.0,0.0,3.572840790842872,2,🔵 Risque modéré,-3.7033272,6.349822
CLT00451,25,Hauts-de-France,0,0,Agent,0.1109,2019-04-15,1.0,938.0,938.0,1.0,0.0,0.0,0.0,0.0,0.0,0.0,0.0,2,🔵 Risque modéré,2.4387999,11.6474495
CLT00452,40,Grand Est,3,0,Agent,0.01,2018-02-21,2.0,3821.0,1910.5,2.0,2.0,10561.0,5280.5,0.0,1.0,0.0,2.763936142371107,2,🔵 Risque modéré,-3.9519749,6.5912204
CLT00453,44,Centre-Val de Loire,1,1,Courtier,0.0872,2018-07-20,1.0,749.0,749.0,1.0,0.0,0.0,0.0,0.0,0.0,0.0,0.0,2,🔵 Risque modéré,1.435219,0.5854723
CLT00454,48,Grand Est,2,1,Agent,0.2646,2016-07-24,2.0,3474.0,1737.0,2.0,0.0,0.0,0.0,0.0,0.0,0.0,0.0,2,🔵 Risque modéré,-3.3409774,2.9071476
CLT00455,56,Auvergne-Rhône-Alpes,2,3,Téléphone,0.3129,2019-08-28,1.0,2491.0,2491.0,1.0,0.0,0.0,0.0,0.0,0.0,0.0,0.0,2,🔵 Risque modéré,-0.8853847,1.9345592
CLT00456,18,Grand Est,3,0,Agent,0.0567,2017-03-18,1.0,1965.0,1965.0,1.0,0.0,0.0,0.0,0.0,0.0,0.0,0.0,2,🔵 Risque modéré,2.9045548,10.955688
CLT00457,64,Bretagne,4,0,Courtier,0.138,2017-04-14,1.0,1482.0,1482.0,1.0,0.0,0.0,0.0,0.0,0.0,0.0,0.0,2,🔵 Risque modéré,0.66187483,11.077725
CLT00458,38,Bretagne,0,1,Web,0.0786,2018-07-19,,,,,0.0,0.0,0.0,0.0,,0.0,,1,🟢 Bon risque fidèle,14.447667,1.7674346
CLT00459,60,Bretagne,1,0,Courtier,0.2296,2016-07-15,2.0,3442.0,1721.0,2.0,1.0,165.0,165.0,0.0,0.5,0.0,0.047937245787332945,2,🔵 Risque modéré,-5.235085,6.2631693
CLT00460,18,Provence-Alpes-Côte d'Azur,4,1,Courtier,0.1354,2019-09-26,,,,,0.0,0.0,0.0,0.0,,0.0,,1,🟢 Bon risque fidèle,14.831518,2.0952487
CLT00461,68,Hauts-de-France,0,0,Courtier,0.0538,2016-11-10,,,,,0.0,0.0,0.0,0.0,,0.0,,1,🟢 Bon risque fidèle,13.895005,8.608961
CLT00462,42,Normandie,13,0,Web,0.01,2020-09-01,1.0,526.0,526.0,1.0,0.0,0.0,0.0,0.0,0.0,0.0,0.0,2,🔵 Risque modéré,1.779801,9.019311
CLT00463,26,Auvergne-Rhône-Alpes,0,1,Web,0.1638,2016-07-18,1.0,2007.0,2007.0,1.0,0.0,0.0,0.0,0.0,0.0,0.0,0.0,2,🔵 Risque modéré,1.0845908,1.6245648
CLT00464,49,Provence-Alpes-Côte d'Azur,0,1,Téléphone,0.1705,2019-02-15,1.0,1307.0,1307.0,1.0,0.0,0.0,0.0,0.0,0.0,0.0,0.0,2,🔵 Risque modéré,1.1671622,1.0231726
CLT00465,45,Île-de-France,7,1,Courtier,0.2204,2019-02-26,4.0,5767.0,1441.75,3.0,3.0,4001.0,1333.6666666666667,2.0,0.75,0.6666666666666666,0.6937749263048378,0,🟠 Risque élevé,-3.1321852,5.070087
CLT00466,40,Grand Est,1,0,Web,0.1348,2016-09-09,1.0,1240.0,1240.0,1.0,1.0,236.0,236.0,0.0,1.0,0.0,0.19032258064516128,2,🔵 Risque modéré,0.7659195,5.980705
CLT00467,25,Bretagne,3,0,Courtier,0.0843,2019-09-26,,,,,0.0,0.0,0.0,0.0,,0.0,,1,🟢 Bon risque fidèle,16.313871,7.0266137
CLT00468,50,Bretagne,2,0,Téléphone,0.1301,2020-01-18,2.0,3438.0,1719.0,2.0,0.0,0.0,0.0,0.0,0.0,0.0,0.0,2,🔵 Risque modéré,-6.175108,6.7439833
CLT00469,30,Île-de-France,0,0,Partenaire banque,0.0379,2019-05-16,1.0,1451.0,1451.0,1.0,0.0,0.0,0.0,0.0,0.0,0.0,0.0,2,🔵 Risque modéré,2.500672,11.263103
CLT00470,18,Hauts-de-France,3,0,Courtier,0.2008,2019-03-31,,,,,0.0,0.0,0.0,0.0,,0.0,,1,🟢 Bon risque fidèle,16.658493,7.510774
CLT00471,71,Grand Est,2,0,Web,0.01,2019-09-08,1.0,2560.0,2560.0,1.0,0.0,0.0,0.0,0.0,0.0,0.0,0.0,2,🔵 Risque modéré,0.35734817,10.569406
CLT00472,57,Normandie,3,0,Web,0.2658,2016-08-11,1.0,1281.0,1281.0,1.0,0.0,0.0,0.0,0.0,0.0,0.0,0.0,2,🔵 Risque modéré,0.77924216,11.6744175
CLT00473,35,Provence-Alpes-Côte d'Azur,2,0,Téléphone,0.0694,2018-01-24,,,,,0.0,0.0,0.0,0.0,,0.0,,1,🟢 Bon risque fidèle,15.6001,7.2445264
CLT00474,45,Auvergne-Rhône-Alpes,3,1,Agent,0.2168,2019-03-23,1.0,2156.0,2156.0,1.0,0.0,0.0,0.0,0.0,0.0,0.0,0.0,2,🔵 Risque modéré,0.7618856,1.5425729
CLT00475,36,Occitanie,6,0,Téléphone,0.068,2020-09-28,5.0,6815.0,1363.0,3.0,4.0,8181.0,2045.25,1.0,0.8,0.25,1.2004402054292003,2,🔵 Risque modéré,-4.017239,5.1534967
CLT00476,40,Grand Est,15,0,Partenaire banque,0.01,2020-08-05,,,,,0.0,0.0,0.0,0.0,,0.0,,1,🟢 Bon risque fidèle,14.575054,5.111885
CLT00477,45,Centre-Val de Loire,1,0,Agent,0.1946,2019-08-11,3.0,4998.0,1666.0,2.0,1.0,17224.0,17224.0,0.0,0.3333333333333333,0.0,3.4461784713885555,3,🔴 Très haut risque,-2.661587,6.176242
CLT00478,50,Grand Est,1,0,Web,0.0175,2019-09-11,1.0,847.0,847.0,1.0,2.0,18438.0,9219.0,1.0,2.0,0.5,21.768595041322314,3,🔴 Très haut risque,-1.5069277,5.9571033
CLT00479,80,Hauts-de-France,8,1,Web,0.093,2017-07-15,2.0,1348.0,674.0,1.0,2.0,14644.0,7322.0,0.0,1.0,0.0,10.863501483679526,3,🔴 Très haut risque,-0.9882573,5.624606
CLT00480,49,Hauts-de-France,3,1,Partenaire banque,0.2345,2017-12-21,1.0,1627.0,1627.0,1.0,1.0,252.0,252.0,0.0,1.0,0.0,0.15488629379225569,2,🔵 Risque modéré,-0.05008582,4.494277
CLT00481,58,Île-de-France,8,0,Web,0.01,2016-10-22,3.0,6369.0,2123.0,2.0,0.0,0.0,0.0,0.0,0.0,0.0,0.0,2,🔵 Risque modéré,-5.850478,5.6899986
CLT00482,40,Centre-Val de Loire,2,2,Agent,0.3804,2016-05-24,2.0,2544.0,1272.0,2.0,1.0,5309.0,5309.0,0.0,0.5,0.0,2.08687106918239,2,🔵 Risque modéré,-1.922417,3.4970438
CLT00483,69,Nouvelle-Aquitaine,5,1,Agent,0.1259,2016-03-05,2.0,3189.0,1594.5,2.0,2.0,6643.0,3321.5,0.0,1.0,0.0,2.083098149890248,2,🔵 Risque modéré,-2.9936647,4.16727
CLT00484,28,Auvergne-Rhône-Alpes,6,0,Agent,0.01,2017-03-18,1.0,1383.0,1383.0,1.0,0.0,0.0,0.0,0.0,0.0,0.0,0.0,2,🔵 Risque modéré,2.2105224,10.290641
CLT00485,55,Bretagne,1,0,Courtier,0.1413,2017-12-01,,,,,0.0,0.0,0.0,0.0,,0.0,,1,🟢 Bon risque fidèle,14.77591,8.671186
CLT00486,52,Nouvelle-Aquitaine,5,0,Courtier,0.1016,2020-01-19,,,,,0.0,0.0,0.0,0.0,,0.0,,1,🟢 Bon risque fidèle,14.513184,8.023062
CLT00487,53,Provence-Alpes-Côte d'Azur,4,2,Agent,0.3354,2019-03-10,,,,,0.0,0.0,0.0,0.0,,0.0,,1,🟢 Bon risque fidèle,12.253333,2.4280422
CLT00488,41,Centre-Val de Loire,0,0,Web,0.0118,2016-04-19,2.0,4525.0,2262.5,2.0,0.0,0.0,0.0,0.0,0.0,0.0,0.0,2,🔵 Risque modéré,-6.3505526,6.826468
CLT00489,32,Nouvelle-Aquitaine,1,0,Web,0.0755,2019-06-21,,,,,0.0,0.0,0.0,0.0,,0.0,,1,🟢 Bon risque fidèle,15.867405,7.334014
CLT00490,18,Île-de-France,0,0,Agent,0.1773,2017-07-13,1.0,878.0,878.0,1.0,0.0,0.0,0.0,0.0,0.0,0.0,0.0,2,🔵 Risque modéré,2.6645143,11.773058
CLT00491,51,Normandie,0,0,Agent,0.1938,2018-09-23,,,,,0.0,0.0,0.0,0.0,,0.0,,1,🟢 Bon risque fidèle,14.998615,8.810164
CLT00492,19,Centre-Val de Loire,1,0,Courtier,0.0617,2017-07-15,3.0,4930.0,1643.3333333333333,2.0,0.0,0.0,0.0,0.0,0.0,0.0,0.0,2,🔵 Risque modéré,-5.287176,7.313071
CLT00493,53,Occitanie,1,0,Agent,0.0706,2016-08-23,,,,,0.0,0.0,0.0,0.0,,0.0,,1,🟢 Bon risque fidèle,14.37857,8.165244
CLT00494,50,Provence-Alpes-Côte d'Azur,15,1,Courtier,0.01,2017-08-05,1.0,1642.0,1642.0,1.0,0.0,0.0,0.0,0.0,0.0,0.0,0.0,2,🔵 Risque modéré,-0.12998962,0.4740369
CLT00495,30,Centre-Val de Loire,8,0,Courtier,0.0535,2019-09-30,2.0,3389.0,1694.5,2.0,0.0,0.0,0.0,0.0,0.0,0.0,0.0,2,🔵 Risque modéré,-5.5421,6.479284
CLT00496,72,Hauts-de-France,3,0,Web,0.01,2018-03-22,,,,,0.0,0.0,0.0,0.0,,0.0,,1,🟢 Bon risque fidèle,13.801398,8.469415
CLT00497,26,Centre-Val de Loire,5,2,Web,0.3282,2017-02-24,,,,,0.0,0.0,0.0,0.0,,0.0,,1,🟢 Bon risque fidèle,12.510367,2.790872
CLT00498,25,Hauts-de-France,5,0,Partenaire banque,0.0565,2020-04-22,2.0,3742.0,1871.0,1.0,2.0,6358.0,3179.0,0.0,1.0,0.0,1.6990913949759487,2,🔵 Risque modéré,0.2830986,6.08122
CLT00499,18,Nouvelle-Aquitaine,0,1,Agent,0.2532,2017-08-17,2.0,4398.0,2199.0,2.0,1.0,2176.0,2176.0,0.0,0.5,0.0,0.49477035015916326,2,🔵 Risque modéré,-2.8440466,3.0935066
CLT00500,30,Provence-Alpes-Côte d'Azur,0,0,Web,0.2121,2018-10-17,1.0,736.0,736.0,1.0,2.0,4709.0,2354.5,0.0,2.0,0.0,6.398097826086956,3,🔴 Très haut risque,-1.0493453,5.548336
CLT00501,37,Bretagne,7,0,Web,0.0455,2018-02-19,2.0,3441.0,1720.5,1.0,2.0,34553.0,17276.5,0.0,1.0,0.0,10.041557686718978,3,🔴 Très haut risque,-1.7587234,6.501201
CLT00502,53,Grand Est,1,0,Agent,0.01,2018-10-23,4.0,4917.0,1229.25,2.0,3.0,6371.0,2123.6666666666665,0.0,0.75,0.0,1.2957087655074233,2,🔵 Risque modéré,-4.3751297,6.110997
CLT00503,23,Grand Est,7,0,Téléphone,0.01,2020-07-11,1.0,2389.0,2389.0,1.0,0.0,0.0,0.0,0.0,0.0,0.0,0.0,2,🔵 Risque modéré,2.5638154,10.260949
CLT00504,45,Provence-Alpes-Côte d'Azur,2,1,Web,0.1994,2020-11-01,1.0,2966.0,2966.0,1.0,0.0,0.0,0.0,0.0,0.0,0.0,0.0,2,🔵 Risque modéré,0.43341684,1.6800153
CLT00505,41,Île-de-France,1,1,Courtier,0.3882,2018-08-01,,,,,0.0,0.0,0.0,0.0,,0.0,,1,🟢 Bon risque fidèle,14.042593,0.77130944
CLT00506,55,Auvergne-Rhône-Alpes,13,2,Téléphone,0.3236,2019-03-27,5.0,7274.0,1454.8,3.0,4.0,2971.0,742.75,0.0,0.8,0.0,0.4084410228210063,2,🔵 Risque modéré,-4.00734,4.079767
CLT00507,33,Bretagne,6,1,Courtier,0.1084,2019-12-26,1.0,912.0,912.0,1.0,0.0,0.0,0.0,0.0,0.0,0.0,0.0,2,🔵 Risque modéré,0.48661497,0.7452462
CLT00508,47,Bretagne,2,0,Web,0.0675,2018-04-11,3.0,5041.0,1680.3333333333333,1.0,2.0,7043.0,3521.5,1.0,0.6666666666666666,0.5,1.3971434239238247,0,🟠 Risque élevé,-3.0932233,5.2012224
CLT00509,21,Île-de-France,1,0,Partenaire banque,0.1011,2016-12-19,,,,,0.0,0.0,0.0,0.0,,0.0,,1,🟢 Bon risque fidèle,16.65527,7.2269497
CLT00510,59,Centre-Val de Loire,7,0,Courtier,0.01,2019-11-15,,,,,0.0,0.0,0.0,0.0,,0.0,,1,🟢 Bon risque fidèle,14.242491,5.7550116
CLT00511,36,Provence-Alpes-Côte d'Azur,8,0,Web,0.2304,2020-09-27,,,,,0.0,0.0,0.0,0.0,,0.0,,1,🟢 Bon risque fidèle,15.11319,6.2769356
CLT00512,55,Auvergne-Rhône-Alpes,1,0,Web,0.2502,2019-04-23,1.0,2192.0,2192.0,1.0,0.0,0.0,0.0,0.0,0.0,0.0,0.0,2,🔵 Risque modéré,0.9248039,11.741958
CLT00513,59,Bretagne,1,1,Courtier,0.271,2018-03-23,,,,,0.0,0.0,0.0,0.0,,0.0,,1,🟢 Bon risque fidèle,13.5017805,1.0201658
CLT00514,29,Hauts-de-France,8,0,Agent,0.0838,2017-03-31,1.0,1767.0,1767.0,1.0,0.0,0.0,0.0,0.0,0.0,0.0,0.0,2,🔵 Risque modéré,2.2824445,10.032794
CLT00515,34,Provence-Alpes-Côte d'Azur,0,0,Agent,0.0837,2016-06-07,3.0,4771.0,1590.3333333333333,3.0,0.0,0.0,0.0,0.0,0.0,0.0,0.0,2,🔵 Risque modéré,-4.6890235,5.0027847
CLT00516,52,Grand Est,0,0,Agent,0.0487,2018-12-24,2.0,2416.0,1208.0,1.0,0.0,0.0,0.0,0.0,0.0,0.0,0.0,2,🔵 Risque modéré,0.8140686,10.500898
CLT00517,38,Grand Est,2,0,Web,0.01,2020-05-10,,,,,0.0,0.0,0.0,0.0,,0.0,,1,🟢 Bon risque fidèle,15.235833,6.9590898
CLT00518,75,Provence-Alpes-Côte d'Azur,0,0,Courtier,0.1785,2020-08-06,1.0,1843.0,1843.0,1.0,3.0,14548.0,4849.333333333333,0.0,3.0,0.0,7.893651654910472,3,🔴 Très haut risque,-1.113823,5.353427
CLT00519,42,Nouvelle-Aquitaine,4,0,Web,0.1147,2016-10-28,,,,,0.0,0.0,0.0,0.0,,0.0,,1,🟢 Bon risque fidèle,15.203213,7.610183
CLT00520,52,Hauts-de-France,2,1,Web,0.2518,2019-05-20,2.0,2320.0,1160.0,2.0,4.0,52720.0,13180.0,1.0,2.0,0.25,22.724137931034484,3,🔴 Très haut risque,-1.5822129,5.9521856
CLT00521,38,Nouvelle-Aquitaine,1,0,Agent,0.1092,2019-09-06,1.0,1562.0,1562.0,1.0,0.0,0.0,0.0,0.0,0.0,0.0,0.0,2,🔵 Risque modéré,2.1693645,11.217319
CLT00522,55,Auvergne-Rhône-Alpes,2,0,Web,0.01,2020-05-03,,,,,0.0,0.0,0.0,0.0,,0.0,,1,🟢 Bon risque fidèle,13.892191,7.9061723
CLT00523,55,Normandie,14,1,Courtier,0.01,2019-03-02,,,,,0.0,0.0,0.0,0.0,,0.0,,1,🟢 Bon risque fidèle,14.394699,5.121343
CLT00524,44,Centre-Val de Loire,6,0,Courtier,0.0644,2020-12-13,1.0,2000.0,2000.0,1.0,1.0,18886.0,18886.0,0.0,1.0,0.0,9.443,3,🔴 Très haut risque,-1.7460874,6.4659414
CLT00525,19,Centre-Val de Loire,0,0,Agent,0.0652,2019-07-05,,,,,0.0,0.0,0.0,0.0,,0.0,,1,🟢 Bon risque fidèle,16.669252,7.0453725
CLT00526,40,Provence-Alpes-Côte d'Azur,5,0,Téléphone,0.01,2019-07-10,1.0,1410.0,1410.0,1.0,0.0,0.0,0.0,0.0,0.0,0.0,0.0,2,🔵 Risque modéré,1.8170273,10.193857
CLT00527,42,Provence-Alpes-Côte d'Azur,13,0,Web,0.0231,2016-05-21,2.0,2389.0,1194.5,1.0,2.0,5102.0,2551.0,0.0,1.0,0.0,2.1356215989953955,2,🔵 Risque modéré,-0.6407385,6.7498393
CLT00528,24,Normandie,0,0,Courtier,0.0464,2017-09-14,1.0,1486.0,1486.0,1.0,0.0,0.0,0.0,0.0,0.0,0.0,0.0,2,🔵 Risque modéré,2.5864077,11.332703
CLT00529,59,Hauts-de-France,3,0,Courtier,0.1258,2017-12-23,1.0,526.0,526.0,1.0,0.0,0.0,0.0,0.0,0.0,0.0,0.0,2,🔵 Risque modéré,0.6079661,11.118754
CLT00530,48,Grand Est,1,1,Web,0.304,2018-08-05,2.0,4754.0,2377.0,2.0,0.0,0.0,0.0,0.0,0.0,0.0,0.0,2,🔵 Risque modéré,-3.2846155,2.8738132
CLT00531,50,Normandie,1,0,Web,0.0663,2018-01-27,4.0,4588.0,1147.0,2.0,2.0,16180.0,8090.0,0.0,0.5,0.0,3.5265911072362686,2,🔵 Risque modéré,-3.570782,6.1555705
CLT00532,46,Hauts-de-France,0,0,Web,0.162,2020-11-06,3.0,4824.0,1608.0,2.0,1.0,5505.0,5505.0,0.0,0.3333333333333333,0.0,1.1411691542288558,2,🔵 Risque modéré,-4.385078,6.528939
CLT00533,26,Auvergne-Rhône-Alpes,12,0,Agent,0.01,2018-11-06,1.0,1096.0,1096.0,1.0,0.0,0.0,0.0,0.0,0.0,0.0,0.0,2,🔵 Risque modéré,1.9686356,9.12808
CLT00534,42,Bretagne,4,0,Courtier,0.01,2019-02-11,2.0,2667.0,1333.5,1.0,0.0,0.0,0.0,0.0,0.0,0.0,0.0,2,🔵 Risque modéré,1.3864288,10.221654
CLT00535,53,Île-de-France,2,0,Courtier,0.0182,2020-07-18,,,,,0.0,0.0,0.0,0.0,,0.0,,1,🟢 Bon risque fidèle,13.994414,7.845345
CLT00536,34,Centre-Val de Loire,0,0,Agent,0.0917,2017-10-22,2.0,3562.0,1781.0,2.0,1.0,2327.0,2327.0,0.0,0.5,0.0,0.6532846715328468,2,🔵 Risque modéré,-4.539278,7.013083
CLT00537,48,Centre-Val de Loire,1,1,Courtier,0.2271,2016-11-06,2.0,2253.0,1126.5,1.0,0.0,0.0,0.0,0.0,0.0,0.0,0.0,2,🔵 Risque modéré,1.1939924,1.1430753
CLT00538,19,Île-de-France,2,1,Courtier,0.2742,2020-07-20,3.0,4545.0,1515.0,2.0,1.0,17326.0,17326.0,0.0,0.3333333333333333,0.0,3.812101210121012,3,🔴 Très haut risque,-2.4596922,5.7070823
CLT00539,44,Provence-Alpes-Côte d'Azur,0,4,Partenaire banque,0.4041,2016-06-23,1.0,1198.0,1198.0,1.0,0.0,0.0,0.0,0.0,0.0,0.0,0.0,2,🔵 Risque modéré,-1.1960139,2.0430918
CLT00540,40,Grand Est,5,0,Agent,0.01,2016-03-23,,,,,0.0,0.0,0.0,0.0,,0.0,,1,🟢 Bon risque fidèle,14.918433,6.5082746
CLT00541,61,Occitanie,0,1,Agent,0.3175,2018-06-20,3.0,4608.0,1536.0,3.0,1.0,37896.0,37896.0,1.0,0.3333333333333333,1.0,8.223958333333334,0,🟠 Risque élevé,-4.9041657,21.815172
CLT00542,37,Grand Est,0,0,Courtier,0.0999,2016-11-23,,,,,0.0,0.0,0.0,0.0,,0.0,,1,🟢 Bon risque fidèle,15.822847,7.654942
CLT00543,24,Provence-Alpes-Côte d'Azur,1,2,Courtier,0.3585,2017-08-04,2.0,3900.0,1950.0,2.0,0.0,0.0,0.0,0.0,0.0,0.0,0.0,2,🔵 Risque modéré,-2.2251272,2.687699
CLT00544,35,Bretagne,2,1,Courtier,0.1734,2017-11-25,1.0,2580.0,2580.0,1.0,2.0,8395.0,4197.5,0.0,2.0,0.0,3.253875968992248,3,🔴 Très haut risque,-0.86009955,5.348742
CLT00545,31,Centre-Val de Loire,10,1,Web,0.01,2019-07-18,2.0,4691.0,2345.5,2.0,2.0,4333.0,2166.5,0.0,1.0,0.0,0.9236836495416756,2,🔵 Risque modéré,-4.267509,3.4599686
CLT00546,32,Provence-Alpes-Côte d'Azur,1,3,Web,0.5221,2016-07-14,,,,,0.0,0.0,0.0,0.0,,0.0,,1,🟢 Bon risque fidèle,12.096469,2.8860152
CLT00547,58,Grand Est,1,1,Agent,0.1308,2017-08-06,2.0,4682.0,2341.0,1.0,0.0,0.0,0.0,0.0,0.0,0.0,0.0,2,🔵 Risque modéré,0.73944014,1.1561946
CLT00548,25,Hauts-de-France,0,1,Agent,0.2731,2019-09-08,,,,,0.0,0.0,0.0,0.0,,0.0,,1,🟢 Bon risque fidèle,15.029226,1.186421
CLT00549,20,Centre-Val de Loire,0,0,Téléphone,0.1433,2017-11-15,1.0,960.0,960.0,1.0,0.0,0.0,0.0,0.0,0.0,0.0,0.0,2,🔵 Risque modéré,2.6420324,11.743556
CLT00550,44,Auvergne-Rhône-Alpes,1,2,Courtier,0.2711,2016-10-18,2.0,2012.0,1006.0,2.0,0.0,0.0,0.0,0.0,0.0,0.0,0.0,2,🔵 Risque modéré,-2.1064982,2.7659392
CLT00551,49,Provence-Alpes-Côte d'Azur,5,0,Web,0.3134,2019-09-07,1.0,1257.0,1257.0,1.0,1.0,250.0,250.0,0.0,1.0,0.0,0.19888623707239458,2,🔵 Risque modéré,0.59923255,5.779641
CLT00552,52,Bretagne,11,1,Web,0.0709,2019-12-24,1.0,1177.0,1177.0,1.0,1.0,8609.0,8609.0,0.0,1.0,0.0,7.314358538657604,3,🔴 Très haut risque,-0.8845416,6.2141404
CLT00553,40,Auvergne-Rhône-Alpes,2,0,Web,0.2311,2018-02-12,2.0,2414.0,1207.0,1.0,0.0,0.0,0.0,0.0,0.0,0.0,0.0,2,🔵 Risque modéré,1.2555877,11.59748
CLT00554,24,Provence-Alpes-Côte d'Azur,1,1,Téléphone,0.2344,2019-10-06,,,,,0.0,0.0,0.0,0.0,,0.0,,1,🟢 Bon risque fidèle,15.083448,1.2877632
CLT00555,42,Grand Est,2,2,Web,0.351,2019-10-07,1.0,1800.0,1800.0,1.0,1.0,266.0,266.0,0.0,1.0,0.0,0.14777777777777779,2,🔵 Risque modéré,-0.6912003,3.9667976
CLT00556,56,Bretagne,4,0,Courtier,0.1341,2016-02-09,3.0,5048.0,1682.6666666666667,2.0,1.0,6461.0,6461.0,0.0,0.3333333333333333,0.0,1.2799128367670365,2,🔵 Risque modéré,-4.379127,6.3662214
CLT00557,43,Provence-Alpes-Côte d'Azur,1,0,Web,0.1953,2017-03-16,3.0,4561.0,1520.3333333333333,3.0,2.0,2838.0,1419.0,0.0,0.6666666666666666,0.0,0.622231966673975,2,🔵 Risque modéré,-4.4369526,5.3899226
CLT00558,51,Provence-Alpes-Côte d'Azur,0,1,Partenaire banque,0.01,2018-09-24,1.0,1223.0,1223.0,1.0,0.0,0.0,0.0,0.0,0.0,0.0,0.0,2,🔵 Risque modéré,1.1281998,0.36984903
CLT00559,26,Occitanie,1,0,Web,0.01,2016-10-10,1.0,2350.0,2350.0,1.0,0.0,0.0,0.0,0.0,0.0,0.0,0.0,2,🔵 Risque modéré,2.9437768,10.776725
CLT00560,51,Nouvelle-Aquitaine,5,1,Web,0.0351,2020-09-27,2.0,3729.0,1864.5,1.0,0.0,0.0,0.0,0.0,0.0,0.0,0.0,2,🔵 Risque modéré,0.94781446,0.48651394
CLT00561,27,Auvergne-Rhône-Alpes,4,1,Courtier,0.0402,2019-01-12,2.0,2746.0,1373.0,2.0,0.0,0.0,0.0,0.0,0.0,0.0,0.0,2,🔵 Risque modéré,-3.9787147,2.71628
CLT00562,52,Grand Est,6,2,Web,0.2148,2017-11-22,1.0,1388.0,1388.0,1.0,0.0,0.0,0.0,0.0,0.0,0.0,0.0,2,🔵 Risque modéré,-0.6184114,1.3662562
CLT00563,66,Centre-Val de Loire,0,0,Web,0.1979,2018-02-12,,,,,0.0,0.0,0.0,0.0,,0.0,,1,🟢 Bon risque fidèle,14.535054,8.880686
CLT00564,30,Nouvelle-Aquitaine,6,2,Web,0.2923,2020-08-31,2.0,3343.0,1671.5,1.0,0.0,0.0,0.0,0.0,0.0,0.0,0.0,2,🔵 Risque modéré,-0.95772105,1.4716071
CLT00565,51,Centre-Val de Loire,1,1,Téléphone,0.0397,2016-12-07,1.0,1388.0,1388.0,1.0,0.0,0.0,0.0,0.0,0.0,0.0,0.0,2,🔵 Risque modéré,1.0929309,0.36193585
CLT00566,42,Normandie,2,0,Web,0.01,2018-01-18,1.0,2430.0,2430.0,1.0,0.0,0.0,0.0,0.0,0.0,0.0,0.0,2,🔵 Risque modéré,2.7868843,10.195092
CLT00567,57,Occitanie,2,2,Partenaire banque,0.3796,2019-06-06,1.0,1698.0,1698.0,1.0,0.0,0.0,0.0,0.0,0.0,0.0,0.0,2,🔵 Risque modéré,-0.6414374,1.7701339
CLT00568,36,Hauts-de-France,6,0,Agent,0.1077,2020-05-26,3.0,2814.0,938.0,3.0,2.0,23240.0,11620.0,0.0,0.6666666666666666,0.0,8.25870646766169,3,🔴 Très haut risque,-2.8141963,6.31573
CLT00569,23,Normandie,15,2,Web,0.0938,2017-05-06,3.0,6921.0,2307.0,2.0,1.0,3555.0,3555.0,0.0,0.3333333333333333,0.0,0.5136540962288687,2,🔵 Risque modéré,-4.5126753,3.6743724
CLT00570,50,Hauts-de-France,2,0,Partenaire banque,0.0888,2020-05-27,,,,,0.0,0.0,0.0,0.0,,0.0,,1,🟢 Bon risque fidèle,14.60635,8.101404
CLT00571,48,Normandie,5,0,Téléphone,0.01,2017-02-03,3.0,6209.0,2069.6666666666665,2.0,5.0,15961.0,3192.2,0.0,1.6666666666666667,0.0,2.57062328877436,3,🔴 Très haut risque,-3.8684075,6.284212
CLT00572,41,Provence-Alpes-Côte d'Azur,1,2,Agent,0.3355,2019-03-16,5.0,8444.0,1688.8,3.0,1.0,2416.0,2416.0,0.0,0.2,0.0,0.28612032212221694,2,🔵 Risque modéré,-2.4235384,3.2851346
CLT00573,67,Normandie,7,0,Courtier,0.034,2017-08-02,2.0,2564.0,1282.0,2.0,0.0,0.0,0.0,0.0,0.0,0.0,0.0,2,🔵 Risque modéré,-6.004255,5.813277
CLT00574,45,Bretagne,2,0,Courtier,0.2187,2018-05-09,1.0,2117.0,2117.0,1.0,0.0,0.0,0.0,0.0,0.0,0.0,0.0,2,🔵 Risque modéré,1.0258244,11.72536
CLT00575,26,Nouvelle-Aquitaine,8,1,Téléphone,0.0188,2020-06-30,6.0,8055.0,1342.5,3.0,2.0,2500.0,1250.0,0.0,0.3333333333333333,0.0,0.31036623215394166,2,🔵 Risque modéré,-4.489393,4.8776097
CLT00576,51,Centre-Val de Loire,3,2,Web,0.1334,2017-05-29,,,,,0.0,0.0,0.0,0.0,,0.0,,1,🟢 Bon risque fidèle,12.708861,2.3333623
CLT00577,36,Île-de-France,3,0,Agent,0.0843,2020-11-27,3.0,3594.0,1198.0,2.0,0.0,0.0,0.0,0.0,0.0,0.0,0.0,2,🔵 Risque modéré,-5.486664,6.8869443
CLT00578,27,Provence-Alpes-Côte d'Azur,3,0,Courtier,0.01,2016-07-31,1.0,1065.0,1065.0,1.0,1.0,3699.0,3699.0,0.0,1.0,0.0,3.473239436619718,2,🔵 Risque modéré,0.32311264,6.075637
CLT00579,33,Grand Est,0,1,Téléphone,0.3534,2017-08-08,1.0,1356.0,1356.0,1.0,0.0,0.0,0.0,0.0,0.0,0.0,0.0,2,🔵 Risque modéré,1.2531532,1.8438088
CLT00580,67,Auvergne-Rhône-Alpes,1,0,Agent,0.0243,2017-07-14,2.0,3135.0,1567.5,1.0,2.0,7235.0,3617.5,1.0,1.0,0.5,2.307814992025518,0,🟠 Risque élevé,-3.0573452,5.225911
CLT00581,49,Normandie,4,1,Téléphone,0.1447,2016-10-30,,,,,0.0,0.0,0.0,0.0,,0.0,,1,🟢 Bon risque fidèle,13.776588,1.8887303
CLT00582,36,Bretagne,5,0,Web,0.01,2017-04-01,4.0,6699.0,1674.75,2.0,3.0,24103.0,8034.333333333333,1.0,0.75,0.3333333333333333,3.597999701447977,0,🟠 Risque élevé,-3.2580245,5.2761297
CLT00583,28,Normandie,2,1,Téléphone,0.0843,2016-02-26,1.0,1841.0,1841.0,1.0,0.0,0.0,0.0,0.0,0.0,0.0,0.0,2,🔵 Risque modéré,1.1981534,1.3531401
CLT00584,23,Bretagne,14,0,Web,0.0237,2018-10-27,1.0,2561.0,2561.0,1.0,0.0,0.0,0.0,0.0,0.0,0.0,0.0,2,🔵 Risque modéré,2.0714507,9.205794
CLT00585,63,Provence-Alpes-Côte d'Azur,4,0,Web,0.01,2016-06-18,,,,,0.0,0.0,0.0,0.0,,0.0,,1,🟢 Bon risque fidèle,13.737642,8.172772
CLT00586,26,Provence-Alpes-Côte d'Azur,1,0,Web,0.01,2017-10-16,1.0,994.0,994.0,1.0,0.0,0.0,0.0,0.0,0.0,0.0,0.0,2,🔵 Risque modéré,2.3085976,11.342408
CLT00587,18,Auvergne-Rhône-Alpes,1,2,Téléphone,0.3332,2019-08-26,3.0,3127.0,1042.3333333333333,1.0,4.0,2303.0,575.75,0.0,1.3333333333333333,0.0,0.7364886472657499,2,🔵 Risque modéré,-0.75094044,3.8907938
CLT00588,40,Provence-Alpes-Côte d'Azur,0,1,Agent,0.2186,2016-10-10,3.0,5026.0,1675.3333333333333,2.0,6.0,69705.0,11617.5,1.0,2.0,0.16666666666666666,13.868881814564265,3,🔴 Très haut risque,-1.6823764,5.6594195
CLT00589,23,Île-de-France,0,1,Web,0.299,2020-08-28,,,,,0.0,0.0,0.0,0.0,,0.0,,1,🟢 Bon risque fidèle,15.100837,1.1282309
CLT00590,58,Normandie,3,0,Agent,0.1714,2016-10-13,,,,,0.0,0.0,0.0,0.0,,0.0,,1,🟢 Bon risque fidèle,14.460253,8.587314
CLT00591,51,Normandie,8,1,Courtier,0.01,2016-01-13,,,,,0.0,0.0,0.0,0.0,,0.0,,1,🟢 Bon risque fidèle,13.922744,2.3992789
CLT00592,49,Auvergne-Rhône-Alpes,0,1,Web,0.2341,2017-03-19,1.0,1228.0,1228.0,1.0,1.0,21645.0,21645.0,0.0,1.0,0.0,17.626221498371336,3,🔴 Très haut risque,-1.7402979,6.1124415
CLT00593,29,Nouvelle-Aquitaine,0,1,Courtier,0.3695,2020-01-31,1.0,962.0,962.0,1.0,1.0,318.0,318.0,0.0,1.0,0.0,0.3305613305613306,2,🔵 Risque modéré,-0.277968,4.105428
CLT00594,50,Centre-Val de Loire,2,1,Courtier,0.1738,2016-08-17,,,,,0.0,0.0,0.0,0.0,,0.0,,1,🟢 Bon risque fidèle,13.701999,1.4225353
CLT00595,29,Hauts-de-France,5,1,Web,0.1359,2016-09-08,3.0,3224.0,1074.6666666666667,2.0,0.0,0.0,0.0,0.0,0.0,0.0,0.0,2,🔵 Risque modéré,-3.597696,2.837911
CLT00596,35,Île-de-France,5,0,Web,0.01,2019-08-03,3.0,3700.0,1233.3333333333333,2.0,1.0,4077.0,4077.0,0.0,0.3333333333333333,0.0,1.1018918918918919,2,🔵 Risque modéré,-4.609972,6.415937
CLT00597,66,Centre-Val de Loire,4,0,Courtier,0.1981,2016-08-17,2.0,2629.0,1314.5,2.0,0.0,0.0,0.0,0.0,0.0,0.0,0.0,2,🔵 Risque modéré,-5.936976,6.200678
CLT00598,34,Normandie,0,2,Courtier,0.3263,2016-02-05,4.0,5224.0,1306.0,3.0,1.0,16052.0,16052.0,1.0,0.25,1.0,3.072741194486983,0,🟠 Risque élevé,-4.8811884,21.862125
CLT00599,31,Grand Est,1,0,Courtier,0.0209,2020-01-13,1.0,687.0,687.0,1.0,0.0,0.0,0.0,0.0,0.0,0.0,0.0,2,🔵 Risque modéré,2.1344357,11.335305
CLT00600,41,Nouvelle-Aquitaine,5,1,Web,0.0784,2016-01-06,3.0,3680.0,1226.6666666666667,1.0,0.0,0.0,0.0,0.0,0.0,0.0,0.0,2,🔵 Risque modéré,1.0674914,0.5131878
CLT00601,47,Centre-Val de Loire,6,1,Courtier,0.1853,2019-03-16,1.0,1769.0,1769.0,1.0,0.0,0.0,0.0,0.0,0.0,0.0,0.0,2,🔵 Risque modéré,0.48223925,0.5375033
CLT00602,48,Bretagne,5,1,Web,0.0262,2019-10-02,3.0,2934.0,978.0,3.0,2.0,520.0,260.0,2.0,0.6666666666666666,1.0,0.17723244717109748,0,🟠 Risque élevé,-4.822867,21.988123
CLT00603,39,Auvergne-Rhône-Alpes,10,1,Courtier,0.038,2018-01-10,,,,,0.0,0.0,0.0,0.0,,0.0,,1,🟢 Bon risque fidèle,14.2164955,2.6955733
CLT00604,30,Auvergne-Rhône-Alpes,9,1,Partenaire banque,0.01,2019-01-21,1.0,969.0,969.0,1.0,0.0,0.0,0.0,0.0,0.0,0.0,0.0,2,🔵 Risque modéré,0.09771887,0.7443375
CLT00605,71,Grand Est,1,1,Agent,0.1149,2018-11-07,1.0,2146.0,2146.0,1.0,0.0,0.0,0.0,0.0,0.0,0.0,0.0,2,🔵 Risque modéré,0.6910254,1.0375866
CLT00606,69,Grand Est,11,0,Web,0.01,2020-11-25,2.0,3624.0,1812.0,2.0,0.0,0.0,0.0,0.0,0.0,0.0,0.0,2,🔵 Risque modéré,-5.8939285,5.467363
CLT00607,34,Normandie,2,0,Web,0.166,2018-03-05,,,,,0.0,0.0,0.0,0.0,,0.0,,1,🟢 Bon risque fidèle,16.009209,7.906317
CLT00608,42,Provence-Alpes-Côte d'Azur,0,0,Web,0.01,2016-02-05,1.0,1668.0,1668.0,1.0,0.0,0.0,0.0,0.0,0.0,0.0,0.0,2,🔵 Risque modéré,2.0031888,10.711136
CLT00609,35,Provence-Alpes-Côte d'Azur,4,0,Agent,0.2044,2017-12-09,2.0,1705.0,852.5,1.0,2.0,33701.0,16850.5,0.0,1.0,0.0,19.765982404692082,3,🔴 Très haut risque,-1.6973134,6.137996
CLT00610,38,Occitanie,0,0,Agent,0.072,2019-07-12,1.0,3376.0,3376.0,1.0,0.0,0.0,0.0,0.0,0.0,0.0,0.0,2,🔵 Risque modéré,3.0856385,10.254145
CLT00611,53,Auvergne-Rhône-Alpes,6,1,Agent,0.174,2020-02-16,3.0,3211.0,1070.3333333333333,2.0,0.0,0.0,0.0,0.0,0.0,0.0,0.0,2,🔵 Risque modéré,-3.8739555,3.2336574
CLT00612,27,Provence-Alpes-Côte d'Azur,1,0,Web,0.01,2017-12-24,2.0,4404.0,2202.0,2.0,1.0,34785.0,34785.0,0.0,0.5,0.0,7.89850136239782,3,🔴 Très haut risque,-2.1336854,6.5244937
CLT00613,18,Grand Est,1,2,Web,0.3993,2019-08-11,1.0,1900.0,1900.0,1.0,1.0,266.0,266.0,0.0,1.0,0.0,0.14,2,🔵 Risque modéré,-0.6535846,3.8958633
CLT00614,25,Nouvelle-Aquitaine,2,2,Téléphone,0.1437,2019-11-05,1.0,2216.0,2216.0,1.0,0.0,0.0,0.0,0.0,0.0,0.0,0.0,2,🔵 Risque modéré,-0.34356818,1.4573622
CLT00615,56,Normandie,2,0,Partenaire banque,0.01,2018-09-09,2.0,2305.0,1152.5,1.0,0.0,0.0,0.0,0.0,0.0,0.0,0.0,2,🔵 Risque modéré,0.7879945,10.356737
CLT00616,47,Nouvelle-Aquitaine,7,2,Téléphone,0.3147,2016-05-11,2.0,4390.0,2195.0,2.0,0.0,0.0,0.0,0.0,0.0,0.0,0.0,2,🔵 Risque modéré,-2.0203865,2.7740757
CLT00617,26,Normandie,4,0,Web,0.0959,2017-02-18,4.0,4838.0,1209.5,3.0,0.0,0.0,0.0,0.0,0.0,0.0,0.0,2,🔵 Risque modéré,-4.667712,5.076814
CLT00618,27,Île-de-France,0,0,Agent,0.1744,2020-12-21,1.0,1202.0,1202.0,1.0,0.0,0.0,0.0,0.0,0.0,0.0,0.0,2,🔵 Risque modéré,2.4276352,11.794143
CLT00619,43,Île-de-France,0,0,Web,0.2745,2017-09-29,2.0,2924.0,1462.0,2.0,0.0,0.0,0.0,0.0,0.0,0.0,0.0,2,🔵 Risque modéré,-6.045667,7.2655015
CLT00620,38,Grand Est,1,0,Courtier,0.1325,2020-07-29,3.0,6471.0,2157.0,2.0,1.0,4113.0,4113.0,0.0,0.3333333333333333,0.0,0.6356050069541029,2,🔵 Risque modéré,-4.5424786,6.655291
CLT00621,43,Grand Est,3,0,Courtier,0.01,2016-03-17,,,,,0.0,0.0,0.0,0.0,,0.0,,1,🟢 Bon risque fidèle,14.697755,6.921025
CLT00622,39,Occitanie,1,0,Web,0.0307,2020-11-02,,,,,0.0,0.0,0.0,0.0,,0.0,,1,🟢 Bon risque fidèle,15.155263,7.25754
CLT00623,43,Île-de-France,3,0,Téléphone,0.1145,2017-11-12,2.0,2933.0,1466.5,2.0,1.0,107.0,107.0,1.0,0.5,1.0,0.036481418342993524,0,🟠 Risque élevé,-4.76168,22.035822
CLT00624,60,Hauts-de-France,4,1,Web,0.01,2018-01-25,1.0,1395.0,1395.0,1.0,0.0,0.0,0.0,0.0,0.0,0.0,0.0,2,🔵 Risque modéré,0.9385097,0.29708356
CLT00625,18,Bretagne,8,1,Téléphone,0.1763,2020-03-04,2.0,5413.0,2706.5,2.0,1.0,13784.0,13784.0,0.0,0.5,0.0,2.546462220580085,3,🔴 Très haut risque,-2.2847493,5.8088017
CLT00626,45,Normandie,0,0,Téléphone,0.01,2018-03-04,1.0,761.0,761.0,1.0,0.0,0.0,0.0,0.0,0.0,0.0,0.0,2,🔵 Risque modéré,1.2980728,10.97922
CLT00627,48,Provence-Alpes-Côte d'Azur,0,0,Partenaire banque,0.0194,2018-10-15,1.0,3212.0,3212.0,1.0,0.0,0.0,0.0,0.0,0.0,0.0,0.0,2,🔵 Risque modéré,3.077605,10.155364
CLT00628,40,Normandie,2,0,Courtier,0.0977,2020-06-22,,,,,0.0,0.0,0.0,0.0,,0.0,,1,🟢 Bon risque fidèle,15.336306,7.548412
CLT00629,41,Grand Est,3,1,Web,0.0935,2016-06-20,1.0,1556.0,1556.0,1.0,1.0,3134.0,3134.0,0.0,1.0,0.0,2.01413881748072,2,🔵 Risque modéré,0.01751718,4.8177733
CLT00630,45,Bretagne,7,2,Web,0.4059,2019-05-20,2.0,3133.0,1566.5,1.0,0.0,0.0,0.0,0.0,0.0,0.0,0.0,2,🔵 Risque modéré,-0.9346975,1.5036584
CLT00631,57,Nouvelle-Aquitaine,2,0,Courtier,0.0174,2017-10-21,,,,,0.0,0.0,0.0,0.0,,0.0,,1,🟢 Bon risque fidèle,13.827776,8.079678
CLT00632,30,Auvergne-Rhône-Alpes,1,2,Web,0.2836,2019-09-17,,,,,0.0,0.0,0.0,0.0,,0.0,,1,🟢 Bon risque fidèle,12.357782,2.6895323
CLT00633,53,Hauts-de-France,13,0,Web,0.01,2019-05-21,1.0,479.0,479.0,1.0,0.0,0.0,0.0,0.0,0.0,0.0,0.0,2,🔵 Risque modéré,1.5754498,9.199469
CLT00634,33,Bretagne,1,1,Web,0.2111,2018-06-30,,,,,0.0,0.0,0.0,0.0,,0.0,,1,🟢 Bon risque fidèle,14.759796,1.2988191
CLT00635,26,Provence-Alpes-Côte d'Azur,1,0,Courtier,0.0211,2020-01-30,3.0,4512.0,1504.0,2.0,2.0,1592.0,796.0,0.0,0.6666666666666666,0.0,0.3528368794326241,2,🔵 Risque modéré,-4.8402343,7.1535435
CLT00636,39,Provence-Alpes-Côte d'Azur,2,1,Agent,0.1182,2018-06-11,,,,,0.0,0.0,0.0,0.0,,0.0,,1,🟢 Bon risque fidèle,14.389638,1.7175918
CLT00637,51,Hauts-de-France,2,0,Agent,0.01,2020-06-10,2.0,5243.0,2621.5,1.0,0.0,0.0,0.0,0.0,0.0,0.0,0.0,2,🔵 Risque modéré,2.309472,10.134813
CLT00638,50,Île-de-France,3,0,Web,0.1368,2019-07-31,1.0,1600.0,1600.0,1.0,0.0,0.0,0.0,0.0,0.0,0.0,0.0,2,🔵 Risque modéré,0.9955159,11.339619
CLT00639,48,Bretagne,6,2,Courtier,0.3856,2020-06-30,2.0,3143.0,1571.5,2.0,4.0,17723.0,4430.75,1.0,2.0,0.25,5.638880050906777,3,🔴 Très haut risque,-2.4184866,4.8233833
CLT00640,47,Nouvelle-Aquitaine,3,1,Partenaire banque,0.0839,2016-10-21,1.0,1057.0,1057.0,1.0,0.0,0.0,0.0,0.0,0.0,0.0,0.0,2,🔵 Risque modéré,1.1271445,0.3851257
CLT00641,44,Centre-Val de Loire,5,2,Agent,0.2382,2018-06-18,1.0,1008.0,1008.0,1.0,2.0,1026.0,513.0,0.0,2.0,0.0,1.0178571428571428,3,🔴 Très haut risque,-0.93057376,4.768585
CLT00642,52,Île-de-France,3,1,Web,0.2011,2017-04-30,2.0,2401.0,1200.5,2.0,2.0,3451.0,1725.5,1.0,1.0,0.5,1.4373177842565599,0,🟠 Risque élevé,-2.9441206,5.042097
CLT00643,67,Provence-Alpes-Côte d'Azur,1,0,Courtier,0.0682,2019-03-09,3.0,5015.0,1671.6666666666667,2.0,1.0,25276.0,25276.0,0.0,0.3333333333333333,0.0,5.0400797607178465,3,🔴 Très haut risque,-2.4247792,6.453121
CLT00644,26,Île-de-France,0,0,Agent,0.0215,2019-10-24,2.0,2679.0,1339.5,2.0,1.0,18390.0,18390.0,0.0,0.5,0.0,6.864501679731243,3,🔴 Très haut risque,-2.5024252,6.3762927
CLT00645,42,Normandie,0,0,Partenaire banque,0.1902,2018-02-02,1.0,540.0,540.0,1.0,0.0,0.0,0.0,0.0,0.0,0.0,0.0,1,🟢 Bon risque fidèle,1.4362655,11.6013975
CLT00646,29,Normandie,6,1,Agent,0.2919,2019-03-23,,,,,0.0,0.0,0.0,0.0,,0.0,,1,🟢 Bon risque fidèle,14.3775015,2.0460978
CLT00647,54,Nouvelle-Aquitaine,1,2,Courtier,0.1801,2018-03-28,1.0,1455.0,1455.0,1.0,2.0,10785.0,5392.5,0.0,2.0,0.0,7.412371134020619,3,🔴 Très haut risque,-1.1569797,5.23577
CLT00648,30,Provence-Alpes-Côte d'Azur,4,0,Agent,0.01,2017-05-28,2.0,3940.0,1970.0,1.0,0.0,0.0,0.0,0.0,0.0,0.0,0.0,2,🔵 Risque modéré,2.013267,10.357155
CLT00649,20,Auvergne-Rhône-Alpes,4,2,Web,0.3618,2017-01-18,1.0,3132.0,3132.0,1.0,0.0,0.0,0.0,0.0,0.0,0.0,0.0,2,🔵 Risque modéré,-0.5743781,1.8945383
CLT00650,28,Normandie,2,0,Courtier,0.2235,2019-02-26,3.0,4481.0,1493.6666666666667,1.0,3.0,7505.0,2501.6666666666665,0.0,1.0,0.0,1.6748493639812543,2,🔵 Risque modéré,0.27487904,8.704671
CLT00651,37,Auvergne-Rhône-Alpes,3,0,Web,0.1192,2017-06-19,4.0,5266.0,1316.5,2.0,2.0,50059.0,25029.5,0.0,0.5,0.0,9.506076718571972,3,🔴 Très haut risque,-2.2659209,6.474136
CLT00652,24,Normandie,9,1,Web,0.2345,2019-06-09,1.0,678.0,678.0,1.0,2.0,21098.0,10549.0,0.0,2.0,0.0,31.117994100294986,3,🔴 Très haut risque,-1.5708066,6.016316
CLT00653,46,Hauts-de-France,1,1,Agent,0.2216,2018-10-04,2.0,4200.0,2100.0,2.0,0.0,0.0,0.0,0.0,0.0,0.0,0.0,2,🔵 Risque modéré,-3.3320353,2.8844981
CLT00654,58,Occitanie,6,2,Web,0.1589,2020-10-14,1.0,2737.0,2737.0,1.0,2.0,785.0,392.5,0.0,2.0,0.0,0.28681037632444284,3,🔴 Très haut risque,-0.76950365,4.912386
CLT00655,40,Auvergne-Rhône-Alpes,0,0,Courtier,0.0496,2020-01-02,1.0,1839.0,1839.0,1.0,0.0,0.0,0.0,0.0,0.0,0.0,0.0,2,🔵 Risque modéré,2.4281013,10.720335
CLT00656,59,Normandie,3,0,Partenaire banque,0.0102,2020-07-19,,,,,0.0,0.0,0.0,0.0,,0.0,,1,🟢 Bon risque fidèle,13.734186,8.111682
CLT00657,25,Provence-Alpes-Côte d'Azur,0,1,Agent,0.2692,2019-12-26,1.0,1752.0,1752.0,1.0,1.0,3993.0,3993.0,0.0,1.0,0.0,2.279109589041096,2,🔵 Risque modéré,-0.07856971,4.091534
CLT00658,47,Auvergne-Rhône-Alpes,3,1,Courtier,0.2791,2017-08-19,1.0,1420.0,1420.0,1.0,0.0,0.0,0.0,0.0,0.0,0.0,0.0,2,🔵 Risque modéré,1.0976648,1.4036953
CLT00659,64,Hauts-de-France,18,1,Téléphone,0.2755,2019-12-30,2.0,2050.0,1025.0,1.0,3.0,18355.0,6118.333333333333,1.0,1.5,0.3333333333333333,8.953658536585365,3,🔴 Très haut risque,-1.7493107,5.413689
CLT00660,30,Nouvelle-Aquitaine,1,2,Agent,0.4432,2018-11-09,2.0,3449.0,1724.5,2.0,4.0,5540.0,1385.0,1.0,2.0,0.25,1.6062626848361845,3,🔴 Très haut risque,-2.3794374,4.696629
CLT00661,47,Occitanie,0,3,Web,0.19,2017-02-17,,,,,0.0,0.0,0.0,0.0,,0.0,,1,🟢 Bon risque fidèle,12.530274,2.4054523
CLT00662,51,Nouvelle-Aquitaine,0,0,Web,0.2597,2018-10-10,3.0,4385.0,1461.6666666666667,3.0,2.0,3644.0,1822.0,0.0,0.6666666666666666,0.0,0.8310148232611174,2,🔵 Risque modéré,-4.536891,5.6218643
CLT00663,58,Île-de-France,1,1,Courtier,0.3071,2019-03-20,2.0,4906.0,2453.0,2.0,3.0,10052.0,3350.6666666666665,0.0,1.5,0.0,2.0489196901752957,3,🔴 Très haut risque,-2.389747,4.215676
CLT00664,69,Provence-Alpes-Côte d'Azur,4,1,Courtier,0.1604,2019-02-05,3.0,3463.0,1154.3333333333333,3.0,0.0,0.0,0.0,0.0,0.0,0.0,0.0,2,🔵 Risque modéré,-3.9302187,3.7945125
CLT00665,47,Nouvelle-Aquitaine,3,0,Agent,0.01,2016-06-27,1.0,1047.0,1047.0,1.0,0.0,0.0,0.0,0.0,0.0,0.0,0.0,2,🔵 Risque modéré,1.3137977,10.48478
CLT00666,36,Auvergne-Rhône-Alpes,4,1,Web,0.342,2020-01-10,1.0,1506.0,1506.0,1.0,2.0,12558.0,6279.0,1.0,2.0,0.5,8.338645418326694,0,🟠 Risque élevé,-2.6372554,5.065025
CLT00667,63,Normandie,7,2,Courtier,0.3154,2020-04-26,2.0,2610.0,1305.0,2.0,1.0,2761.0,2761.0,0.0,0.5,0.0,1.0578544061302682,2,🔵 Risque modéré,-1.810668,3.1759725
CLT00668,18,Bretagne,0,1,Téléphone,0.2263,2016-06-02,1.0,414.0,414.0,1.0,0.0,0.0,0.0,0.0,0.0,0.0,0.0,1,🟢 Bon risque fidèle,1.4573961,1.9978253
CLT00669,44,Nouvelle-Aquitaine,3,0,Partenaire banque,0.1465,2019-08-10,3.0,6144.0,2048.0,2.0,0.0,0.0,0.0,0.0,0.0,0.0,0.0,2,🔵 Risque modéré,-5.650037,6.742386
CLT00670,30,Auvergne-Rhône-Alpes,3,2,Courtier,0.2551,2019-10-26,,,,,0.0,0.0,0.0,0.0,,0.0,,1,🟢 Bon risque fidèle,12.491154,2.7021222
CLT00671,48,Grand Est,8,0,Web,0.01,2020-12-05,3.0,3476.0,1158.6666666666667,3.0,0.0,0.0,0.0,0.0,0.0,0.0,0.0,2,🔵 Risque modéré,-5.1253123,5.194892
CLT00672,29,Grand Est,6,1,Agent,0.2396,2017-01-09,2.0,3424.0,1712.0,2.0,0.0,0.0,0.0,0.0,0.0,0.0,0.0,2,🔵 Risque modéré,-3.2543094,2.7002282
CLT00673,45,Nouvelle-Aquitaine,14,0,Courtier,0.082,2020-11-15,3.0,4517.0,1505.6666666666667,3.0,0.0,0.0,0.0,0.0,0.0,0.0,0.0,2,🔵 Risque modéré,-5.335386,5.2301235
CLT00674,34,Île-de-France,14,3,Téléphone,0.2804,2018-11-29,1.0,1253.0,1253.0,1.0,0.0,0.0,0.0,0.0,0.0,0.0,0.0,2,🔵 Risque modéré,-0.73787034,1.0444824
CLT00675,32,Nouvelle-Aquitaine,0,0,Web,0.0822,2016-11-29,1.0,621.0,621.0,1.0,0.0,0.0,0.0,0.0,0.0,0.0,0.0,2,🔵 Risque modéré,2.0119526,11.550511
CLT00676,18,Provence-Alpes-Côte d'Azur,0,0,Partenaire banque,0.1329,2017-04-08,2.0,3018.0,1509.0,2.0,0.0,0.0,0.0,0.0,0.0,0.0,0.0,2,🔵 Risque modéré,-5.342171,7.535808
CLT00677,18,Provence-Alpes-Côte d'Azur,6,0,Partenaire banque,0.0497,2018-11-30,,,,,0.0,0.0,0.0,0.0,,0.0,,1,🟢 Bon risque fidèle,16.168312,6.29076
CLT00678,27,Hauts-de-France,0,0,Téléphone,0.0239,2017-05-30,2.0,3560.0,1780.0,1.0,0.0,0.0,0.0,0.0,0.0,0.0,0.0,2,🔵 Risque modéré,2.3696232,11.024266
CLT00679,61,Occitanie,0,0,Agent,0.01,2019-02-04,2.0,2258.0,1129.0,1.0,1.0,1185.0,1185.0,0.0,0.5,0.0,0.524800708591674,2,🔵 Risque modéré,0.46671993,9.934904
CLT00680,36,Hauts-de-France,1,1,Web,0.2232,2017-09-14,2.0,1840.0,920.0,1.0,1.0,2366.0,2366.0,0.0,0.5,0.0,1.2858695652173913,2,🔵 Risque modéré,0.21919163,3.4523916
CLT00681,41,Centre-Val de Loire,1,1,Courtier,0.1052,2018-10-28,1.0,1644.0,1644.0,1.0,0.0,0.0,0.0,0.0,0.0,0.0,0.0,2,🔵 Risque modéré,1.2525506,1.0245718
CLT00682,45,Nouvelle-Aquitaine,2,0,Courtier,0.01,2019-04-06,2.0,4249.0,2124.5,2.0,0.0,0.0,0.0,0.0,0.0,0.0,0.0,2,🔵 Risque modéré,-6.383226,6.7140164
CLT00683,22,Nouvelle-Aquitaine,2,0,Web,0.1821,2019-07-04,2.0,2361.0,1180.5,2.0,1.0,357.0,357.0,0.0,0.5,0.0,0.15120711562897077,2,🔵 Risque modéré,-4.845706,7.417737
CLT00684,18,Centre-Val de Loire,6,0,Web,0.0566,2019-03-02,2.0,3381.0,1690.5,2.0,0.0,0.0,0.0,0.0,0.0,0.0,0.0,2,🔵 Risque modéré,-5.3802457,6.9481087
CLT00685,25,Île-de-France,5,1,Téléphone,0.01,2016-03-01,1.0,1209.0,1209.0,1.0,0.0,0.0,0.0,0.0,0.0,0.0,0.0,2,🔵 Risque modéré,0.834842,0.7376474
CLT00686,48,Auvergne-Rhône-Alpes,1,0,Web,0.1269,2019-08-08,1.0,1738.0,1738.0,1.0,0.0,0.0,0.0,0.0,0.0,0.0,0.0,2,🔵 Risque modéré,1.0240256,11.431196
CLT00687,38,Centre-Val de Loire,0,0,Web,0.1845,2017-03-09,2.0,2101.0,1050.5,2.0,0.0,0.0,0.0,0.0,0.0,0.0,0.0,2,🔵 Risque modéré,-5.838008,7.363284
CLT00688,41,Centre-Val de Loire,2,1,Courtier,0.3504,2019-08-03,,,,,0.0,0.0,0.0,0.0,,0.0,,1,🟢 Bon risque fidèle,14.063736,0.76844156
CLT00689,38,Île-de-France,1,0,Courtier,0.1954,2019-07-10,3.0,3988.0,1329.3333333333333,2.0,1.0,5408.0,5408.0,0.0,0.3333333333333333,0.0,1.3560682046138415,2,🔵 Risque modéré,-4.3384485,6.60502
CLT00690,35,Grand Est,0,1,Web,0.2345,2017-09-12,,,,,0.0,0.0,0.0,0.0,,0.0,,1,🟢 Bon risque fidèle,14.589007,1.1155905
CLT00691,68,Normandie,2,1,Web,0.3426,2020-07-13,1.0,2804.0,2804.0,1.0,0.0,0.0,0.0,0.0,0.0,0.0,0.0,2,🔵 Risque modéré,0.24571669,1.669378
CLT00692,18,Bretagne,4,0,Web,0.2024,2016-05-31,2.0,1873.0,936.5,1.0,1.0,291.0,291.0,0.0,0.5,0.0,0.1553657234383342,2,🔵 Risque modéré,0.5694624,8.997562
CLT00693,23,Île-de-France,1,0,Web,0.1351,2018-05-03,1.0,1204.0,1204.0,1.0,2.0,26834.0,13417.0,0.0,2.0,0.0,22.28737541528239,3,🔴 Très haut risque,-1.555468,5.9644284
CLT00694,48,Normandie,1,2,Courtier,0.247,2017-11-29,1.0,1786.0,1786.0,1.0,0.0,0.0,0.0,0.0,0.0,0.0,0.0,2,🔵 Risque modéré,-0.6637699,1.5222988
CLT00695,37,Centre-Val de Loire,6,0,Web,0.01,2020-11-01,2.0,2577.0,1288.5,2.0,1.0,786.0,786.0,0.0,0.5,0.0,0.3050058207217695,2,🔵 Risque modéré,-4.9058456,6.274255
CLT00696,43,Provence-Alpes-Côte d'Azur,7,1,Agent,0.0455,2020-10-30,1.0,2998.0,2998.0,1.0,0.0,0.0,0.0,0.0,0.0,0.0,0.0,2,🔵 Risque modéré,0.25766292,1.1954689
CLT00697,26,Provence-Alpes-Côte d'Azur,0,1,Partenaire banque,0.2681,2016-09-26,5.0,9329.0,1865.8,3.0,2.0,884.0,442.0,0.0,0.4,0.0,0.09475828063029264,2,🔵 Risque modéré,-3.5237403,4.0509768
CLT00698,46,Provence-Alpes-Côte d'Azur,3,1,Courtier,0.2075,2016-08-07,1.0,3049.0,3049.0,1.0,1.0,2073.0,2073.0,0.0,1.0,0.0,0.6798950475565759,2,🔵 Risque modéré,0.06185844,4.5322933
CLT00699,18,Provence-Alpes-Côte d'Azur,0,0,Web,0.0975,2016-09-09,,,,,0.0,0.0,0.0,0.0,,0.0,,1,🟢 Bon risque fidèle,16.667383,7.1738534
CLT00700,28,Hauts-de-France,1,1,Courtier,0.1232,2016-10-17,3.0,5323.0,1774.3333333333333,2.0,3.0,13008.0,4336.0,1.0,1.0,0.3333333333333333,2.443734736051099,0,🟠 Risque élevé,-3.0648022,5.1097116
CLT00701,64,Auvergne-Rhône-Alpes,0,0,Web,0.0794,2018-02-27,1.0,2540.0,2540.0,1.0,1.0,6645.0,6645.0,0.0,1.0,0.0,2.6161417322834644,3,🔴 Très haut risque,0.20631455,5.7644343
CLT00702,69,Centre-Val de Loire,20,1,Courtier,0.01,2020-11-09,1.0,2363.0,2363.0,1.0,0.0,0.0,0.0,0.0,0.0,0.0,0.0,2,🔵 Risque modéré,-0.1360136,0.45778129
CLT00703,36,Nouvelle-Aquitaine,0,0,Téléphone,0.1383,2019-03-31,1.0,2217.0,2217.0,1.0,0.0,0.0,0.0,0.0,0.0,0.0,0.0,2,🔵 Risque modéré,2.8008022,10.718126
CLT00704,43,Provence-Alpes-Côte d'Azur,3,1,Web,0.01,2016-11-24,1.0,1006.0,1006.0,1.0,0.0,0.0,0.0,0.0,0.0,0.0,0.0,2,🔵 Risque modéré,1.2460985,0.4153623
CLT00705,32,Normandie,0,1,Partenaire banque,0.2002,2018-08-16,1.0,2098.0,2098.0,1.0,1.0,6031.0,6031.0,1.0,1.0,1.0,2.8746425166825547,0,🟠 Risque élevé,-4.6595364,22.110888
CLT00706,37,Normandie,0,0,Téléphone,0.1287,2018-10-17,1.0,2275.0,2275.0,1.0,0.0,0.0,0.0,0.0,0.0,0.0,0.0,2,🔵 Risque modéré,2.795591,10.687726
CLT00707,34,Île-de-France,3,0,Web,0.103,2018-03-18,1.0,1182.0,1182.0,1.0,2.0,6805.0,3402.5,0.0,2.0,0.0,5.7571912013536375,3,🔴 Très haut risque,-0.944981,5.6400666
CLT00708,36,Grand Est,6,0,Courtier,0.01,2017-05-10,4.0,4312.0,1078.0,3.0,1.0,15229.0,15229.0,0.0,0.25,0.0,3.5317717996289426,3,🔴 Très haut risque,-3.0715218,6.3168817
CLT00709,34,Occitanie,5,0,Courtier,0.0858,2016-04-11,2.0,3940.0,1970.0,2.0,1.0,829.0,829.0,0.0,0.5,0.0,0.21040609137055838,2,🔵 Risque modéré,-4.853709,6.647003
CLT00710,51,Île-de-France,10,0,Web,0.1849,2019-05-10,,,,,0.0,0.0,0.0,0.0,,0.0,,1,🟢 Bon risque fidèle,14.815647,6.0650086
CLT00711,43,Normandie,5,0,Web,0.1796,2016-01-19,1.0,1252.0,1252.0,1.0,0.0,0.0,0.0,0.0,0.0,0.0,0.0,2,🔵 Risque modéré,1.4829645,11.196636
CLT00712,39,Auvergne-Rhône-Alpes,13,2,Courtier,0.1936,2020-12-14,2.0,3513.0,1756.5,1.0,2.0,5866.0,2933.0,1.0,1.0,0.5,1.6697978935382864,0,🟠 Risque élevé,-3.142403,5.138038
CLT00713,64,Hauts-de-France,1,3,Agent,0.4885,2020-04-15,2.0,3164.0,1582.0,2.0,3.0,10763.0,3587.6666666666665,0.0,1.5,0.0,3.401706700379267,3,🔴 Très haut risque,-1.6406747,3.80503
CLT00714,28,Bretagne,13,0,Courtier,0.01,2018-04-02,3.0,3672.0,1224.0,2.0,2.0,3516.0,1758.0,0.0,0.6666666666666666,0.0,0.9575163398692811,2,🔵 Risque modéré,-5.2859807,5.701151
CLT00715,55,Île-de-France,3,1,Courtier,0.2738,2017-02-04,2.0,3376.0,1688.0,1.0,0.0,0.0,0.0,0.0,0.0,0.0,0.0,2,🔵 Risque modéré,0.8260021,1.4938985
CLT00716,33,Provence-Alpes-Côte d'Azur,2,0,Courtier,0.057,2016-06-01,,,,,0.0,0.0,0.0,0.0,,0.0,,1,🟢 Bon risque fidèle,15.744913,7.0414834
CLT00717,55,Bretagne,10,0,Courtier,0.01,2020-04-16,2.0,3489.0,1744.5,2.0,2.0,13159.0,6579.5,0.0,1.0,0.0,3.771567784465463,3,🔴 Très haut risque,-3.3152509,6.1627336
CLT00718,50,Grand Est,0,0,Web,0.0809,2019-07-02,1.0,1614.0,1614.0,1.0,0.0,0.0,0.0,0.0,0.0,0.0,0.0,2,🔵 Risque modéré,0.5325765,10.994035
CLT00719,46,Centre-Val de Loire,0,1,Web,0.0852,2016-07-19,,,,,0.0,0.0,0.0,0.0,,0.0,,1,🟢 Bon risque fidèle,14.1893015,1.6789261
CLT00720,18,Bretagne,2,1,Courtier,0.237,2017-11-27,1.0,1179.0,1179.0,1.0,0.0,0.0,0.0,0.0,0.0,0.0,0.0,2,🔵 Risque modéré,1.3708508,1.9972496
CLT00721,48,Grand Est,9,2,Partenaire banque,0.3621,2020-03-28,1.0,1408.0,1408.0,1.0,1.0,2970.0,2970.0,0.0,1.0,0.0,2.109375,3,🔴 Très haut risque,-0.7581278,4.235047
CLT00722,28,Nouvelle-Aquitaine,2,3,Web,0.5547,2018-11-10,2.0,3468.0,1734.0,2.0,1.0,1211.0,1211.0,0.0,0.5,0.0,0.3491926182237601,2,🔵 Risque modéré,-1.8146063,3.261798
CLT00723,26,Bretagne,0,0,Courtier,0.1924,2016-04-04,2.0,2478.0,1239.0,2.0,1.0,380.0,380.0,0.0,0.5,0.0,0.15334947538337368,2,🔵 Risque modéré,-4.8920875,7.481475
CLT00724,30,Île-de-France,7,0,Web,0.01,2017-11-15,6.0,7219.0,1203.1666666666667,1.0,2.0,1727.0,863.5,0.0,0.3333333333333333,0.0,0.2392298102230226,2,🔵 Risque modéré,-4.3896666,5.7759085
CLT00725,45,Normandie,1,0,Courtier,0.2613,2016-11-03,2.0,3893.0,1946.5,2.0,2.0,6570.0,3285.0,0.0,1.0,0.0,1.6876444901104546,2,🔵 Risque modéré,-3.840316,6.5148993
CLT00726,52,Centre-Val de Loire,2,0,Téléphone,0.01,2016-10-15,1.0,775.0,775.0,1.0,0.0,0.0,0.0,0.0,0.0,0.0,0.0,2,🔵 Risque modéré,1.0002956,10.774138
CLT00727,43,Provence-Alpes-Côte d'Azur,9,0,Partenaire banque,0.01,2017-10-16,2.0,3828.0,1914.0,1.0,1.0,5670.0,5670.0,0.0,0.5,0.0,1.4811912225705328,2,🔵 Risque modéré,-0.96595114,6.9031057
CLT00728,53,Nouvelle-Aquitaine,10,1,Courtier,0.2251,2019-06-18,,,,,0.0,0.0,0.0,0.0,,0.0,,1,🟢 Bon risque fidèle,13.855846,2.430098
CLT00729,52,Hauts-de-France,2,0,Courtier,0.1089,2018-11-06,2.0,2839.0,1419.5,2.0,2.0,7863.0,3931.5,0.0,1.0,0.0,2.7696371961958435,2,🔵 Risque modéré,-4.0331364,6.4018464
CLT00730,40,Grand Est,3,0,Courtier,0.0793,2019-12-24,2.0,3109.0,1554.5,2.0,1.0,2131.0,2131.0,0.0,0.5,0.0,0.6854293985204246,2,🔵 Risque modéré,-4.62956,6.7505207
CLT00731,63,Centre-Val de Loire,0,1,Web,0.2602,2020-07-30,1.0,606.0,606.0,1.0,1.0,154.0,154.0,0.0,1.0,0.0,0.25412541254125415,2,🔵 Risque modéré,-0.24606255,4.4381437
CLT00732,18,Île-de-France,11,2,Courtier,0.3142,2019-10-13,3.0,2917.0,972.3333333333334,3.0,2.0,5071.0,2535.5,0.0,0.6666666666666666,0.0,1.7384298937264313,2,🔵 Risque modéré,-2.5221796,3.3599925
CLT00733,41,Auvergne-Rhône-Alpes,1,0,Partenaire banque,0.1351,2019-04-12,3.0,2728.0,909.3333333333334,2.0,2.0,885.0,442.5,0.0,0.6666666666666666,0.0,0.32441348973607037,2,🔵 Risque modéré,-4.82708,6.5918913
CLT00734,43,Hauts-de-France,2,0,Agent,0.0498,2020-01-27,5.0,7882.0,1576.4,3.0,1.0,488.0,488.0,0.0,0.2,0.0,0.06191321999492515,2,🔵 Risque modéré,-4.6847405,5.062646
CLT00735,22,Île-de-France,3,0,Courtier,0.1593,2017-06-29,,,,,0.0,0.0,0.0,0.0,,0.0,,1,🟢 Bon risque fidèle,16.56286,7.3963513
CLT00736,48,Centre-Val de Loire,2,0,Courtier,0.1233,2020-01-19,3.0,3408.0,1136.0,1.0,0.0,0.0,0.0,0.0,0.0,0.0,0.0,2,🔵 Risque modéré,1.0844396,10.45126
CLT00737,58,Île-de-France,1,0,Courtier,0.0381,2016-12-17,1.0,2021.0,2021.0,1.0,0.0,0.0,0.0,0.0,0.0,0.0,0.0,2,🔵 Risque modéré,0.40779814,10.838712
CLT00738,41,Grand Est,2,1,Agent,0.0949,2019-06-25,2.0,3002.0,1501.0,1.0,0.0,0.0,0.0,0.0,0.0,0.0,0.0,2,🔵 Risque modéré,1.2584732,0.74628294
CLT00739,58,Bretagne,6,0,Web,0.01,2019-10-28,1.0,1645.0,1645.0,1.0,1.0,3479.0,3479.0,0.0,1.0,0.0,2.1148936170212767,2,🔵 Risque modéré,0.24571717,6.3455667
CLT00740,18,Occitanie,10,0,Web,0.0171,2019-12-07,5.0,7404.0,1480.8,3.0,5.0,39497.0,7899.4,1.0,1.0,0.2,5.334548892490545,3,🔴 Très haut risque,-4.1066604,5.372164
CLT00741,44,Auvergne-Rhône-Alpes,3,0,Web,0.1149,2018-06-24,2.0,2651.0,1325.5,2.0,1.0,6817.0,6817.0,0.0,0.5,0.0,2.5714824594492645,2,🔵 Risque modéré,-4.053484,6.6827955
CLT00742,18,Provence-Alpes-Côte d'Azur,0,2,Courtier,0.2902,2018-04-27,1.0,1113.0,1113.0,1.0,2.0,19458.0,9729.0,0.0,2.0,0.0,17.48247978436658,3,🔴 Très haut risque,-1.548446,5.686037
CLT00743,37,Occitanie,2,0,Courtier,0.097,2020-05-08,3.0,5230.0,1743.3333333333333,3.0,1.0,229.0,229.0,0.0,0.3333333333333333,0.0,0.04378585086042065,2,🔵 Risque modéré,-4.6630173,5.0873194
CLT00744,50,Centre-Val de Loire,4,0,Partenaire banque,0.0757,2020-11-24,1.0,893.0,893.0,1.0,2.0,1385.0,692.5,0.0,2.0,0.0,1.5509518477043673,3,🔴 Très haut risque,-0.69071716,5.6680846
CLT00745,52,Île-de-France,2,2,Agent,0.075,2018-11-30,1.0,1563.0,1563.0,1.0,0.0,0.0,0.0,0.0,0.0,0.0,0.0,2,🔵 Risque modéré,-0.49284706,1.3557917
CLT00746,22,Occitanie,0,0,Courtier,0.0531,2019-09-20,2.0,4518.0,2259.0,2.0,1.0,7323.0,7323.0,0.0,0.5,0.0,1.6208499335989375,2,🔵 Risque modéré,-4.2059374,6.980749
CLT00747,66,Normandie,4,0,Courtier,0.01,2017-10-06,1.0,1659.0,1659.0,1.0,0.0,0.0,0.0,0.0,0.0,0.0,0.0,2,🔵 Risque modéré,0.47296852,10.394115
CLT00748,25,Nouvelle-Aquitaine,0,1,Courtier,0.1604,2018-12-29,,,,,0.0,0.0,0.0,0.0,,0.0,,1,🟢 Bon risque fidèle,15.042797,1.4893358
CLT00749,25,Provence-Alpes-Côte d'Azur,8,1,Courtier,0.0908,2019-10-18,2.0,2161.0,1080.5,1.0,1.0,1847.0,1847.0,0.0,0.5,0.0,0.8546968995835261,2,🔵 Risque modéré,0.019437386,2.9730442
CLT00750,66,Hauts-de-France,12,0,Agent,0.01,2017-01-30,,,,,0.0,0.0,0.0,0.0,,0.0,,1,🟢 Bon risque fidèle,14.257561,5.4138
CLT00751,45,Occitanie,3,0,Web,0.1393,2017-09-05,3.0,5810.0,1936.6666666666667,2.0,0.0,0.0,0.0,0.0,0.0,0.0,0.0,2,🔵 Risque modéré,-5.63467,6.6462655
CLT00752,44,Occitanie,4,0,Partenaire banque,0.2232,2017-09-03,,,,,0.0,0.0,0.0,0.0,,0.0,,1,🟢 Bon risque fidèle,15.357106,8.020918
CLT00753,52,Hauts-de-France,0,1,Agent,0.2553,2019-11-16,,,,,0.0,0.0,0.0,0.0,,0.0,,1,🟢 Bon risque fidèle,13.63694,0.9710682
CLT00754,38,Normandie,1,1,Web,0.3065,2017-12-17,3.0,5101.0,1700.3333333333333,2.0,2.0,26853.0,13426.5,1.0,0.6666666666666666,0.5,5.264261909429524,0,🟠 Risque élevé,-2.9008944,5.078182
CLT00755,41,Grand Est,2,0,Partenaire banque,0.2019,2020-06-18,2.0,4745.0,2372.5,2.0,0.0,0.0,0.0,0.0,0.0,0.0,0.0,2,🔵 Risque modéré,-6.110137,6.999866
CLT00756,18,Hauts-de-France,0,0,Web,0.232,2019-03-22,1.0,2817.0,2817.0,1.0,0.0,0.0,0.0,0.0,0.0,0.0,0.0,2,🔵 Risque modéré,3.2327642,10.931237
CLT00757,40,Grand Est,5,0,Courtier,0.092,2018-03-21,4.0,4428.0,1107.0,3.0,0.0,0.0,0.0,0.0,0.0,0.0,0.0,2,🔵 Risque modéré,-4.754654,5.0348206
CLT00758,56,Provence-Alpes-Côte d'Azur,11,0,Partenaire banque,0.0584,2020-07-07,1.0,904.0,904.0,1.0,0.0,0.0,0.0,0.0,0.0,0.0,0.0,2,🔵 Risque modéré,1.5273777,9.335856
CLT00759,32,Nouvelle-Aquitaine,18,0,Web,0.0856,2017-08-14,3.0,4568.0,1522.6666666666667,2.0,0.0,0.0,0.0,0.0,0.0,0.0,0.0,2,🔵 Risque modéré,-5.4216433,5.3370085
CLT00760,65,Auvergne-Rhône-Alpes,4,0,Web,0.1671,2018-06-26,4.0,7438.0,1859.5,2.0,2.0,584.0,292.0,0.0,0.5,0.0,0.07851573003495563,2,🔵 Risque modéré,-4.979453,5.9451666
CLT00761,23,Hauts-de-France,1,0,Agent,0.1632,2017-03-16,,,,,0.0,0.0,0.0,0.0,,0.0,,1,🟢 Bon risque fidèle,16.648762,7.5063224
CLT00762,25,Occitanie,0,0,Téléphone,0.0717,2017-07-11,1.0,1482.0,1482.0,1.0,1.0,1233.0,1233.0,0.0,1.0,0.0,0.8319838056680162,2,🔵 Risque modéré,0.79057145,6.034026
CLT00763,47,Grand Est,0,0,Agent,0.1251,2016-10-10,1.0,1753.0,1753.0,1.0,0.0,0.0,0.0,0.0,0.0,0.0,0.0,2,🔵 Risque modéré,1.108383,11.500278
CLT00764,56,Auvergne-Rhône-Alpes,0,0,Agent,0.2655,2019-04-18,2.0,1909.0,954.5,1.0,2.0,434.0,217.0,2.0,1.0,1.0,0.22734415924567836,0,🟠 Risque élevé,-4.6551948,22.128723
CLT00765,48,Occitanie,10,0,Web,0.01,2019-10-05,1.0,985.0,985.0,1.0,0.0,0.0,0.0,0.0,0.0,0.0,0.0,2,🔵 Risque modéré,1.5903165,9.37573
CLT00766,18,Grand Est,0,1,Web,0.3878,2017-04-23,,,,,0.0,0.0,0.0,0.0,,0.0,,1,🟢 Bon risque fidèle,15.090857,1.1143557
CLT00767,32,Île-de-France,0,1,Web,0.3005,2017-11-09,1.0,2560.0,2560.0,1.0,3.0,27110.0,9036.666666666666,0.0,3.0,0.0,10.58984375,3,🔴 Très haut risque,-1.3310411,5.377844
CLT00768,42,Normandie,1,1,Web,0.2343,2020-04-29,,,,,0.0,0.0,0.0,0.0,,0.0,,1,🟢 Bon risque fidèle,14.330954,1.1262742
CLT00769,38,Nouvelle-Aquitaine,3,0,Web,0.148,2019-02-03,,,,,0.0,0.0,0.0,0.0,,0.0,,1,🟢 Bon risque fidèle,15.60928,7.92674
CLT00770,58,Nouvelle-Aquitaine,6,0,Courtier,0.0131,2020-12-10,3.0,4546.0,1515.3333333333333,2.0,0.0,0.0,0.0,0.0,0.0,0.0,0.0,2,🔵 Risque modéré,-5.901231,5.8209558
CLT00771,50,Normandie,10,0,Courtier,0.01,2017-02-14,2.0,3709.0,1854.5,1.0,1.0,6444.0,6444.0,0.0,0.5,0.0,1.7373955244001078,2,🔵 Risque modéré,-0.98577785,6.8592863
CLT00772,18,Hauts-de-France,8,0,Web,0.015,2019-08-17,1.0,830.0,830.0,1.0,0.0,0.0,0.0,0.0,0.0,0.0,0.0,2,🔵 Risque modéré,2.1473713,9.875251
CLT00773,51,Île-de-France,0,0,Téléphone,0.0225,2016-07-04,1.0,3735.0,3735.0,1.0,0.0,0.0,0.0,0.0,0.0,0.0,0.0,2,🔵 Risque modéré,3.1102293,10.145737
CLT00774,18,Centre-Val de Loire,2,0,Web,0.0685,2020-02-23,2.0,1467.0,733.5,2.0,1.0,228.0,228.0,1.0,0.5,1.0,0.1554192229038855,0,🟠 Risque élevé,-4.752614,22.03291
CLT00775,45,Île-de-France,6,1,Téléphone,0.0214,2016-12-26,3.0,3371.0,1123.6666666666667,2.0,3.0,31042.0,10347.333333333334,0.0,1.0,0.0,9.208543458914269,3,🔴 Très haut risque,-2.8672886,6.234144
CLT00776,35,Bretagne,1,0,Téléphone,0.0205,2016-12-28,1.0,790.0,790.0,1.0,0.0,0.0,0.0,0.0,0.0,0.0,0.0,2,🔵 Risque modéré,1.9359107,11.242524
CLT00777,36,Île-de-France,0,0,Partenaire banque,0.1158,2018-03-26,2.0,2067.0,1033.5,1.0,0.0,0.0,0.0,0.0,0.0,0.0,0.0,2,🔵 Risque modéré,1.7349316,11.278038
CLT00778,28,Normandie,4,0,Web,0.1208,2020-03-15,,,,,0.0,0.0,0.0,0.0,,0.0,,1,🟢 Bon risque fidèle,16.288515,7.0754085
CLT00779,27,Hauts-de-France,2,0,Téléphone,0.01,2016-01-21,,,,,0.0,0.0,0.0,0.0,,0.0,,1,🟢 Bon risque fidèle,15.965866,6.756704
CLT00780,55,Hauts-de-France,4,1,Courtier,0.2116,2016-08-09,,,,,0.0,0.0,0.0,0.0,,0.0,,1,🟢 Bon risque fidèle,13.52871,1.5985738
CLT00781,48,Provence-Alpes-Côte d'Azur,1,1,Web,0.1204,2019-08-08,1.0,1828.0,1828.0,1.0,0.0,0.0,0.0,0.0,0.0,0.0,0.0,2,🔵 Risque modéré,0.8634312,0.99043375
CLT00782,54,Grand Est,8,0,Courtier,0.203,2020-12-28,,,,,0.0,0.0,0.0,0.0,,0.0,,1,🟢 Bon risque fidèle,14.860781,6.2688026
CLT00783,73,Nouvelle-Aquitaine,2,0,Téléphone,0.0182,2018-08-18,3.0,5075.0,1691.6666666666667,1.0,1.0,3560.0,3560.0,0.0,0.3333333333333333,0.0,0.7014778325123153,2,🔵 Risque modéré,0.3986507,9.902026
CLT00784,51,Hauts-de-France,7,0,Web,0.01,2016-08-20,,,,,0.0,0.0,0.0,0.0,,0.0,,1,🟢 Bon risque fidèle,14.379254,5.892776
CLT00785,44,Provence-Alpes-Côte d'Azur,6,1,Web,0.1825,2018-07-30,1.0,1308.0,1308.0,1.0,0.0,0.0,0.0,0.0,0.0,0.0,0.0,2,🔵 Risque modéré,0.48038864,0.56962234
CLT00786,51,Hauts-de-France,1,1,Agent,0.1176,2016-01-31,1.0,2528.0,2528.0,1.0,0.0,0.0,0.0,0.0,0.0,0.0,0.0,2,🔵 Risque modéré,0.69702226,1.2375113
CLT00787,54,Provence-Alpes-Côte d'Azur,1,1,Agent,0.2351,2019-03-10,3.0,4592.0,1530.6666666666667,2.0,4.0,7384.0,1846.0,1.0,1.3333333333333333,0.25,1.60801393728223,3,🔴 Très haut risque,-2.961214,4.9300895
CLT00788,64,Occitanie,3,0,Web,0.1617,2020-10-21,3.0,5969.0,1989.6666666666667,1.0,2.0,11272.0,5636.0,0.0,0.6666666666666666,0.0,1.8884235215278942,2,🔵 Risque modéré,-0.26272056,6.418546
CLT00789,54,Bretagne,1,1,Téléphone,0.1134,2018-11-23,2.0,2376.0,1188.0,2.0,2.0,18003.0,9001.5,0.0,1.0,0.0,7.577020202020202,3,🔴 Très haut risque,-1.9452771,5.2750134
CLT00790,61,Provence-Alpes-Côte d'Azur,0,0,Web,0.1695,2019-10-04,,,,,0.0,0.0,0.0,0.0,,0.0,,1,🟢 Bon risque fidèle,14.5827675,8.867824
CLT00791,45,Auvergne-Rhône-Alpes,7,0,Web,0.01,2016-10-16,1.0,1213.0,1213.0,1.0,0.0,0.0,0.0,0.0,0.0,0.0,0.0,2,🔵 Risque modéré,1.6808401,9.869595
CLT00792,30,Normandie,2,1,Web,0.305,2017-05-25,1.0,730.0,730.0,1.0,2.0,266.0,133.0,1.0,2.0,0.5,0.3643835616438356,0,🟠 Risque élevé,-2.7179515,5.0452857
CLT00793,37,Île-de-France,0,0,Web,0.0977,2017-04-29,2.0,2667.0,1333.5,2.0,2.0,10872.0,5436.0,0.0,1.0,0.0,4.0764904386951635,3,🔴 Très haut risque,-3.7755437,6.681378
CLT00794,43,Normandie,2,0,Agent,0.0527,2017-11-08,3.0,4829.0,1609.6666666666667,3.0,1.0,805.0,805.0,0.0,0.3333333333333333,0.0,0.16670118036860634,2,🔵 Risque modéré,-4.7651453,5.0792556
CLT00795,34,Hauts-de-France,4,1,Courtier,0.073,2019-03-21,,,,,0.0,0.0,0.0,0.0,,0.0,,1,🟢 Bon risque fidèle,14.423561,2.1808581
CLT00796,44,Île-de-France,3,0,Web,0.1638,2018-01-08,4.0,5935.0,1483.75,3.0,2.0,17161.0,8580.5,0.0,0.5,0.0,2.891491154170177,3,🔴 Très haut risque,-3.9481816,5.764528
CLT00797,18,Occitanie,9,0,Web,0.1719,2016-09-01,2.0,2467.0,1233.5,2.0,1.0,1523.0,1523.0,0.0,0.5,0.0,0.6173490068909607,2,🔵 Risque modéré,-4.8847165,6.8983564
CLT00798,48,Normandie,1,0,Web,0.0167,2018-04-12,1.0,837.0,837.0,1.0,0.0,0.0,0.0,0.0,0.0,0.0,0.0,2,🔵 Risque modéré,1.1025592,10.871988
CLT00799,50,Grand Est,6,1,Partenaire banque,0.1698,2020-12-25,1.0,729.0,729.0,1.0,1.0,1318.0,1318.0,0.0,1.0,0.0,1.8079561042524006,2,🔵 Risque modéré,-0.16077095,4.6319976
CLT00800,40,Hauts-de-France,0,0,Agent,0.1253,2019-08-03,1.0,2539.0,2539.0,1.0,0.0,0.0,0.0,0.0,0.0,0.0,0.0,2,🔵 Risque modéré,2.9274147,10.537987
CLT00801,51,Hauts-de-France,4,1,Courtier,0.0462,2017-03-30,3.0,3709.0,1236.3333333333333,2.0,1.0,31237.0,31237.0,0.0,0.3333333333333333,0.0,8.421946616338635,3,🔴 Très haut risque,-2.1263933,6.5346045
CLT00802,29,Occitanie,4,1,Partenaire banque,0.2773,2018-09-08,1.0,1320.0,1320.0,1.0,0.0,0.0,0.0,0.0,0.0,0.0,0.0,2,🔵 Risque modéré,1.2600693,1.8293828
CLT00803,31,Nouvelle-Aquitaine,2,2,Courtier,0.3087,2019-05-27,1.0,1482.0,1482.0,1.0,1.0,1128.0,1128.0,1.0,1.0,1.0,0.7611336032388664,0,🟠 Risque élevé,-4.6622977,22.103191
CLT00804,23,Provence-Alpes-Côte d'Azur,0,0,Courtier,0.0402,2019-01-31,,,,,0.0,0.0,0.0,0.0,,0.0,,1,🟢 Bon risque fidèle,16.537289,6.826479
CLT00805,50,Normandie,0,1,Agent,0.4766,2020-07-02,1.0,1156.0,1156.0,1.0,2.0,25188.0,12594.0,1.0,2.0,0.5,21.78892733564014,3,🔴 Très haut risque,-1.5482247,5.820984
CLT00806,20,Occitanie,1,0,Agent,0.2803,2019-10-27,4.0,7518.0,1879.5,3.0,2.0,11528.0,5764.0,0.0,0.5,0.0,1.5333865389731312,2,🔵 Risque modéré,-4.04677,5.2974596
CLT00807,33,Centre-Val de Loire,0,1,Téléphone,0.1712,2016-06-18,1.0,1565.0,1565.0,1.0,1.0,420.0,420.0,0.0,1.0,0.0,0.268370607028754,2,🔵 Risque modéré,0.10264607,4.2734914
CLT00808,56,Grand Est,20,1,Courtier,0.1091,2019-12-14,1.0,1108.0,1108.0,1.0,1.0,132.0,132.0,0.0,1.0,0.0,0.11913357400722022,2,🔵 Risque modéré,-0.7061422,6.858499
CLT00809,25,Provence-Alpes-Côte d'Azur,2,1,Web,0.0725,2019-03-03,4.0,5572.0,1393.0,2.0,1.0,476.0,476.0,0.0,0.25,0.0,0.08542713567839195,2,🔵 Risque modéré,-3.7022767,2.9684188
CLT00810,30,Auvergne-Rhône-Alpes,4,0,Web,0.0201,2019-01-28,1.0,1562.0,1562.0,1.0,0.0,0.0,0.0,0.0,0.0,0.0,0.0,2,🔵 Risque modéré,2.3535225,10.69025
CLT00811,66,Grand Est,4,2,Web,0.3303,2019-01-06,2.0,5378.0,2689.0,2.0,2.0,12755.0,6377.5,0.0,1.0,0.0,2.3716995165489028,3,🔴 Très haut risque,-1.9564873,3.693855
CLT00812,52,Nouvelle-Aquitaine,0,0,Web,0.2439,2020-10-17,1.0,999.0,999.0,1.0,1.0,2093.0,2093.0,0.0,1.0,0.0,2.095095095095095,2,🔵 Risque modéré,0.6199693,5.76801
CLT00813,35,Grand Est,3,1,Courtier,0.01,2019-10-27,,,,,0.0,0.0,0.0,0.0,,0.0,,1,🟢 Bon risque fidèle,14.493138,2.0494175
CLT00814,41,Occitanie,3,0,Agent,0.01,2018-09-30,1.0,1542.0,1542.0,1.0,1.0,116.0,116.0,0.0,1.0,0.0,0.07522697795071336,2,🔵 Risque modéré,0.5979898,6.210882
CLT00815,44,Auvergne-Rhône-Alpes,3,0,Téléphone,0.01,2018-07-03,,,,,0.0,0.0,0.0,0.0,,0.0,,1,🟢 Bon risque fidèle,14.671649,6.882465
CLT00816,57,Île-de-France,0,0,Courtier,0.1475,2018-11-19,,,,,0.0,0.0,0.0,0.0,,0.0,,1,🟢 Bon risque fidèle,14.722185,8.729567
CLT00817,26,Bretagne,1,2,Courtier,0.3735,2016-04-30,4.0,6116.0,1529.0,2.0,3.0,10726.0,3575.3333333333335,1.0,0.75,0.3333333333333333,1.7537606278613473,0,🟠 Risque élevé,-2.8434093,4.7292824
CLT00818,64,Grand Est,1,1,Courtier,0.2474,2020-07-12,3.0,3090.0,1030.0,2.0,2.0,655.0,327.5,0.0,0.6666666666666666,0.0,0.21197411003236247,2,🔵 Risque modéré,-3.1825366,3.640894
CLT00819,50,Hauts-de-France,3,0,Agent,0.01,2018-03-23,2.0,2689.0,1344.5,2.0,0.0,0.0,0.0,0.0,0.0,0.0,0.0,2,🔵 Risque modéré,-6.3346047,6.489127
CLT00820,36,Hauts-de-France,5,1,Téléphone,0.1344,2020-03-09,2.0,2587.0,1293.5,2.0,0.0,0.0,0.0,0.0,0.0,0.0,0.0,2,🔵 Risque modéré,-3.740858,2.809905
CLT00821,28,Occitanie,5,0,Courtier,0.2128,2016-04-04,,,,,0.0,0.0,0.0,0.0,,0.0,,1,🟢 Bon risque fidèle,16.34547,7.4588656
CLT00822,51,Bretagne,1,0,Web,0.0763,2016-05-12,2.0,3979.0,1989.5,2.0,0.0,0.0,0.0,0.0,0.0,0.0,0.0,2,🔵 Risque modéré,-6.3689947,6.671855
CLT00823,47,Grand Est,1,0,Partenaire banque,0.0977,2016-05-23,2.0,1714.0,857.0,1.0,0.0,0.0,0.0,0.0,0.0,0.0,0.0,2,🔵 Risque modéré,1.3049165,11.037964
CLT00824,43,Normandie,0,2,Web,0.0871,2018-04-19,4.0,5332.0,1333.0,2.0,1.0,4841.0,4841.0,0.0,0.25,0.0,0.9079144786196549,2,🔵 Risque modéré,-2.9630373,3.5871623
CLT00825,25,Nouvelle-Aquitaine,0,1,Agent,0.0313,2020-04-19,1.0,1826.0,1826.0,1.0,0.0,0.0,0.0,0.0,0.0,0.0,0.0,2,🔵 Risque modéré,1.2688323,1.2830592
CLT00826,64,Bretagne,2,1,Courtier,0.0682,2021-01-01,,,,,0.0,0.0,0.0,0.0,,0.0,,1,🟢 Bon risque fidèle,13.364742,1.7607304
CLT00827,47,Bretagne,0,0,Courtier,0.1131,2018-02-14,2.0,3506.0,1753.0,2.0,0.0,0.0,0.0,0.0,0.0,0.0,0.0,2,🔵 Risque modéré,-6.2015634,6.810161
CLT00828,62,Bretagne,2,0,Web,0.2607,2019-09-19,1.0,964.0,964.0,1.0,1.0,10291.0,10291.0,0.0,1.0,0.0,10.675311203319502,3,🔴 Très haut risque,-1.2909849,5.745279
CLT00829,38,Grand Est,0,1,Web,0.1035,2020-10-29,1.0,3180.0,3180.0,1.0,0.0,0.0,0.0,0.0,0.0,0.0,0.0,2,🔵 Risque modéré,0.54367566,1.5120088
CLT00830,43,Provence-Alpes-Côte d'Azur,3,1,Web,0.1019,2019-01-07,,,,,0.0,0.0,0.0,0.0,,0.0,,1,🟢 Bon risque fidèle,14.186226,1.8916032
CLT00831,57,Bretagne,3,0,Courtier,0.0136,2020-02-01,1.0,1059.0,1059.0,1.0,0.0,0.0,0.0,0.0,0.0,0.0,0.0,2,🔵 Risque modéré,0.6822644,10.52695
CLT00832,54,Occitanie,2,0,Téléphone,0.0939,2020-03-30,1.0,2327.0,2327.0,1.0,1.0,117.0,117.0,0.0,1.0,0.0,0.05027932960893855,2,🔵 Risque modéré,0.3159401,5.8010716
CLT00833,40,Île-de-France,2,1,Partenaire banque,0.1724,2018-08-08,3.0,6177.0,2059.0,3.0,3.0,10257.0,3419.0,0.0,1.0,0.0,1.6605148130160272,2,🔵 Risque modéré,-3.6353855,4.0043936
CLT00834,58,Grand Est,0,0,Courtier,0.1317,2018-02-17,1.0,1871.0,1871.0,1.0,2.0,4128.0,2064.0,0.0,2.0,0.0,2.206306787814003,3,🔴 Très haut risque,-0.6832907,5.5763535
CLT00835,57,Occitanie,6,0,Web,0.0834,2017-12-11,,,,,0.0,0.0,0.0,0.0,,0.0,,1,🟢 Bon risque fidèle,14.274585,7.878726
CLT00836,49,Nouvelle-Aquitaine,0,0,Web,0.0186,2020-11-29,2.0,4081.0,2040.5,2.0,1.0,3875.0,3875.0,0.0,0.5,0.0,0.9495221759372703,2,🔵 Risque modéré,-4.5591927,6.7631874
CLT00837,78,Auvergne-Rhône-Alpes,10,1,Web,0.1532,2019-09-16,1.0,1025.0,1025.0,1.0,0.0,0.0,0.0,0.0,0.0,0.0,0.0,2,🔵 Risque modéré,0.22129294,0.28663835
CLT00838,32,Bretagne,2,1,Agent,0.1397,2020-12-16,1.0,958.0,958.0,1.0,2.0,10200.0,5100.0,0.0,2.0,0.0,10.647181628392484,3,🔴 Très haut risque,-1.2672399,5.512736
CLT00839,43,Île-de-France,9,0,Web,0.01,2016-05-19,1.0,2561.0,2561.0,1.0,0.0,0.0,0.0,0.0,0.0,0.0,0.0,2,🔵 Risque modéré,2.4807136,9.574043
CLT00840,37,Auvergne-Rhône-Alpes,0,2,Courtier,0.1551,2018-07-05,1.0,3248.0,3248.0,1.0,1.0,3285.0,3285.0,0.0,1.0,0.0,1.0113916256157636,2,🔵 Risque modéré,-0.103835106,4.0074644
CLT00841,57,Centre-Val de Loire,3,1,Agent,0.1141,2020-11-23,3.0,2476.0,825.3333333333334,3.0,0.0,0.0,0.0,0.0,0.0,0.0,0.0,2,🔵 Risque modéré,-3.9133265,3.774397
CLT00842,48,Île-de-France,2,1,Web,0.3146,2016-04-02,1.0,1026.0,1026.0,1.0,0.0,0.0,0.0,0.0,0.0,0.0,0.0,2,🔵 Risque modéré,1.1296977,1.5154227
CLT00843,23,Bretagne,3,1,Courtier,0.2365,2019-01-12,1.0,847.0,847.0,1.0,1.0,15655.0,15655.0,0.0,1.0,0.0,18.48288075560803,3,🔴 Très haut risque,-1.6987978,6.072578
CLT00844,44,Occitanie,5,0,Agent,0.01,2020-05-10,3.0,6036.0,2012.0,3.0,2.0,5244.0,2622.0,0.0,0.6666666666666666,0.0,0.8687872763419483,2,🔵 Risque modéré,-4.6485987,5.316276
CLT00845,51,Île-de-France,0,0,Web,0.01,2017-08-17,1.0,1894.0,1894.0,1.0,0.0,0.0,0.0,0.0,0.0,0.0,0.0,2,🔵 Risque modéré,0.5519875,10.794053
CLT00846,36,Occitanie,0,0,Téléphone,0.0586,2020-02-09,,,,,0.0,0.0,0.0,0.0,,0.0,,1,🟢 Bon risque fidèle,15.690304,7.334246
CLT00847,40,Centre-Val de Loire,2,0,Web,0.0239,2019-05-11,2.0,3857.0,1928.5,2.0,0.0,0.0,0.0,0.0,0.0,0.0,0.0,2,🔵 Risque modéré,-6.3176064,6.85436
CLT00848,57,Provence-Alpes-Côte d'Azur,0,0,Web,0.0624,2020-12-01,2.0,1881.0,940.5,2.0,1.0,3025.0,3025.0,0.0,0.5,0.0,1.608187134502924,2,🔵 Risque modéré,-4.8295217,6.2596626
CLT00849,65,Nouvelle-Aquitaine,8,1,Partenaire banque,0.3097,2018-12-05,2.0,4753.0,2376.5,2.0,1.0,9165.0,9165.0,0.0,0.5,0.0,1.9282558384178414,3,🔴 Très haut risque,-2.6310089,4.136666
CLT00850,71,Occitanie,0,2,Courtier,0.3596,2017-07-19,1.0,2437.0,2437.0,1.0,0.0,0.0,0.0,0.0,0.0,0.0,0.0,2,🔵 Risque modéré,-0.46160033,1.7362283
CLT00851,19,Île-de-France,1,3,Courtier,0.45,2019-04-28,1.0,1833.0,1833.0,1.0,0.0,0.0,0.0,0.0,0.0,0.0,0.0,2,🔵 Risque modéré,-1.0650201,1.8844888
CLT00852,55,Nouvelle-Aquitaine,0,0,Agent,0.01,2018-05-26,1.0,1670.0,1670.0,1.0,0.0,0.0,0.0,0.0,0.0,0.0,0.0,2,🔵 Risque modéré,0.40996775,10.788327
CLT00853,58,Grand Est,2,0,Courtier,0.2186,2017-12-08,2.0,3835.0,1917.5,1.0,0.0,0.0,0.0,0.0,0.0,0.0,0.0,2,🔵 Risque modéré,0.57558364,11.528123
CLT00854,36,Bretagne,1,0,Agent,0.0836,2017-10-16,1.0,1424.0,1424.0,1.0,0.0,0.0,0.0,0.0,0.0,0.0,0.0,2,🔵 Risque modéré,2.0975633,11.275123
CLT00855,63,Bretagne,1,0,Courtier,0.1565,2017-09-08,3.0,4454.0,1484.6666666666667,2.0,0.0,0.0,0.0,0.0,0.0,0.0,0.0,2,🔵 Risque modéré,-5.627924,6.2149987
CLT00856,37,Bretagne,0,1,Web,0.1787,2019-01-08,2.0,2920.0,1460.0,2.0,0.0,0.0,0.0,0.0,0.0,0.0,0.0,2,🔵 Risque modéré,-3.3566077,2.7049077
CLT00857,22,Normandie,10,0,Web,0.2885,2017-04-08,,,,,0.0,0.0,0.0,0.0,,0.0,,1,🟢 Bon risque fidèle,15.842641,6.381338
CLT00858,29,Hauts-de-France,6,1,Téléphone,0.01,2016-10-24,2.0,1435.0,717.5,2.0,2.0,518.0,259.0,0.0,1.0,0.0,0.36097560975609755,2,🔵 Risque modéré,-3.9639053,3.5091314
CLT00859,42,Normandie,1,0,Téléphone,0.0951,2019-02-27,1.0,1388.0,1388.0,1.0,1.0,5523.0,5523.0,0.0,1.0,0.0,3.979106628242075,3,🔴 Très haut risque,0.07885127,6.0306716
CLT00860,46,Bretagne,0,1,Partenaire banque,0.1939,2019-02-17,1.0,874.0,874.0,1.0,1.0,3151.0,3151.0,0.0,1.0,0.0,3.6052631578947367,3,🔴 Très haut risque,-0.27399513,4.655376
CLT00861,34,Grand Est,3,3,Web,0.5299,2017-05-14,,,,,0.0,0.0,0.0,0.0,,0.0,,1,🟢 Bon risque fidèle,12.10936,2.8905222
CLT00862,30,Hauts-de-France,2,0,Web,0.1224,2019-08-19,4.0,5092.0,1273.0,3.0,1.0,2547.0,2547.0,0.0,0.25,0.0,0.5001963864886095,2,🔵 Risque modéré,-4.5606046,5.1043367
CLT00863,49,Auvergne-Rhône-Alpes,20,0,Partenaire banque,0.01,2020-10-02,1.0,1143.0,1143.0,1.0,0.0,0.0,0.0,0.0,0.0,0.0,0.0,2,🔵 Risque modéré,1.7220273,8.725498
CLT00864,28,Provence-Alpes-Côte d'Azur,0,0,Web,0.2629,2020-01-25,2.0,2773.0,1386.5,1.0,1.0,448.0,448.0,0.0,0.5,0.0,0.16155787955283088,2,🔵 Risque modéré,0.43047106,8.952428
CLT00865,33,Occitanie,4,0,Web,0.01,2018-02-13,,,,,0.0,0.0,0.0,0.0,,0.0,,1,🟢 Bon risque fidèle,15.35826,6.53105
CLT00866,18,Centre-Val de Loire,3,1,Agent,0.1209,2020-11-26,1.0,996.0,996.0,1.0,0.0,0.0,0.0,0.0,0.0,0.0,0.0,2,🔵 Risque modéré,1.4789906,1.3442901
CLT00867,77,Auvergne-Rhône-Alpes,3,0,Web,0.01,2020-04-10,1.0,2162.0,2162.0,1.0,1.0,17482.0,17482.0,0.0,1.0,0.0,8.086031452358927,3,🔴 Très haut risque,-1.6851639,6.357192
CLT00868,58,Centre-Val de Loire,3,0,Agent,0.01,2019-02-20,3.0,3248.0,1082.6666666666667,2.0,0.0,0.0,0.0,0.0,0.0,0.0,0.0,2,🔵 Risque modéré,-5.838903,6.103435
CLT00869,50,Occitanie,6,1,Courtier,0.3179,2020-11-17,1.0,950.0,950.0,1.0,0.0,0.0,0.0,0.0,0.0,0.0,0.0,2,🔵 Risque modéré,0.6528336,0.85676247
CLT00870,26,Provence-Alpes-Côte d'Azur,1,0,Web,0.0864,2016-02-03,2.0,4043.0,2021.5,2.0,1.0,13017.0,13017.0,0.0,0.5,0.0,3.219638882018303,3,🔴 Très haut risque,-2.8473642,6.381632
CLT00871,46,Occitanie,1,0,Partenaire banque,0.3412,2020-02-29,2.0,2671.0,1335.5,2.0,0.0,0.0,0.0,0.0,0.0,0.0,0.0,2,🔵 Risque modéré,-6.0433507,7.2944565
CLT00872,18,Auvergne-Rhône-Alpes,5,0,Agent,0.1028,2020-03-26,2.0,2227.0,1113.5,2.0,2.0,626.0,313.0,0.0,1.0,0.0,0.2810956443646161,2,🔵 Risque modéré,-4.6755004,7.142647
CLT00873,50,Normandie,0,0,Téléphone,0.1123,2019-11-27,3.0,5540.0,1846.6666666666667,2.0,1.0,219.0,219.0,0.0,0.3333333333333333,0.0,0.03953068592057762,2,🔵 Risque modéré,-5.1583567,6.4585285
CLT00874,45,Centre-Val de Loire,3,0,Agent,0.01,2018-03-25,,,,,0.0,0.0,0.0,0.0,,0.0,,1,🟢 Bon risque fidèle,14.603793,6.943977
CLT00875,55,Occitanie,0,0,Courtier,0.1052,2020-05-09,,,,,0.0,0.0,0.0,0.0,,0.0,,1,🟢 Bon risque fidèle,14.59029,8.550955
CLT00876,45,Hauts-de-France,8,1,Courtier,0.2274,2018-12-30,,,,,0.0,0.0,0.0,0.0,,0.0,,1,🟢 Bon risque fidèle,13.96755,2.290468
CLT00877,63,Provence-Alpes-Côte d'Azur,9,1,Web,0.0661,2018-01-08,1.0,1887.0,1887.0,1.0,0.0,0.0,0.0,0.0,0.0,0.0,0.0,2,🔵 Risque modéré,0.18979697,0.3220151
CLT00878,30,Grand Est,1,0,Téléphone,0.0262,2018-08-14,,,,,0.0,0.0,0.0,0.0,,0.0,,1,🟢 Bon risque fidèle,15.888704,6.9231668
CLT00879,71,Auvergne-Rhône-Alpes,2,1,Téléphone,0.3131,2020-01-21,2.0,3261.0,1630.5,2.0,0.0,0.0,0.0,0.0,0.0,0.0,0.0,2,🔵 Risque modéré,-3.4101658,3.3221529
CLT00880,21,Normandie,1,0,Agent,0.1314,2017-10-19,,,,,0.0,0.0,0.0,0.0,,0.0,,1,🟢 Bon risque fidèle,16.668005,7.3194585
CLT00881,60,Occitanie,6,1,Courtier,0.2583,2018-04-29,,,,,0.0,0.0,0.0,0.0,,0.0,,1,🟢 Bon risque fidèle,13.564917,1.6854587
CLT00882,74,Île-de-France,4,3,Courtier,0.2121,2017-03-31,,,,,0.0,0.0,0.0,0.0,,0.0,,1,🟢 Bon risque fidèle,12.62204,2.1801329
CLT00883,51,Nouvelle-Aquitaine,0,0,Web,0.0636,2019-02-09,1.0,1542.0,1542.0,1.0,0.0,0.0,0.0,0.0,0.0,0.0,0.0,2,🔵 Risque modéré,0.4641893,10.922523
CLT00884,38,Centre-Val de Loire,0,0,Courtier,0.1451,2018-05-07,,,,,0.0,0.0,0.0,0.0,,0.0,,1,🟢 Bon risque fidèle,15.821901,8.002715
CLT00885,42,Hauts-de-France,4,0,Web,0.1751,2017-11-08,,,,,0.0,0.0,0.0,0.0,,0.0,,1,🟢 Bon risque fidèle,15.336504,7.877814
CLT00886,53,Occitanie,1,0,Courtier,0.1686,2020-09-04,2.0,2725.0,1362.5,1.0,2.0,6308.0,3154.0,0.0,1.0,0.0,2.314862385321101,2,🔵 Risque modéré,0.3172684,5.944509
CLT00887,49,Occitanie,1,2,Courtier,0.3088,2019-09-04,1.0,1178.0,1178.0,1.0,1.0,160.0,160.0,0.0,1.0,0.0,0.13582342954159593,2,🔵 Risque modéré,-0.68273365,4.075805
CLT00888,40,Provence-Alpes-Côte d'Azur,0,1,Web,0.2417,2020-08-11,1.0,1280.0,1280.0,1.0,0.0,0.0,0.0,0.0,0.0,0.0,0.0,2,🔵 Risque modéré,1.3726914,1.4205244
CLT00889,22,Normandie,2,0,Partenaire banque,0.1391,2019-08-09,2.0,3895.0,1947.5,1.0,0.0,0.0,0.0,0.0,0.0,0.0,0.0,2,🔵 Risque modéré,2.9251592,11.232304
CLT00890,68,Normandie,5,0,Courtier,0.01,2020-02-11,1.0,1873.0,1873.0,1.0,0.0,0.0,0.0,0.0,0.0,0.0,0.0,2,🔵 Risque modéré,0.5327961,10.388345
CLT00891,20,Provence-Alpes-Côte d'Azur,0,2,Web,0.2767,2020-01-17,1.0,750.0,750.0,1.0,0.0,0.0,0.0,0.0,0.0,0.0,0.0,2,🔵 Risque modéré,-1.0073597,1.5356185
CLT00892,47,Grand Est,7,0,Courtier,0.0567,2020-12-28,2.0,1032.0,516.0,2.0,0.0,0.0,0.0,0.0,0.0,0.0,0.0,2,🔵 Risque modéré,-6.2318497,6.3045006
CLT00893,40,Grand Est,1,0,Partenaire banque,0.1358,2016-05-02,,,,,0.0,0.0,0.0,0.0,,0.0,,1,🟢 Bon risque fidèle,15.62081,8.027888
CLT00894,28,Grand Est,1,0,Web,0.0865,2020-10-02,4.0,5944.0,1486.0,3.0,4.0,11677.0,2919.25,0.0,1.0,0.0,1.9645020188425302,2,🔵 Risque modéré,-4.1932955,5.382787
CLT00895,45,Auvergne-Rhône-Alpes,1,3,Partenaire banque,0.4113,2019-10-02,1.0,530.0,530.0,1.0,0.0,0.0,0.0,0.0,0.0,0.0,0.0,1,🟢 Bon risque fidèle,-1.1290283,1.9854615
CLT00896,46,Île-de-France,4,0,Agent,0.0742,2018-04-26,1.0,1028.0,1028.0,1.0,0.0,0.0,0.0,0.0,0.0,0.0,0.0,2,🔵 Risque modéré,1.3588692,10.579309
CLT00897,73,Nouvelle-Aquitaine,2,0,Téléphone,0.0809,2017-04-20,,,,,0.0,0.0,0.0,0.0,,0.0,,1,🟢 Bon risque fidèle,13.97309,8.698041
CLT00898,55,Auvergne-Rhône-Alpes,7,0,Agent,0.01,2016-01-21,1.0,1589.0,1589.0,1.0,0.0,0.0,0.0,0.0,0.0,0.0,0.0,2,🔵 Risque modéré,1.4869107,9.776198
CLT00899,40,Occitanie,4,3,Courtier,0.3941,2018-02-05,,,,,0.0,0.0,0.0,0.0,,0.0,,1,🟢 Bon risque fidèle,12.137323,2.8252578
CLT00900,56,Île-de-France,4,0,Agent,0.1472,2019-09-29,1.0,1632.0,1632.0,1.0,0.0,0.0,0.0,0.0,0.0,0.0,0.0,2,🔵 Risque modéré,0.80771327,11.108877
CLT00901,41,Centre-Val de Loire,0,1,Téléphone,0.2073,2019-09-14,3.0,3166.0,1055.3333333333333,3.0,3.0,19094.0,6364.666666666667,1.0,1.0,0.3333333333333333,6.030953885028427,3,🔴 Très haut risque,-3.026196,5.0866394
CLT00902,37,Normandie,0,1,Web,0.305,2018-12-27,2.0,2063.0,1031.5,2.0,0.0,0.0,0.0,0.0,0.0,0.0,0.0,2,🔵 Risque modéré,-2.9818718,2.652048
CLT00903,50,Grand Est,2,1,Courtier,0.0949,2016-02-06,,,,,0.0,0.0,0.0,0.0,,0.0,,1,🟢 Bon risque fidèle,13.700086,1.6709433
CLT00904,47,Grand Est,4,0,Agent,0.0978,2019-01-04,1.0,1265.0,1265.0,1.0,0.0,0.0,0.0,0.0,0.0,0.0,0.0,2,🔵 Risque modéré,1.2714453,10.646031
CLT00905,48,Hauts-de-France,4,0,Web,0.1537,2020-07-25,3.0,3486.0,1162.0,2.0,1.0,304.0,304.0,0.0,0.3333333333333333,0.0,0.08720596672403902,2,🔵 Risque modéré,-5.3159585,6.402548
CLT00906,47,Bretagne,0,0,Téléphone,0.1608,2017-01-04,,,,,0.0,0.0,0.0,0.0,,0.0,,1,🟢 Bon risque fidèle,15.121619,8.376298
CLT00907,43,Auvergne-Rhône-Alpes,3,0,Téléphone,0.0887,2018-12-11,1.0,894.0,894.0,1.0,0.0,0.0,0.0,0.0,0.0,0.0,0.0,2,🔵 Risque modéré,1.522995,11.148266
CLT00908,55,Nouvelle-Aquitaine,1,0,Web,0.017,2019-06-25,1.0,1191.0,1191.0,1.0,0.0,0.0,0.0,0.0,0.0,0.0,0.0,2,🔵 Risque modéré,0.5009877,10.732056
CLT00909,42,Grand Est,14,0,Web,0.01,2017-12-28,2.0,3637.0,1818.5,1.0,2.0,9471.0,4735.5,1.0,1.0,0.5,2.604069287874622,0,🟠 Risque élevé,-3.1838496,5.182345
CLT00910,22,Hauts-de-France,2,0,Agent,0.01,2016-06-12,4.0,4972.0,1243.0,2.0,1.0,252.0,252.0,0.0,0.25,0.0,0.050683829444891394,2,🔵 Risque modéré,-5.227736,7.1378965
CLT00911,42,Provence-Alpes-Côte d'Azur,2,0,Partenaire banque,0.1848,2018-07-31,4.0,7038.0,1759.5,2.0,6.0,33153.0,5525.5,0.0,1.5,0.0,4.710571184995738,3,🔴 Très haut risque,-3.831825,6.0434656
CLT00912,45,Centre-Val de Loire,3,0,Web,0.0138,2019-11-30,5.0,8100.0,1620.0,2.0,1.0,5060.0,5060.0,0.0,0.2,0.0,0.6246913580246913,2,🔵 Risque modéré,-4.370574,5.825627
CLT00913,61,Occitanie,0,1,Web,0.1618,2020-08-24,1.0,1264.0,1264.0,1.0,0.0,0.0,0.0,0.0,0.0,0.0,0.0,2,🔵 Risque modéré,1.0084572,0.7760951
CLT00914,25,Auvergne-Rhône-Alpes,1,1,Agent,0.01,2020-10-25,,,,,0.0,0.0,0.0,0.0,,0.0,,1,🟢 Bon risque fidèle,14.8285475,1.9384292
CLT00915,54,Île-de-France,20,0,Web,0.01,2018-02-17,1.0,2133.0,2133.0,1.0,1.0,5797.0,5797.0,0.0,1.0,0.0,2.7177684013127053,2,🔵 Risque modéré,-0.7757074,6.8218594
CLT00916,38,Bretagne,0,0,Courtier,0.162,2016-04-26,1.0,2292.0,2292.0,1.0,2.0,7430.0,3715.0,0.0,2.0,0.0,3.2417102966841185,3,🔴 Très haut risque,-0.8520239,5.5032606
CLT00917,22,Île-de-France,0,3,Agent,0.3831,2016-06-20,3.0,3256.0,1085.3333333333333,2.0,2.0,6686.0,3343.0,0.0,0.6666666666666666,0.0,2.0534398034398036,3,🔴 Très haut risque,-1.9407411,3.3181984
CLT00918,46,Normandie,2,0,Téléphone,0.0968,2019-08-15,1.0,1104.0,1104.0,1.0,1.0,224.0,224.0,1.0,1.0,1.0,0.2028985507246377,0,🟠 Risque élevé,-4.6709604,22.123606
CLT00919,18,Provence-Alpes-Côte d'Azur,1,1,Courtier,0.2638,2020-10-25,2.0,4242.0,2121.0,2.0,1.0,3604.0,3604.0,0.0,0.5,0.0,0.8495992456388496,2,🔵 Risque modéré,-2.7810845,3.1858814
CLT00920,40,Auvergne-Rhône-Alpes,6,0,Téléphone,0.01,2016-03-30,1.0,2479.0,2479.0,1.0,0.0,0.0,0.0,0.0,0.0,0.0,0.0,2,🔵 Risque modéré,2.6245246,9.920455
CLT00921,68,Occitanie,2,2,Web,0.2195,2020-11-14,,,,,0.0,0.0,0.0,0.0,,0.0,,1,🟢 Bon risque fidèle,12.674228,2.0667362
CLT00922,39,Centre-Val de Loire,17,0,Courtier,0.1504,2016-04-07,2.0,3154.0,1577.0,2.0,0.0,0.0,0.0,0.0,0.0,0.0,0.0,2,🔵 Risque modéré,-5.468297,5.363372
CLT00923,45,Auvergne-Rhône-Alpes,19,1,Agent,0.01,2017-07-30,1.0,1540.0,1540.0,1.0,1.0,15023.0,15023.0,0.0,1.0,0.0,9.755194805194805,3,🔴 Très haut risque,-1.1862032,6.4872904
CLT00924,28,Grand Est,0,0,Courtier,0.2304,2016-03-10,3.0,5198.0,1732.6666666666667,2.0,1.0,203.0,203.0,1.0,0.3333333333333333,1.0,0.03905348210850327,0,🟠 Risque élevé,-4.7201047,22.062546
CLT00925,51,Nouvelle-Aquitaine,1,1,Partenaire banque,0.1347,2017-10-08,,,,,0.0,0.0,0.0,0.0,,0.0,,1,🟢 Bon risque fidèle,13.734404,1.479502
CLT00926,27,Île-de-France,1,0,Partenaire banque,0.011,2019-04-19,1.0,1773.0,1773.0,1.0,0.0,0.0,0.0,0.0,0.0,0.0,0.0,2,🔵 Risque modéré,2.6639132,11.102303
CLT00927,45,Nouvelle-Aquitaine,1,0,Agent,0.01,2020-01-01,2.0,3602.0,1801.0,2.0,0.0,0.0,0.0,0.0,0.0,0.0,0.0,2,🔵 Risque modéré,-6.3211126,6.846235
CLT00928,54,Bretagne,9,0,Partenaire banque,0.01,2017-09-06,,,,,0.0,0.0,0.0,0.0,,0.0,,1,🟢 Bon risque fidèle,14.328986,5.6160307
CLT00929,31,Nouvelle-Aquitaine,12,0,Courtier,0.01,2019-03-08,1.0,1027.0,1027.0,1.0,1.0,312.0,312.0,0.0,1.0,0.0,0.3037974683544304,2,🔵 Risque modéré,-0.46992543,6.685424
CLT00930,27,Bretagne,1,0,Agent,0.01,2019-01-14,1.0,2857.0,2857.0,1.0,0.0,0.0,0.0,0.0,0.0,0.0,0.0,2,🔵 Risque modéré,3.0955637,10.408192
CLT00931,36,Provence-Alpes-Côte d'Azur,4,0,Courtier,0.0889,2020-02-25,1.0,745.0,745.0,1.0,0.0,0.0,0.0,0.0,0.0,0.0,0.0,2,🔵 Risque modéré,1.8262541,11.144268
CLT00932,48,Nouvelle-Aquitaine,3,0,Agent,0.0232,2019-11-14,1.0,1746.0,1746.0,1.0,0.0,0.0,0.0,0.0,0.0,0.0,0.0,2,🔵 Risque modéré,1.677623,10.430579
CLT00933,39,Auvergne-Rhône-Alpes,7,0,Courtier,0.052,2017-12-11,2.0,4318.0,2159.0,2.0,0.0,0.0,0.0,0.0,0.0,0.0,0.0,2,🔵 Risque modéré,-5.7197537,6.44556
CLT00934,63,Île-de-France,10,3,Web,0.3069,2017-04-22,2.0,3224.0,1612.0,2.0,2.0,4272.0,2136.0,0.0,1.0,0.0,1.3250620347394542,2,🔵 Risque modéré,-1.663929,3.3512447
CLT00935,28,Auvergne-Rhône-Alpes,1,0,Web,0.01,2020-04-25,1.0,1709.0,1709.0,1.0,0.0,0.0,0.0,0.0,0.0,0.0,0.0,2,🔵 Risque modéré,2.6499317,11.09909
CLT00936,24,Centre-Val de Loire,4,0,Partenaire banque,0.0839,2018-03-25,,,,,0.0,0.0,0.0,0.0,,0.0,,1,🟢 Bon risque fidèle,16.24499,6.9008317
CLT00937,42,Provence-Alpes-Côte d'Azur,6,1,Web,0.01,2017-07-15,1.0,1553.0,1553.0,1.0,2.0,900.0,450.0,0.0,2.0,0.0,0.5795235028976176,2,🔵 Risque modéré,-0.75576013,5.6023593
CLT00938,44,Normandie,0,0,Courtier,0.01,2017-12-31,2.0,5074.0,2537.0,2.0,1.0,2233.0,2233.0,0.0,0.5,0.0,0.44008671659440285,2,🔵 Risque modéré,-4.784195,6.911071
CLT00939,34,Grand Est,1,2,Partenaire banque,0.2805,2018-06-05,3.0,3414.0,1138.0,2.0,3.0,5215.0,1738.3333333333333,1.0,1.0,0.3333333333333333,1.527533684827182,0,🟠 Risque élevé,-2.9198992,4.8188944
CLT00940,49,Nouvelle-Aquitaine,0,1,Agent,0.1866,2019-09-17,1.0,2032.0,2032.0,1.0,1.0,258.0,258.0,0.0,1.0,0.0,0.12696850393700787,2,🔵 Risque modéré,0.031643324,4.507557
CLT00941,41,Bretagne,5,0,Web,0.0683,2019-06-22,2.0,3695.0,1847.5,1.0,0.0,0.0,0.0,0.0,0.0,0.0,0.0,2,🔵 Risque modéré,1.5608673,10.114761
CLT00942,25,Hauts-de-France,0,3,Agent,0.4488,2020-01-02,1.0,694.0,694.0,1.0,0.0,0.0,0.0,0.0,0.0,0.0,0.0,1,🟢 Bon risque fidèle,-1.1348689,1.8846769
CLT00943,24,Auvergne-Rhône-Alpes,4,0,Web,0.01,2016-11-13,1.0,1498.0,1498.0,1.0,0.0,0.0,0.0,0.0,0.0,0.0,0.0,2,🔵 Risque modéré,2.3843493,10.789085
CLT00944,46,Bretagne,6,0,Agent,0.01,2019-07-24,1.0,1070.0,1070.0,1.0,0.0,0.0,0.0,0.0,0.0,0.0,0.0,2,🔵 Risque modéré,1.5687245,10.002637
CLT00945,38,Nouvelle-Aquitaine,1,0,Agent,0.0563,2017-10-12,2.0,3351.0,1675.5,2.0,1.0,1608.0,1608.0,0.0,0.5,0.0,0.4798567591763653,2,🔵 Risque modéré,-4.5744734,6.9537425
CLT00946,58,Provence-Alpes-Côte d'Azur,4,0,Web,0.2274,2016-01-13,,,,,0.0,0.0,0.0,0.0,,0.0,,1,🟢 Bon risque fidèle,14.594115,8.666292
CLT00947,35,Hauts-de-France,2,1,Courtier,0.2334,2020-04-10,1.0,1867.0,1867.0,1.0,0.0,0.0,0.0,0.0,0.0,0.0,0.0,2,🔵 Risque modéré,1.0698587,1.6279383
CLT00948,60,Hauts-de-France,0,1,Web,0.0893,2016-06-29,1.0,1011.0,1011.0,1.0,0.0,0.0,0.0,0.0,0.0,0.0,0.0,2,🔵 Risque modéré,1.0223502,0.38106504
CLT00949,43,Nouvelle-Aquitaine,1,0,Courtier,0.0322,2019-02-16,,,,,0.0,0.0,0.0,0.0,,0.0,,1,🟢 Bon risque fidèle,14.933502,7.3275647
CLT00950,34,Grand Est,9,0,Courtier,0.01,2016-08-01,,,,,0.0,0.0,0.0,0.0,,0.0,,1,🟢 Bon risque fidèle,15.0033455,5.720642
CLT00951,27,Île-de-France,1,1,Web,0.1855,2019-02-11,,,,,0.0,0.0,0.0,0.0,,0.0,,1,🟢 Bon risque fidèle,15.029869,1.4555435
CLT00952,46,Auvergne-Rhône-Alpes,8,1,Courtier,0.2854,2020-05-27,,,,,0.0,0.0,0.0,0.0,,0.0,,1,🟢 Bon risque fidèle,13.965649,2.1810482
CLT00953,35,Provence-Alpes-Côte d'Azur,9,0,Téléphone,0.01,2016-01-28,,,,,0.0,0.0,0.0,0.0,,0.0,,1,🟢 Bon risque fidèle,14.964039,5.669862
CLT00954,60,Hauts-de-France,1,2,Courtier,0.2247,2020-05-16,3.0,5377.0,1792.3333333333333,2.0,2.0,3120.0,1560.0,0.0,0.6666666666666666,0.0,0.5802492095964292,2,🔵 Risque modéré,-2.2754493,3.329296
CLT00955,38,Auvergne-Rhône-Alpes,1,2,Agent,0.123,2019-02-21,3.0,5790.0,1930.0,2.0,1.0,5132.0,5132.0,0.0,0.3333333333333333,0.0,0.8863557858376512,2,🔵 Risque modéré,-2.779773,3.5340827
CLT00956,46,Occitanie,2,0,Courtier,0.0698,2016-12-15,1.0,1863.0,1863.0,1.0,1.0,2971.0,2971.0,0.0,1.0,0.0,1.5947396672034353,2,🔵 Risque modéré,0.33128357,6.011128
CLT00957,51,Bretagne,3,2,Web,0.2447,2017-07-06,,,,,0.0,0.0,0.0,0.0,,0.0,,1,🟢 Bon risque fidèle,12.51943,2.322443
CLT00958,58,Hauts-de-France,1,2,Web,0.2681,2016-10-27,1.0,777.0,777.0,1.0,0.0,0.0,0.0,0.0,0.0,0.0,0.0,2,🔵 Risque modéré,-0.65669274,1.6759639
CLT00959,52,Auvergne-Rhône-Alpes,7,0,Web,0.0922,2017-07-21,4.0,5905.0,1476.25,3.0,1.0,6637.0,6637.0,0.0,0.25,0.0,1.1239627434377646,2,🔵 Risque modéré,-4.6212883,5.251496
CLT00960,40,Bretagne,4,0,Web,0.01,2020-05-23,1.0,847.0,847.0,1.0,2.0,21952.0,10976.0,0.0,2.0,0.0,25.917355371900825,3,🔴 Très haut risque,-1.5229241,6.0095468
CLT00961,31,Auvergne-Rhône-Alpes,4,0,Courtier,0.1892,2017-05-22,1.0,2903.0,2903.0,1.0,0.0,0.0,0.0,0.0,0.0,0.0,0.0,2,🔵 Risque modéré,3.223564,10.682244
CLT00962,46,Normandie,0,0,Courtier,0.2621,2017-02-06,1.0,2405.0,2405.0,1.0,0.0,0.0,0.0,0.0,0.0,0.0,0.0,2,🔵 Risque modéré,1.0331595,11.847783
CLT00963,40,Normandie,0,3,Web,0.5665,2017-09-17,5.0,7506.0,1501.2,2.0,9.0,34469.0,3829.8888888888887,1.0,1.8,0.1111111111111111,4.592192912336797,3,🔴 Très haut risque,-1.9350587,3.9434285
CLT00964,55,Île-de-France,2,1,Partenaire banque,0.1741,2017-11-13,,,,,0.0,0.0,0.0,0.0,,0.0,,1,🟢 Bon risque fidèle,13.443892,1.4578235
CLT00965,27,Centre-Val de Loire,0,0,Courtier,0.0853,2020-11-02,1.0,2596.0,2596.0,1.0,0.0,0.0,0.0,0.0,0.0,0.0,0.0,2,🔵 Risque modéré,3.0542204,10.620617
CLT00966,52,Provence-Alpes-Côte d'Azur,7,1,Courtier,0.0113,2018-06-02,6.0,8219.0,1369.8333333333333,3.0,1.0,121.0,121.0,0.0,0.16666666666666666,0.0,0.014721985643022266,2,🔵 Risque modéré,-4.6966734,4.920608
CLT00967,51,Centre-Val de Loire,5,2,Web,0.4028,2017-10-20,,,,,0.0,0.0,0.0,0.0,,0.0,,1,🟢 Bon risque fidèle,12.168172,2.46109
CLT00968,59,Centre-Val de Loire,0,1,Partenaire banque,0.0667,2017-02-17,,,,,0.0,0.0,0.0,0.0,,0.0,,1,🟢 Bon risque fidèle,13.4285,1.70973
CLT00969,56,Normandie,3,0,Web,0.015,2018-03-28,2.0,4018.0,2009.0,2.0,1.0,804.0,804.0,0.0,0.5,0.0,0.20009955201592833,2,🔵 Risque modéré,-5.195811,6.2229047
CLT00970,58,Provence-Alpes-Côte d'Azur,1,1,Web,0.1813,2019-11-26,1.0,2457.0,2457.0,1.0,0.0,0.0,0.0,0.0,0.0,0.0,0.0,2,🔵 Risque modéré,0.6642757,1.2406659
CLT00971,49,Normandie,0,0,Partenaire banque,0.1428,2020-05-22,3.0,3962.0,1320.6666666666667,3.0,0.0,0.0,0.0,0.0,0.0,0.0,0.0,2,🔵 Risque modéré,-4.7274146,5.130107
CLT00972,49,Occitanie,3,1,Web,0.0866,2017-07-30,1.0,1001.0,1001.0,1.0,0.0,0.0,0.0,0.0,0.0,0.0,0.0,2,🔵 Risque modéré,1.0996081,0.41529888
CLT00973,50,Bretagne,7,1,Courtier,0.01,2019-03-02,1.0,1653.0,1653.0,1.0,1.0,2195.0,2195.0,0.0,1.0,0.0,1.3278886872353297,2,🔵 Risque modéré,0.0123090325,5.486171
CLT00974,42,Occitanie,1,0,Courtier,0.1669,2019-01-24,,,,,0.0,0.0,0.0,0.0,,0.0,,1,🟢 Bon risque fidèle,15.573429,8.215451
CLT00975,33,Nouvelle-Aquitaine,1,0,Agent,0.1263,2019-02-02,2.0,3443.0,1721.5,2.0,1.0,299.0,299.0,0.0,0.5,0.0,0.08684286959047342,2,🔵 Risque modéré,-4.5784664,7.0477047
CLT00976,70,Île-de-France,0,0,Partenaire banque,0.2291,2018-08-05,2.0,4954.0,2477.0,1.0,0.0,0.0,0.0,0.0,0.0,0.0,0.0,2,🔵 Risque modéré,0.42904732,11.437483
CLT00977,46,Occitanie,5,2,Courtier,0.2587,2017-08-21,2.0,1674.0,837.0,2.0,0.0,0.0,0.0,0.0,0.0,0.0,0.0,2,🔵 Risque modéré,-2.1483467,2.6612425
CLT00978,49,Auvergne-Rhône-Alpes,3,1,Téléphone,0.065,2020-06-19,1.0,1128.0,1128.0,1.0,0.0,0.0,0.0,0.0,0.0,0.0,0.0,2,🔵 Risque modéré,1.1651751,0.40793598
CLT00979,18,Bretagne,2,0,Agent,0.1716,2016-10-14,1.0,1931.0,1931.0,1.0,0.0,0.0,0.0,0.0,0.0,0.0,0.0,2,🔵 Risque modéré,3.0687628,11.2257395
CLT00980,34,Hauts-de-France,0,0,Web,0.1507,2019-09-12,1.0,1279.0,1279.0,1.0,0.0,0.0,0.0,0.0,0.0,0.0,0.0,2,🔵 Risque modéré,2.0392833,11.673427
CLT00981,31,Nouvelle-Aquitaine,1,1,Agent,0.3832,2020-06-06,1.0,1426.0,1426.0,1.0,3.0,1280.0,426.6666666666667,0.0,3.0,0.0,0.8976157082748948,3,🔴 Très haut risque,-1.0747949,5.055476
CLT00982,18,Bretagne,5,0,Web,0.1088,2019-05-11,3.0,6578.0,2192.6666666666665,2.0,0.0,0.0,0.0,0.0,0.0,0.0,0.0,2,🔵 Risque modéré,-5.429661,7.138143
CLT00983,18,Normandie,10,0,Courtier,0.024,2019-01-01,1.0,1258.0,1258.0,1.0,0.0,0.0,0.0,0.0,0.0,0.0,0.0,2,🔵 Risque modéré,2.0598853,9.393644
CLT00984,65,Grand Est,2,0,Partenaire banque,0.1161,2020-11-18,1.0,2721.0,2721.0,1.0,1.0,5717.0,5717.0,0.0,1.0,0.0,2.1010657846380005,2,🔵 Risque modéré,0.18974529,5.691286
CLT00985,42,Bretagne,3,0,Courtier,0.1173,2020-06-09,4.0,4257.0,1064.25,2.0,0.0,0.0,0.0,0.0,0.0,0.0,0.0,2,🔵 Risque modéré,-5.4025064,6.509113
CLT00986,18,Provence-Alpes-Côte d'Azur,0,0,Agent,0.093,2020-07-23,3.0,4364.0,1454.6666666666667,2.0,1.0,31586.0,31586.0,0.0,0.3333333333333333,0.0,7.2378551787351055,3,🔴 Très haut risque,-2.2062392,6.537898
CLT00987,35,Grand Est,0,0,Courtier,0.1633,2016-06-25,2.0,3759.0,1879.5,2.0,1.0,218.0,218.0,0.0,0.5,0.0,0.05799414737962224,2,🔵 Risque modéré,-4.6085052,7.034504
CLT00988,28,Auvergne-Rhône-Alpes,0,0,Agent,0.1199,2019-09-10,1.0,748.0,748.0,1.0,1.0,756.0,756.0,0.0,1.0,0.0,1.0106951871657754,2,🔵 Risque modéré,0.8371148,6.019357
CLT00989,40,Provence-Alpes-Côte d'Azur,7,0,Web,0.01,2019-06-10,1.0,1936.0,1936.0,1.0,0.0,0.0,0.0,0.0,0.0,0.0,0.0,2,🔵 Risque modéré,2.0562582,9.841172
CLT00990,34,Île-de-France,2,1,Courtier,0.1712,2019-08-16,2.0,3336.0,1668.0,2.0,4.0,34759.0,8689.75,0.0,2.0,0.0,10.419364508393285,3,🔴 Très haut risque,-1.4668367,5.5849857
CLT00991,24,Bretagne,0,0,Partenaire banque,0.01,2017-11-12,1.0,1661.0,1661.0,1.0,1.0,155.0,155.0,0.0,1.0,0.0,0.09331727874774233,2,🔵 Risque modéré,0.80535835,6.1483207
CLT00992,45,Bretagne,13,2,Web,0.1673,2016-07-22,2.0,4100.0,2050.0,2.0,0.0,0.0,0.0,0.0,0.0,0.0,0.0,2,🔵 Risque modéré,-4.426872,3.5884187
CLT00993,27,Hauts-de-France,3,0,Web,0.1695,2020-03-11,,,,,0.0,0.0,0.0,0.0,,0.0,,1,🟢 Bon risque fidèle,16.428213,7.5133767
CLT00994,64,Grand Est,1,0,Courtier,0.0787,2019-11-11,2.0,2904.0,1452.0,2.0,1.0,1954.0,1954.0,0.0,0.5,0.0,0.6728650137741047,2,🔵 Risque modéré,-4.96036,6.2526555
CLT00995,54,Centre-Val de Loire,3,0,Web,0.067,2018-02-07,1.0,634.0,634.0,1.0,1.0,855.0,855.0,0.0,1.0,0.0,1.3485804416403786,2,🔵 Risque modéré,0.45925614,6.346072
CLT00996,31,Bretagne,7,1,Courtier,0.01,2019-10-25,2.0,4159.0,2079.5,2.0,0.0,0.0,0.0,0.0,0.0,0.0,0.0,2,🔵 Risque modéré,-4.2914886,2.9411674
CLT00997,40,Centre-Val de Loire,3,0,Agent,0.1093,2016-11-06,,,,,0.0,0.0,0.0,0.0,,0.0,,1,🟢 Bon risque fidèle,15.340181,7.6921406
CLT00998,48,Provence-Alpes-Côte d'Azur,3,0,Partenaire banque,0.0895,2018-09-17,1.0,1494.0,1494.0,1.0,0.0,0.0,0.0,0.0,0.0,0.0,0.0,2,🔵 Risque modéré,1.158017,10.855446
CLT00999,62,Auvergne-Rhône-Alpes,2,2,Web,0.3249,2016-06-26,1.0,1532.0,1532.0,1.0,0.0,0.0,0.0,0.0,0.0,0.0,0.0,2,🔵 Risque modéré,-0.60247326,1.7095969
CLT01000,28,Auvergne-Rhône-Alpes,1,0,Téléphone,0.1219,2020-02-06,1.0,1704.0,1704.0,1.0,0.0,0.0,0.0,0.0,0.0,0.0,0.0,2,🔵 Risque modéré,2.7698607,11.224521
CLT01001,44,Nouvelle-Aquitaine,4,0,Web,0.0897,2017-12-05,1.0,1130.0,1130.0,1.0,2.0,57427.0,28713.5,0.0,2.0,0.0,50.82035398230089,3,🔴 Très haut risque,-1.6397461,6.1863217
CLT01002,50,Normandie,2,0,Agent,0.01,2018-12-05,3.0,3612.0,1204.0,3.0,0.0,0.0,0.0,0.0,0.0,0.0,0.0,2,🔵 Risque modéré,-4.868706,5.0618205
CLT01003,35,Normandie,1,0,Web,0.1013,2016-07-20,1.0,737.0,737.0,1.0,0.0,0.0,0.0,0.0,0.0,0.0,0.0,2,🔵 Risque modéré,1.8070321,11.544092
CLT01004,36,Normandie,0,1,Agent,0.1694,2018-07-17,,,,,0.0,0.0,0.0,0.0,,0.0,,1,🟢 Bon risque fidèle,14.663875,1.4325341
CLT01005,36,Provence-Alpes-Côte d'Azur,0,0,Web,0.105,2016-04-03,1.0,1084.0,1084.0,1.0,1.0,665.0,665.0,0.0,1.0,0.0,0.6134686346863468,2,🔵 Risque modéré,0.82052356,6.0091643
CLT01006,43,Auvergne-Rhône-Alpes,0,0,Web,0.1065,2017-12-05,,,,,0.0,0.0,0.0,0.0,,0.0,,1,🟢 Bon risque fidèle,15.296937,8.084707
CLT01007,39,Auvergne-Rhône-Alpes,7,0,Agent,0.106,2016-12-04,1.0,1931.0,1931.0,1.0,1.0,13036.0,13036.0,1.0,1.0,1.0,6.750906266183325,0,🟠 Risque élevé,-4.7683363,21.98985
CLT01008,44,Occitanie,1,1,Courtier,0.2317,2019-02-06,1.0,1289.0,1289.0,1.0,0.0,0.0,0.0,0.0,0.0,0.0,0.0,2,🔵 Risque modéré,1.3300436,1.2947133
CLT01009,59,Nouvelle-Aquitaine,5,1,Web,0.0468,2018-05-25,1.0,763.0,763.0,1.0,0.0,0.0,0.0,0.0,0.0,0.0,0.0,2,🔵 Risque modéré,0.7640722,0.3020365
CLT01010,51,Normandie,0,0,Web,0.1811,2018-04-11,4.0,6357.0,1589.25,2.0,2.0,3133.0,1566.5,0.0,0.5,0.0,0.49284253578732107,2,🔵 Risque modéré,-4.7307673,5.9406667
CLT01011,28,Nouvelle-Aquitaine,16,1,Web,0.01,2019-09-10,,,,,0.0,0.0,0.0,0.0,,0.0,,1,🟢 Bon risque fidèle,14.506193,4.7305913
CLT01012,41,Bretagne,6,0,Courtier,0.0643,2020-02-21,2.0,2859.0,1429.5,2.0,0.0,0.0,0.0,0.0,0.0,0.0,0.0,2,🔵 Risque modéré,-5.9871354,6.637299
CLT01013,39,Centre-Val de Loire,11,0,Téléphone,0.0232,2018-07-11,2.0,3427.0,1713.5,2.0,0.0,0.0,0.0,0.0,0.0,0.0,0.0,2,🔵 Risque modéré,-5.6080623,5.6668515
CLT01014,58,Centre-Val de Loire,2,1,Courtier,0.1023,2016-01-12,1.0,1653.0,1653.0,1.0,1.0,7632.0,7632.0,0.0,1.0,0.0,4.617059891107078,3,🔴 Très haut risque,-0.5261745,5.1916995
CLT01015,30,Occitanie,0,0,Web,0.175,2020-03-22,,,,,0.0,0.0,0.0,0.0,,0.0,,1,🟢 Bon risque fidèle,16.203873,7.8442163
CLT01016,24,Auvergne-Rhône-Alpes,1,0,Courtier,0.0882,2020-06-27,,,,,0.0,0.0,0.0,0.0,,0.0,,1,🟢 Bon risque fidèle,16.576445,7.210935
CLT01017,43,Grand Est,8,0,Web,0.01,2017-10-31,1.0,1526.0,1526.0,1.0,0.0,0.0,0.0,0.0,0.0,0.0,0.0,2,🔵 Risque modéré,1.8414693,9.760412
CLT01018,65,Occitanie,2,1,Courtier,0.28,2017-06-23,1.0,1237.0,1237.0,1.0,2.0,3820.0,1910.0,0.0,2.0,0.0,3.088116410670978,3,🔴 Très haut risque,-0.8560882,4.933211
CLT01019,38,Normandie,4,1,Courtier,0.1602,2019-08-03,1.0,1620.0,1620.0,1.0,1.0,21147.0,21147.0,0.0,1.0,0.0,13.053703703703704,3,🔴 Très haut risque,-1.7954953,6.157815
CLT01020,44,Provence-Alpes-Côte d'Azur,2,0,Courtier,0.0758,2019-06-07,2.0,3078.0,1539.0,2.0,1.0,544.0,544.0,0.0,0.5,0.0,0.17673814165042234,2,🔵 Risque modéré,-4.695787,6.7336984
CLT01021,45,Bretagne,3,2,Courtier,0.3183,2017-12-15,1.0,1796.0,1796.0,1.0,0.0,0.0,0.0,0.0,0.0,0.0,0.0,2,🔵 Risque modéré,-0.7822317,1.7158746
CLT01022,18,Provence-Alpes-Côte d'Azur,13,1,Téléphone,0.1045,2019-06-20,1.0,1182.0,1182.0,1.0,0.0,0.0,0.0,0.0,0.0,0.0,0.0,2,🔵 Risque modéré,-0.05342515,0.85055405
CLT01023,41,Nouvelle-Aquitaine,0,1,Téléphone,0.3128,2019-12-18,1.0,1665.0,1665.0,1.0,0.0,0.0,0.0,0.0,0.0,0.0,0.0,2,🔵 Risque modéré,1.0914865,1.725236
CLT01024,38,Hauts-de-France,7,1,Téléphone,0.1619,2019-04-25,,,,,0.0,0.0,0.0,0.0,,0.0,,1,🟢 Bon risque fidèle,14.118039,2.4187593
CLT01025,42,Auvergne-Rhône-Alpes,1,0,Agent,0.138,2017-10-05,1.0,575.0,575.0,1.0,0.0,0.0,0.0,0.0,0.0,0.0,0.0,2,🔵 Risque modéré,1.5031487,11.5269785
CLT01026,35,Auvergne-Rhône-Alpes,0,0,Web,0.1794,2016-08-29,,,,,0.0,0.0,0.0,0.0,,0.0,,1,🟢 Bon risque fidèle,15.990307,8.0314
CLT01027,55,Nouvelle-Aquitaine,2,0,Courtier,0.01,2016-10-18,,,,,0.0,0.0,0.0,0.0,,0.0,,1,🟢 Bon risque fidèle,13.908474,7.9463353
CLT01028,35,Grand Est,11,0,Courtier,0.01,2019-05-08,1.0,1698.0,1698.0,1.0,0.0,0.0,0.0,0.0,0.0,0.0,0.0,2,🔵 Risque modéré,2.0429695,9.300204
CLT01029,41,Nouvelle-Aquitaine,0,1,Courtier,0.2307,2018-05-18,,,,,0.0,0.0,0.0,0.0,,0.0,,1,🟢 Bon risque fidèle,14.376411,1.0953885
CLT01030,28,Nouvelle-Aquitaine,0,0,Courtier,0.1982,2019-01-07,1.0,1824.0,1824.0,1.0,1.0,2828.0,2828.0,0.0,1.0,0.0,1.5504385964912282,2,🔵 Risque modéré,0.6892865,5.9008327
CLT01031,40,Nouvelle-Aquitaine,3,0,Courtier,0.01,2018-10-01,3.0,5216.0,1738.6666666666667,3.0,1.0,628.0,628.0,0.0,0.3333333333333333,0.0,0.12039877300613497,2,🔵 Risque modéré,-4.754897,5.132517
CLT01032,39,Hauts-de-France,3,0,Web,0.1637,2017-10-08,1.0,1161.0,1161.0,1.0,0.0,0.0,0.0,0.0,0.0,0.0,0.0,2,🔵 Risque modéré,1.5956599,11.447898
CLT01033,54,Normandie,8,0,Agent,0.01,2020-11-09,2.0,2129.0,1064.5,1.0,0.0,0.0,0.0,0.0,0.0,0.0,0.0,2,🔵 Risque modéré,1.3852624,9.555673
CLT01034,51,Provence-Alpes-Côte d'Azur,13,0,Partenaire banque,0.0183,2018-09-21,3.0,5009.0,1669.6666666666667,3.0,2.0,16654.0,8327.0,0.0,0.6666666666666666,0.0,3.324815332401677,2,🔵 Risque modéré,-3.434551,5.990169
CLT01035,18,Nouvelle-Aquitaine,12,0,Web,0.0189,2018-02-27,2.0,2970.0,1485.0,2.0,0.0,0.0,0.0,0.0,0.0,0.0,0.0,2,🔵 Risque modéré,-5.4299526,5.897999
CLT01036,18,Grand Est,1,0,Courtier,0.2065,2018-10-12,1.0,1084.0,1084.0,1.0,0.0,0.0,0.0,0.0,0.0,0.0,0.0,2,🔵 Risque modéré,2.7436619,11.783225
CLT01037,30,Bretagne,0,0,Agent,0.1149,2018-05-03,2.0,1779.0,889.5,1.0,1.0,7849.0,7849.0,0.0,0.5,0.0,4.412029229904441,3,🔴 Très haut risque,0.099723466,8.376519
CLT01038,18,Normandie,1,0,Courtier,0.1534,2016-06-20,1.0,2326.0,2326.0,1.0,0.0,0.0,0.0,0.0,0.0,0.0,0.0,2,🔵 Risque modéré,3.1003165,11.090275
CLT01039,39,Centre-Val de Loire,3,1,Web,0.213,2020-04-09,1.0,2559.0,2559.0,1.0,0.0,0.0,0.0,0.0,0.0,0.0,0.0,2,🔵 Risque modéré,0.516794,1.6823921
CLT01040,42,Occitanie,0,0,Web,0.1558,2017-07-18,3.0,3635.0,1211.6666666666667,3.0,1.0,870.0,870.0,0.0,0.3333333333333333,0.0,0.2393397524071527,2,🔵 Risque modéré,-4.633574,5.1716437
CLT01041,67,Occitanie,5,1,Courtier,0.1018,2016-12-12,,,,,0.0,0.0,0.0,0.0,,0.0,,1,🟢 Bon risque fidèle,13.358062,1.9242485
CLT01042,69,Normandie,2,0,Courtier,0.308,2020-05-03,2.0,2110.0,1055.0,2.0,2.0,5751.0,2875.5,0.0,1.0,0.0,2.7255924170616113,2,🔵 Risque modéré,-3.9503095,6.2308044
CLT01043,77,Normandie,1,0,Courtier,0.0859,2016-08-21,,,,,0.0,0.0,0.0,0.0,,0.0,,1,🟢 Bon risque fidèle,13.962429,8.696891
CLT01044,44,Centre-Val de Loire,18,1,Web,0.2932,2020-05-08,1.0,3414.0,3414.0,1.0,1.0,6683.0,6683.0,0.0,1.0,0.0,1.9575278265963678,3,🔴 Très haut risque,-0.8749186,6.4825797
CLT01045,33,Grand Est,1,0,Téléphone,0.1404,2018-01-23,2.0,1833.0,916.5,2.0,2.0,2511.0,1255.5,0.0,1.0,0.0,1.3698854337152209,2,🔵 Risque modéré,-4.3073635,7.0540357
CLT01046,62,Grand Est,2,1,Téléphone,0.1453,2016-03-28,,,,,0.0,0.0,0.0,0.0,,0.0,,1,🟢 Bon risque fidèle,13.316074,1.515574
CLT01047,57,Normandie,1,0,Courtier,0.0353,2018-05-22,1.0,1649.0,1649.0,1.0,0.0,0.0,0.0,0.0,0.0,0.0,0.0,2,🔵 Risque modéré,0.40782008,10.790763
CLT01048,18,Auvergne-Rhône-Alpes,0,1,Agent,0.2592,2019-09-02,2.0,2493.0,1246.5,2.0,2.0,7242.0,3621.0,0.0,1.0,0.0,2.9049338146811072,3,🔴 Très haut risque,-2.6554163,3.5252345
CLT01049,48,Occitanie,3,1,Web,0.1642,2016-03-09,3.0,3090.0,1030.0,3.0,1.0,295.0,295.0,0.0,0.3333333333333333,0.0,0.09546925566343042,2,🔵 Risque modéré,-3.8639877,3.8465426
CLT01050,56,Normandie,3,1,Web,0.1899,2020-11-02,,,,,0.0,0.0,0.0,0.0,,0.0,,1,🟢 Bon risque fidèle,13.452342,1.5181491
CLT01051,40,Auvergne-Rhône-Alpes,2,1,Courtier,0.0912,2016-08-30,1.0,931.0,931.0,1.0,2.0,918.0,459.0,0.0,2.0,0.0,0.9860365198711063,3,🔴 Très haut risque,-0.7753098,5.37432
CLT01052,31,Occitanie,9,1,Web,0.01,2020-02-21,,,,,0.0,0.0,0.0,0.0,,0.0,,1,🟢 Bon risque fidèle,14.316565,2.7369313
CLT01053,46,Centre-Val de Loire,4,0,Agent,0.01,2020-10-31,1.0,1753.0,1753.0,1.0,0.0,0.0,0.0,0.0,0.0,0.0,0.0,2,🔵 Risque modéré,1.7153833,10.318238
CLT01054,40,Centre-Val de Loire,1,0,Agent,0.0376,2016-12-07,1.0,1742.0,1742.0,1.0,0.0,0.0,0.0,0.0,0.0,0.0,0.0,2,🔵 Risque modéré,2.233233,10.719734
CLT01055,18,Centre-Val de Loire,0,0,Web,0.1459,2017-03-01,1.0,1083.0,1083.0,1.0,1.0,7532.0,7532.0,0.0,1.0,0.0,6.954755309325947,3,🔴 Très haut risque,-0.31663817,5.7575073
CLT01056,41,Occitanie,2,2,Téléphone,0.3164,2019-03-15,4.0,6702.0,1675.5,2.0,7.0,48703.0,6957.571428571428,0.0,1.75,0.0,7.266935243210982,3,🔴 Très haut risque,-2.0220046,4.2123356
CLT01057,58,Provence-Alpes-Côte d'Azur,3,0,Courtier,0.1673,2019-05-09,,,,,0.0,0.0,0.0,0.0,,0.0,,1,🟢 Bon risque fidèle,14.482298,8.569292
CLT01058,35,Grand Est,3,1,Web,0.1886,2019-12-14,,,,,0.0,0.0,0.0,0.0,,0.0,,1,🟢 Bon risque fidèle,14.590612,1.5376524
CLT01059,40,Hauts-de-France,0,0,Web,0.2205,2017-07-03,2.0,3879.0,1939.5,2.0,3.0,11148.0,3716.0,0.0,1.5,0.0,2.873936581593194,3,🔴 Très haut risque,-3.7583234,6.616269
CLT01060,34,Grand Est,3,0,Partenaire banque,0.01,2019-10-25,1.0,1506.0,1506.0,1.0,0.0,0.0,0.0,0.0,0.0,0.0,0.0,2,🔵 Risque modéré,2.1213787,10.512343
CLT01061,36,Auvergne-Rhône-Alpes,1,0,Web,0.022,2020-03-18,5.0,9145.0,1829.0,3.0,0.0,0.0,0.0,0.0,0.0,0.0,0.0,2,🔵 Risque modéré,-4.7257686,5.0735354
CLT01062,65,Bretagne,0,0,Téléphone,0.0282,2017-07-23,1.0,1434.0,1434.0,1.0,0.0,0.0,0.0,0.0,0.0,0.0,0.0,2,🔵 Risque modéré,0.3401361,10.743705
CLT01063,46,Nouvelle-Aquitaine,12,1,Agent,0.0933,2016-09-30,4.0,6421.0,1605.25,1.0,3.0,20045.0,6681.666666666667,1.0,0.75,0.3333333333333333,3.121787883507242,0,🟠 Risque élevé,-3.2841833,5.1554804
CLT01064,39,Occitanie,1,0,Web,0.0435,2017-10-23,,,,,0.0,0.0,0.0,0.0,,0.0,,1,🟢 Bon risque fidèle,15.248239,7.2789755
CLT01065,48,Occitanie,7,0,Agent,0.0683,2019-10-18,1.0,920.0,920.0,1.0,1.0,5626.0,5626.0,0.0,1.0,0.0,6.1152173913043475,3,🔴 Très haut risque,-0.07166249,6.179839
CLT01066,26,Bretagne,0,1,Courtier,0.3128,2019-03-30,,,,,0.0,0.0,0.0,0.0,,0.0,,1,🟢 Bon risque fidèle,15.012315,1.0815605
CLT01067,18,Hauts-de-France,4,1,Agent,0.1244,2018-02-09,1.0,2811.0,2811.0,1.0,2.0,7122.0,3561.0,0.0,2.0,0.0,2.5336179295624333,3,🔴 Très haut risque,-0.76386684,5.3704734
CLT01068,33,Normandie,2,1,Web,0.2701,2020-06-17,2.0,3688.0,1844.0,2.0,2.0,1027.0,513.5,0.0,1.0,0.0,0.278470715835141,2,🔵 Risque modéré,-2.708364,3.3913302
CLT01069,57,Auvergne-Rhône-Alpes,9,0,Courtier,0.1704,2020-03-17,3.0,3641.0,1213.6666666666667,2.0,3.0,10345.0,3448.3333333333335,0.0,1.0,0.0,2.841252403185938,2,🔵 Risque modéré,-4.448373,5.9456053
CLT01070,47,Hauts-de-France,1,0,Agent,0.2457,2020-12-03,3.0,3924.0,1308.0,2.0,2.0,1332.0,666.0,0.0,0.6666666666666666,0.0,0.3394495412844037,2,🔵 Risque modéré,-4.6390395,6.347639
CLT01071,54,Provence-Alpes-Côte d'Azur,8,1,Courtier,0.01,2018-09-28,1.0,1328.0,1328.0,1.0,0.0,0.0,0.0,0.0,0.0,0.0,0.0,2,🔵 Risque modéré,0.2698581,0.40438476
CLT01072,32,Provence-Alpes-Côte d'Azur,1,0,Courtier,0.0927,2020-11-16,3.0,4158.0,1386.0,3.0,2.0,3959.0,1979.5,0.0,0.6666666666666666,0.0,0.9521404521404522,2,🔵 Risque modéré,-4.401068,5.324695
CLT01073,28,Auvergne-Rhône-Alpes,2,0,Agent,0.0239,2018-07-29,,,,,0.0,0.0,0.0,0.0,,0.0,,1,🟢 Bon risque fidèle,15.917773,6.7632933
CLT01074,38,Provence-Alpes-Côte d'Azur,0,3,Téléphone,0.2327,2020-06-19,1.0,866.0,866.0,1.0,0.0,0.0,0.0,0.0,0.0,0.0,0.0,2,🔵 Risque modéré,-1.0310597,1.5297817
CLT01075,51,Grand Est,5,0,Courtier,0.1082,2018-05-31,1.0,1302.0,1302.0,1.0,2.0,9669.0,4834.5,0.0,2.0,0.0,7.426267281105991,3,🔴 Très haut risque,-1.0497025,5.5721736
CLT01076,56,Occitanie,3,1,Courtier,0.2146,2017-10-25,2.0,3926.0,1963.0,1.0,0.0,0.0,0.0,0.0,0.0,0.0,0.0,2,🔵 Risque modéré,0.7868348,1.2600093
CLT01077,34,Hauts-de-France,4,0,Web,0.0632,2019-03-31,1.0,847.0,847.0,1.0,0.0,0.0,0.0,0.0,0.0,0.0,0.0,2,🔵 Risque modéré,1.9028436,10.927728
CLT01078,18,Nouvelle-Aquitaine,3,0,Courtier,0.0714,2018-09-22,1.0,2550.0,2550.0,1.0,0.0,0.0,0.0,0.0,0.0,0.0,0.0,2,🔵 Risque modéré,3.0238929,10.873204
CLT01079,55,Provence-Alpes-Côte d'Azur,0,0,Téléphone,0.1646,2020-04-12,1.0,2588.0,2588.0,1.0,1.0,433.0,433.0,0.0,1.0,0.0,0.16731066460587327,2,🔵 Risque modéré,0.3413001,5.693832
CLT01080,18,Île-de-France,0,2,Web,0.5602,2019-07-08,3.0,6387.0,2129.0,2.0,5.0,38341.0,7668.2,1.0,1.6666666666666667,0.2,6.002974792547362,3,🔴 Très haut risque,-2.0736442,4.4738426
CLT01081,32,Normandie,0,0,Web,0.1198,2020-10-24,,,,,0.0,0.0,0.0,0.0,,0.0,,1,🟢 Bon risque fidèle,16.005426,7.726068
CLT01082,33,Nouvelle-Aquitaine,1,0,Courtier,0.0496,2016-01-04,1.0,1354.0,1354.0,1.0,0.0,0.0,0.0,0.0,0.0,0.0,0.0,2,🔵 Risque modéré,2.3932774,11.250343
CLT01083,44,Bretagne,7,1,Web,0.1885,2019-11-13,1.0,1432.0,1432.0,1.0,0.0,0.0,0.0,0.0,0.0,0.0,0.0,2,🔵 Risque modéré,0.40468416,0.6095015
CLT01084,29,Nouvelle-Aquitaine,4,0,Téléphone,0.1547,2017-09-12,5.0,7329.0,1465.8,3.0,5.0,16183.0,3236.6,0.0,1.0,0.0,2.2080775003411106,2,🔵 Risque modéré,-4.12522,5.3279595
CLT01085,46,Nouvelle-Aquitaine,0,1,Téléphone,0.1835,2020-12-02,1.0,974.0,974.0,1.0,0.0,0.0,0.0,0.0,0.0,0.0,0.0,2,🔵 Risque modéré,1.3643805,0.9553411
CLT01086,48,Hauts-de-France,4,0,Web,0.1672,2018-01-10,1.0,1049.0,1049.0,1.0,1.0,104.0,104.0,1.0,1.0,1.0,0.09914204003813155,0,🟠 Risque élevé,-4.6956673,22.09488
CLT01087,40,Hauts-de-France,0,0,Web,0.1847,2019-09-24,2.0,2903.0,1451.5,2.0,0.0,0.0,0.0,0.0,0.0,0.0,0.0,2,🔵 Risque modéré,-5.972667,7.2556367
CLT01088,49,Nouvelle-Aquitaine,2,0,Web,0.1676,2019-07-07,3.0,5829.0,1943.0,2.0,0.0,0.0,0.0,0.0,0.0,0.0,0.0,2,🔵 Risque modéré,-5.6310325,6.602307
CLT01089,27,Hauts-de-France,10,1,Agent,0.01,2020-03-28,1.0,966.0,966.0,1.0,0.0,0.0,0.0,0.0,0.0,0.0,0.0,2,🔵 Risque modéré,0.10322159,0.7975838
CLT01090,31,Occitanie,14,0,Courtier,0.01,2016-07-07,1.0,1537.0,1537.0,1.0,0.0,0.0,0.0,0.0,0.0,0.0,0.0,2,🔵 Risque modéré,1.9526471,9.048094
CLT01091,18,Auvergne-Rhône-Alpes,4,1,Web,0.1825,2018-09-05,1.0,3649.0,3649.0,1.0,1.0,2941.0,2941.0,0.0,1.0,0.0,0.8059742395176761,2,🔵 Risque modéré,-0.079046525,4.014379
CLT01092,29,Auvergne-Rhône-Alpes,0,1,Web,0.0867,2017-04-10,1.0,2210.0,2210.0,1.0,2.0,11327.0,5663.5,1.0,2.0,0.5,5.1253393665158375,0,🟠 Risque élevé,-2.724363,5.127747
CLT01093,56,Grand Est,8,0,Agent,0.0465,2016-01-22,,,,,0.0,0.0,0.0,0.0,,0.0,,1,🟢 Bon risque fidèle,14.267994,5.7475076
CLT01094,30,Île-de-France,4,1,Agent,0.1523,2020-08-02,2.0,2987.0,1493.5,2.0,2.0,13378.0,6689.0,0.0,1.0,0.0,4.4787412119183125,3,🔴 Très haut risque,-2.4557931,4.0936046
CLT01095,58,Auvergne-Rhône-Alpes,8,0,Partenaire banque,0.01,2018-05-16,1.0,1077.0,1077.0,1.0,0.0,0.0,0.0,0.0,0.0,0.0,0.0,2,🔵 Risque modéré,1.3929423,9.634079
CLT01096,23,Nouvelle-Aquitaine,0,3,Courtier,0.4383,2017-04-15,,,,,0.0,0.0,0.0,0.0,,0.0,,1,🟢 Bon risque fidèle,12.156491,2.9056683
CLT01097,39,Bretagne,1,0,Web,0.2079,2020-07-10,2.0,1320.0,660.0,1.0,1.0,128.0,128.0,0.0,0.5,0.0,0.09696969696969697,2,🔵 Risque modéré,0.46753553,9.004537
CLT01098,44,Auvergne-Rhône-Alpes,3,0,Web,0.0381,2018-01-24,,,,,0.0,0.0,0.0,0.0,,0.0,,1,🟢 Bon risque fidèle,14.667471,6.9350176
CLT01099,35,Hauts-de-France,0,1,Web,0.1514,2020-05-05,3.0,4869.0,1623.0,2.0,0.0,0.0,0.0,0.0,0.0,0.0,0.0,2,🔵 Risque modéré,-3.3739715,2.7596707
CLT01100,59,Nouvelle-Aquitaine,1,0,Agent,0.1189,2019-10-20,2.0,5811.0,2905.5,2.0,0.0,0.0,0.0,0.0,0.0,0.0,0.0,2,🔵 Risque modéré,-6.38614,6.6064253
CLT01101,20,Nouvelle-Aquitaine,0,1,Web,0.3062,2019-03-01,2.0,2952.0,1476.0,2.0,2.0,1579.0,789.5,0.0,1.0,0.0,0.5348915989159891,2,🔵 Risque modéré,-2.7214384,3.3032274
CLT01102,63,Île-de-France,4,0,Agent,0.112,2016-12-04,,,,,0.0,0.0,0.0,0.0,,0.0,,1,🟢 Bon risque fidèle,14.216248,8.4068775
CLT01103,29,Normandie,0,3,Courtier,0.3657,2017-03-14,3.0,5131.0,1710.3333333333333,1.0,3.0,37339.0,12446.333333333334,0.0,1.0,0.0,7.2771389592672,3,🔴 Très haut risque,-1.8061461,4.884246
CLT01104,46,Nouvelle-Aquitaine,3,2,Téléphone,0.3984,2019-06-17,4.0,7390.0,1847.5,2.0,5.0,29369.0,5873.8,0.0,1.25,0.0,3.974154262516915,3,🔴 Très haut risque,-2.0300412,3.8759964
CLT01105,35,Normandie,4,0,Téléphone,0.1357,2016-06-28,4.0,7296.0,1824.0,2.0,4.0,29264.0,7316.0,0.0,1.0,0.0,4.010964912280702,3,🔴 Très haut risque,-3.906834,5.9485703
CLT01106,25,Auvergne-Rhône-Alpes,4,0,Web,0.0886,2016-09-11,,,,,0.0,0.0,0.0,0.0,,0.0,,1,🟢 Bon risque fidèle,16.224407,6.9075036
CLT01107,41,Centre-Val de Loire,9,0,Agent,0.01,2017-12-22,2.0,4171.0,2085.5,2.0,1.0,3520.0,3520.0,0.0,0.5,0.0,0.8439223207863822,2,🔵 Risque modéré,-5.033489,5.952701
CLT01108,47,Bretagne,2,1,Web,0.1222,2016-10-15,1.0,1342.0,1342.0,1.0,0.0,0.0,0.0,0.0,0.0,0.0,0.0,2,🔵 Risque modéré,1.1310213,0.6893654
CLT01109,24,Occitanie,0,1,Web,0.2756,2016-06-23,2.0,1590.0,795.0,1.0,0.0,0.0,0.0,0.0,0.0,0.0,0.0,2,🔵 Risque modéré,1.3356116,2.0978568
CLT01110,30,Occitanie,2,0,Courtier,0.1877,2019-05-15,1.0,694.0,694.0,1.0,0.0,0.0,0.0,0.0,0.0,0.0,0.0,2,🔵 Risque modéré,2.1559513,11.821034
CLT01111,28,Centre-Val de Loire,3,0,Web,0.01,2019-11-17,,,,,0.0,0.0,0.0,0.0,,0.0,,1,🟢 Bon risque fidèle,15.949055,6.698519
CLT01112,39,Île-de-France,9,0,Téléphone,0.0479,2019-09-12,3.0,5322.0,1774.0,3.0,0.0,0.0,0.0,0.0,0.0,0.0,0.0,2,🔵 Risque modéré,-5.1494393,5.235356
CLT01113,51,Hauts-de-France,0,1,Web,0.2266,2019-05-29,1.0,3072.0,3072.0,1.0,0.0,0.0,0.0,0.0,0.0,0.0,0.0,2,🔵 Risque modéré,0.47227913,1.6307578
CLT01114,44,Grand Est,1,0,Web,0.128,2018-03-15,5.0,12138.0,2427.6,2.0,5.0,21056.0,4211.2,0.0,1.0,0.0,1.7347174163783161,2,🔵 Risque modéré,-4.2742286,5.953301
CLT01115,33,Hauts-de-France,0,0,Agent,0.0724,2020-05-26,,,,,0.0,0.0,0.0,0.0,,0.0,,1,🟢 Bon risque fidèle,15.804847,7.3675237
CLT01116,61,Occitanie,0,0,Courtier,0.0646,2016-08-20,1.0,2291.0,2291.0,1.0,1.0,325.0,325.0,0.0,1.0,0.0,0.14185945002182454,2,🔵 Risque modéré,0.28157058,5.7902555
CLT01117,25,Occitanie,0,0,Courtier,0.1542,2019-05-03,2.0,1656.0,828.0,2.0,0.0,0.0,0.0,0.0,0.0,0.0,0.0,2,🔵 Risque modéré,-5.498677,7.532197
CLT01118,60,Auvergne-Rhône-Alpes,3,1,Courtier,0.0439,2016-01-27,1.0,1295.0,1295.0,1.0,0.0,0.0,0.0,0.0,0.0,0.0,0.0,2,🔵 Risque modéré,0.91988605,0.29525274
CLT01119,22,Provence-Alpes-Côte d'Azur,0,0,Partenaire banque,0.2004,2016-09-29,,,,,0.0,0.0,0.0,0.0,,0.0,,1,🟢 Bon risque fidèle,16.725468,7.6590962
CLT01120,44,Bretagne,7,1,Téléphone,0.2245,2019-03-12,1.0,750.0,750.0,1.0,0.0,0.0,0.0,0.0,0.0,0.0,0.0,2,🔵 Risque modéré,0.4659367,0.7132495
CLT01121,57,Bretagne,15,2,Courtier,0.32,2019-11-01,1.0,1561.0,1561.0,1.0,2.0,4664.0,2332.0,0.0,2.0,0.0,2.987828315182575,3,🔴 Très haut risque,-0.9647815,4.705859
CLT01122,39,Nouvelle-Aquitaine,6,1,Agent,0.1538,2020-04-28,1.0,1723.0,1723.0,1.0,1.0,4694.0,4694.0,0.0,1.0,0.0,2.7243180499129425,2,🔵 Risque modéré,-0.18222773,4.889541
CLT01123,27,Auvergne-Rhône-Alpes,2,0,Web,0.2745,2016-05-20,,,,,0.0,0.0,0.0,0.0,,0.0,,1,🟢 Bon risque fidèle,16.547777,7.893278
CLT01124,47,Île-de-France,1,0,Web,0.1484,2016-03-24,2.0,2840.0,1420.0,2.0,2.0,5341.0,2670.5,0.0,1.0,0.0,1.8806338028169014,2,🔵 Risque modéré,-4.084102,6.5340695
CLT01125,47,Île-de-France,4,1,Partenaire banque,0.1369,2018-03-28,,,,,0.0,0.0,0.0,0.0,,0.0,,1,🟢 Bon risque fidèle,13.846915,1.9158182
CLT01126,62,Grand Est,0,1,Web,0.0574,2020-01-01,2.0,2289.0,1144.5,1.0,0.0,0.0,0.0,0.0,0.0,0.0,0.0,2,🔵 Risque modéré,1.0771257,0.41472098
CLT01127,27,Grand Est,3,0,Agent,0.2419,2018-05-19,,,,,0.0,0.0,0.0,0.0,,0.0,,1,🟢 Bon risque fidèle,16.539593,7.8105
CLT01128,53,Bretagne,20,0,Web,0.01,2019-01-05,2.0,3290.0,1645.0,2.0,2.0,14210.0,7105.0,0.0,1.0,0.0,4.319148936170213,3,🔴 Très haut risque,-0.8828223,6.8779354
CLT01129,53,Grand Est,13,1,Agent,0.01,2017-07-24,3.0,3609.0,1203.0,2.0,1.0,10059.0,10059.0,0.0,0.3333333333333333,0.0,2.7871986699916875,2,🔵 Risque modéré,-3.2947402,5.8812065
CLT01130,36,Auvergne-Rhône-Alpes,15,1,Web,0.132,2018-11-15,2.0,2364.0,1182.0,1.0,1.0,3071.0,3071.0,0.0,0.5,0.0,1.2990693739424704,2,🔵 Risque modéré,-0.19989407,0.9076787
CLT01131,33,Occitanie,1,1,Partenaire banque,0.1601,2016-11-16,,,,,0.0,0.0,0.0,0.0,,0.0,,1,🟢 Bon risque fidèle,14.85124,1.5539812
CLT01132,38,Grand Est,15,1,Web,0.0337,2019-04-18,,,,,0.0,0.0,0.0,0.0,,0.0,,1,🟢 Bon risque fidèle,14.493904,4.766871
CLT01133,34,Auvergne-Rhône-Alpes,0,0,Web,0.1832,2018-06-16,2.0,2669.0,1334.5,1.0,1.0,10887.0,10887.0,0.0,0.5,0.0,4.079055826152117,3,🔴 Très haut risque,0.034331203,8.28046
CLT01134,44,Occitanie,10,0,Web,0.01,2016-06-27,2.0,1656.0,828.0,1.0,1.0,4364.0,4364.0,0.0,0.5,0.0,2.635265700483092,2,🔵 Risque modéré,-0.8926918,6.8338366
CLT01135,39,Bretagne,4,1,Web,0.2793,2019-06-09,,,,,0.0,0.0,0.0,0.0,,0.0,,1,🟢 Bon risque fidèle,14.336807,1.5720308
CLT01136,61,Centre-Val de Loire,0,0,Web,0.01,2019-09-28,1.0,1122.0,1122.0,1.0,0.0,0.0,0.0,0.0,0.0,0.0,0.0,2,🔵 Risque modéré,0.36332977,10.74469
CLT01137,43,Nouvelle-Aquitaine,2,1,Web,0.181,2019-12-22,2.0,2691.0,1345.5,2.0,2.0,2394.0,1197.0,0.0,1.0,0.0,0.8896321070234113,2,🔵 Risque modéré,-3.0041056,3.5576446
CLT01138,47,Nouvelle-Aquitaine,8,0,Agent,0.151,2016-12-03,,,,,0.0,0.0,0.0,0.0,,0.0,,1,🟢 Bon risque fidèle,14.831346,6.169434
CLT01139,64,Normandie,2,0,Partenaire banque,0.2112,2018-12-09,,,,,0.0,0.0,0.0,0.0,,0.0,,1,🟢 Bon risque fidèle,14.504295,8.822435
CLT01140,37,Grand Est,0,1,Agent,0.2489,2020-01-18,1.0,3429.0,3429.0,1.0,0.0,0.0,0.0,0.0,0.0,0.0,0.0,2,🔵 Risque modéré,0.4015163,1.755868
CLT01141,24,Hauts-de-France,12,2,Web,0.2102,2016-09-18,2.0,3678.0,1839.0,1.0,1.0,956.0,956.0,0.0,0.5,0.0,0.2599238716693855,2,🔵 Risque modéré,-0.700727,1.0713463
CLT01142,34,Hauts-de-France,0,0,Agent,0.1415,2016-08-31,1.0,1236.0,1236.0,1.0,1.0,3801.0,3801.0,1.0,1.0,1.0,3.075242718446602,0,🟠 Risque élevé,-4.660633,22.119694
CLT01143,25,Île-de-France,2,0,Web,0.3074,2018-05-31,3.0,2616.0,872.0,2.0,1.0,183.0,183.0,0.0,0.3333333333333333,0.0,0.06995412844036697,2,🔵 Risque modéré,-5.10211,7.608302
CLT01144,65,Hauts-de-France,2,1,Courtier,0.1213,2017-06-24,2.0,2025.0,1012.5,2.0,0.0,0.0,0.0,0.0,0.0,0.0,0.0,2,🔵 Risque modéré,-3.72521,3.2880838
CLT01145,46,Centre-Val de Loire,0,0,Agent,0.2262,2018-10-15,3.0,4597.0,1532.3333333333333,2.0,1.0,8015.0,8015.0,0.0,0.3333333333333333,0.0,1.743528388079182,2,🔵 Risque modéré,-4.235169,6.503191
CLT01146,57,Normandie,2,0,Courtier,0.1225,2016-04-25,5.0,7232.0,1446.4,2.0,4.0,61418.0,15354.5,1.0,0.8,0.25,8.492533185840708,3,🔴 Très haut risque,-3.1575384,5.9537687
CLT01147,47,Normandie,2,0,Téléphone,0.1638,2016-12-09,1.0,1611.0,1611.0,1.0,0.0,0.0,0.0,0.0,0.0,0.0,0.0,2,🔵 Risque modéré,1.0454662,11.563064
CLT01148,49,Provence-Alpes-Côte d'Azur,1,1,Web,0.068,2020-05-04,,,,,0.0,0.0,0.0,0.0,,0.0,,1,🟢 Bon risque fidèle,14.04008,1.7210467
CLT01149,80,Auvergne-Rhône-Alpes,9,1,Téléphone,0.0507,2019-10-14,,,,,0.0,0.0,0.0,0.0,,0.0,,1,🟢 Bon risque fidèle,14.169582,5.297928
CLT01150,50,Auvergne-Rhône-Alpes,2,0,Web,0.2416,2018-11-10,1.0,1439.0,1439.0,1.0,2.0,2476.0,1238.0,1.0,2.0,0.5,1.7206393328700487,0,🟠 Risque élevé,-2.7514863,5.123678
CLT01151,19,Île-de-France,9,0,Web,0.0351,2020-11-04,2.0,1880.0,940.0,2.0,0.0,0.0,0.0,0.0,0.0,0.0,0.0,2,🔵 Risque modéré,-5.369958,6.564809
CLT01152,42,Île-de-France,3,0,Web,0.1323,2018-08-26,1.0,1426.0,1426.0,1.0,0.0,0.0,0.0,0.0,0.0,0.0,0.0,2,🔵 Risque modéré,1.4340236,11.284129
CLT01153,37,Provence-Alpes-Côte d'Azur,0,1,Courtier,0.1059,2016-11-05,,,,,0.0,0.0,0.0,0.0,,0.0,,1,🟢 Bon risque fidèle,14.511839,1.7075905
CLT01154,32,Nouvelle-Aquitaine,0,0,Partenaire banque,0.1688,2020-10-24,2.0,2993.0,1496.5,1.0,1.0,972.0,972.0,0.0,0.5,0.0,0.32475776812562646,2,🔵 Risque modéré,0.39852872,8.900921
CLT01155,44,Île-de-France,2,0,Courtier,0.1201,2020-01-04,1.0,903.0,903.0,1.0,0.0,0.0,0.0,0.0,0.0,0.0,0.0,2,🔵 Risque modéré,1.4717557,11.419254
CLT01156,24,Bretagne,3,0,Web,0.1738,2017-05-25,2.0,2781.0,1390.5,2.0,0.0,0.0,0.0,0.0,0.0,0.0,0.0,2,🔵 Risque modéré,-5.383553,7.489041
CLT01157,24,Bretagne,5,1,Téléphone,0.2312,2017-10-19,1.0,1746.0,1746.0,1.0,0.0,0.0,0.0,0.0,0.0,0.0,0.0,2,🔵 Risque modéré,1.0617117,1.8201804
CLT01158,54,Hauts-de-France,0,0,Téléphone,0.1251,2019-03-18,3.0,4254.0,1418.0,2.0,2.0,4540.0,2270.0,0.0,0.6666666666666666,0.0,1.0672308415608838,2,🔵 Risque modéré,-4.584203,6.355923
CLT01159,62,Provence-Alpes-Côte d'Azur,4,0,Web,0.01,2019-10-12,2.0,2622.0,1311.0,1.0,0.0,0.0,0.0,0.0,0.0,0.0,0.0,2,🔵 Risque modéré,0.704947,10.279693
CLT01160,30,Île-de-France,2,0,Web,0.01,2020-07-07,,,,,0.0,0.0,0.0,0.0,,0.0,,1,🟢 Bon risque fidèle,15.86059,6.7949095
CLT01161,40,Grand Est,1,0,Partenaire banque,0.1143,2018-04-03,3.0,4594.0,1531.3333333333333,3.0,0.0,0.0,0.0,0.0,0.0,0.0,0.0,2,🔵 Risque modéré,-4.7141833,5.0493617
CLT01162,55,Auvergne-Rhône-Alpes,0,0,Téléphone,0.1527,2020-11-10,,,,,0.0,0.0,0.0,0.0,,0.0,,1,🟢 Bon risque fidèle,14.820746,8.783785
CLT01163,49,Hauts-de-France,0,1,Agent,0.3273,2017-09-30,1.0,2571.0,2571.0,1.0,1.0,12784.0,12784.0,0.0,1.0,0.0,4.972384286269934,3,🔴 Très haut risque,-0.74435955,4.9639993
CLT01164,59,Provence-Alpes-Côte d'Azur,6,0,Web,0.01,2018-07-26,1.0,935.0,935.0,1.0,1.0,1712.0,1712.0,0.0,1.0,0.0,1.8310160427807487,2,🔵 Risque modéré,0.3311938,6.4325547
CLT01165,40,Île-de-France,5,0,Courtier,0.1088,2017-08-22,2.0,4156.0,2078.0,1.0,1.0,12697.0,12697.0,0.0,0.5,0.0,3.0551010587102985,3,🔴 Très haut risque,-1.7572812,6.7120166
CLT01166,48,Centre-Val de Loire,0,2,Agent,0.3548,2020-02-25,,,,,0.0,0.0,0.0,0.0,,0.0,,1,🟢 Bon risque fidèle,12.16943,2.5089407
CLT01167,43,Centre-Val de Loire,3,1,Web,0.0522,2018-01-26,1.0,920.0,920.0,1.0,0.0,0.0,0.0,0.0,0.0,0.0,0.0,2,🔵 Risque modéré,1.1895372,0.43214577
CLT01168,52,Centre-Val de Loire,4,1,Partenaire banque,0.1712,2020-05-03,,,,,0.0,0.0,0.0,0.0,,0.0,,1,🟢 Bon risque fidèle,13.590244,1.7183459
CLT01169,18,Occitanie,2,0,Agent,0.3472,2019-01-26,3.0,3779.0,1259.6666666666667,2.0,1.0,4500.0,4500.0,0.0,0.3333333333333333,0.0,1.190791214607039,2,🔵 Risque modéré,-5.007774,7.6345224
CLT01170,42,Occitanie,5,0,Web,0.2497,2018-04-21,2.0,3637.0,1818.5,2.0,0.0,0.0,0.0,0.0,0.0,0.0,0.0,2,🔵 Risque modéré,-6.0600047,7.070911
CLT01171,47,Île-de-France,0,1,Web,0.1038,2017-12-12,3.0,4038.0,1346.0,2.0,1.0,4541.0,4541.0,0.0,0.3333333333333333,0.0,1.1245666171371966,2,🔵 Risque modéré,-3.311792,3.5888028
CLT01172,30,Île-de-France,3,0,Partenaire banque,0.0734,2016-01-05,1.0,604.0,604.0,1.0,0.0,0.0,0.0,0.0,0.0,0.0,0.0,2,🔵 Risque modéré,2.057151,11.16078
CLT01173,49,Bretagne,15,0,Téléphone,0.0496,2020-01-31,2.0,3586.0,1793.0,2.0,2.0,8173.0,4086.5,0.0,1.0,0.0,2.2791411042944785,2,🔵 Risque modéré,-0.9205116,6.84208
CLT01174,64,Hauts-de-France,0,0,Web,0.0715,2018-12-23,1.0,774.0,774.0,1.0,0.0,0.0,0.0,0.0,0.0,0.0,0.0,2,🔵 Risque modéré,0.45885926,10.85682
CLT01175,29,Occitanie,2,2,Courtier,0.2898,2016-05-04,,,,,0.0,0.0,0.0,0.0,,0.0,,1,🟢 Bon risque fidèle,12.445308,2.693052
CLT01176,38,Nouvelle-Aquitaine,8,0,Agent,0.01,2016-07-11,1.0,1722.0,1722.0,1.0,0.0,0.0,0.0,0.0,0.0,0.0,0.0,2,🔵 Risque modéré,2.0389073,9.747885
CLT01177,34,Île-de-France,3,0,Partenaire banque,0.0995,2020-09-29,3.0,4093.0,1364.3333333333333,2.0,1.0,1726.0,1726.0,0.0,0.3333333333333333,0.0,0.42169557781578304,2,🔵 Risque modéré,-4.9670033,6.7853394
CLT01178,32,Grand Est,4,0,Courtier,0.1322,2018-02-03,1.0,800.0,800.0,1.0,0.0,0.0,0.0,0.0,0.0,0.0,0.0,2,🔵 Risque modéré,1.8823973,11.301476
CLT01179,51,Normandie,0,1,Partenaire banque,0.2384,2016-06-24,1.0,1467.0,1467.0,1.0,0.0,0.0,0.0,0.0,0.0,0.0,0.0,2,🔵 Risque modéré,1.08061,1.1989487
CLT01180,39,Centre-Val de Loire,0,1,Web,0.0971,2016-10-02,2.0,3309.0,1654.5,1.0,3.0,25619.0,8539.666666666666,0.0,1.5,0.0,7.742218192807495,3,🔴 Très haut risque,-1.1764963,5.417197
CLT01181,42,Bretagne,6,1,Web,0.0425,2019-03-10,2.0,2095.0,1047.5,1.0,1.0,6852.0,6852.0,0.0,0.5,0.0,3.2706443914081147,2,🔵 Risque modéré,-0.37161577,5.26074
CLT01182,42,Île-de-France,2,1,Courtier,0.2436,2016-09-26,2.0,3233.0,1616.5,2.0,0.0,0.0,0.0,0.0,0.0,0.0,0.0,2,🔵 Risque modéré,-3.32878,2.8219764
CLT01183,26,Occitanie,7,1,Web,0.01,2020-10-10,2.0,2107.0,1053.5,2.0,0.0,0.0,0.0,0.0,0.0,0.0,0.0,2,🔵 Risque modéré,-4.1395884,2.8308156
CLT01184,40,Provence-Alpes-Côte d'Azur,3,0,Partenaire banque,0.01,2018-03-17,1.0,832.0,832.0,1.0,0.0,0.0,0.0,0.0,0.0,0.0,0.0,2,🔵 Risque modéré,1.6463213,10.90222
CLT01185,41,Provence-Alpes-Côte d'Azur,1,0,Web,0.2355,2017-07-12,2.0,5104.0,2552.0,1.0,2.0,7944.0,3972.0,0.0,1.0,0.0,1.5564263322884013,2,🔵 Risque modéré,0.35505998,5.7372684
CLT01186,29,Occitanie,2,0,Web,0.0279,2017-02-21,2.0,4628.0,2314.0,2.0,0.0,0.0,0.0,0.0,0.0,0.0,0.0,2,🔵 Risque modéré,-5.56247,7.097841
CLT01187,41,Nouvelle-Aquitaine,3,1,Agent,0.1564,2019-04-14,1.0,2461.0,2461.0,1.0,1.0,5636.0,5636.0,0.0,1.0,0.0,2.2901259650548558,3,🔴 Très haut risque,-0.05543168,4.9352975
CLT01188,49,Auvergne-Rhône-Alpes,1,0,Web,0.0843,2016-12-04,,,,,0.0,0.0,0.0,0.0,,0.0,,1,🟢 Bon risque fidèle,14.701927,8.091234
CLT01189,38,Normandie,5,0,Courtier,0.01,2018-04-14,1.0,530.0,530.0,1.0,1.0,552.0,552.0,1.0,1.0,1.0,1.0415094339622641,0,🟠 Risque élevé,-4.699829,22.120493
CLT01190,61,Auvergne-Rhône-Alpes,1,1,Courtier,0.1481,2020-04-28,1.0,1032.0,1032.0,1.0,0.0,0.0,0.0,0.0,0.0,0.0,0.0,2,🔵 Risque modéré,0.9706687,0.50454956
CLT01191,37,Occitanie,8,0,Courtier,0.0615,2018-08-08,,,,,0.0,0.0,0.0,0.0,,0.0,,1,🟢 Bon risque fidèle,15.018819,5.921446
CLT01192,28,Hauts-de-France,9,0,Téléphone,0.1258,2016-07-06,3.0,3141.0,1047.0,2.0,2.0,2671.0,1335.5,0.0,0.6666666666666666,0.0,0.8503661254377587,2,🔵 Risque modéré,-4.818242,6.5536375
CLT01193,41,Nouvelle-Aquitaine,0,0,Téléphone,0.01,2017-09-17,3.0,3306.0,1102.0,3.0,0.0,0.0,0.0,0.0,0.0,0.0,0.0,2,🔵 Risque modéré,-4.8569775,5.062436
CLT01194,51,Centre-Val de Loire,3,0,Web,0.0501,2020-09-09,2.0,5348.0,2674.0,2.0,2.0,4912.0,2456.0,1.0,1.0,0.5,0.9184741959611069,0,🟠 Risque élevé,-3.0447364,5.175433
CLT01195,56,Provence-Alpes-Côte d'Azur,18,0,Web,0.1282,2019-12-29,,,,,0.0,0.0,0.0,0.0,,0.0,,1,🟢 Bon risque fidèle,14.432361,5.0900207
CLT01196,36,Occitanie,0,0,Partenaire banque,0.1145,2018-03-24,1.0,1014.0,1014.0,1.0,0.0,0.0,0.0,0.0,0.0,0.0,0.0,2,🔵 Risque modéré,1.9316874,11.624082
CLT01197,42,Grand Est,1,0,Web,0.239,2017-09-06,,,,,0.0,0.0,0.0,0.0,,0.0,,1,🟢 Bon risque fidèle,15.727301,8.510004
CLT01198,30,Hauts-de-France,5,0,Téléphone,0.01,2016-12-24,2.0,4216.0,2108.0,2.0,0.0,0.0,0.0,0.0,0.0,0.0,0.0,2,🔵 Risque modéré,-5.6326303,6.853345
CLT01199,39,Île-de-France,10,1,Partenaire banque,0.0118,2020-10-18,1.0,1184.0,1184.0,1.0,1.0,5142.0,5142.0,0.0,1.0,0.0,4.342905405405405,3,🔴 Très haut risque,-0.41612417,5.826596
CLT01200,18,Normandie,0,2,Courtier,0.3031,2019-02-02,,,,,0.0,0.0,0.0,0.0,,0.0,,1,🟢 Bon risque fidèle,12.453692,2.8244028
CLT01201,18,Occitanie,3,1,Web,0.4809,2016-07-29,1.0,652.0,652.0,1.0,0.0,0.0,0.0,0.0,0.0,0.0,0.0,1,🟢 Bon risque fidèle,1.333836,2.0880618
CLT01202,33,Nouvelle-Aquitaine,0,0,Web,0.1057,2016-05-08,2.0,4711.0,2355.5,1.0,0.0,0.0,0.0,0.0,0.0,0.0,0.0,2,🔵 Risque modéré,2.842476,10.64018
CLT01203,32,Occitanie,7,0,Web,0.0716,2020-08-15,4.0,5832.0,1458.0,3.0,0.0,0.0,0.0,0.0,0.0,0.0,0.0,2,🔵 Risque modéré,-4.8205175,5.07668
CLT01204,27,Bretagne,1,0,Courtier,0.01,2019-07-16,,,,,0.0,0.0,0.0,0.0,,0.0,,1,🟢 Bon risque fidèle,16.09004,6.7765627
CLT01205,18,Auvergne-Rhône-Alpes,17,0,Courtier,0.0253,2017-06-16,,,,,0.0,0.0,0.0,0.0,,0.0,,1,🟢 Bon risque fidèle,14.63677,4.8729463
CLT01206,34,Auvergne-Rhône-Alpes,7,0,Web,0.0451,2016-05-14,2.0,2735.0,1367.5,1.0,2.0,8080.0,4040.0,0.0,1.0,0.0,2.954296160877514,2,🔵 Risque modéré,-0.16404232,6.254191
CLT01207,78,Occitanie,0,0,Téléphone,0.2138,2018-06-29,3.0,5180.0,1726.6666666666667,2.0,2.0,19919.0,9959.5,0.0,0.6666666666666666,0.0,3.8453667953667954,3,🔴 Très haut risque,-3.5962055,5.9688396
CLT01208,54,Nouvelle-Aquitaine,0,0,Web,0.01,2020-10-03,3.0,4482.0,1494.0,2.0,0.0,0.0,0.0,0.0,0.0,0.0,0.0,2,🔵 Risque modéré,-5.756153,6.2509065
CLT01209,50,Provence-Alpes-Côte d'Azur,1,0,Web,0.1514,2018-08-04,4.0,4894.0,1223.5,3.0,2.0,12007.0,6003.5,1.0,0.5,0.5,2.453412341642828,0,🟠 Risque élevé,-3.1268482,5.106653
CLT01210,48,Île-de-France,4,2,Web,0.1801,2019-03-23,1.0,1779.0,1779.0,1.0,0.0,0.0,0.0,0.0,0.0,0.0,0.0,2,🔵 Risque modéré,-0.6247706,1.4733607
CLT01211,35,Bretagne,7,0,Téléphone,0.01,2018-03-21,1.0,1353.0,1353.0,1.0,0.0,0.0,0.0,0.0,0.0,0.0,0.0,2,🔵 Risque modéré,1.9389496,9.896584
CLT01212,44,Normandie,2,2,Web,0.2377,2019-11-02,2.0,4312.0,2156.0,1.0,1.0,442.0,442.0,0.0,0.5,0.0,0.10250463821892393,2,🔵 Risque modéré,-0.60616297,3.1662858
CLT01213,27,Bretagne,0,0,Web,0.01,2017-03-17,3.0,5688.0,1896.0,2.0,1.0,2241.0,2241.0,0.0,0.3333333333333333,0.0,0.3939873417721519,2,🔵 Risque modéré,-4.8868957,7.0839014
CLT01214,38,Nouvelle-Aquitaine,1,2,Web,0.1933,2018-07-04,,,,,0.0,0.0,0.0,0.0,,0.0,,1,🟢 Bon risque fidèle,12.594512,2.46733
CLT01215,22,Nouvelle-Aquitaine,0,2,Web,0.1789,2019-06-24,1.0,1287.0,1287.0,1.0,0.0,0.0,0.0,0.0,0.0,0.0,0.0,2,🔵 Risque modéré,-1.0064659,1.460543
CLT01216,30,Centre-Val de Loire,3,0,Web,0.0425,2017-08-29,2.0,2905.0,1452.5,2.0,0.0,0.0,0.0,0.0,0.0,0.0,0.0,2,🔵 Risque modéré,-5.726147,7.2280316
CLT01217,60,Normandie,9,1,Courtier,0.01,2019-02-03,1.0,2833.0,2833.0,1.0,1.0,38293.0,38293.0,0.0,1.0,0.0,13.516766678432758,3,🔴 Très haut risque,-2.0127087,6.5381594
CLT01218,56,Normandie,4,2,Web,0.2224,2017-07-28,3.0,4837.0,1612.3333333333333,1.0,3.0,59784.0,19928.0,0.0,1.0,0.0,12.359727103576597,3,🔴 Très haut risque,-1.8143857,5.8388124
CLT01219,65,Bretagne,5,1,Web,0.1805,2017-02-14,1.0,1749.0,1749.0,1.0,1.0,3370.0,3370.0,0.0,1.0,0.0,1.9268153230417382,2,🔵 Risque modéré,-0.21105227,4.71875
CLT01220,51,Grand Est,0,0,Web,0.1882,2020-07-02,1.0,1110.0,1110.0,1.0,0.0,0.0,0.0,0.0,0.0,0.0,0.0,2,🔵 Risque modéré,1.0237787,11.660338
CLT01221,34,Grand Est,0,0,Agent,0.01,2018-02-24,2.0,4328.0,2164.0,2.0,1.0,458.0,458.0,0.0,0.5,0.0,0.10582255083179297,2,🔵 Risque modéré,-4.745427,7.0349655
CLT01222,72,Provence-Alpes-Côte d'Azur,4,1,Courtier,0.2495,2020-05-21,1.0,768.0,768.0,1.0,0.0,0.0,0.0,0.0,0.0,0.0,0.0,2,🔵 Risque modéré,0.71298885,0.38472694
CLT01223,42,Normandie,15,0,Web,0.123,2019-03-06,1.0,1500.0,1500.0,1.0,1.0,19739.0,19739.0,0.0,1.0,0.0,13.159333333333333,3,🔴 Très haut risque,-1.6212423,6.4915605
CLT01224,55,Grand Est,1,1,Web,0.05,2017-07-09,1.0,1080.0,1080.0,1.0,0.0,0.0,0.0,0.0,0.0,0.0,0.0,2,🔵 Risque modéré,1.0846729,0.35146043
CLT01225,72,Nouvelle-Aquitaine,4,0,Web,0.1799,2019-05-09,2.0,2612.0,1306.0,2.0,0.0,0.0,0.0,0.0,0.0,0.0,0.0,2,🔵 Risque modéré,-5.905419,6.1569004
CLT01226,56,Occitanie,0,1,Web,0.1597,2020-07-20,2.0,3466.0,1733.0,2.0,1.0,283.0,283.0,0.0,0.5,0.0,0.08165031736872476,2,🔵 Risque modéré,-3.2882278,3.3931541
CLT01227,53,Hauts-de-France,0,1,Web,0.297,2018-08-26,2.0,2087.0,1043.5,2.0,4.0,24205.0,6051.25,1.0,2.0,0.25,11.59798754192621,3,🔴 Très haut risque,-1.735454,5.4321213
CLT01228,48,Grand Est,2,0,Courtier,0.073,2019-04-13,2.0,3042.0,1521.0,1.0,0.0,0.0,0.0,0.0,0.0,0.0,0.0,2,🔵 Risque modéré,0.98521316,10.445499
CLT01229,49,Occitanie,1,2,Partenaire banque,0.2772,2016-07-26,1.0,1004.0,1004.0,1.0,3.0,9739.0,3246.3333333333335,0.0,3.0,0.0,9.700199203187251,3,🔴 Très haut risque,-1.2458975,5.152234
CLT01230,45,Occitanie,1,1,Agent,0.1488,2017-07-01,2.0,3093.0,1546.5,2.0,0.0,0.0,0.0,0.0,0.0,0.0,0.0,2,🔵 Risque modéré,-3.5415688,2.8789277
CLT01231,63,Grand Est,1,0,Téléphone,0.0819,2020-02-20,,,,,0.0,0.0,0.0,0.0,,0.0,,1,🟢 Bon risque fidèle,14.077243,8.571357
CLT01232,21,Île-de-France,2,1,Agent,0.0746,2017-03-27,,,,,0.0,0.0,0.0,0.0,,0.0,,1,🟢 Bon risque fidèle,14.928004,1.9150453
CLT01233,70,Centre-Val de Loire,1,0,Téléphone,0.119,2020-06-23,,,,,0.0,0.0,0.0,0.0,,0.0,,1,🟢 Bon risque fidèle,14.054073,8.723225
CLT01234,44,Bretagne,3,1,Courtier,0.1981,2020-09-16,1.0,1146.0,1146.0,1.0,1.0,292.0,292.0,0.0,1.0,0.0,0.2547993019197208,2,🔵 Risque modéré,-0.060252838,4.4223657
CLT01235,44,Nouvelle-Aquitaine,3,0,Web,0.3092,2019-04-30,1.0,1237.0,1237.0,1.0,0.0,0.0,0.0,0.0,0.0,0.0,0.0,2,🔵 Risque modéré,1.047591,11.756264
CLT01236,40,Provence-Alpes-Côte d'Azur,2,0,Téléphone,0.1367,2019-12-01,2.0,4239.0,2119.5,2.0,0.0,0.0,0.0,0.0,0.0,0.0,0.0,2,🔵 Risque modéré,-6.1034465,6.904405
CLT01237,51,Provence-Alpes-Côte d'Azur,1,1,Téléphone,0.5013,2016-02-29,1.0,1536.0,1536.0,1.0,3.0,20203.0,6734.333333333333,0.0,3.0,0.0,13.152994791666666,3,🔴 Très haut risque,-1.3003788,5.2274175
CLT01238,39,Provence-Alpes-Côte d'Azur,1,0,Partenaire banque,0.01,2019-03-02,3.0,5188.0,1729.3333333333333,2.0,2.0,3969.0,1984.5,0.0,0.6666666666666666,0.0,0.7650346954510409,2,🔵 Risque modéré,-4.730132,6.8348913
CLT01239,60,Nouvelle-Aquitaine,6,0,Courtier,0.1693,2017-01-22,,,,,0.0,0.0,0.0,0.0,,0.0,,1,🟢 Bon risque fidèle,14.336967,8.490048
CLT01240,39,Normandie,15,1,Courtier,0.0673,2016-12-27,1.0,1742.0,1742.0,1.0,1.0,9854.0,9854.0,0.0,1.0,0.0,5.656716417910448,3,🔴 Très haut risque,-0.9468176,6.4426274
CLT01241,42,Normandie,0,1,Web,0.1762,2016-04-27,3.0,2230.0,743.3333333333334,2.0,0.0,0.0,0.0,0.0,0.0,0.0,0.0,2,🔵 Risque modéré,-3.473746,2.7991421
CLT01242,42,Occitanie,2,2,Agent,0.3294,2016-02-12,3.0,4859.0,1619.6666666666667,2.0,0.0,0.0,0.0,0.0,0.0,0.0,0.0,2,🔵 Risque modéré,-2.1244285,2.880732
CLT01243,19,Grand Est,2,0,Courtier,0.107,2017-11-12,1.0,1884.0,1884.0,1.0,2.0,9604.0,4802.0,0.0,2.0,0.0,5.097664543524417,3,🔴 Très haut risque,-0.91697174,5.6550097
CLT01244,18,Centre-Val de Loire,0,0,Web,0.2607,2016-09-26,2.0,2864.0,1432.0,2.0,2.0,8434.0,4217.0,0.0,1.0,0.0,2.944832402234637,3,🔴 Très haut risque,-4.2631173,7.224578
CLT01245,48,Provence-Alpes-Côte d'Azur,1,2,Agent,0.3889,2020-07-03,3.0,4637.0,1545.6666666666667,2.0,2.0,11011.0,5505.5,0.0,0.6666666666666666,0.0,2.3745956437351734,3,🔴 Très haut risque,-2.005393,3.5729594
CLT01246,45,Provence-Alpes-Côte d'Azur,3,0,Web,0.1601,2016-10-31,2.0,3860.0,1930.0,2.0,0.0,0.0,0.0,0.0,0.0,0.0,0.0,2,🔵 Risque modéré,-6.148413,6.8135524
CLT01247,38,Centre-Val de Loire,3,1,Agent,0.01,2016-10-19,,,,,0.0,0.0,0.0,0.0,,0.0,,1,🟢 Bon risque fidèle,14.3987055,2.0906134
CLT01248,48,Auvergne-Rhône-Alpes,0,0,Téléphone,0.01,2020-10-30,3.0,3178.0,1059.3333333333333,2.0,1.0,250.0,250.0,0.0,0.3333333333333333,0.0,0.07866582756450598,2,🔵 Risque modéré,-5.467802,6.316296
CLT01249,53,Provence-Alpes-Côte d'Azur,18,0,Partenaire banque,0.1071,2018-02-06,1.0,1012.0,1012.0,1.0,0.0,0.0,0.0,0.0,0.0,0.0,0.0,2,🔵 Risque modéré,1.7256467,8.7691
CLT01250,18,Bretagne,2,2,Courtier,0.3338,2017-11-22,1.0,1632.0,1632.0,1.0,0.0,0.0,0.0,0.0,0.0,0.0,0.0,2,🔵 Risque modéré,-0.99720186,1.6929786
CLT01251,46,Hauts-de-France,0,1,Web,0.1729,2016-11-20,1.0,794.0,794.0,1.0,0.0,0.0,0.0,0.0,0.0,0.0,0.0,2,🔵 Risque modéré,1.3998927,0.8860691
CLT01252,43,Bretagne,11,0,Agent,0.01,2018-09-26,1.0,2647.0,2647.0,1.0,0.0,0.0,0.0,0.0,0.0,0.0,0.0,2,🔵 Risque modéré,2.40756,9.4997425
CLT01253,55,Provence-Alpes-Côte d'Azur,2,0,Web,0.041,2019-02-26,1.0,1290.0,1290.0,1.0,0.0,0.0,0.0,0.0,0.0,0.0,0.0,2,🔵 Risque modéré,0.5769941,10.705464
CLT01254,18,Centre-Val de Loire,9,1,Agent,0.041,2017-04-04,4.0,6540.0,1635.0,3.0,0.0,0.0,0.0,0.0,0.0,0.0,0.0,2,🔵 Risque modéré,-4.5403914,4.640728
CLT01255,41,Centre-Val de Loire,0,0,Téléphone,0.1289,2018-02-15,3.0,5480.0,1826.6666666666667,2.0,0.0,0.0,0.0,0.0,0.0,0.0,0.0,2,🔵 Risque modéré,-5.5956182,6.688296
CLT01256,25,Hauts-de-France,11,1,Agent,0.078,2017-08-28,1.0,950.0,950.0,1.0,1.0,19582.0,19582.0,0.0,1.0,0.0,20.61263157894737,3,🔴 Très haut risque,-1.7301314,6.2156353
CLT01257,64,Nouvelle-Aquitaine,11,1,Web,0.1651,2016-01-06,1.0,698.0,698.0,1.0,0.0,0.0,0.0,0.0,0.0,0.0,0.0,2,🔵 Risque modéré,0.15272813,0.31146783
CLT01258,46,Centre-Val de Loire,3,0,Courtier,0.2178,2020-04-29,1.0,816.0,816.0,1.0,1.0,2815.0,2815.0,0.0,1.0,0.0,3.4497549019607843,2,🔵 Risque modéré,0.7045865,5.783246
CLT01259,43,Centre-Val de Loire,1,0,Web,0.01,2019-05-20,,,,,0.0,0.0,0.0,0.0,,0.0,,1,🟢 Bon risque fidèle,14.8632,7.313552
CLT01260,55,Provence-Alpes-Côte d'Azur,13,0,Partenaire banque,0.2325,2019-06-08,1.0,1418.0,1418.0,1.0,0.0,0.0,0.0,0.0,0.0,0.0,0.0,2,🔵 Risque modéré,1.5907722,9.390704
CLT01261,43,Occitanie,7,1,Agent,0.0586,2016-08-03,1.0,1367.0,1367.0,1.0,0.0,0.0,0.0,0.0,0.0,0.0,0.0,2,🔵 Risque modéré,0.41834545,0.5710425
CLT01262,50,Normandie,0,1,Web,0.1723,2020-03-08,3.0,2637.0,879.0,3.0,1.0,361.0,361.0,0.0,0.3333333333333333,0.0,0.13689799014031095,2,🔵 Risque modéré,-3.819916,3.8274262
CLT01263,40,Auvergne-Rhône-Alpes,1,2,Web,0.2554,2017-10-18,1.0,1267.0,1267.0,1.0,0.0,0.0,0.0,0.0,0.0,0.0,0.0,2,🔵 Risque modéré,-1.005026,1.4775347
CLT01264,31,Nouvelle-Aquitaine,10,1,Agent,0.1068,2016-07-02,2.0,4006.0,2003.0,2.0,0.0,0.0,0.0,0.0,0.0,0.0,0.0,2,🔵 Risque modéré,-4.408733,3.1953585
CLT01265,48,Provence-Alpes-Côte d'Azur,13,2,Courtier,0.3061,2017-06-29,,,,,0.0,0.0,0.0,0.0,,0.0,,1,🟢 Bon risque fidèle,13.407131,2.785537
CLT01266,43,Occitanie,0,1,Web,0.0975,2016-05-20,1.0,1180.0,1180.0,1.0,0.0,0.0,0.0,0.0,0.0,0.0,0.0,2,🔵 Risque modéré,1.4023944,0.72976285
CLT01267,41,Provence-Alpes-Côte d'Azur,12,0,Web,0.01,2016-08-11,2.0,1897.0,948.5,1.0,0.0,0.0,0.0,0.0,0.0,0.0,0.0,2,🔵 Risque modéré,1.6821468,9.145169
CLT01268,65,Île-de-France,3,0,Web,0.0111,2018-06-18,2.0,2579.0,1289.5,2.0,0.0,0.0,0.0,0.0,0.0,0.0,0.0,2,🔵 Risque modéré,-6.0871215,6.1154776
CLT01269,22,Bretagne,13,0,Partenaire banque,0.01,2020-12-18,2.0,1926.0,963.0,1.0,0.0,0.0,0.0,0.0,0.0,0.0,0.0,2,🔵 Risque modéré,1.9818573,9.101108
CLT01270,38,Bretagne,1,1,Courtier,0.183,2018-02-16,3.0,4103.0,1367.6666666666667,2.0,0.0,0.0,0.0,0.0,0.0,0.0,0.0,2,🔵 Risque modéré,-3.3397727,2.8269806
CLT01271,41,Provence-Alpes-Côte d'Azur,0,0,Courtier,0.017,2016-07-28,,,,,0.0,0.0,0.0,0.0,,0.0,,1,🟢 Bon risque fidèle,14.946548,7.3439217
CLT01272,50,Normandie,9,2,Agent,0.2767,2019-03-31,2.0,2382.0,1191.0,2.0,0.0,0.0,0.0,0.0,0.0,0.0,0.0,2,🔵 Risque modéré,-2.1066704,2.5715914
CLT01273,49,Occitanie,6,0,Web,0.0826,2016-06-01,1.0,830.0,830.0,1.0,0.0,0.0,0.0,0.0,0.0,0.0,0.0,2,🔵 Risque modéré,1.4063233,10.104566
CLT01274,50,Île-de-France,5,1,Web,0.1049,2017-10-16,2.0,3896.0,1948.0,2.0,0.0,0.0,0.0,0.0,0.0,0.0,0.0,2,🔵 Risque modéré,-3.9847562,3.043321
CLT01275,32,Hauts-de-France,6,0,Partenaire banque,0.01,2016-06-02,3.0,3041.0,1013.6666666666666,3.0,1.0,124.0,124.0,0.0,0.3333333333333333,0.0,0.040776060506412366,2,🔵 Risque modéré,-4.912222,5.2400036
CLT01276,56,Provence-Alpes-Côte d'Azur,3,2,Web,0.2293,2018-02-09,1.0,1385.0,1385.0,1.0,0.0,0.0,0.0,0.0,0.0,0.0,0.0,2,🔵 Risque modéré,-0.6279994,1.5251738
CLT01277,40,Nouvelle-Aquitaine,4,1,Agent,0.1389,2019-01-27,,,,,0.0,0.0,0.0,0.0,,0.0,,1,🟢 Bon risque fidèle,14.117278,1.9789351
CLT01278,24,Auvergne-Rhône-Alpes,6,1,Web,0.19,2019-06-12,,,,,0.0,0.0,0.0,0.0,,0.0,,1,🟢 Bon risque fidèle,14.691008,2.1486633
CLT01279,29,Normandie,3,0,Agent,0.0689,2018-06-04,1.0,1383.0,1383.0,1.0,2.0,2293.0,1146.5,0.0,2.0,0.0,1.6579898770788142,3,🔴 Très haut risque,-0.79862976,5.6859426
CLT01280,39,Nouvelle-Aquitaine,1,0,Agent,0.01,2018-06-10,2.0,5518.0,2759.0,2.0,0.0,0.0,0.0,0.0,0.0,0.0,0.0,2,🔵 Risque modéré,-6.312983,6.8671107
CLT01281,40,Nouvelle-Aquitaine,5,1,Web,0.1516,2017-11-11,3.0,2718.0,906.0,2.0,2.0,1287.0,643.5,0.0,0.6666666666666666,0.0,0.4735099337748344,2,🔵 Risque modéré,-3.4970706,3.456663
CLT01282,28,Occitanie,3,0,Partenaire banque,0.0146,2018-04-20,1.0,738.0,738.0,1.0,0.0,0.0,0.0,0.0,0.0,0.0,0.0,2,🔵 Risque modéré,2.1489973,11.08135
CLT01283,61,Grand Est,3,0,Agent,0.01,2020-02-05,2.0,2258.0,1129.0,2.0,1.0,4134.0,4134.0,0.0,0.5,0.0,1.8308237378210805,2,🔵 Risque modéré,-4.9099193,6.231486
CLT01284,63,Grand Est,0,0,Web,0.01,2017-08-01,1.0,1461.0,1461.0,1.0,0.0,0.0,0.0,0.0,0.0,0.0,0.0,2,🔵 Risque modéré,0.32753357,10.681391
CLT01285,48,Hauts-de-France,1,0,Web,0.1127,2016-04-13,2.0,2439.0,1219.5,2.0,0.0,0.0,0.0,0.0,0.0,0.0,0.0,2,🔵 Risque modéré,-6.1425285,6.776864
CLT01286,55,Bretagne,11,1,Courtier,0.1179,2020-09-18,1.0,1054.0,1054.0,1.0,0.0,0.0,0.0,0.0,0.0,0.0,0.0,2,🔵 Risque modéré,0.062019568,0.39099604
CLT01287,29,Normandie,2,0,Web,0.2531,2018-01-10,2.0,2491.0,1245.5,2.0,0.0,0.0,0.0,0.0,0.0,0.0,0.0,2,🔵 Risque modéré,-5.542404,7.5566072
CLT01288,49,Île-de-France,2,0,Courtier,0.0209,2017-08-28,1.0,1760.0,1760.0,1.0,0.0,0.0,0.0,0.0,0.0,0.0,0.0,2,🔵 Risque modéré,1.4774411,10.493687
CLT01289,56,Centre-Val de Loire,5,0,Courtier,0.0163,2016-07-19,1.0,1044.0,1044.0,1.0,0.0,0.0,0.0,0.0,0.0,0.0,0.0,2,🔵 Risque modéré,1.0662304,10.169283
CLT01290,37,Île-de-France,10,1,Web,0.049,2019-08-02,2.0,2446.0,1223.0,1.0,1.0,1187.0,1187.0,0.0,0.5,0.0,0.48528209321340965,2,🔵 Risque modéré,-0.05263873,0.9486642
CLT01291,18,Hauts-de-France,6,0,Partenaire banque,0.219,2018-08-29,4.0,4966.0,1241.5,2.0,0.0,0.0,0.0,0.0,0.0,0.0,0.0,2,🔵 Risque modéré,-5.285106,7.3081427
CLT01292,52,Auvergne-Rhône-Alpes,1,2,Web,0.2961,2018-03-27,2.0,2993.0,1496.5,1.0,2.0,2073.0,1036.5,0.0,1.0,0.0,0.6926161042432342,2,🔵 Risque modéré,-0.8090418,3.9168415
CLT01293,30,Normandie,1,0,Courtier,0.1542,2019-09-17,2.0,2376.0,1188.0,2.0,0.0,0.0,0.0,0.0,0.0,0.0,0.0,2,🔵 Risque modéré,-5.584281,7.528752
CLT01294,33,Hauts-de-France,2,0,Web,0.1135,2019-01-21,2.0,3690.0,1845.0,2.0,0.0,0.0,0.0,0.0,0.0,0.0,0.0,2,🔵 Risque modéré,-5.729331,7.2411757
CLT01295,60,Bretagne,0,2,Web,0.3169,2020-12-20,1.0,693.0,693.0,1.0,3.0,1756.0,585.3333333333334,0.0,3.0,0.0,2.533910533910534,3,🔴 Très haut risque,-1.0614505,4.907281
CLT01296,31,Bretagne,0,1,Courtier,0.3667,2018-07-03,1.0,843.0,843.0,1.0,3.0,25021.0,8340.333333333334,1.0,3.0,0.3333333333333333,29.680901542111506,3,🔴 Très haut risque,-1.513082,5.911228
CLT01297,22,Île-de-France,9,1,Web,0.2543,2018-08-12,,,,,0.0,0.0,0.0,0.0,,0.0,,1,🟢 Bon risque fidèle,14.381824,2.3019063
CLT01298,64,Hauts-de-France,6,0,Web,0.01,2017-07-06,1.0,1051.0,1051.0,1.0,0.0,0.0,0.0,0.0,0.0,0.0,0.0,2,🔵 Risque modéré,1.0056283,10.029174
CLT01299,37,Centre-Val de Loire,2,3,Web,0.431,2020-03-22,3.0,5701.0,1900.3333333333333,2.0,1.0,8191.0,8191.0,0.0,0.3333333333333333,0.0,1.4367654797403964,3,🔴 Très haut risque,-1.9436387,3.454958
CLT01300,28,Auvergne-Rhône-Alpes,1,0,Web,0.0361,2017-12-07,2.0,3378.0,1689.0,1.0,1.0,1749.0,1749.0,0.0,0.5,0.0,0.5177619893428064,2,🔵 Risque modéré,0.6380274,9.120567
CLT01301,30,Grand Est,0,0,Courtier,0.01,2020-03-31,1.0,914.0,914.0,1.0,0.0,0.0,0.0,0.0,0.0,0.0,0.0,2,🔵 Risque modéré,2.2161124,11.326506
CLT01302,19,Centre-Val de Loire,1,2,Web,0.5403,2016-05-06,3.0,4161.0,1387.0,3.0,1.0,2610.0,2610.0,0.0,0.3333333333333333,0.0,0.6272530641672674,2,🔵 Risque modéré,-2.0547464,3.2527933
CLT01303,58,Bretagne,0,0,Téléphone,0.0181,2018-05-09,1.0,1278.0,1278.0,1.0,0.0,0.0,0.0,0.0,0.0,0.0,0.0,2,🔵 Risque modéré,0.35898703,10.761941
CLT01304,57,Grand Est,1,0,Agent,0.0352,2018-09-01,2.0,1201.0,600.5,1.0,0.0,0.0,0.0,0.0,0.0,0.0,0.0,2,🔵 Risque modéré,0.7835025,10.511605
CLT01305,23,Centre-Val de Loire,3,0,Téléphone,0.1584,2018-09-04,1.0,1530.0,1530.0,1.0,1.0,2796.0,2796.0,0.0,1.0,0.0,1.8274509803921568,2,🔵 Risque modéré,0.65802705,5.9512167
CLT01306,25,Hauts-de-France,7,0,Web,0.0999,2020-10-16,1.0,2561.0,2561.0,1.0,0.0,0.0,0.0,0.0,0.0,0.0,0.0,2,🔵 Risque modéré,2.8221622,10.308676
CLT01307,21,Île-de-France,3,0,Courtier,0.01,2018-11-26,2.0,5383.0,2691.5,2.0,1.0,1539.0,1539.0,0.0,0.5,0.0,0.285900055731005,2,🔵 Risque modéré,-4.9879107,7.1875563
CLT01308,33,Centre-Val de Loire,4,1,Agent,0.2259,2019-06-26,2.0,4162.0,2081.0,2.0,0.0,0.0,0.0,0.0,0.0,0.0,0.0,2,🔵 Risque modéré,-3.432493,2.7474432
CLT01309,53,Nouvelle-Aquitaine,1,1,Web,0.3124,2020-04-01,1.0,1654.0,1654.0,1.0,1.0,4200.0,4200.0,0.0,1.0,0.0,2.539298669891173,3,🔴 Très haut risque,-0.4089417,4.55251
CLT01310,64,Normandie,1,0,Web,0.1357,2016-12-10,1.0,1322.0,1322.0,1.0,0.0,0.0,0.0,0.0,0.0,0.0,0.0,2,🔵 Risque modéré,0.4486559,11.339806
CLT01311,60,Occitanie,10,0,Téléphone,0.01,2016-09-17,3.0,5095.0,1698.3333333333333,3.0,2.0,1193.0,596.5,1.0,0.6666666666666666,0.5,0.23415112855740922,0,🟠 Risque élevé,-3.192404,5.156982
CLT01312,51,Île-de-France,0,0,Courtier,0.1279,2019-11-02,,,,,0.0,0.0,0.0,0.0,,0.0,,1,🟢 Bon risque fidèle,14.837305,8.49841
CLT01313,54,Bretagne,7,0,Web,0.0854,2020-08-13,5.0,10294.0,2058.8,2.0,4.0,39089.0,9772.25,0.0,0.8,0.0,3.7972605401204587,3,🔴 Très haut risque,-3.4943438,6.110863
CLT01314,40,Nouvelle-Aquitaine,1,0,Téléphone,0.01,2017-06-14,1.0,1726.0,1726.0,1.0,0.0,0.0,0.0,0.0,0.0,0.0,0.0,2,🔵 Risque modéré,2.0685816,10.659833
CLT01315,38,Provence-Alpes-Côte d'Azur,3,0,Téléphone,0.1934,2020-07-13,1.0,1346.0,1346.0,1.0,1.0,6791.0,6791.0,0.0,1.0,0.0,5.0453194650817235,3,🔴 Très haut risque,-0.28005144,5.8082237
CLT01316,32,Auvergne-Rhône-Alpes,13,1,Web,0.074,2019-02-15,3.0,5783.0,1927.6666666666667,2.0,0.0,0.0,0.0,0.0,0.0,0.0,0.0,2,🔵 Risque modéré,-4.604257,3.53798
CLT01317,28,Bretagne,3,1,Courtier,0.1249,2020-10-22,1.0,1117.0,1117.0,1.0,0.0,0.0,0.0,0.0,0.0,0.0,0.0,2,🔵 Risque modéré,1.5116382,1.222872
CLT01318,57,Hauts-de-France,2,2,Courtier,0.301,2020-11-25,2.0,1940.0,970.0,2.0,1.0,11708.0,11708.0,0.0,0.5,0.0,6.0350515463917525,3,🔴 Très haut risque,-2.046545,4.9371185
CLT01319,48,Île-de-France,1,0,Agent,0.01,2019-07-02,1.0,3414.0,3414.0,1.0,3.0,9628.0,3209.3333333333335,0.0,3.0,0.0,2.8201523140011715,3,🔴 Très haut risque,-0.81151116,5.498173
CLT01320,45,Centre-Val de Loire,20,0,Courtier,0.1193,2018-05-11,2.0,2927.0,1463.5,2.0,1.0,2463.0,2463.0,0.0,0.5,0.0,0.8414759139050222,2,🔵 Risque modéré,-0.7958664,6.9753065
CLT01321,31,Auvergne-Rhône-Alpes,0,0,Courtier,0.0502,2016-11-01,1.0,863.0,863.0,1.0,0.0,0.0,0.0,0.0,0.0,0.0,0.0,2,🔵 Risque modéré,2.1360269,11.454246
CLT01322,37,Centre-Val de Loire,0,2,Courtier,0.3771,2020-04-04,1.0,902.0,902.0,1.0,1.0,2743.0,2743.0,0.0,1.0,0.0,3.041019955654102,3,🔴 Très haut risque,-0.8374703,4.066736
CLT01323,18,Auvergne-Rhône-Alpes,5,0,Partenaire banque,0.0499,2019-02-28,1.0,1085.0,1085.0,1.0,0.0,0.0,0.0,0.0,0.0,0.0,0.0,2,🔵 Risque modéré,2.4303086,10.850444
CLT01324,38,Auvergne-Rhône-Alpes,2,0,Agent,0.01,2020-11-13,1.0,507.0,507.0,1.0,0.0,0.0,0.0,0.0,0.0,0.0,0.0,2,🔵 Risque modéré,1.6189464,11.0618305
CLT01325,50,Grand Est,11,2,Téléphone,0.2375,2020-12-04,1.0,1241.0,1241.0,1.0,0.0,0.0,0.0,0.0,0.0,0.0,0.0,2,🔵 Risque modéré,-0.59643155,0.98962176
CLT01326,34,Bretagne,2,0,Web,0.1695,2019-09-05,3.0,4141.0,1380.3333333333333,3.0,1.0,10246.0,10246.0,0.0,0.3333333333333333,0.0,2.4742815744989133,2,🔵 Risque modéré,-3.9158938,5.8491883
CLT01327,18,Normandie,13,0,Courtier,0.0285,2018-08-28,2.0,3386.0,1693.0,1.0,0.0,0.0,0.0,0.0,0.0,0.0,0.0,2,🔵 Risque modéré,2.0043974,9.158406
CLT01328,42,Île-de-France,0,0,Web,0.01,2018-04-07,3.0,3416.0,1138.6666666666667,1.0,1.0,353.0,353.0,0.0,0.3333333333333333,0.0,0.10333723653395785,2,🔵 Risque modéré,1.1616288,10.39628
CLT01329,39,Nouvelle-Aquitaine,2,2,Agent,0.1303,2019-10-28,2.0,1428.0,714.0,2.0,2.0,560.0,280.0,1.0,1.0,0.5,0.39215686274509803,0,🟠 Risque élevé,-3.012081,4.9336243
CLT01330,24,Bretagne,5,0,Web,0.01,2020-12-28,1.0,2049.0,2049.0,1.0,0.0,0.0,0.0,0.0,0.0,0.0,0.0,2,🔵 Risque modéré,2.5415952,10.488196
CLT01331,26,Provence-Alpes-Côte d'Azur,1,3,Agent,0.3832,2016-04-12,1.0,1110.0,1110.0,1.0,0.0,0.0,0.0,0.0,0.0,0.0,0.0,2,🔵 Risque modéré,-1.1362616,1.8244208
CLT01332,48,Normandie,13,0,Partenaire banque,0.01,2018-02-03,2.0,2620.0,1310.0,1.0,1.0,19763.0,19763.0,0.0,0.5,0.0,7.543129770992366,3,🔴 Très haut risque,-1.6609626,6.5780134
CLT01333,34,Île-de-France,0,1,Web,0.2539,2020-06-15,,,,,0.0,0.0,0.0,0.0,,0.0,,1,🟢 Bon risque fidèle,14.659555,1.1174483
CLT01334,53,Hauts-de-France,9,0,Web,0.0123,2020-09-24,,,,,0.0,0.0,0.0,0.0,,0.0,,1,🟢 Bon risque fidèle,14.345685,5.6127152
CLT01335,60,Normandie,0,2,Téléphone,0.1487,2019-11-05,2.0,4129.0,2064.5,1.0,4.0,63947.0,15986.75,0.0,2.0,0.0,15.487285056914507,3,🔴 Très haut risque,-1.7154009,5.858532
CLT01336,23,Auvergne-Rhône-Alpes,3,0,Partenaire banque,0.01,2017-04-13,1.0,1055.0,1055.0,1.0,0.0,0.0,0.0,0.0,0.0,0.0,0.0,2,🔵 Risque modéré,2.2947543,10.998985
CLT01337,43,Nouvelle-Aquitaine,0,0,Web,0.1149,2020-03-05,1.0,1935.0,1935.0,1.0,0.0,0.0,0.0,0.0,0.0,0.0,0.0,2,🔵 Risque modéré,2.5552442,10.795912
CLT01338,22,Normandie,9,1,Agent,0.2143,2017-10-21,2.0,3049.0,1524.5,2.0,1.0,2352.0,2352.0,0.0,0.5,0.0,0.77140045916694,2,🔵 Risque modéré,-2.8705418,3.2261548
CLT01339,42,Hauts-de-France,1,0,Agent,0.01,2019-05-25,3.0,3778.0,1259.3333333333333,1.0,1.0,30627.0,30627.0,0.0,0.3333333333333333,0.0,8.106670195870832,3,🔴 Très haut risque,-2.1605532,6.53271
CLT01340,46,Auvergne-Rhône-Alpes,12,0,Web,0.01,2017-03-10,2.0,3515.0,1757.5,2.0,0.0,0.0,0.0,0.0,0.0,0.0,0.0,2,🔵 Risque modéré,-5.7126346,5.5252366
CLT01341,44,Bretagne,1,1,Agent,0.1177,2020-04-06,,,,,0.0,0.0,0.0,0.0,,0.0,,1,🟢 Bon risque fidèle,14.226019,1.5964602
CLT01342,34,Grand Est,5,0,Téléphone,0.01,2020-08-10,,,,,0.0,0.0,0.0,0.0,,0.0,,1,🟢 Bon risque fidèle,15.270377,6.375424
CLT01343,32,Île-de-France,1,0,Courtier,0.1545,2016-11-23,1.0,2574.0,2574.0,1.0,0.0,0.0,0.0,0.0,0.0,0.0,0.0,2,🔵 Risque modéré,3.0593832,10.660757
CLT01344,34,Auvergne-Rhône-Alpes,0,0,Web,0.01,2018-11-05,3.0,3295.0,1098.3333333333333,2.0,2.0,3080.0,1540.0,0.0,0.6666666666666666,0.0,0.9347496206373292,2,🔵 Risque modéré,-4.793638,7.018205
CLT01345,54,Bretagne,10,0,Web,0.01,2020-10-11,2.0,2769.0,1384.5,2.0,0.0,0.0,0.0,0.0,0.0,0.0,0.0,2,🔵 Risque modéré,-5.8483753,5.541673
CLT01346,55,Grand Est,6,0,Téléphone,0.038,2016-03-02,3.0,4585.0,1528.3333333333333,2.0,1.0,3498.0,3498.0,1.0,0.3333333333333333,1.0,0.7629225736095965,0,🟠 Risque élevé,-4.760258,22.029821
CLT01347,31,Nouvelle-Aquitaine,1,0,Web,0.01,2020-09-03,,,,,0.0,0.0,0.0,0.0,,0.0,,1,🟢 Bon risque fidèle,15.796393,6.9200454
CLT01348,43,Occitanie,1,0,Téléphone,0.0555,2017-05-27,2.0,2840.0,1420.0,1.0,1.0,865.0,865.0,0.0,0.5,0.0,0.3045774647887324,2,🔵 Risque modéré,0.7106005,9.634051
CLT01349,51,Île-de-France,7,0,Courtier,0.01,2018-01-10,2.0,1933.0,966.5,1.0,0.0,0.0,0.0,0.0,0.0,0.0,0.0,2,🔵 Risque modéré,1.3678846,9.630066
CLT01350,46,Occitanie,0,0,Web,0.094,2020-08-15,2.0,4819.0,2409.5,2.0,0.0,0.0,0.0,0.0,0.0,0.0,0.0,2,🔵 Risque modéré,-6.3691063,6.7571206
CLT01351,30,Normandie,1,2,Courtier,0.2359,2019-07-27,4.0,5498.0,1374.5,2.0,3.0,4630.0,1543.3333333333333,0.0,0.75,0.0,0.8421244088759549,2,🔵 Risque modéré,-2.3170788,3.4586525
CLT01352,46,Auvergne-Rhône-Alpes,3,0,Agent,0.01,2017-05-12,,,,,0.0,0.0,0.0,0.0,,0.0,,1,🟢 Bon risque fidèle,14.593283,6.9676576
CLT01353,65,Provence-Alpes-Côte d'Azur,4,1,Courtier,0.0492,2018-07-04,,,,,0.0,0.0,0.0,0.0,,0.0,,1,🟢 Bon risque fidèle,13.399011,1.8786532
CLT01354,39,Nouvelle-Aquitaine,0,1,Partenaire banque,0.1139,2018-08-31,1.0,1316.0,1316.0,1.0,0.0,0.0,0.0,0.0,0.0,0.0,0.0,2,🔵 Risque modéré,1.4588335,0.9621559
CLT01355,57,Centre-Val de Loire,2,0,Courtier,0.01,2017-12-08,2.0,4321.0,2160.5,1.0,2.0,58726.0,29363.0,0.0,1.0,0.0,13.590835454755844,3,🔴 Très haut risque,-1.9455055,6.499996
CLT01356,46,Nouvelle-Aquitaine,4,0,Téléphone,0.0849,2017-06-15,1.0,570.0,570.0,1.0,0.0,0.0,0.0,0.0,0.0,0.0,0.0,2,🔵 Risque modéré,1.4159684,11.044698
CLT01357,63,Auvergne-Rhône-Alpes,0,0,Web,0.1382,2018-03-04,1.0,1600.0,1600.0,1.0,0.0,0.0,0.0,0.0,0.0,0.0,0.0,2,🔵 Risque modéré,0.35435286,11.324088
CLT01358,39,Île-de-France,2,0,Web,0.2437,2019-03-19,1.0,3594.0,3594.0,1.0,2.0,14982.0,7491.0,0.0,2.0,0.0,4.168614357262103,3,🔴 Très haut risque,-0.71356297,5.524493
CLT01359,35,Occitanie,3,1,Téléphone,0.2799,2019-08-20,1.0,1020.0,1020.0,1.0,0.0,0.0,0.0,0.0,0.0,0.0,0.0,2,🔵 Risque modéré,1.3619592,1.6762226
CLT01360,42,Occitanie,2,2,Agent,0.3398,2017-07-07,3.0,3747.0,1249.0,2.0,1.0,2845.0,2845.0,0.0,0.3333333333333333,0.0,0.759274085935415,2,🔵 Risque modéré,-2.0603878,3.190706
CLT01361,61,Bretagne,2,0,Courtier,0.01,2020-11-07,,,,,0.0,0.0,0.0,0.0,,0.0,,1,🟢 Bon risque fidèle,13.707602,8.243464
CLT01362,33,Île-de-France,2,0,Courtier,0.0945,2016-09-29,4.0,4672.0,1168.0,3.0,0.0,0.0,0.0,0.0,0.0,0.0,0.0,2,🔵 Risque modéré,-4.6434336,4.9842463
CLT01363,64,Nouvelle-Aquitaine,7,1,Agent,0.0893,2016-01-20,,,,,0.0,0.0,0.0,0.0,,0.0,,1,🟢 Bon risque fidèle,13.448523,2.0170257
CLT01364,44,Occitanie,10,2,Web,0.0618,2020-07-08,3.0,3958.0,1319.3333333333333,3.0,0.0,0.0,0.0,0.0,0.0,0.0,0.0,2,🔵 Risque modéré,-4.4475474,3.6427326
CLT01365,27,Hauts-de-France,0,0,Agent,0.01,2019-12-25,1.0,1497.0,1497.0,1.0,0.0,0.0,0.0,0.0,0.0,0.0,0.0,2,🔵 Risque modéré,2.5443513,11.252957
CLT01366,38,Hauts-de-France,10,1,Courtier,0.0858,2018-02-12,1.0,888.0,888.0,1.0,0.0,0.0,0.0,0.0,0.0,0.0,0.0,2,🔵 Risque modéré,0.11842714,0.6451555
CLT01367,38,Provence-Alpes-Côte d'Azur,3,0,Courtier,0.1372,2017-03-24,2.0,1868.0,934.0,2.0,1.0,582.0,582.0,0.0,0.5,0.0,0.31156316916488225,2,🔵 Risque modéré,-4.722425,6.848389
CLT01368,48,Normandie,5,0,Web,0.01,2018-12-04,2.0,2262.0,1131.0,2.0,0.0,0.0,0.0,0.0,0.0,0.0,0.0,2,🔵 Risque modéré,-6.2804265,6.433234
CLT01369,50,Centre-Val de Loire,0,0,Courtier,0.01,2016-07-30,,,,,0.0,0.0,0.0,0.0,,0.0,,1,🟢 Bon risque fidèle,14.47154,7.4983187
CLT01370,32,Île-de-France,6,0,Courtier,0.01,2019-09-20,,,,,0.0,0.0,0.0,0.0,,0.0,,1,🟢 Bon risque fidèle,15.270725,6.2229195
CLT01371,42,Provence-Alpes-Côte d'Azur,8,0,Courtier,0.01,2019-05-03,,,,,0.0,0.0,0.0,0.0,,0.0,,1,🟢 Bon risque fidèle,14.775001,5.8815527
CLT01372,38,Centre-Val de Loire,5,1,Web,0.0855,2019-11-04,2.0,3470.0,1735.0,2.0,0.0,0.0,0.0,0.0,0.0,0.0,0.0,2,🔵 Risque modéré,-3.985783,2.81422
CLT01373,39,Auvergne-Rhône-Alpes,0,1,Courtier,0.4501,2017-11-21,1.0,930.0,930.0,1.0,2.0,11300.0,5650.0,0.0,2.0,0.0,12.150537634408602,3,🔴 Très haut risque,-1.3188497,5.239358
CLT01374,48,Hauts-de-France,1,1,Agent,0.0981,2020-11-01,1.0,1091.0,1091.0,1.0,1.0,8473.0,8473.0,0.0,1.0,0.0,7.766269477543538,3,🔴 Très haut risque,-0.7270129,5.365576
CLT01375,59,Hauts-de-France,1,0,Web,0.0702,2019-12-29,3.0,2855.0,951.6666666666666,2.0,0.0,0.0,0.0,0.0,0.0,0.0,0.0,2,🔵 Risque modéré,-5.751788,6.195766
CLT01376,70,Hauts-de-France,6,0,Web,0.0869,2018-11-27,2.0,2319.0,1159.5,2.0,0.0,0.0,0.0,0.0,0.0,0.0,0.0,2,🔵 Risque modéré,-5.967518,5.957575
CLT01377,28,Occitanie,10,0,Téléphone,0.0407,2020-07-09,,,,,0.0,0.0,0.0,0.0,,0.0,,1,🟢 Bon risque fidèle,15.162599,5.691323
CLT01378,41,Centre-Val de Loire,8,0,Courtier,0.01,2017-10-18,1.0,1312.0,1312.0,1.0,0.0,0.0,0.0,0.0,0.0,0.0,0.0,2,🔵 Risque modéré,1.8173062,9.772562
CLT01379,41,Nouvelle-Aquitaine,2,0,Agent,0.1575,2019-09-06,,,,,0.0,0.0,0.0,0.0,,0.0,,1,🟢 Bon risque fidèle,15.581936,8.081537
CLT01380,33,Normandie,9,2,Partenaire banque,0.2847,2017-06-17,2.0,3250.0,1625.0,2.0,3.0,13030.0,4343.333333333333,1.0,1.5,0.3333333333333333,4.009230769230769,3,🔴 Très haut risque,-2.718621,4.8582244
CLT01381,57,Bretagne,0,1,Courtier,0.2692,2020-02-19,1.0,931.0,931.0,1.0,1.0,10759.0,10759.0,0.0,1.0,0.0,11.556390977443609,3,🔴 Très haut risque,-1.5514436,5.6832337
CLT01382,24,Île-de-France,0,0,Courtier,0.1071,2019-03-19,,,,,0.0,0.0,0.0,0.0,,0.0,,1,🟢 Bon risque fidèle,16.616625,7.265829
CLT01383,69,Occitanie,0,0,Web,0.01,2020-01-02,2.0,4100.0,2050.0,1.0,1.0,1234.0,1234.0,0.0,0.5,0.0,0.30097560975609755,2,🔵 Risque modéré,0.39635566,10.109848
CLT01384,46,Occitanie,4,1,Agent,0.0326,2019-08-02,2.0,2973.0,1486.5,1.0,0.0,0.0,0.0,0.0,0.0,0.0,0.0,2,🔵 Risque modéré,1.076894,0.4628225
CLT01385,58,Normandie,2,0,Téléphone,0.01,2019-10-09,,,,,0.0,0.0,0.0,0.0,,0.0,,1,🟢 Bon risque fidèle,13.7334795,8.165525
CLT01386,58,Provence-Alpes-Côte d'Azur,1,0,Courtier,0.244,2020-09-29,,,,,0.0,0.0,0.0,0.0,,0.0,,1,🟢 Bon risque fidèle,14.933575,8.89791
CLT01387,31,Nouvelle-Aquitaine,1,1,Téléphone,0.2283,2020-12-02,2.0,1667.0,833.5,1.0,1.0,14457.0,14457.0,0.0,0.5,0.0,8.67246550689862,3,🔴 Très haut risque,-2.1090739,5.830255
CLT01388,21,Grand Est,0,0,Web,0.2007,2016-07-20,1.0,780.0,780.0,1.0,2.0,11976.0,5988.0,0.0,2.0,0.0,15.353846153846154,3,🔴 Très haut risque,-1.4273235,5.721358
CLT01389,48,Normandie,2,2,Web,0.2475,2017-06-15,4.0,5838.0,1459.5,2.0,4.0,33058.0,8264.5,0.0,1.0,0.0,5.662555669749914,3,🔴 Très haut risque,-2.2551599,3.981675
CLT01390,43,Grand Est,9,1,Agent,0.01,2017-01-11,4.0,7593.0,1898.25,2.0,2.0,12578.0,6289.0,0.0,0.5,0.0,1.6565257473989201,2,🔵 Risque modéré,-4.211379,4.052018
CLT01391,51,Provence-Alpes-Côte d'Azur,9,0,Agent,0.1867,2017-04-02,2.0,4502.0,2251.0,2.0,0.0,0.0,0.0,0.0,0.0,0.0,0.0,2,🔵 Risque modéré,-6.1668353,6.321914
CLT01392,56,Provence-Alpes-Côte d'Azur,2,0,Web,0.0893,2020-11-21,2.0,3545.0,1772.5,1.0,2.0,5863.0,2931.5,0.0,1.0,0.0,1.6538787023977433,2,🔵 Risque modéré,0.2266132,5.9924116
CLT01393,39,Hauts-de-France,1,1,Courtier,0.1574,2020-12-23,1.0,2185.0,2185.0,1.0,2.0,2355.0,1177.5,0.0,2.0,0.0,1.0778032036613272,3,🔴 Très haut risque,-0.7985127,5.327539
CLT01394,69,Provence-Alpes-Côte d'Azur,0,0,Courtier,0.0545,2019-04-16,,,,,0.0,0.0,0.0,0.0,,0.0,,1,🟢 Bon risque fidèle,13.891512,8.6483555
CLT01395,50,Hauts-de-France,3,1,Courtier,0.2098,2016-08-31,2.0,2698.0,1349.0,2.0,0.0,0.0,0.0,0.0,0.0,0.0,0.0,2,🔵 Risque modéré,-3.5336094,2.9532096
CLT01396,31,Normandie,10,1,Web,0.1865,2019-07-25,2.0,2123.0,1061.5,2.0,2.0,1295.0,647.5,1.0,1.0,0.5,0.6099858690532266,0,🟠 Risque élevé,-3.1709838,5.0985446
CLT01397,37,Centre-Val de Loire,3,1,Courtier,0.0238,2019-06-27,1.0,1028.0,1028.0,1.0,0.0,0.0,0.0,0.0,0.0,0.0,0.0,2,🔵 Risque modéré,1.2822287,0.48688665
CLT01398,53,Auvergne-Rhône-Alpes,2,0,Courtier,0.024,2017-02-04,1.0,794.0,794.0,1.0,0.0,0.0,0.0,0.0,0.0,0.0,0.0,2,🔵 Risque modéré,0.9171407,10.777456
CLT01399,52,Grand Est,5,0,Web,0.01,2019-10-28,1.0,3242.0,3242.0,1.0,0.0,0.0,0.0,0.0,0.0,0.0,0.0,2,🔵 Risque modéré,2.972279,10.013876
CLT01400,62,Bretagne,4,0,Courtier,0.1539,2018-04-28,1.0,1110.0,1110.0,1.0,0.0,0.0,0.0,0.0,0.0,0.0,0.0,2,🔵 Risque modéré,0.66393334,11.145197
CLT01401,40,Île-de-France,1,0,Téléphone,0.2028,2016-11-06,3.0,5844.0,1948.0,2.0,1.0,3540.0,3540.0,0.0,0.3333333333333333,0.0,0.6057494866529775,2,🔵 Risque modéré,-4.477548,6.5659943
CLT01402,56,Nouvelle-Aquitaine,1,1,Partenaire banque,0.1856,2017-12-04,,,,,0.0,0.0,0.0,0.0,,0.0,,1,🟢 Bon risque fidèle,13.462065,1.2398854
CLT01403,45,Bretagne,5,0,Partenaire banque,0.0488,2018-07-28,,,,,0.0,0.0,0.0,0.0,,0.0,,1,🟢 Bon risque fidèle,14.608952,6.4625072
CLT01404,19,Nouvelle-Aquitaine,2,2,Web,0.3289,2020-01-07,,,,,0.0,0.0,0.0,0.0,,0.0,,1,🟢 Bon risque fidèle,12.456067,2.8590808
CLT01405,44,Nouvelle-Aquitaine,1,0,Agent,0.1645,2018-09-27,3.0,5779.0,1926.3333333333333,2.0,0.0,0.0,0.0,0.0,0.0,0.0,0.0,2,🔵 Risque modéré,-5.667147,6.6582932
CLT01406,58,Provence-Alpes-Côte d'Azur,2,0,Agent,0.287,2016-12-30,1.0,774.0,774.0,1.0,0.0,0.0,0.0,0.0,0.0,0.0,0.0,2,🔵 Risque modéré,0.8350937,11.679857
CLT01407,48,Provence-Alpes-Côte d'Azur,3,0,Agent,0.0233,2016-01-12,2.0,2129.0,1064.5,1.0,0.0,0.0,0.0,0.0,0.0,0.0,0.0,2,🔵 Risque modéré,1.0756084,10.335749
CLT01408,39,Normandie,0,0,Web,0.1509,2020-04-09,2.0,3551.0,1775.5,2.0,4.0,78888.0,19722.0,0.0,2.0,0.0,22.215713883413123,3,🔴 Très haut risque,-1.6404244,6.0579557
CLT01409,33,Nouvelle-Aquitaine,2,0,Courtier,0.01,2016-11-22,2.0,3040.0,1520.0,1.0,0.0,0.0,0.0,0.0,0.0,0.0,0.0,2,🔵 Risque modéré,1.8063713,10.729118
CLT01410,39,Normandie,0,0,Agent,0.2424,2020-05-17,2.0,1637.0,818.5,1.0,2.0,12414.0,6207.0,0.0,1.0,0.0,7.583384239462431,3,🔴 Très haut risque,-0.4748062,5.745788
CLT01411,25,Auvergne-Rhône-Alpes,3,1,Web,0.1731,2018-06-09,1.0,1246.0,1246.0,1.0,1.0,3317.0,3317.0,1.0,1.0,1.0,2.662118780096308,0,🟠 Risque élevé,-4.6625633,22.11704
CLT01412,36,Bretagne,9,2,Courtier,0.1355,2018-09-06,,,,,0.0,0.0,0.0,0.0,,0.0,,1,🟢 Bon risque fidèle,13.5360565,2.75347
CLT01413,40,Bretagne,0,0,Web,0.1613,2018-12-31,2.0,5449.0,2724.5,2.0,1.0,11720.0,11720.0,0.0,0.5,0.0,2.1508533675903836,3,🔴 Très haut risque,-3.2522297,6.496802
CLT01414,42,Occitanie,1,0,Agent,0.0296,2016-01-31,1.0,1792.0,1792.0,1.0,1.0,3888.0,3888.0,0.0,1.0,0.0,2.169642857142857,2,🔵 Risque modéré,0.29337153,6.0846806
CLT01415,55,Provence-Alpes-Côte d'Azur,4,0,Agent,0.0899,2018-12-25,2.0,2511.0,1255.5,1.0,1.0,1896.0,1896.0,0.0,0.5,0.0,0.7550776583034647,2,🔵 Risque modéré,0.5640222,9.572198
CLT01416,43,Occitanie,1,0,Web,0.01,2016-01-11,2.0,1969.0,984.5,1.0,0.0,0.0,0.0,0.0,0.0,0.0,0.0,2,🔵 Risque modéré,1.4757872,10.7571
CLT01417,53,Occitanie,0,3,Web,0.4398,2020-12-03,1.0,1346.0,1346.0,1.0,0.0,0.0,0.0,0.0,0.0,0.0,0.0,2,🔵 Risque modéré,-1.0414574,1.994326
CLT01418,38,Provence-Alpes-Côte d'Azur,3,0,Web,0.1342,2016-07-31,2.0,1504.0,752.0,2.0,0.0,0.0,0.0,0.0,0.0,0.0,0.0,2,🔵 Risque modéré,-5.8300734,7.2709756
CLT01419,19,Bretagne,0,1,Courtier,0.211,2017-09-20,1.0,2997.0,2997.0,1.0,1.0,1968.0,1968.0,0.0,1.0,0.0,0.6566566566566566,2,🔵 Risque modéré,-0.077864036,3.9894147
CLT01420,35,Nouvelle-Aquitaine,2,0,Web,0.01,2016-04-05,3.0,2326.0,775.3333333333334,2.0,0.0,0.0,0.0,0.0,0.0,0.0,0.0,2,🔵 Risque modéré,-5.5326023,6.930188
CLT01421,43,Hauts-de-France,4,0,Partenaire banque,0.0547,2018-07-24,1.0,2439.0,2439.0,1.0,0.0,0.0,0.0,0.0,0.0,0.0,0.0,2,🔵 Risque modéré,2.6705446,10.130327
CLT01422,56,Grand Est,1,0,Courtier,0.071,2017-11-24,,,,,0.0,0.0,0.0,0.0,,0.0,,1,🟢 Bon risque fidèle,14.28671,8.335315
CLT01423,50,Bretagne,3,0,Téléphone,0.2112,2016-10-03,2.0,2030.0,1015.0,2.0,0.0,0.0,0.0,0.0,0.0,0.0,0.0,2,🔵 Risque modéré,-6.017713,6.8009505
CLT01424,46,Provence-Alpes-Côte d'Azur,0,0,Partenaire banque,0.01,2018-10-02,,,,,0.0,0.0,0.0,0.0,,0.0,,1,🟢 Bon risque fidèle,14.578374,7.4548903
CLT01425,18,Provence-Alpes-Côte d'Azur,11,2,Agent,0.2927,2016-12-05,,,,,0.0,0.0,0.0,0.0,,0.0,,1,🟢 Bon risque fidèle,13.263171,2.8580995
CLT01426,41,Bretagne,0,1,Web,0.1024,2017-04-06,,,,,0.0,0.0,0.0,0.0,,0.0,,1,🟢 Bon risque fidèle,14.373862,1.6553403
CLT01427,18,Nouvelle-Aquitaine,4,0,Web,0.0951,2016-02-16,2.0,2722.0,1361.0,2.0,0.0,0.0,0.0,0.0,0.0,0.0,0.0,2,🔵 Risque modéré,-5.330098,7.149286
CLT01428,18,Centre-Val de Loire,8,0,Courtier,0.0248,2016-09-11,6.0,9709.0,1618.1666666666667,3.0,2.0,15033.0,7516.5,0.0,0.3333333333333333,0.0,1.5483571943557524,2,🔵 Risque modéré,-4.38427,5.2122784
CLT01429,55,Provence-Alpes-Côte d'Azur,0,1,Agent,0.1324,2020-06-12,,,,,0.0,0.0,0.0,0.0,,0.0,,1,🟢 Bon risque fidèle,13.564586,1.4908892
CLT01430,28,Île-de-France,0,1,Courtier,0.0595,2019-08-06,,,,,0.0,0.0,0.0,0.0,,0.0,,1,🟢 Bon risque fidèle,14.853898,1.8873049
CLT01431,31,Hauts-de-France,11,0,Agent,0.1974,2019-07-02,1.0,786.0,786.0,1.0,0.0,0.0,0.0,0.0,0.0,0.0,0.0,2,🔵 Risque modéré,1.7823867,10.027342
CLT01432,20,Île-de-France,4,0,Courtier,0.3833,2016-04-10,,,,,0.0,0.0,0.0,0.0,,0.0,,1,🟢 Bon risque fidèle,16.63709,7.8292365
CLT01433,33,Auvergne-Rhône-Alpes,5,0,Agent,0.01,2016-02-12,1.0,956.0,956.0,1.0,1.0,4687.0,4687.0,0.0,1.0,0.0,4.902719665271967,3,🔴 Très haut risque,-0.067623675,6.1243744
CLT01434,22,Île-de-France,7,1,Agent,0.1904,2018-05-05,1.0,1074.0,1074.0,1.0,0.0,0.0,0.0,0.0,0.0,0.0,0.0,2,🔵 Risque modéré,0.54443526,1.0812184
CLT01435,24,Normandie,0,0,Courtier,0.0396,2019-01-27,3.0,2961.0,987.0,2.0,5.0,7624.0,1524.8,1.0,1.6666666666666667,0.2,2.574805808848362,3,🔴 Très haut risque,-3.3429618,5.4696283
CLT01436,48,Hauts-de-France,11,0,Courtier,0.2098,2016-11-11,1.0,1781.0,1781.0,1.0,2.0,6236.0,3118.0,0.0,2.0,0.0,3.5014037057832677,3,🔴 Très haut risque,-0.7518296,6.0959806
CLT01437,40,Occitanie,2,0,Agent,0.2742,2019-07-16,,,,,0.0,0.0,0.0,0.0,,0.0,,1,🟢 Bon risque fidèle,15.742511,8.527751
CLT01438,19,Île-de-France,4,1,Web,0.01,2019-09-19,1.0,1305.0,1305.0,1.0,1.0,1601.0,1601.0,0.0,1.0,0.0,1.2268199233716475,2,🔵 Risque modéré,0.17654632,4.560421
CLT01439,41,Auvergne-Rhône-Alpes,3,0,Agent,0.0106,2017-07-08,2.0,1753.0,876.5,2.0,0.0,0.0,0.0,0.0,0.0,0.0,0.0,2,🔵 Risque modéré,-6.1147575,6.681431
CLT01440,47,Centre-Val de Loire,2,0,Agent,0.1495,2016-10-09,2.0,3751.0,1875.5,2.0,2.0,4439.0,2219.5,0.0,1.0,0.0,1.1834177552652625,2,🔵 Risque modéré,-4.012065,6.50763
CLT01441,41,Bretagne,1,0,Téléphone,0.2092,2016-08-04,1.0,1840.0,1840.0,1.0,1.0,2175.0,2175.0,0.0,1.0,0.0,1.1820652173913044,2,🔵 Risque modéré,0.58850217,5.8217154
CLT01442,23,Grand Est,9,1,Agent,0.1589,2016-08-31,1.0,1407.0,1407.0,1.0,1.0,3266.0,3266.0,0.0,1.0,0.0,2.3212508884150673,2,🔵 Risque modéré,-0.077235326,4.631641
CLT01443,45,Hauts-de-France,0,0,Web,0.0158,2016-08-07,,,,,0.0,0.0,0.0,0.0,,0.0,,1,🟢 Bon risque fidèle,14.634654,7.381348
CLT01444,18,Normandie,3,0,Web,0.1944,2017-02-15,,,,,0.0,0.0,0.0,0.0,,0.0,,1,🟢 Bon risque fidèle,16.647766,7.480683
CLT01445,24,Hauts-de-France,17,1,Téléphone,0.0815,2017-02-19,,,,,0.0,0.0,0.0,0.0,,0.0,,1,🟢 Bon risque fidèle,14.518308,4.712982
CLT01446,32,Provence-Alpes-Côte d'Azur,14,0,Agent,0.01,2017-08-29,,,,,0.0,0.0,0.0,0.0,,0.0,,1,🟢 Bon risque fidèle,14.6655,5.1017866
CLT01447,68,Nouvelle-Aquitaine,0,1,Web,0.1054,2018-10-15,1.0,1217.0,1217.0,1.0,1.0,350.0,350.0,0.0,1.0,0.0,0.2875924404272802,2,🔵 Risque modéré,-0.14408797,4.751357
CLT01448,38,Occitanie,0,2,Agent,0.288,2018-09-13,2.0,2478.0,1239.0,2.0,2.0,4211.0,2105.5,0.0,1.0,0.0,1.6993543179983859,2,🔵 Risque modéré,-1.9638083,3.544579
CLT01449,44,Provence-Alpes-Côte d'Azur,3,0,Web,0.028,2016-01-29,2.0,1257.0,628.5,2.0,1.0,693.0,693.0,0.0,0.5,0.0,0.5513126491646778,2,🔵 Risque modéré,-5.0271087,6.29195
CLT01450,24,Auvergne-Rhône-Alpes,4,1,Téléphone,0.1089,2020-09-08,1.0,988.0,988.0,1.0,1.0,889.0,889.0,0.0,1.0,0.0,0.8997975708502024,2,🔵 Risque modéré,0.14037016,4.482032
CLT01451,21,Centre-Val de Loire,2,0,Agent,0.2986,2016-11-03,3.0,4017.0,1339.0,2.0,0.0,0.0,0.0,0.0,0.0,0.0,0.0,2,🔵 Risque modéré,-5.218063,7.6380773
CLT01452,41,Auvergne-Rhône-Alpes,3,0,Agent,0.2009,2016-06-04,2.0,1950.0,975.0,1.0,2.0,2598.0,1299.0,0.0,1.0,0.0,1.3323076923076924,2,🔵 Risque modéré,0.68633497,5.9620256
CLT01453,29,Auvergne-Rhône-Alpes,4,0,Téléphone,0.1228,2019-08-14,2.0,3618.0,1809.0,2.0,0.0,0.0,0.0,0.0,0.0,0.0,0.0,2,🔵 Risque modéré,-5.5418415,7.1808176
CLT01454,29,Occitanie,1,0,Courtier,0.01,2017-08-31,,,,,0.0,0.0,0.0,0.0,,0.0,,1,🟢 Bon risque fidèle,15.960983,6.8804007
CLT01455,57,Hauts-de-France,4,0,Courtier,0.01,2016-07-25,1.0,1423.0,1423.0,1.0,0.0,0.0,0.0,0.0,0.0,0.0,0.0,2,🔵 Risque modéré,0.7414052,10.414156
CLT01456,22,Nouvelle-Aquitaine,0,0,Téléphone,0.1061,2020-10-13,1.0,1244.0,1244.0,1.0,0.0,0.0,0.0,0.0,0.0,0.0,0.0,2,🔵 Risque modéré,2.6218626,11.555686
CLT01457,39,Hauts-de-France,1,0,Courtier,0.1118,2019-10-20,1.0,2172.0,2172.0,1.0,1.0,1557.0,1557.0,0.0,1.0,0.0,0.7168508287292817,2,🔵 Risque modéré,0.56289256,5.94704
CLT01458,46,Provence-Alpes-Côte d'Azur,0,0,Courtier,0.0104,2016-08-27,,,,,0.0,0.0,0.0,0.0,,0.0,,1,🟢 Bon risque fidèle,14.59927,7.4289837
CLT01459,22,Auvergne-Rhône-Alpes,4,1,Téléphone,0.3068,2020-12-30,3.0,7467.0,2489.0,2.0,1.0,13921.0,13921.0,0.0,0.3333333333333333,0.0,1.8643364135529663,3,🔴 Très haut risque,-2.4415646,5.659875
CLT01460,30,Île-de-France,3,0,Web,0.1021,2016-10-12,1.0,1753.0,1753.0,1.0,1.0,1919.0,1919.0,0.0,1.0,0.0,1.0946948088990303,2,🔵 Risque modéré,0.6707294,6.0245776
CLT01461,51,Nouvelle-Aquitaine,8,2,Web,0.07,2018-06-17,2.0,3014.0,1507.0,1.0,0.0,0.0,0.0,0.0,0.0,0.0,0.0,2,🔵 Risque modéré,-0.18865664,0.77036315
CLT01462,31,Centre-Val de Loire,2,0,Web,0.01,2020-02-12,,,,,0.0,0.0,0.0,0.0,,0.0,,1,🟢 Bon risque fidèle,15.800732,6.8072743
CLT01463,38,Auvergne-Rhône-Alpes,1,0,Courtier,0.1615,2017-12-04,,,,,0.0,0.0,0.0,0.0,,0.0,,1,🟢 Bon risque fidèle,15.848353,8.044572
CLT01464,48,Nouvelle-Aquitaine,3,0,Web,0.1707,2018-04-01,,,,,0.0,0.0,0.0,0.0,,0.0,,1,🟢 Bon risque fidèle,14.969556,8.164911
CLT01465,42,Normandie,2,0,Web,0.1892,2018-03-02,2.0,3567.0,1783.5,2.0,3.0,685.0,228.33333333333334,1.0,1.5,0.3333333333333333,0.1920381272778245,0,🟠 Risque élevé,-3.027631,5.16951
CLT01466,39,Normandie,1,0,Agent,0.196,2019-08-23,2.0,4502.0,2251.0,2.0,0.0,0.0,0.0,0.0,0.0,0.0,0.0,2,🔵 Risque modéré,-6.063396,7.0521545
CLT01467,39,Nouvelle-Aquitaine,2,1,Web,0.01,2019-11-28,1.0,1016.0,1016.0,1.0,0.0,0.0,0.0,0.0,0.0,0.0,0.0,2,🔵 Risque modéré,1.3764228,0.48564273
CLT01468,43,Île-de-France,6,0,Partenaire banque,0.087,2020-09-27,3.0,3762.0,1254.0,2.0,2.0,16195.0,8097.5,1.0,0.6666666666666666,0.5,4.304891015417331,0,🟠 Risque élevé,-3.0729258,5.169881
CLT01469,18,Nouvelle-Aquitaine,3,1,Web,0.122,2019-04-26,,,,,0.0,0.0,0.0,0.0,,0.0,,1,🟢 Bon risque fidèle,14.942413,1.97968
CLT01470,51,Normandie,3,1,Téléphone,0.0601,2019-10-23,1.0,989.0,989.0,1.0,0.0,0.0,0.0,0.0,0.0,0.0,0.0,2,🔵 Risque modéré,1.0574145,0.32771528
CLT01471,44,Normandie,11,0,Web,0.01,2018-02-18,1.0,2124.0,2124.0,1.0,1.0,25129.0,25129.0,0.0,1.0,0.0,11.830979284369114,3,🔴 Très haut risque,-1.7927808,6.5139103
CLT01472,55,Provence-Alpes-Côte d'Azur,10,2,Agent,0.0385,2020-11-03,,,,,0.0,0.0,0.0,0.0,,0.0,,1,🟢 Bon risque fidèle,13.498394,2.6060987
CLT01473,45,Nouvelle-Aquitaine,6,0,Courtier,0.01,2018-09-28,3.0,5972.0,1990.6666666666667,2.0,1.0,14277.0,14277.0,0.0,0.3333333333333333,0.0,2.3906563965170795,3,🔴 Très haut risque,-2.9275966,6.29524
CLT01474,52,Auvergne-Rhône-Alpes,0,0,Téléphone,0.0322,2018-06-23,3.0,1907.0,635.6666666666666,2.0,1.0,112.0,112.0,0.0,0.3333333333333333,0.0,0.05873099108547457,2,🔵 Risque modéré,-5.5002003,6.3214917
CLT01475,82,Île-de-France,5,0,Web,0.0778,2019-09-05,2.0,2156.0,1078.0,1.0,0.0,0.0,0.0,0.0,0.0,0.0,0.0,2,🔵 Risque modéré,0.38643765,10.399051
CLT01476,61,Provence-Alpes-Côte d'Azur,3,1,Web,0.3492,2020-11-15,2.0,6744.0,3372.0,1.0,0.0,0.0,0.0,0.0,0.0,0.0,0.0,2,🔵 Risque modéré,0.20674935,1.7129416
CLT01477,42,Grand Est,7,2,Agent,0.0756,2019-03-28,5.0,7267.0,1453.4,3.0,2.0,612.0,306.0,0.0,0.4,0.0,0.08421632035227741,2,🔵 Risque modéré,-3.8831036,4.032728
CLT01478,18,Centre-Val de Loire,0,0,Web,0.01,2019-10-05,3.0,4493.0,1497.6666666666667,2.0,2.0,6457.0,3228.5,1.0,0.6666666666666666,0.5,1.4371244157578456,0,🟠 Risque élevé,-3.1684244,5.1946125
CLT01479,43,Provence-Alpes-Côte d'Azur,0,0,Courtier,0.1025,2019-11-12,1.0,2545.0,2545.0,1.0,1.0,29875.0,29875.0,0.0,1.0,0.0,11.738703339882122,3,🔴 Très haut risque,-1.9225433,6.4568815
CLT01480,31,Centre-Val de Loire,7,2,Web,0.311,2019-09-19,1.0,1647.0,1647.0,1.0,5.0,31167.0,6233.4,0.0,5.0,0.0,18.92349726775956,3,🔴 Très haut risque,-1.3752066,5.35274
CLT01481,35,Occitanie,3,0,Courtier,0.2754,2019-09-23,2.0,2550.0,1275.0,1.0,1.0,186.0,186.0,0.0,0.5,0.0,0.07294117647058823,2,🔵 Risque modéré,0.48715797,9.037642
CLT01482,42,Bretagne,3,2,Web,0.1324,2020-08-21,4.0,8326.0,2081.5,2.0,3.0,24818.0,8272.666666666666,0.0,0.75,0.0,2.9807830891184244,3,🔴 Très haut risque,-2.6511998,3.8668652
CLT01483,46,Grand Est,2,2,Téléphone,0.2208,2019-06-11,4.0,5253.0,1313.25,3.0,0.0,0.0,0.0,0.0,0.0,0.0,0.0,2,🔵 Risque modéré,-2.4989736,3.2017064
CLT01484,51,Île-de-France,0,1,Web,0.01,2016-11-19,3.0,2819.0,939.6666666666666,2.0,2.0,2843.0,1421.5,0.0,0.6666666666666666,0.0,1.0085136573252926,2,🔵 Risque modéré,-3.7398374,3.3828456
CLT01485,46,Grand Est,5,2,Téléphone,0.1298,2020-10-12,,,,,0.0,0.0,0.0,0.0,,0.0,,1,🟢 Bon risque fidèle,12.866116,2.3703756
CLT01486,43,Normandie,4,0,Téléphone,0.01,2016-06-04,3.0,3813.0,1271.0,2.0,2.0,18918.0,9459.0,0.0,0.6666666666666666,0.0,4.961447678992919,3,🔴 Très haut risque,-3.245551,6.350879
CLT01487,44,Normandie,0,0,Web,0.2746,2017-11-10,2.0,3070.0,1535.0,2.0,0.0,0.0,0.0,0.0,0.0,0.0,0.0,2,🔵 Risque modéré,-5.9909835,7.2302856
CLT01488,48,Hauts-de-France,9,0,Web,0.0854,2017-04-03,1.0,876.0,876.0,1.0,0.0,0.0,0.0,0.0,0.0,0.0,0.0,2,🔵 Risque modéré,1.5771301,9.584237
CLT01489,55,Grand Est,0,1,Agent,0.0777,2018-04-07,4.0,9494.0,2373.5,2.0,0.0,0.0,0.0,0.0,0.0,0.0,0.0,2,🔵 Risque modéré,-3.7121577,3.2227674
CLT01490,58,Occitanie,0,1,Web,0.0783,2018-06-30,2.0,2516.0,1258.0,1.0,2.0,10257.0,5128.5,0.0,1.0,0.0,4.07670906200318,3,🔴 Très haut risque,-0.3670021,5.1110706
CLT01491,32,Centre-Val de Loire,0,1,Courtier,0.0973,2020-10-22,2.0,2191.0,1095.5,2.0,1.0,7833.0,7833.0,0.0,0.5,0.0,3.5750798722044728,3,🔴 Très haut risque,-2.7944286,3.8939996
CLT01492,37,Normandie,1,2,Courtier,0.1314,2016-09-02,,,,,0.0,0.0,0.0,0.0,,0.0,,1,🟢 Bon risque fidèle,12.69414,2.4541326
CLT01493,44,Normandie,0,1,Agent,0.3094,2016-02-08,4.0,8025.0,2006.25,2.0,3.0,18284.0,6094.666666666667,0.0,0.75,0.0,2.278380062305296,3,🔴 Très haut risque,-2.7096086,4.04066
CLT01494,53,Auvergne-Rhône-Alpes,2,2,Courtier,0.3106,2016-03-16,4.0,3848.0,962.0,3.0,1.0,222.0,222.0,0.0,0.25,0.0,0.057692307692307696,2,🔵 Risque modéré,-2.3423076,3.2165735
CLT01495,19,Grand Est,16,1,Courtier,0.2448,2020-08-20,,,,,0.0,0.0,0.0,0.0,,0.0,,1,🟢 Bon risque fidèle,14.460139,4.590011
CLT01496,57,Auvergne-Rhône-Alpes,0,0,Agent,0.01,2019-06-23,1.0,1502.0,1502.0,1.0,0.0,0.0,0.0,0.0,0.0,0.0,0.0,2,🔵 Risque modéré,0.3632339,10.76842
CLT01497,18,Hauts-de-France,2,0,Téléphone,0.0773,2019-02-27,2.0,3139.0,1569.5,1.0,0.0,0.0,0.0,0.0,0.0,0.0,0.0,2,🔵 Risque modéré,2.7950857,11.319595
CLT01498,49,Occitanie,2,0,Agent,0.01,2018-07-25,1.0,722.0,722.0,1.0,0.0,0.0,0.0,0.0,0.0,0.0,0.0,2,🔵 Risque modéré,1.0652977,10.794312
CLT01499,54,Provence-Alpes-Côte d'Azur,0,0,Courtier,0.01,2016-04-23,3.0,3910.0,1303.3333333333333,3.0,0.0,0.0,0.0,0.0,0.0,0.0,0.0,2,🔵 Risque modéré,-4.858494,5.0639653
CLT01500,53,Occitanie,5,1,Téléphone,0.2317,2017-11-12,,,,,0.0,0.0,0.0,0.0,,0.0,,1,🟢 Bon risque fidèle,13.656991,1.6528091
CLT01501,37,Grand Est,3,1,Agent,0.1809,2019-05-15,1.0,1136.0,1136.0,1.0,0.0,0.0,0.0,0.0,0.0,0.0,0.0,2,🔵 Risque modéré,1.4316033,1.1575028
CLT01502,23,Normandie,4,2,Agent,0.1899,2018-01-16,1.0,2644.0,2644.0,1.0,1.0,2242.0,2242.0,0.0,1.0,0.0,0.8479576399394856,2,🔵 Risque modéré,-0.15774146,3.9788756
CLT01503,46,Normandie,8,0,Web,0.17,2020-04-06,,,,,0.0,0.0,0.0,0.0,,0.0,,1,🟢 Bon risque fidèle,14.873122,6.2201076
CLT01504,78,Occitanie,5,1,Web,0.2098,2017-12-30,2.0,3070.0,1535.0,1.0,3.0,9036.0,3012.0,0.0,1.5,0.0,2.9433224755700325,3,🔴 Très haut risque,-0.48141086,4.8427587
CLT01505,74,Hauts-de-France,2,0,Courtier,0.1403,2018-02-06,1.0,1471.0,1471.0,1.0,0.0,0.0,0.0,0.0,0.0,0.0,0.0,2,🔵 Risque modéré,0.41339496,11.24139
CLT01506,52,Auvergne-Rhône-Alpes,1,0,Web,0.1726,2016-12-04,1.0,1683.0,1683.0,1.0,0.0,0.0,0.0,0.0,0.0,0.0,0.0,2,🔵 Risque modéré,0.92183506,11.580108
CLT01507,37,Normandie,3,2,Web,0.3235,2020-01-10,2.0,2767.0,1383.5,1.0,2.0,3217.0,1608.5,0.0,1.0,0.0,1.1626310083122515,2,🔵 Risque modéré,-0.7566791,3.9321928
CLT01508,26,Bretagne,1,2,Web,0.4202,2019-06-07,1.0,1822.0,1822.0,1.0,1.0,7976.0,7976.0,0.0,1.0,0.0,4.377607025246982,3,🔴 Très haut risque,-0.86524063,4.1067586
CLT01509,35,Occitanie,0,1,Web,0.1857,2020-10-13,1.0,951.0,951.0,1.0,0.0,0.0,0.0,0.0,0.0,0.0,0.0,2,🔵 Risque modéré,1.6475415,1.1923846
CLT01510,59,Bretagne,0,0,Web,0.1134,2020-08-17,1.0,1763.0,1763.0,1.0,0.0,0.0,0.0,0.0,0.0,0.0,0.0,2,🔵 Risque modéré,0.3375661,11.124139
CLT01511,37,Occitanie,0,1,Agent,0.0452,2016-08-10,3.0,3384.0,1128.0,2.0,1.0,158.0,158.0,0.0,0.3333333333333333,0.0,0.0466903073286052,2,🔵 Risque modéré,-3.6340864,2.7876697
CLT01512,40,Bretagne,16,1,Web,0.1772,2019-07-22,1.0,973.0,973.0,1.0,1.0,1197.0,1197.0,0.0,1.0,0.0,1.2302158273381294,2,🔵 Risque modéré,-0.6393689,6.755753
CLT01513,39,Centre-Val de Loire,10,0,Web,0.01,2018-07-13,1.0,861.0,861.0,1.0,0.0,0.0,0.0,0.0,0.0,0.0,0.0,2,🔵 Risque modéré,1.8347462,9.206826
CLT01514,25,Normandie,0,1,Agent,0.2087,2018-10-31,3.0,6128.0,2042.6666666666667,2.0,1.0,3117.0,3117.0,0.0,0.3333333333333333,0.0,0.5086488250652742,2,🔵 Risque modéré,-2.9866827,3.2128763
CLT01515,51,Nouvelle-Aquitaine,0,1,Partenaire banque,0.2228,2016-01-11,,,,,0.0,0.0,0.0,0.0,,0.0,,1,🟢 Bon risque fidèle,13.589915,1.0216504
CLT01516,26,Grand Est,5,0,Agent,0.085,2019-02-09,,,,,0.0,0.0,0.0,0.0,,0.0,,1,🟢 Bon risque fidèle,16.177723,6.8235707
CLT01517,74,Bretagne,0,1,Téléphone,0.1139,2018-09-18,1.0,2548.0,2548.0,1.0,1.0,1754.0,1754.0,0.0,1.0,0.0,0.6883830455259027,2,🔵 Risque modéré,0.10052227,5.19201
CLT01518,28,Grand Est,4,0,Agent,0.1053,2016-12-30,,,,,0.0,0.0,0.0,0.0,,0.0,,1,🟢 Bon risque fidèle,16.221336,6.976996
CLT01519,20,Centre-Val de Loire,5,0,Web,0.0447,2020-07-29,,,,,0.0,0.0,0.0,0.0,,0.0,,1,🟢 Bon risque fidèle,16.215946,6.333464
CLT01520,48,Nouvelle-Aquitaine,0,0,Web,0.01,2019-09-10,4.0,3556.0,889.0,3.0,1.0,15470.0,15470.0,0.0,0.25,0.0,4.350393700787402,3,🔴 Très haut risque,-3.0791824,6.2154713
CLT01521,55,Centre-Val de Loire,3,0,Agent,0.1972,2017-10-23,,,,,0.0,0.0,0.0,0.0,,0.0,,1,🟢 Bon risque fidèle,14.622861,8.587256
CLT01522,30,Grand Est,5,0,Téléphone,0.0247,2018-05-09,3.0,3669.0,1223.0,3.0,2.0,10494.0,5247.0,0.0,0.6666666666666666,0.0,2.8601798855273914,2,🔵 Risque modéré,-4.3907986,5.549183
CLT01523,27,Centre-Val de Loire,1,0,Téléphone,0.1735,2020-04-12,1.0,917.0,917.0,1.0,0.0,0.0,0.0,0.0,0.0,0.0,0.0,2,🔵 Risque modéré,2.3285427,11.819223
CLT01524,42,Occitanie,2,0,Web,0.0822,2017-12-05,1.0,2570.0,2570.0,1.0,1.0,7056.0,7056.0,0.0,1.0,0.0,2.745525291828794,3,🔴 Très haut risque,0.07374194,5.815016
CLT01525,18,Hauts-de-France,10,0,Courtier,0.0414,2016-10-02,1.0,929.0,929.0,1.0,0.0,0.0,0.0,0.0,0.0,0.0,0.0,2,🔵 Risque modéré,2.0557785,9.344985
CLT01526,60,Nouvelle-Aquitaine,0,0,Courtier,0.3209,2019-12-06,4.0,8019.0,2004.75,3.0,3.0,5571.0,1857.0,2.0,0.75,0.6666666666666666,0.6947250280583613,0,🟠 Risque élevé,-3.112861,5.1157684
CLT01527,60,Grand Est,0,1,Web,0.2865,2019-12-09,2.0,3788.0,1894.0,2.0,2.0,18434.0,9217.0,0.0,1.0,0.0,4.866420274551214,3,🔴 Très haut risque,-2.2444534,4.7450237
CLT01528,31,Grand Est,0,0,Téléphone,0.0129,2019-12-30,1.0,1014.0,1014.0,1.0,0.0,0.0,0.0,0.0,0.0,0.0,0.0,2,🔵 Risque modéré,2.1620996,11.3258295
CLT01529,52,Grand Est,1,0,Agent,0.1348,2017-02-17,1.0,2300.0,2300.0,1.0,1.0,241.0,241.0,0.0,1.0,0.0,0.10478260869565217,2,🔵 Risque modéré,0.35692614,5.7145295
CLT01530,39,Occitanie,1,0,Agent,0.01,2017-08-20,4.0,6508.0,1627.0,2.0,0.0,0.0,0.0,0.0,0.0,0.0,0.0,2,🔵 Risque modéré,-5.4480696,6.7155347
CLT01531,44,Provence-Alpes-Côte d'Azur,1,0,Partenaire banque,0.1772,2016-09-30,2.0,3747.0,1873.5,1.0,1.0,3739.0,3739.0,0.0,0.5,0.0,0.9978649586335735,2,🔵 Risque modéré,0.33097294,8.764733
CLT01532,64,Nouvelle-Aquitaine,2,2,Courtier,0.2188,2019-11-24,,,,,0.0,0.0,0.0,0.0,,0.0,,1,🟢 Bon risque fidèle,12.6602955,2.107317
CLT01533,29,Provence-Alpes-Côte d'Azur,0,0,Agent,0.1132,2020-04-09,2.0,4249.0,2124.5,2.0,2.0,17330.0,8665.0,0.0,1.0,0.0,4.078606730995529,3,🔴 Très haut risque,-3.5817878,6.713423
CLT01534,46,Provence-Alpes-Côte d'Azur,0,0,Courtier,0.0737,2019-04-10,3.0,4927.0,1642.3333333333333,2.0,0.0,0.0,0.0,0.0,0.0,0.0,0.0,2,🔵 Risque modéré,-5.580616,6.6651692
CLT01535,64,Centre-Val de Loire,1,1,Partenaire banque,0.2777,2019-12-27,2.0,3659.0,1829.5,2.0,1.0,7724.0,7724.0,0.0,0.5,0.0,2.110959278491391,3,🔴 Très haut risque,-2.7228541,4.14984
CLT01536,31,Bretagne,2,1,Agent,0.1698,2020-09-21,1.0,1933.0,1933.0,1.0,0.0,0.0,0.0,0.0,0.0,0.0,0.0,2,🔵 Risque modéré,1.0473806,1.5223459
CLT01537,41,Grand Est,0,0,Web,0.2279,2020-10-03,1.0,1358.0,1358.0,1.0,1.0,3707.0,3707.0,0.0,1.0,0.0,2.7297496318114876,2,🔵 Risque modéré,0.60266256,5.780436
CLT01538,57,Bretagne,6,0,Téléphone,0.01,2018-12-08,3.0,5779.0,1926.3333333333333,2.0,1.0,320.0,320.0,0.0,0.3333333333333333,0.0,0.05537290188613947,2,🔵 Risque modéré,-5.8138275,5.805518
CLT01539,18,Auvergne-Rhône-Alpes,2,0,Web,0.1211,2016-10-26,1.0,3161.0,3161.0,1.0,0.0,0.0,0.0,0.0,0.0,0.0,0.0,2,🔵 Risque modéré,3.2413034,10.754364
CLT01540,37,Île-de-France,0,0,Agent,0.0642,2017-02-15,4.0,4064.0,1016.0,3.0,0.0,0.0,0.0,0.0,0.0,0.0,0.0,2,🔵 Risque modéré,-4.6408935,4.9393716
CLT01541,34,Hauts-de-France,1,0,Agent,0.01,2016-11-27,3.0,5257.0,1752.3333333333333,2.0,2.0,32859.0,16429.5,0.0,0.6666666666666666,0.0,6.250523112041088,3,🔴 Très haut risque,-2.6518104,6.3686438
CLT01542,74,Hauts-de-France,4,0,Agent,0.2467,2016-10-28,,,,,0.0,0.0,0.0,0.0,,0.0,,1,🟢 Bon risque fidèle,14.342189,8.791766
CLT01543,36,Île-de-France,0,0,Agent,0.1129,2017-08-29,2.0,5102.0,2551.0,1.0,0.0,0.0,0.0,0.0,0.0,0.0,0.0,2,🔵 Risque modéré,2.8555775,10.61095
CLT01544,55,Occitanie,0,1,Agent,0.2126,2016-03-09,,,,,0.0,0.0,0.0,0.0,,0.0,,1,🟢 Bon risque fidèle,13.475384,1.073947
CLT01545,19,Provence-Alpes-Côte d'Azur,2,0,Téléphone,0.0353,2016-07-30,1.0,513.0,513.0,1.0,0.0,0.0,0.0,0.0,0.0,0.0,0.0,2,🔵 Risque modéré,2.3684614,11.431834
CLT01546,61,Centre-Val de Loire,2,0,Téléphone,0.0817,2020-02-25,,,,,0.0,0.0,0.0,0.0,,0.0,,1,🟢 Bon risque fidèle,14.102593,8.481812
CLT01547,48,Grand Est,2,0,Téléphone,0.159,2020-03-02,1.0,1618.0,1618.0,1.0,0.0,0.0,0.0,0.0,0.0,0.0,0.0,2,🔵 Risque modéré,1.0187991,11.517312
CLT01548,44,Grand Est,0,0,Courtier,0.1965,2018-11-14,4.0,6538.0,1634.5,3.0,3.0,19900.0,6633.333333333333,0.0,0.75,0.0,3.0437442643010093,3,🔴 Très haut risque,-4.1034775,5.6911683
CLT01549,35,Hauts-de-France,2,1,Agent,0.3084,2016-04-08,2.0,2948.0,1474.0,2.0,2.0,24499.0,12249.5,0.0,1.0,0.0,8.310379918588874,3,🔴 Très haut risque,-1.8665553,5.3714895
CLT01550,33,Bretagne,0,0,Courtier,0.1053,2020-06-04,1.0,1277.0,1277.0,1.0,2.0,18271.0,9135.5,0.0,2.0,0.0,14.307752545027409,3,🔴 Très haut risque,-1.3376104,5.6972814
CLT01551,31,Provence-Alpes-Côte d'Azur,0,0,Partenaire banque,0.136,2016-04-22,,,,,0.0,0.0,0.0,0.0,,0.0,,1,🟢 Bon risque fidèle,16.109104,7.7139754
CLT01552,60,Île-de-France,0,0,Agent,0.1929,2017-02-21,,,,,0.0,0.0,0.0,0.0,,0.0,,1,🟢 Bon risque fidèle,14.737798,8.898873
CLT01553,33,Centre-Val de Loire,6,1,Téléphone,0.1898,2020-10-30,1.0,1255.0,1255.0,1.0,0.0,0.0,0.0,0.0,0.0,0.0,0.0,2,🔵 Risque modéré,0.4959259,0.89714205
CLT01554,24,Normandie,0,0,Téléphone,0.024,2019-07-23,1.0,1251.0,1251.0,1.0,0.0,0.0,0.0,0.0,0.0,0.0,0.0,2,🔵 Risque modéré,2.5199826,11.344076
CLT01555,18,Provence-Alpes-Côte d'Azur,2,0,Agent,0.2453,2019-01-26,,,,,0.0,0.0,0.0,0.0,,0.0,,1,🟢 Bon risque fidèle,16.680836,7.716162
CLT01556,52,Centre-Val de Loire,0,0,Web,0.1267,2020-01-26,2.0,2696.0,1348.0,2.0,2.0,6445.0,3222.5,0.0,1.0,0.0,2.390578635014837,2,🔵 Risque modéré,-4.0783224,6.400001
CLT01557,46,Occitanie,5,1,Web,0.0512,2016-12-31,2.0,2413.0,1206.5,1.0,2.0,8561.0,4280.5,0.0,1.0,0.0,3.547865727310402,2,🔵 Risque modéré,-0.25904146,5.122147
CLT01558,33,Auvergne-Rhône-Alpes,8,0,Web,0.034,2016-12-23,3.0,4735.0,1578.3333333333333,3.0,2.0,1871.0,935.5,0.0,0.6666666666666666,0.0,0.39514255543822596,2,🔵 Risque modéré,-4.8070164,5.503476
CLT01559,55,Grand Est,0,0,Web,0.1494,2016-03-26,1.0,836.0,836.0,1.0,0.0,0.0,0.0,0.0,0.0,0.0,0.0,2,🔵 Risque modéré,0.8746741,11.469938
CLT01560,36,Bretagne,0,0,Web,0.1742,2017-06-27,4.0,9008.0,2252.0,2.0,1.0,8049.0,8049.0,0.0,0.25,0.0,0.8935390763765542,2,🔵 Risque modéré,-4.2340965,6.549236
CLT01561,36,Nouvelle-Aquitaine,1,0,Web,0.0985,2020-09-30,,,,,0.0,0.0,0.0,0.0,,0.0,,1,🟢 Bon risque fidèle,15.827018,7.5651183
CLT01562,54,Hauts-de-France,16,1,Web,0.0816,2018-08-15,3.0,4465.0,1488.3333333333333,2.0,0.0,0.0,0.0,0.0,0.0,0.0,0.0,2,🔵 Risque modéré,-4.6041956,3.7665956
CLT01563,42,Nouvelle-Aquitaine,0,2,Web,0.3911,2017-10-24,2.0,2055.0,1027.5,2.0,1.0,196.0,196.0,0.0,0.5,0.0,0.09537712895377129,2,🔵 Risque modéré,-1.9591782,3.1346104
CLT01564,29,Centre-Val de Loire,0,1,Web,0.2641,2019-07-06,2.0,3894.0,1947.0,1.0,1.0,3376.0,3376.0,0.0,0.5,0.0,0.866974833076528,2,🔵 Risque modéré,0.029117905,3.5576966
CLT01565,62,Centre-Val de Loire,6,0,Téléphone,0.01,2017-09-10,3.0,7582.0,2527.3333333333335,2.0,1.0,1204.0,1204.0,0.0,0.3333333333333333,0.0,0.1587971511474545,2,🔵 Risque modéré,-5.8400464,5.7657566
CLT01566,49,Normandie,4,0,Agent,0.1036,2019-02-02,2.0,2390.0,1195.0,1.0,0.0,0.0,0.0,0.0,0.0,0.0,0.0,2,🔵 Risque modéré,1.1114733,10.260267
CLT01567,28,Provence-Alpes-Côte d'Azur,0,0,Web,0.01,2019-12-22,1.0,988.0,988.0,1.0,1.0,556.0,556.0,0.0,1.0,0.0,0.562753036437247,2,🔵 Risque modéré,0.8163963,6.093098
CLT01568,38,Provence-Alpes-Côte d'Azur,9,0,Courtier,0.01,2017-01-13,2.0,4177.0,2088.5,2.0,0.0,0.0,0.0,0.0,0.0,0.0,0.0,2,🔵 Risque modéré,-5.604279,6.0673122
CLT01569,55,Grand Est,0,1,Web,0.3128,2018-11-02,1.0,1389.0,1389.0,1.0,0.0,0.0,0.0,0.0,0.0,0.0,0.0,2,🔵 Risque modéré,0.97989404,1.4691727
CLT01570,60,Nouvelle-Aquitaine,1,1,Courtier,0.1209,2019-01-06,2.0,3071.0,1535.5,1.0,2.0,3150.0,1575.0,0.0,1.0,0.0,1.0257245197004232,2,🔵 Risque modéré,-0.13932244,4.7150183
CLT01571,39,Bretagne,4,0,Web,0.1812,2017-03-31,2.0,2843.0,1421.5,2.0,1.0,4337.0,4337.0,1.0,0.5,1.0,1.5255012310939149,0,🟠 Risque élevé,-4.735465,22.04207
CLT01572,57,Occitanie,2,1,Agent,0.2516,2017-11-11,2.0,2372.0,1186.0,2.0,0.0,0.0,0.0,0.0,0.0,0.0,0.0,2,🔵 Risque modéré,-3.4853,3.0941925
CLT01573,41,Provence-Alpes-Côte d'Azur,7,1,Web,0.2276,2020-03-23,,,,,0.0,0.0,0.0,0.0,,0.0,,1,🟢 Bon risque fidèle,14.080752,2.1979342
CLT01574,35,Centre-Val de Loire,6,0,Courtier,0.01,2019-02-25,,,,,0.0,0.0,0.0,0.0,,0.0,,1,🟢 Bon risque fidèle,15.240897,6.2533813
CLT01575,61,Île-de-France,1,1,Web,0.2011,2017-12-11,3.0,8050.0,2683.3333333333335,2.0,1.0,820.0,820.0,0.0,0.3333333333333333,0.0,0.10186335403726708,2,🔵 Risque modéré,-3.323355,3.4005625
CLT01576,44,Normandie,0,0,Web,0.0764,2019-08-10,3.0,4539.0,1513.0,2.0,2.0,4072.0,2036.0,0.0,0.6666666666666666,0.0,0.8971139017404715,2,🔵 Risque modéré,-4.5984883,6.509177
CLT01577,36,Centre-Val de Loire,14,1,Téléphone,0.193,2017-05-16,1.0,2215.0,2215.0,1.0,0.0,0.0,0.0,0.0,0.0,0.0,0.0,2,🔵 Risque modéré,-0.23251802,0.64965576
CLT01578,29,Île-de-France,4,0,Agent,0.0486,2017-10-21,1.0,1132.0,1132.0,1.0,0.0,0.0,0.0,0.0,0.0,0.0,0.0,2,🔵 Risque modéré,2.2186832,10.885776
CLT01579,39,Bretagne,12,2,Téléphone,0.1835,2016-08-22,,,,,0.0,0.0,0.0,0.0,,0.0,,1,🟢 Bon risque fidèle,13.49187,2.838918
CLT01580,25,Bretagne,2,1,Web,0.1079,2020-01-24,,,,,0.0,0.0,0.0,0.0,,0.0,,1,🟢 Bon risque fidèle,14.948269,1.8491398
CLT01581,41,Hauts-de-France,1,0,Web,0.0557,2018-11-26,1.0,553.0,553.0,1.0,0.0,0.0,0.0,0.0,0.0,0.0,0.0,2,🔵 Risque modéré,1.5058271,11.264113
CLT01582,18,Provence-Alpes-Côte d'Azur,2,1,Courtier,0.4261,2018-11-09,3.0,4983.0,1661.0,2.0,1.0,679.0,679.0,0.0,0.3333333333333333,0.0,0.13626329520369254,2,🔵 Risque modéré,-2.625648,2.8495076
CLT01583,34,Normandie,3,1,Courtier,0.2383,2017-09-01,1.0,2762.0,2762.0,1.0,0.0,0.0,0.0,0.0,0.0,0.0,0.0,2,🔵 Risque modéré,0.5009769,1.7635834
CLT01584,18,Occitanie,0,0,Web,0.1412,2016-06-19,1.0,1039.0,1039.0,1.0,1.0,38237.0,38237.0,0.0,1.0,0.0,36.801732435033685,3,🔴 Très haut risque,-1.6817936,6.2434945
CLT01585,46,Auvergne-Rhône-Alpes,4,2,Web,0.1922,2020-05-04,3.0,4670.0,1556.6666666666667,2.0,2.0,24788.0,12394.0,1.0,0.6666666666666666,0.5,5.307922912205568,0,🟠 Risque élevé,-2.8626556,5.000016
CLT01586,71,Grand Est,14,0,Courtier,0.01,2019-07-09,2.0,4402.0,2201.0,2.0,0.0,0.0,0.0,0.0,0.0,0.0,0.0,2,🔵 Risque modéré,-5.892094,5.40219
CLT01587,38,Auvergne-Rhône-Alpes,3,2,Web,0.1363,2019-07-15,2.0,1814.0,907.0,2.0,1.0,407.0,407.0,0.0,0.5,0.0,0.22436604189636164,2,🔵 Risque modéré,-2.6426876,2.868569
CLT01588,24,Occitanie,2,2,Téléphone,0.3319,2018-05-20,,,,,0.0,0.0,0.0,0.0,,0.0,,1,🟢 Bon risque fidèle,12.438831,2.8322952
CLT01589,28,Auvergne-Rhône-Alpes,1,1,Web,0.3628,2020-08-26,2.0,3935.0,1967.5,2.0,0.0,0.0,0.0,0.0,0.0,0.0,0.0,2,🔵 Risque modéré,-2.83455,2.6261659
CLT01590,43,Bretagne,1,1,Agent,0.0614,2016-05-29,1.0,1153.0,1153.0,1.0,0.0,0.0,0.0,0.0,0.0,0.0,0.0,2,🔵 Risque modéré,1.3557134,0.48414722
CLT01591,23,Nouvelle-Aquitaine,0,0,Web,0.2083,2020-01-10,1.0,1394.0,1394.0,1.0,0.0,0.0,0.0,0.0,0.0,0.0,0.0,2,🔵 Risque modéré,2.7792416,11.75886
CLT01592,52,Provence-Alpes-Côte d'Azur,3,1,Web,0.0994,2016-06-01,,,,,0.0,0.0,0.0,0.0,,0.0,,1,🟢 Bon risque fidèle,13.633857,1.7846414
CLT01593,35,Île-de-France,2,1,Web,0.1982,2017-06-01,3.0,3194.0,1064.6666666666667,3.0,1.0,12032.0,12032.0,0.0,0.3333333333333333,0.0,3.7670632435817155,3,🔴 Très haut risque,-2.6549222,5.528884
CLT01594,32,Grand Est,4,1,Web,0.1236,2020-08-11,1.0,2340.0,2340.0,1.0,0.0,0.0,0.0,0.0,0.0,0.0,0.0,2,🔵 Risque modéré,0.6984283,1.3901016
CLT01595,48,Occitanie,1,0,Téléphone,0.0671,2018-04-16,2.0,2055.0,1027.5,2.0,0.0,0.0,0.0,0.0,0.0,0.0,0.0,2,🔵 Risque modéré,-6.151222,6.7362123
CLT01596,60,Bretagne,0,2,Courtier,0.3138,2018-04-10,1.0,1147.0,1147.0,1.0,0.0,0.0,0.0,0.0,0.0,0.0,0.0,2,🔵 Risque modéré,-0.6173764,1.7202837
CLT01597,30,Bretagne,2,2,Web,0.4301,2018-03-10,1.0,2011.0,2011.0,1.0,1.0,5052.0,5052.0,0.0,1.0,0.0,2.5121829935355544,3,🔴 Très haut risque,-0.821075,4.001328
CLT01598,33,Auvergne-Rhône-Alpes,1,0,Courtier,0.01,2019-08-08,1.0,1458.0,1458.0,1.0,0.0,0.0,0.0,0.0,0.0,0.0,0.0,2,🔵 Risque modéré,2.344584,11.168725
CLT01599,43,Centre-Val de Loire,2,0,Web,0.0474,2020-03-09,1.0,1019.0,1019.0,1.0,0.0,0.0,0.0,0.0,0.0,0.0,0.0,2,🔵 Risque modéré,1.4235451,10.945828
CLT01600,49,Centre-Val de Loire,2,0,Web,0.1328,2020-10-05,3.0,3622.0,1207.3333333333333,2.0,3.0,5667.0,1889.0,0.0,1.0,0.0,1.564605190502485,2,🔵 Risque modéré,-4.276538,6.3021684
CLT01601,22,Auvergne-Rhône-Alpes,1,1,Courtier,0.3042,2018-10-28,2.0,2030.0,1015.0,2.0,2.0,18834.0,9417.0,1.0,1.0,0.5,9.277832512315271,0,🟠 Risque élevé,-2.768946,5.0505586
CLT01602,35,Auvergne-Rhône-Alpes,11,0,Web,0.01,2019-11-07,1.0,954.0,954.0,1.0,0.0,0.0,0.0,0.0,0.0,0.0,0.0,2,🔵 Risque modéré,1.8824229,9.121944
CLT01603,54,Hauts-de-France,2,0,Agent,0.0473,2017-08-01,1.0,1250.0,1250.0,1.0,0.0,0.0,0.0,0.0,0.0,0.0,0.0,2,🔵 Risque modéré,0.6277903,10.72501
CLT01604,34,Normandie,1,1,Courtier,0.0655,2020-08-12,,,,,0.0,0.0,0.0,0.0,,0.0,,1,🟢 Bon risque fidèle,14.652169,1.9048575
CLT01605,32,Île-de-France,0,0,Courtier,0.1124,2018-12-30,1.0,1100.0,1100.0,1.0,0.0,0.0,0.0,0.0,0.0,0.0,0.0,2,🔵 Risque modéré,2.071212,11.64594
CLT01606,39,Occitanie,4,0,Web,0.1199,2018-03-13,1.0,1833.0,1833.0,1.0,0.0,0.0,0.0,0.0,0.0,0.0,0.0,2,🔵 Risque modéré,2.1056216,10.642224
CLT01607,30,Grand Est,0,1,Web,0.1517,2019-07-24,,,,,0.0,0.0,0.0,0.0,,0.0,,1,🟢 Bon risque fidèle,14.983897,1.5378574
CLT01608,18,Nouvelle-Aquitaine,2,1,Web,0.3353,2020-12-23,2.0,3112.0,1556.0,2.0,4.0,11152.0,2788.0,1.0,2.0,0.25,3.583547557840617,3,🔴 Très haut risque,-2.4223218,4.7772284
CLT01609,56,Provence-Alpes-Côte d'Azur,8,0,Partenaire banque,0.01,2016-01-25,,,,,0.0,0.0,0.0,0.0,,0.0,,1,🟢 Bon risque fidèle,14.266653,5.661395
CLT01610,51,Grand Est,1,0,Téléphone,0.01,2016-10-18,1.0,1112.0,1112.0,1.0,0.0,0.0,0.0,0.0,0.0,0.0,0.0,2,🔵 Risque modéré,0.8901585,10.753558
CLT01611,51,Auvergne-Rhône-Alpes,0,0,Web,0.3498,2019-03-20,5.0,7668.0,1533.6,3.0,2.0,512.0,256.0,0.0,0.4,0.0,0.06677099634846113,2,🔵 Risque modéré,-4.6083684,5.619713
CLT01612,47,Centre-Val de Loire,0,0,Courtier,0.2321,2019-01-28,4.0,8098.0,2024.5,2.0,3.0,5996.0,1998.6666666666667,0.0,0.75,0.0,0.740429735737219,2,🔵 Risque modéré,-4.5898457,5.9770665
CLT01613,55,Auvergne-Rhône-Alpes,3,0,Web,0.1364,2020-03-14,,,,,0.0,0.0,0.0,0.0,,0.0,,1,🟢 Bon risque fidèle,14.514149,8.326171
CLT01614,55,Provence-Alpes-Côte d'Azur,0,0,Web,0.2182,2019-08-17,,,,,0.0,0.0,0.0,0.0,,0.0,,1,🟢 Bon risque fidèle,14.911369,8.903227
CLT01615,59,Grand Est,0,1,Web,0.079,2017-01-13,2.0,2463.0,1231.5,1.0,1.0,11649.0,11649.0,1.0,0.5,1.0,4.729598051157126,0,🟠 Risque élevé,-4.804254,21.952581
CLT01616,24,Occitanie,7,0,Agent,0.2167,2017-06-03,2.0,3527.0,1763.5,2.0,1.0,3319.0,3319.0,0.0,0.5,0.0,0.9410263680181458,2,🔵 Risque modéré,-4.543691,6.9365864
CLT01617,42,Occitanie,6,0,Web,0.0609,2019-10-08,4.0,5989.0,1497.25,3.0,2.0,6155.0,3077.5,0.0,0.5,0.0,1.0277174820504258,2,🔵 Risque modéré,-4.620877,5.195085
CLT01618,49,Centre-Val de Loire,0,1,Téléphone,0.1304,2020-10-11,,,,,0.0,0.0,0.0,0.0,,0.0,,1,🟢 Bon risque fidèle,13.875901,1.4893001
CLT01619,24,Grand Est,3,1,Courtier,0.3205,2019-02-01,1.0,743.0,743.0,1.0,0.0,0.0,0.0,0.0,0.0,0.0,0.0,2,🔵 Risque modéré,1.3528869,1.9962091
CLT01620,50,Auvergne-Rhône-Alpes,5,0,Web,0.304,2016-05-19,1.0,2376.0,2376.0,1.0,1.0,7664.0,7664.0,0.0,1.0,0.0,3.225589225589226,3,🔴 Très haut risque,-0.004994366,5.5993915
CLT01621,18,Hauts-de-France,0,0,Web,0.0146,2020-01-28,1.0,638.0,638.0,1.0,0.0,0.0,0.0,0.0,0.0,0.0,0.0,2,🔵 Risque modéré,2.4065895,11.43269
CLT01622,54,Centre-Val de Loire,7,0,Courtier,0.01,2017-11-10,4.0,7243.0,1810.75,2.0,0.0,0.0,0.0,0.0,0.0,0.0,0.0,2,🔵 Risque modéré,-5.730811,5.724657
CLT01623,49,Provence-Alpes-Côte d'Azur,4,0,Web,0.0611,2019-09-06,1.0,1030.0,1030.0,1.0,0.0,0.0,0.0,0.0,0.0,0.0,0.0,2,🔵 Risque modéré,1.254676,10.512415
CLT01624,50,Occitanie,7,1,Web,0.0639,2019-06-24,2.0,4092.0,2046.0,2.0,1.0,400.0,400.0,0.0,0.5,0.0,0.09775171065493646,2,🔵 Risque modéré,-4.16075,3.3183537
CLT01625,32,Auvergne-Rhône-Alpes,4,0,Téléphone,0.142,2017-10-14,2.0,2656.0,1328.0,1.0,0.0,0.0,0.0,0.0,0.0,0.0,0.0,2,🔵 Risque modéré,1.5992559,10.938179
CLT01626,34,Normandie,2,0,Courtier,0.01,2019-06-18,3.0,4360.0,1453.3333333333333,2.0,0.0,0.0,0.0,0.0,0.0,0.0,0.0,2,🔵 Risque modéré,-5.492122,6.9878745
CLT01627,18,Hauts-de-France,0,1,Agent,0.2383,2016-11-10,1.0,3340.0,3340.0,1.0,0.0,0.0,0.0,0.0,0.0,0.0,0.0,2,🔵 Risque modéré,0.5793141,1.8956485
CLT01628,52,Centre-Val de Loire,5,1,Courtier,0.1094,2020-07-14,1.0,874.0,874.0,1.0,0.0,0.0,0.0,0.0,0.0,0.0,0.0,2,🔵 Risque modéré,0.78148246,0.36731046
CLT01629,47,Provence-Alpes-Côte d'Azur,0,0,Partenaire banque,0.0253,2016-12-13,,,,,0.0,0.0,0.0,0.0,,0.0,,1,🟢 Bon risque fidèle,14.562508,7.4325376
CLT01630,40,Île-de-France,5,1,Web,0.2612,2020-05-30,,,,,0.0,0.0,0.0,0.0,,0.0,,1,🟢 Bon risque fidèle,14.153592,1.9389285
CLT01631,61,Occitanie,2,1,Agent,0.1462,2019-08-07,1.0,2034.0,2034.0,1.0,0.0,0.0,0.0,0.0,0.0,0.0,0.0,2,🔵 Risque modéré,0.7391915,1.0970429
CLT01632,62,Bretagne,6,1,Web,0.1207,2018-01-08,2.0,2548.0,1274.0,1.0,1.0,2993.0,2993.0,0.0,0.5,0.0,1.1746467817896389,2,🔵 Risque modéré,0.53587806,0.3037741
CLT01633,49,Nouvelle-Aquitaine,5,1,Agent,0.1465,2017-11-12,,,,,0.0,0.0,0.0,0.0,,0.0,,1,🟢 Bon risque fidèle,13.750192,1.9681574
CLT01634,72,Normandie,7,0,Courtier,0.01,2018-01-06,1.0,1393.0,1393.0,1.0,1.0,3576.0,3576.0,0.0,1.0,0.0,2.5671213208901653,2,🔵 Risque modéré,0.29617533,6.38071
CLT01635,44,Hauts-de-France,0,0,Courtier,0.2156,2016-08-12,,,,,0.0,0.0,0.0,0.0,,0.0,,1,🟢 Bon risque fidèle,15.647949,8.509809
CLT01636,45,Nouvelle-Aquitaine,0,0,Agent,0.01,2016-06-18,1.0,869.0,869.0,1.0,0.0,0.0,0.0,0.0,0.0,0.0,0.0,2,🔵 Risque modéré,1.3043394,10.991152
CLT01637,37,Hauts-de-France,1,0,Téléphone,0.1145,2016-10-15,2.0,3756.0,1878.0,2.0,1.0,5612.0,5612.0,0.0,0.5,0.0,1.4941427050053249,2,🔵 Risque modéré,-4.2271276,6.9030166
CLT01638,64,Grand Est,2,1,Web,0.1904,2020-02-13,,,,,0.0,0.0,0.0,0.0,,0.0,,1,🟢 Bon risque fidèle,13.245632,1.4174533
CLT01639,18,Auvergne-Rhône-Alpes,5,1,Agent,0.0818,2016-02-10,,,,,0.0,0.0,0.0,0.0,,0.0,,1,🟢 Bon risque fidèle,14.786289,2.1490357
CLT01640,34,Grand Est,3,0,Agent,0.01,2020-07-24,,,,,0.0,0.0,0.0,0.0,,0.0,,1,🟢 Bon risque fidèle,15.407729,6.7369423
CLT01641,23,Centre-Val de Loire,4,1,Courtier,0.1818,2020-04-26,,,,,0.0,0.0,0.0,0.0,,0.0,,1,🟢 Bon risque fidèle,14.820719,2.1045074
CLT01642,48,Centre-Val de Loire,1,1,Web,0.1892,2016-03-18,,,,,0.0,0.0,0.0,0.0,,0.0,,1,🟢 Bon risque fidèle,13.895877,1.2760136
CLT01643,30,Grand Est,12,2,Web,0.2203,2019-01-12,,,,,0.0,0.0,0.0,0.0,,0.0,,1,🟢 Bon risque fidèle,13.444798,2.8628201
CLT01644,24,Normandie,7,1,Agent,0.3577,2016-11-02,3.0,4997.0,1665.6666666666667,2.0,3.0,634.0,211.33333333333334,0.0,1.0,0.0,0.12687612567540524,2,🔵 Risque modéré,-2.7519794,3.2478395
CLT01645,43,Provence-Alpes-Côte d'Azur,3,0,Courtier,0.1405,2021-01-01,,,,,0.0,0.0,0.0,0.0,,0.0,,1,🟢 Bon risque fidèle,15.359686,7.97833
CLT01646,42,Centre-Val de Loire,1,0,Agent,0.01,2017-08-20,1.0,883.0,883.0,1.0,0.0,0.0,0.0,0.0,0.0,0.0,0.0,2,🔵 Risque modéré,1.4177159,11.018404
CLT01647,26,Nouvelle-Aquitaine,0,1,Courtier,0.1858,2018-11-13,1.0,2992.0,2992.0,1.0,0.0,0.0,0.0,0.0,0.0,0.0,0.0,2,🔵 Risque modéré,0.5932747,1.8269589
CLT01648,33,Auvergne-Rhône-Alpes,3,0,Courtier,0.114,2018-10-27,2.0,1598.0,799.0,2.0,0.0,0.0,0.0,0.0,0.0,0.0,0.0,2,🔵 Risque modéré,-5.7559495,7.3562365
CLT01649,36,Île-de-France,0,1,Agent,0.1238,2020-10-04,1.0,1177.0,1177.0,1.0,1.0,6941.0,6941.0,1.0,1.0,1.0,5.897196261682243,0,🟠 Risque élevé,-4.7286606,22.011421
CLT01650,38,Centre-Val de Loire,3,0,Agent,0.0361,2020-04-01,1.0,925.0,925.0,1.0,1.0,7639.0,7639.0,0.0,1.0,0.0,8.258378378378378,3,🔴 Très haut risque,-0.17664698,5.9751554
CLT01651,37,Grand Est,0,1,Web,0.0404,2016-11-24,3.0,4807.0,1602.3333333333333,2.0,0.0,0.0,0.0,0.0,0.0,0.0,0.0,2,🔵 Risque modéré,-3.7375863,2.7708137
CLT01652,30,Nouvelle-Aquitaine,4,0,Courtier,0.01,2019-03-06,3.0,5223.0,1741.0,2.0,0.0,0.0,0.0,0.0,0.0,0.0,0.0,2,🔵 Risque modéré,-5.430165,6.9631166
CLT01653,49,Nouvelle-Aquitaine,3,1,Agent,0.0763,2018-09-19,2.0,3353.0,1676.5,1.0,0.0,0.0,0.0,0.0,0.0,0.0,0.0,2,🔵 Risque modéré,1.1138419,0.52752477
CLT01654,51,Provence-Alpes-Côte d'Azur,0,1,Web,0.3085,2020-04-10,,,,,0.0,0.0,0.0,0.0,,0.0,,1,🟢 Bon risque fidèle,13.816664,0.8623608
CLT01655,24,Normandie,12,0,Web,0.1616,2017-06-27,1.0,1851.0,1851.0,1.0,3.0,3229.0,1076.3333333333333,1.0,3.0,0.3333333333333333,1.744462452728255,3,🔴 Très haut risque,-1.5360316,5.405768
CLT01656,53,Provence-Alpes-Côte d'Azur,20,0,Web,0.01,2019-10-03,,,,,0.0,0.0,0.0,0.0,,0.0,,1,🟢 Bon risque fidèle,14.461698,5.022285
CLT01657,54,Occitanie,1,0,Courtier,0.01,2020-06-10,2.0,3092.0,1546.0,1.0,0.0,0.0,0.0,0.0,0.0,0.0,0.0,2,🔵 Risque modéré,0.78285336,10.444361
CLT01658,31,Provence-Alpes-Côte d'Azur,2,0,Courtier,0.01,2018-07-22,2.0,1859.0,929.5,1.0,1.0,120.0,120.0,1.0,0.5,1.0,0.064550833781603,0,🟠 Risque élevé,-4.7293386,22.06352
CLT01659,47,Île-de-France,0,1,Web,0.2703,2019-08-23,3.0,4574.0,1524.6666666666667,3.0,1.0,22479.0,22479.0,1.0,0.3333333333333333,1.0,4.914516834280717,0,🟠 Risque élevé,-4.8845134,21.849487
CLT01660,44,Provence-Alpes-Côte d'Azur,10,2,Web,0.1915,2018-12-05,1.0,1040.0,1040.0,1.0,0.0,0.0,0.0,0.0,0.0,0.0,0.0,2,🔵 Risque modéré,-0.6390539,0.9917499
CLT01661,19,Hauts-de-France,0,1,Téléphone,0.2561,2017-06-25,,,,,0.0,0.0,0.0,0.0,,0.0,,1,🟢 Bon risque fidèle,15.121919,1.179778
CLT01662,52,Centre-Val de Loire,0,2,Courtier,0.2949,2016-12-24,2.0,2632.0,1316.0,2.0,1.0,1611.0,1611.0,0.0,0.5,0.0,0.6120820668693009,2,🔵 Risque modéré,-2.0526745,3.1343234
CLT01663,34,Bretagne,2,0,Agent,0.01,2018-01-20,,,,,0.0,0.0,0.0,0.0,,0.0,,1,🟢 Bon risque fidèle,15.541376,6.8602
CLT01664,48,Centre-Val de Loire,0,1,Agent,0.1297,2020-09-09,2.0,3285.0,1642.5,2.0,2.0,3195.0,1597.5,0.0,1.0,0.0,0.9726027397260274,2,🔵 Risque modéré,-3.0429752,3.6281753
CLT01665,29,Auvergne-Rhône-Alpes,4,1,Courtier,0.1012,2018-02-11,1.0,848.0,848.0,1.0,1.0,5106.0,5106.0,1.0,1.0,1.0,6.02122641509434,0,🟠 Risque élevé,-4.6999917,22.097023
CLT01666,26,Occitanie,12,1,Courtier,0.0176,2017-12-25,1.0,1037.0,1037.0,1.0,0.0,0.0,0.0,0.0,0.0,0.0,0.0,2,🔵 Risque modéré,0.033226453,0.76546514
CLT01667,39,Provence-Alpes-Côte d'Azur,2,0,Courtier,0.1986,2018-09-16,,,,,0.0,0.0,0.0,0.0,,0.0,,1,🟢 Bon risque fidèle,15.734007,8.185548
CLT01668,59,Centre-Val de Loire,0,0,Web,0.01,2020-12-13,,,,,0.0,0.0,0.0,0.0,,0.0,,1,🟢 Bon risque fidèle,13.873465,8.141891
CLT01669,51,Nouvelle-Aquitaine,4,1,Courtier,0.267,2017-04-18,1.0,1499.0,1499.0,1.0,1.0,6345.0,6345.0,0.0,1.0,0.0,4.23282188125417,3,🔴 Très haut risque,-0.5202694,4.7988095
CLT01670,62,Auvergne-Rhône-Alpes,3,0,Courtier,0.0985,2017-07-31,3.0,6090.0,2030.0,3.0,2.0,4045.0,2022.5,0.0,0.6666666666666666,0.0,0.6642036124794746,2,🔵 Risque modéré,-4.8076015,5.3448224
CLT01671,56,Occitanie,3,1,Web,0.1619,2016-11-20,,,,,0.0,0.0,0.0,0.0,,0.0,,1,🟢 Bon risque fidèle,13.467127,1.6010453
CLT01672,27,Provence-Alpes-Côte d'Azur,2,1,Agent,0.3461,2020-08-02,3.0,6842.0,2280.6666666666665,2.0,5.0,31807.0,6361.4,0.0,1.6666666666666667,0.0,4.648786904413914,3,🔴 Très haut risque,-2.0521984,4.4375873
CLT01673,30,Auvergne-Rhône-Alpes,9,0,Agent,0.01,2018-05-01,2.0,4918.0,2459.0,1.0,1.0,30335.0,30335.0,0.0,0.5,0.0,6.1681577877185845,3,🔴 Très haut risque,-2.0611925,6.532927
CLT01674,27,Provence-Alpes-Côte d'Azur,2,1,Agent,0.3584,2018-09-15,1.0,1430.0,1430.0,1.0,1.0,4283.0,4283.0,0.0,1.0,0.0,2.995104895104895,3,🔴 Très haut risque,-0.38292918,4.137918
CLT01675,61,Normandie,7,0,Courtier,0.0784,2019-04-26,1.0,1794.0,1794.0,1.0,0.0,0.0,0.0,0.0,0.0,0.0,0.0,2,🔵 Risque modéré,1.2421544,10.0114975
CLT01676,46,Nouvelle-Aquitaine,8,0,Agent,0.094,2018-04-23,4.0,9496.0,2374.0,2.0,0.0,0.0,0.0,0.0,0.0,0.0,0.0,2,🔵 Risque modéré,-5.7496448,5.789348
CLT01677,53,Île-de-France,9,0,Web,0.0183,2016-09-20,2.0,2842.0,1421.0,2.0,0.0,0.0,0.0,0.0,0.0,0.0,0.0,2,🔵 Risque modéré,-5.8672385,5.5901823
CLT01678,32,Centre-Val de Loire,1,0,Courtier,0.01,2016-10-04,3.0,4530.0,1510.0,2.0,0.0,0.0,0.0,0.0,0.0,0.0,0.0,2,🔵 Risque modéré,-5.423232,7.008925
CLT01679,51,Grand Est,0,1,Web,0.1577,2019-03-20,3.0,5871.0,1957.0,3.0,0.0,0.0,0.0,0.0,0.0,0.0,0.0,2,🔵 Risque modéré,-3.8406198,3.8358254
CLT01680,34,Nouvelle-Aquitaine,1,2,Web,0.272,2017-06-14,1.0,1538.0,1538.0,1.0,0.0,0.0,0.0,0.0,0.0,0.0,0.0,2,🔵 Risque modéré,-1.008285,1.4876788
CLT01681,18,Nouvelle-Aquitaine,8,1,Courtier,0.01,2018-04-12,5.0,8212.0,1642.4,3.0,0.0,0.0,0.0,0.0,0.0,0.0,0.0,2,🔵 Risque modéré,-4.503182,4.8365855
CLT01682,54,Centre-Val de Loire,0,0,Partenaire banque,0.1446,2019-07-31,2.0,3849.0,1924.5,2.0,0.0,0.0,0.0,0.0,0.0,0.0,0.0,2,🔵 Risque modéré,-6.2092457,6.7189417
CLT01683,45,Île-de-France,3,0,Téléphone,0.1107,2020-02-01,1.0,1193.0,1193.0,1.0,1.0,137.0,137.0,0.0,1.0,0.0,0.11483654652137469,2,🔵 Risque modéré,0.6588685,6.1013684
CLT01684,46,Hauts-de-France,4,0,Partenaire banque,0.01,2017-03-21,2.0,2057.0,1028.5,2.0,0.0,0.0,0.0,0.0,0.0,0.0,0.0,2,🔵 Risque modéré,-6.2871757,6.4666214
CLT01685,52,Normandie,0,0,Agent,0.1426,2018-08-25,,,,,0.0,0.0,0.0,0.0,,0.0,,1,🟢 Bon risque fidèle,14.832601,8.559757
CLT01686,65,Normandie,1,2,Web,0.2077,2020-08-29,1.0,1282.0,1282.0,1.0,1.0,1913.0,1913.0,0.0,1.0,0.0,1.4921996879875195,2,🔵 Risque modéré,-0.6361609,4.261576
CLT01687,38,Bretagne,12,1,Agent,0.0632,2020-06-17,1.0,2307.0,2307.0,1.0,0.0,0.0,0.0,0.0,0.0,0.0,0.0,2,🔵 Risque modéré,-0.013876626,0.72763294
CLT01688,58,Centre-Val de Loire,0,1,Téléphone,0.2009,2017-01-09,,,,,0.0,0.0,0.0,0.0,,0.0,,1,🟢 Bon risque fidèle,13.4069805,1.1811767
CLT01689,36,Centre-Val de Loire,4,1,Agent,0.2306,2017-06-27,1.0,1245.0,1245.0,1.0,0.0,0.0,0.0,0.0,0.0,0.0,0.0,2,🔵 Risque modéré,1.2588023,1.4401354
CLT01690,40,Nouvelle-Aquitaine,1,2,Agent,0.2446,2017-12-04,3.0,4307.0,1435.6666666666667,3.0,1.0,433.0,433.0,0.0,0.3333333333333333,0.0,0.10053401439517065,2,🔵 Risque modéré,-2.4259455,3.132959
CLT01691,63,Normandie,7,0,Courtier,0.1872,2016-05-22,,,,,0.0,0.0,0.0,0.0,,0.0,,1,🟢 Bon risque fidèle,14.374412,8.504681
CLT01692,28,Occitanie,3,0,Courtier,0.01,2016-09-29,,,,,0.0,0.0,0.0,0.0,,0.0,,1,🟢 Bon risque fidèle,15.963968,6.7133403
CLT01693,29,Auvergne-Rhône-Alpes,5,0,Web,0.0373,2018-12-08,,,,,0.0,0.0,0.0,0.0,,0.0,,1,🟢 Bon risque fidèle,15.3447,6.349794
CLT01694,36,Grand Est,1,1,Agent,0.0595,2020-08-21,,,,,0.0,0.0,0.0,0.0,,0.0,,1,🟢 Bon risque fidèle,14.642511,1.9070592
CLT01695,65,Nouvelle-Aquitaine,0,0,Agent,0.01,2016-12-31,,,,,0.0,0.0,0.0,0.0,,0.0,,1,🟢 Bon risque fidèle,13.805541,8.474468
CLT01696,39,Normandie,2,0,Téléphone,0.1802,2019-05-15,,,,,0.0,0.0,0.0,0.0,,0.0,,1,🟢 Bon risque fidèle,15.718065,8.129245
CLT01697,83,Île-de-France,3,1,Téléphone,0.1589,2018-12-26,,,,,0.0,0.0,0.0,0.0,,0.0,,1,🟢 Bon risque fidèle,13.2073965,1.5457139
CLT01698,52,Grand Est,11,0,Agent,0.01,2016-07-11,2.0,2749.0,1374.5,2.0,0.0,0.0,0.0,0.0,0.0,0.0,0.0,2,🔵 Risque modéré,-5.8169026,5.5193496
CLT01699,21,Normandie,0,0,Agent,0.1308,2019-05-22,2.0,3640.0,1820.0,1.0,0.0,0.0,0.0,0.0,0.0,0.0,0.0,2,🔵 Risque modéré,2.8603888,11.277907
CLT01700,48,Grand Est,3,0,Téléphone,0.01,2020-05-07,1.0,1455.0,1455.0,1.0,0.0,0.0,0.0,0.0,0.0,0.0,0.0,2,🔵 Risque modéré,1.3807437,10.457204
CLT01701,47,Bretagne,1,1,Courtier,0.0723,2018-01-30,2.0,2889.0,1444.5,2.0,2.0,11261.0,5630.5,0.0,1.0,0.0,3.8978885427483556,3,🔴 Très haut risque,-2.478522,4.471233
CLT01702,40,Île-de-France,0,0,Agent,0.0879,2018-05-30,2.0,3860.0,1930.0,1.0,0.0,0.0,0.0,0.0,0.0,0.0,0.0,2,🔵 Risque modéré,2.7323074,10.646105
CLT01703,24,Occitanie,0,0,Partenaire banque,0.1917,2018-09-16,2.0,1457.0,728.5,1.0,2.0,1262.0,631.0,0.0,1.0,0.0,0.8661633493479753,2,🔵 Risque modéré,0.9084334,6.0463085
CLT01704,48,Bretagne,3,0,Courtier,0.0801,2020-07-07,5.0,5583.0,1116.6,3.0,2.0,8275.0,4137.5,0.0,0.4,0.0,1.4821780404800287,2,🔵 Risque modéré,-4.5493193,5.183452
CLT01705,52,Centre-Val de Loire,7,0,Web,0.0427,2016-10-03,,,,,0.0,0.0,0.0,0.0,,0.0,,1,🟢 Bon risque fidèle,14.356546,5.9956646
CLT01706,30,Hauts-de-France,2,1,Courtier,0.0928,2017-04-23,3.0,6813.0,2271.0,1.0,0.0,0.0,0.0,0.0,0.0,0.0,0.0,2,🔵 Risque modéré,0.9126676,1.3272713
CLT01707,44,Auvergne-Rhône-Alpes,6,0,Web,0.0107,2020-12-02,2.0,1987.0,993.5,1.0,0.0,0.0,0.0,0.0,0.0,0.0,0.0,2,🔵 Risque modéré,1.323377,9.808375
CLT01708,30,Grand Est,8,1,Courtier,0.3046,2017-01-24,2.0,3406.0,1703.0,1.0,2.0,5330.0,2665.0,0.0,1.0,0.0,1.5648854961832062,2,🔵 Risque modéré,-0.33831263,4.1754603
CLT01709,51,Île-de-France,2,0,Agent,0.1151,2020-06-06,,,,,0.0,0.0,0.0,0.0,,0.0,,1,🟢 Bon risque fidèle,14.695638,8.209716
CLT01710,31,Île-de-France,1,2,Courtier,0.3611,2016-08-31,1.0,742.0,742.0,1.0,1.0,4395.0,4395.0,0.0,1.0,0.0,5.923180592991914,3,🔴 Très haut risque,-0.88172376,4.145475
CLT01711,33,Grand Est,1,0,Web,0.01,2019-09-04,2.0,1916.0,958.0,2.0,1.0,5756.0,5756.0,1.0,0.5,1.0,3.0041753653444676,0,🟠 Risque élevé,-4.8019567,21.975828
CLT01712,29,Occitanie,2,0,Agent,0.1645,2017-10-10,4.0,4622.0,1155.5,1.0,1.0,3623.0,3623.0,0.0,0.25,0.0,0.7838598009519688,2,🔵 Risque modéré,0.09093285,8.700096
CLT01713,41,Bretagne,0,0,Courtier,0.121,2016-11-14,1.0,1016.0,1016.0,1.0,0.0,0.0,0.0,0.0,0.0,0.0,0.0,2,🔵 Risque modéré,1.6411946,11.56895
CLT01714,65,Bretagne,2,0,Agent,0.2345,2017-06-05,1.0,1812.0,1812.0,1.0,0.0,0.0,0.0,0.0,0.0,0.0,0.0,2,🔵 Risque modéré,0.53423387,11.511954
CLT01715,42,Hauts-de-France,2,0,Téléphone,0.0127,2018-05-19,,,,,0.0,0.0,0.0,0.0,,0.0,,1,🟢 Bon risque fidèle,14.90171,7.1434903
CLT01716,45,Centre-Val de Loire,0,0,Courtier,0.0161,2017-07-20,,,,,0.0,0.0,0.0,0.0,,0.0,,1,🟢 Bon risque fidèle,14.647008,7.3695307
CLT01717,36,Bretagne,1,0,Agent,0.1441,2018-04-28,3.0,4102.0,1367.3333333333333,2.0,1.0,1829.0,1829.0,0.0,0.3333333333333333,0.0,0.44588005850804485,2,🔵 Risque modéré,-4.7753506,6.7714515
CLT01718,36,Grand Est,4,0,Agent,0.0593,2018-09-17,,,,,0.0,0.0,0.0,0.0,,0.0,,1,🟢 Bon risque fidèle,15.274462,6.5171576
CLT01719,50,Nouvelle-Aquitaine,0,0,Courtier,0.1596,2019-02-12,4.0,6487.0,1621.75,2.0,1.0,1914.0,1914.0,0.0,0.25,0.0,0.2950516417450285,2,🔵 Risque modéré,-4.832999,5.985327
CLT01720,34,Normandie,1,1,Web,0.119,2017-09-22,2.0,4858.0,2429.0,1.0,1.0,4388.0,4388.0,0.0,0.5,0.0,0.9032523672293125,2,🔵 Risque modéré,0.10691989,3.4902585
CLT01721,32,Centre-Val de Loire,0,1,Web,0.3163,2019-12-17,,,,,0.0,0.0,0.0,0.0,,0.0,,1,🟢 Bon risque fidèle,14.750714,1.0273244
CLT01722,53,Bretagne,2,0,Agent,0.2705,2020-10-19,1.0,1204.0,1204.0,1.0,0.0,0.0,0.0,0.0,0.0,0.0,0.0,2,🔵 Risque modéré,0.89179564,11.728112
CLT01723,36,Auvergne-Rhône-Alpes,4,1,Agent,0.1831,2018-07-05,1.0,1404.0,1404.0,1.0,1.0,1684.0,1684.0,0.0,1.0,0.0,1.1994301994301995,2,🔵 Risque modéré,-0.019447198,4.52869
CLT01724,48,Nouvelle-Aquitaine,2,0,Web,0.01,2018-11-09,1.0,955.0,955.0,1.0,1.0,2611.0,2611.0,0.0,1.0,0.0,2.7340314136125654,2,🔵 Risque modéré,0.26504675,6.2093153
CLT01725,42,Bretagne,0,0,Agent,0.01,2020-06-30,2.0,2330.0,1165.0,1.0,1.0,715.0,715.0,0.0,0.5,0.0,0.30686695278969955,2,🔵 Risque modéré,0.95935136,10.155038
CLT01726,31,Grand Est,2,3,Agent,0.4653,2019-11-04,2.0,3185.0,1592.5,2.0,2.0,10800.0,5400.0,0.0,1.0,0.0,3.390894819466248,3,🔴 Très haut risque,-1.7372699,3.5894406
CLT01727,38,Île-de-France,2,1,Web,0.1482,2019-07-28,,,,,0.0,0.0,0.0,0.0,,0.0,,1,🟢 Bon risque fidèle,14.428678,1.6089028
CLT01728,60,Île-de-France,3,0,Téléphone,0.166,2020-08-15,1.0,1661.0,1661.0,1.0,0.0,0.0,0.0,0.0,0.0,0.0,0.0,2,🔵 Risque modéré,0.6910987,11.265139
CLT01729,18,Nouvelle-Aquitaine,0,1,Courtier,0.3458,2019-05-16,1.0,1044.0,1044.0,1.0,1.0,462.0,462.0,0.0,1.0,0.0,0.4425287356321839,2,🔵 Risque modéré,-0.21989685,4.0954742
CLT01730,56,Bretagne,1,0,Web,0.01,2017-06-24,,,,,0.0,0.0,0.0,0.0,,0.0,,1,🟢 Bon risque fidèle,13.884659,8.035025
CLT01731,30,Occitanie,2,1,Courtier,0.0548,2019-06-03,1.0,985.0,985.0,1.0,0.0,0.0,0.0,0.0,0.0,0.0,0.0,2,🔵 Risque modéré,1.601668,0.7899376
CLT01732,79,Île-de-France,10,0,Agent,0.01,2018-04-02,,,,,0.0,0.0,0.0,0.0,,0.0,,1,🟢 Bon risque fidèle,14.233098,5.4630814
CLT01733,57,Centre-Val de Loire,1,1,Agent,0.2132,2017-08-11,2.0,3005.0,1502.5,1.0,0.0,0.0,0.0,0.0,0.0,0.0,0.0,2,🔵 Risque modéré,0.94105154,1.1533192
CLT01734,45,Centre-Val de Loire,4,0,Web,0.0723,2020-05-05,1.0,1572.0,1572.0,1.0,2.0,2454.0,1227.0,0.0,2.0,0.0,1.5610687022900764,3,🔴 Très haut risque,-0.7460861,5.655628
CLT01735,35,Nouvelle-Aquitaine,4,0,Agent,0.057,2018-06-20,,,,,0.0,0.0,0.0,0.0,,0.0,,1,🟢 Bon risque fidèle,15.289538,6.49598
CLT01736,37,Île-de-France,0,1,Web,0.1618,2019-09-09,3.0,3697.0,1232.3333333333333,2.0,0.0,0.0,0.0,0.0,0.0,0.0,0.0,2,🔵 Risque modéré,-3.422062,2.7655766
CLT01737,60,Grand Est,7,1,Web,0.1324,2016-03-11,,,,,0.0,0.0,0.0,0.0,,0.0,,1,🟢 Bon risque fidèle,13.532494,1.9930404
CLT01738,31,Centre-Val de Loire,3,1,Courtier,0.3409,2019-12-03,1.0,1576.0,1576.0,1.0,0.0,0.0,0.0,0.0,0.0,0.0,0.0,2,🔵 Risque modéré,1.1994262,1.8854209
CLT01739,38,Occitanie,1,0,Agent,0.0228,2019-10-14,1.0,1182.0,1182.0,1.0,0.0,0.0,0.0,0.0,0.0,0.0,0.0,2,🔵 Risque modéré,1.8313609,11.094114
CLT01740,22,Île-de-France,0,0,Courtier,0.3331,2019-09-05,1.0,1345.0,1345.0,1.0,0.0,0.0,0.0,0.0,0.0,0.0,0.0,2,🔵 Risque modéré,2.7294126,11.724872
CLT01741,50,Île-de-France,5,1,Partenaire banque,0.2462,2016-06-28,5.0,7595.0,1519.0,3.0,2.0,2786.0,1393.0,0.0,0.4,0.0,0.36682027649769583,2,🔵 Risque modéré,-3.8561966,4.149553
CLT01742,38,Hauts-de-France,7,1,Agent,0.0801,2017-12-26,2.0,2862.0,1431.0,2.0,1.0,4879.0,4879.0,0.0,0.5,0.0,1.7047519217330538,2,🔵 Risque modéré,-3.9151275,3.4950306
CLT01743,52,Bretagne,0,1,Courtier,0.0222,2017-02-16,2.0,2716.0,1358.0,1.0,0.0,0.0,0.0,0.0,0.0,0.0,0.0,2,🔵 Risque modéré,1.0790057,0.4303979
CLT01744,42,Grand Est,5,1,Web,0.1577,2019-12-14,3.0,4806.0,1602.0,2.0,2.0,6202.0,3101.0,0.0,0.6666666666666666,0.0,1.2904702455264252,2,🔵 Risque modéré,-3.5562234,3.6551328
CLT01745,60,Auvergne-Rhône-Alpes,3,3,Téléphone,0.5144,2019-02-01,1.0,1326.0,1326.0,1.0,0.0,0.0,0.0,0.0,0.0,0.0,0.0,2,🔵 Risque modéré,-0.9952421,2.0356243
CLT01746,73,Hauts-de-France,7,0,Agent,0.01,2019-02-21,1.0,1790.0,1790.0,1.0,0.0,0.0,0.0,0.0,0.0,0.0,0.0,2,🔵 Risque modéré,0.5969844,10.356619
CLT01747,55,Centre-Val de Loire,0,1,Web,0.4566,2020-07-30,1.0,3294.0,3294.0,1.0,2.0,37170.0,18585.0,0.0,2.0,0.0,11.28415300546448,3,🔴 Très haut risque,-1.6810478,5.5910068
CLT01748,46,Hauts-de-France,3,0,Web,0.01,2017-02-04,2.0,3578.0,1789.0,2.0,0.0,0.0,0.0,0.0,0.0,0.0,0.0,2,🔵 Risque modéré,-6.390673,6.654383
CLT01749,22,Normandie,0,1,Partenaire banque,0.1708,2019-03-25,2.0,2847.0,1423.5,2.0,0.0,0.0,0.0,0.0,0.0,0.0,0.0,2,🔵 Risque modéré,-3.1118557,2.6857963
CLT01750,32,Île-de-France,8,0,Web,0.0443,2018-04-15,,,,,0.0,0.0,0.0,0.0,,0.0,,1,🟢 Bon risque fidèle,15.126522,5.851488
CLT01751,36,Grand Est,1,2,Web,0.0974,2016-05-30,1.0,1259.0,1259.0,1.0,0.0,0.0,0.0,0.0,0.0,0.0,0.0,2,🔵 Risque modéré,-0.51232505,1.3161695
CLT01752,46,Grand Est,10,0,Web,0.0456,2016-08-29,,,,,0.0,0.0,0.0,0.0,,0.0,,1,🟢 Bon risque fidèle,14.5167,5.5721884
CLT01753,19,Grand Est,6,0,Partenaire banque,0.1436,2020-12-01,1.0,1349.0,1349.0,1.0,0.0,0.0,0.0,0.0,0.0,0.0,0.0,2,🔵 Risque modéré,2.4932523,10.924209
CLT01754,18,Grand Est,1,2,Téléphone,0.423,2019-03-25,1.0,957.0,957.0,1.0,0.0,0.0,0.0,0.0,0.0,0.0,0.0,2,🔵 Risque modéré,-1.0318494,1.7838446
CLT01755,35,Hauts-de-France,2,0,Agent,0.1474,2018-02-13,,,,,0.0,0.0,0.0,0.0,,0.0,,1,🟢 Bon risque fidèle,15.930382,7.8583784
CLT01756,42,Centre-Val de Loire,4,1,Courtier,0.1342,2017-05-15,1.0,1421.0,1421.0,1.0,0.0,0.0,0.0,0.0,0.0,0.0,0.0,2,🔵 Risque modéré,0.9249514,0.68507427
CLT01757,32,Provence-Alpes-Côte d'Azur,0,1,Partenaire banque,0.2117,2018-07-30,2.0,3216.0,1608.0,2.0,0.0,0.0,0.0,0.0,0.0,0.0,0.0,2,🔵 Risque modéré,-3.2251136,2.6603808
CLT01758,40,Normandie,3,0,Téléphone,0.01,2020-11-02,,,,,0.0,0.0,0.0,0.0,,0.0,,1,🟢 Bon risque fidèle,15.0462475,6.832245
CLT01759,54,Île-de-France,1,1,Courtier,0.3242,2017-06-14,4.0,6665.0,1666.25,3.0,3.0,19294.0,6431.333333333333,1.0,0.75,0.3333333333333333,2.8948237059264814,0,🟠 Risque élevé,-3.1048946,4.955226
CLT01760,53,Auvergne-Rhône-Alpes,0,1,Courtier,0.406,2020-06-05,,,,,0.0,0.0,0.0,0.0,,0.0,,1,🟢 Bon risque fidèle,13.876485,0.76866096
CLT01761,20,Occitanie,0,0,Agent,0.1935,2017-04-17,1.0,880.0,880.0,1.0,0.0,0.0,0.0,0.0,0.0,0.0,0.0,2,🔵 Risque modéré,2.6848674,11.821666
CLT01762,18,Provence-Alpes-Côte d'Azur,2,0,Courtier,0.1145,2017-12-26,2.0,3748.0,1874.0,2.0,1.0,280.0,280.0,0.0,0.5,0.0,0.07470651013874066,2,🔵 Risque modéré,-4.8491797,7.3433676
CLT01763,66,Grand Est,2,1,Courtier,0.2,2019-12-08,3.0,4509.0,1503.0,2.0,4.0,76602.0,19150.5,0.0,1.3333333333333333,0.0,16.988689288090487,3,🔴 Très haut risque,-1.8572884,5.8446455
CLT01764,51,Hauts-de-France,2,1,Web,0.01,2016-07-11,2.0,4512.0,2256.0,2.0,0.0,0.0,0.0,0.0,0.0,0.0,0.0,2,🔵 Risque modéré,-3.8558147,2.9896622
CLT01765,32,Bretagne,0,0,Agent,0.0776,2020-08-10,,,,,0.0,0.0,0.0,0.0,,0.0,,1,🟢 Bon risque fidèle,15.847889,7.354453
CLT01766,24,Provence-Alpes-Côte d'Azur,8,0,Web,0.1159,2017-01-02,6.0,9883.0,1647.1666666666667,3.0,4.0,24152.0,6038.0,0.0,0.6666666666666666,0.0,2.44379237073763,2,🔵 Risque modéré,-4.2666516,5.2619834
CLT01767,44,Normandie,1,1,Web,0.01,2017-03-25,1.0,1108.0,1108.0,1.0,0.0,0.0,0.0,0.0,0.0,0.0,0.0,2,🔵 Risque modéré,1.3861655,0.421961
CLT01768,60,Centre-Val de Loire,1,1,Web,0.0951,2020-03-10,3.0,4290.0,1430.0,3.0,0.0,0.0,0.0,0.0,0.0,0.0,0.0,2,🔵 Risque modéré,-3.9130433,3.7687864
CLT01769,34,Occitanie,7,1,Courtier,0.1618,2017-02-14,,,,,0.0,0.0,0.0,0.0,,0.0,,1,🟢 Bon risque fidèle,14.193146,2.4441257
CLT01770,35,Occitanie,14,0,Agent,0.01,2020-11-24,,,,,0.0,0.0,0.0,0.0,,0.0,,1,🟢 Bon risque fidèle,14.662495,5.1653013
CLT01771,35,Hauts-de-France,2,1,Web,0.1755,2017-02-21,2.0,4002.0,2001.0,1.0,0.0,0.0,0.0,0.0,0.0,0.0,0.0,2,🔵 Risque modéré,0.8945534,1.6715413
CLT01772,60,Occitanie,3,0,Téléphone,0.077,2018-01-01,,,,,0.0,0.0,0.0,0.0,,0.0,,1,🟢 Bon risque fidèle,14.125375,8.302661
CLT01773,52,Nouvelle-Aquitaine,12,1,Agent,0.01,2016-09-04,1.0,1033.0,1033.0,1.0,0.0,0.0,0.0,0.0,0.0,0.0,0.0,2,🔵 Risque modéré,0.0049256915,0.46877322
CLT01774,32,Auvergne-Rhône-Alpes,10,2,Agent,0.1389,2019-09-22,1.0,3497.0,3497.0,1.0,0.0,0.0,0.0,0.0,0.0,0.0,0.0,2,🔵 Risque modéré,0.1499057,1.4009974
CLT01775,18,Normandie,1,0,Agent,0.1856,2020-04-16,3.0,4948.0,1649.3333333333333,3.0,0.0,0.0,0.0,0.0,0.0,0.0,0.0,2,🔵 Risque modéré,-5.2257795,7.318407
CLT01776,46,Grand Est,2,0,Partenaire banque,0.1276,2020-10-04,2.0,2439.0,1219.5,2.0,1.0,229.0,229.0,0.0,0.5,0.0,0.0938909389093891,2,🔵 Risque modéré,-4.69777,6.6549587
CLT01777,61,Normandie,6,2,Courtier,0.1662,2017-10-09,,,,,0.0,0.0,0.0,0.0,,0.0,,1,🟢 Bon risque fidèle,12.902439,2.1927652
CLT01778,36,Normandie,1,1,Téléphone,0.01,2020-12-11,1.0,394.0,394.0,1.0,0.0,0.0,0.0,0.0,0.0,0.0,0.0,1,🟢 Bon risque fidèle,1.5930948,0.6953568
CLT01779,37,Centre-Val de Loire,15,0,Téléphone,0.01,2018-10-04,3.0,2958.0,986.0,3.0,3.0,43734.0,14578.0,0.0,1.0,0.0,14.784989858012171,3,🔴 Très haut risque,-1.8128421,6.505363
CLT01780,25,Nouvelle-Aquitaine,0,0,Partenaire banque,0.2989,2018-11-14,2.0,2065.0,1032.5,2.0,0.0,0.0,0.0,0.0,0.0,0.0,0.0,2,🔵 Risque modéré,-5.425495,7.614064
CLT01781,43,Hauts-de-France,8,0,Courtier,0.2097,2020-03-18,,,,,0.0,0.0,0.0,0.0,,0.0,,1,🟢 Bon risque fidèle,14.939025,6.2760825
CLT01782,58,Centre-Val de Loire,6,0,Web,0.01,2018-12-14,4.0,8578.0,2144.5,2.0,0.0,0.0,0.0,0.0,0.0,0.0,0.0,2,🔵 Risque modéré,-5.7560697,5.7877584
CLT01783,32,Bretagne,1,0,Courtier,0.1315,2019-01-14,,,,,0.0,0.0,0.0,0.0,,0.0,,1,🟢 Bon risque fidèle,16.078268,7.6505847
CLT01784,34,Île-de-France,5,1,Courtier,0.2137,2018-03-19,,,,,0.0,0.0,0.0,0.0,,0.0,,1,🟢 Bon risque fidèle,14.384943,2.1007667
CLT01785,18,Nouvelle-Aquitaine,1,0,Courtier,0.3582,2016-09-05,3.0,5621.0,1873.6666666666667,2.0,2.0,1223.0,611.5,0.0,0.6666666666666666,0.0,0.21757694360434088,2,🔵 Risque modéré,-4.8924856,7.6480513
CLT01786,44,Grand Est,11,2,Courtier,0.2033,2019-11-14,2.0,2374.0,1187.0,2.0,0.0,0.0,0.0,0.0,0.0,0.0,0.0,2,🔵 Risque modéré,-2.2033117,2.5192182
CLT01787,52,Île-de-France,1,1,Web,0.2198,2017-03-09,4.0,4056.0,1014.0,2.0,2.0,2388.0,1194.0,0.0,0.5,0.0,0.5887573964497042,2,🔵 Risque modéré,-3.2995465,3.7175484
CLT01788,64,Bretagne,12,0,Courtier,0.0759,2017-10-30,1.0,2096.0,2096.0,1.0,0.0,0.0,0.0,0.0,0.0,0.0,0.0,2,🔵 Risque modéré,2.2197633,9.471544
CLT01789,43,Provence-Alpes-Côte d'Azur,1,1,Agent,0.3574,2017-06-17,1.0,1232.0,1232.0,1.0,1.0,1383.0,1383.0,0.0,1.0,0.0,1.1225649350649352,2,🔵 Risque modéré,-0.2439767,4.2486963
CLT01790,24,Nouvelle-Aquitaine,2,1,Courtier,0.3035,2017-05-02,2.0,3399.0,1699.5,2.0,4.0,19012.0,4753.0,0.0,2.0,0.0,5.593409826419535,3,🔴 Très haut risque,-1.9272736,4.6728773
CLT01791,66,Hauts-de-France,2,0,Courtier,0.0885,2019-06-11,,,,,0.0,0.0,0.0,0.0,,0.0,,1,🟢 Bon risque fidèle,14.034038,8.635468
CLT01792,19,Provence-Alpes-Côte d'Azur,3,0,Courtier,0.01,2018-10-20,1.0,1807.0,1807.0,1.0,0.0,0.0,0.0,0.0,0.0,0.0,0.0,2,🔵 Risque modéré,2.7378309,10.878862
CLT01793,26,Bretagne,2,0,Web,0.0791,2019-12-08,,,,,0.0,0.0,0.0,0.0,,0.0,,1,🟢 Bon risque fidèle,16.34699,7.1288548
CLT01794,64,Provence-Alpes-Côte d'Azur,2,2,Courtier,0.3879,2018-04-02,1.0,1598.0,1598.0,1.0,1.0,1452.0,1452.0,0.0,1.0,0.0,0.9086357947434293,2,🔵 Risque modéré,-0.78813004,3.9932122
CLT01795,47,Hauts-de-France,6,1,Courtier,0.1285,2019-03-18,5.0,7221.0,1444.2,3.0,5.0,13854.0,2770.8,1.0,1.0,0.2,1.9185708350643955,2,🔵 Risque modéré,-3.72486,4.640598
CLT01796,28,Nouvelle-Aquitaine,1,1,Partenaire banque,0.0903,2019-11-07,1.0,1389.0,1389.0,1.0,1.0,4375.0,4375.0,0.0,1.0,0.0,3.149748020158387,2,🔵 Risque modéré,0.021482574,4.913186
CLT01797,39,Occitanie,0,0,Téléphone,0.0647,2020-01-18,1.0,2033.0,2033.0,1.0,0.0,0.0,0.0,0.0,0.0,0.0,0.0,2,🔵 Risque modéré,2.5920966,10.6810055
CLT01798,46,Hauts-de-France,0,0,Téléphone,0.2378,2019-02-13,,,,,0.0,0.0,0.0,0.0,,0.0,,1,🟢 Bon risque fidèle,15.569307,8.636033
CLT01799,28,Bretagne,4,1,Téléphone,0.1377,2017-02-07,,,,,0.0,0.0,0.0,0.0,,0.0,,1,🟢 Bon risque fidèle,14.782474,2.0942547
CLT01800,52,Nouvelle-Aquitaine,11,0,Téléphone,0.182,2020-02-23,,,,,0.0,0.0,0.0,0.0,,0.0,,1,🟢 Bon risque fidèle,14.78697,6.0193844
CLT01801,33,Nouvelle-Aquitaine,10,0,Courtier,0.2452,2016-01-22,3.0,5712.0,1904.0,2.0,3.0,4525.0,1508.3333333333333,0.0,1.0,0.0,0.7921918767507002,2,🔵 Risque modéré,-4.5670586,6.491907
CLT01802,69,Nouvelle-Aquitaine,6,1,Courtier,0.1412,2016-10-04,2.0,3779.0,1889.5,1.0,1.0,6149.0,6149.0,0.0,0.5,0.0,1.6271500396930405,2,🔵 Risque modéré,-0.336395,4.8181243
CLT01803,37,Grand Est,1,0,Courtier,0.0833,2017-10-10,1.0,1727.0,1727.0,1.0,0.0,0.0,0.0,0.0,0.0,0.0,0.0,2,🔵 Risque modéré,2.4401736,10.884415
CLT01804,54,Normandie,1,2,Web,0.5326,2019-02-27,1.0,1665.0,1665.0,1.0,2.0,6124.0,3062.0,0.0,2.0,0.0,3.678078078078078,3,🔴 Très haut risque,-1.2125579,4.5265512
CLT01805,38,Centre-Val de Loire,5,0,Web,0.1369,2016-07-23,2.0,2352.0,1176.0,1.0,1.0,2134.0,2134.0,0.0,0.5,0.0,0.907312925170068,2,🔵 Risque modéré,0.7530743,9.338701
CLT01806,65,Nouvelle-Aquitaine,1,0,Web,0.057,2020-07-26,2.0,1770.0,885.0,1.0,1.0,3390.0,3390.0,0.0,0.5,0.0,1.9152542372881356,2,🔵 Risque modéré,0.43818304,9.762856
CLT01807,41,Hauts-de-France,4,0,Courtier,0.01,2019-07-15,3.0,3944.0,1314.6666666666667,2.0,2.0,8359.0,4179.5,0.0,0.6666666666666666,0.0,2.119421906693712,2,🔵 Risque modéré,-4.3468723,6.34895
CLT01808,57,Auvergne-Rhône-Alpes,4,0,Courtier,0.1673,2017-11-18,2.0,2135.0,1067.5,1.0,1.0,1841.0,1841.0,0.0,0.5,0.0,0.8622950819672132,2,🔵 Risque modéré,0.4881361,9.540824
CLT01809,41,Hauts-de-France,2,0,Courtier,0.1663,2019-02-23,1.0,1373.0,1373.0,1.0,1.0,2014.0,2014.0,0.0,1.0,0.0,1.4668608885651857,2,🔵 Risque modéré,0.6623298,5.9119477
CLT01810,39,Grand Est,4,0,Partenaire banque,0.0535,2017-06-13,3.0,2072.0,690.6666666666666,2.0,0.0,0.0,0.0,0.0,0.0,0.0,0.0,2,🔵 Risque modéré,-5.636644,6.8280087
CLT01811,56,Provence-Alpes-Côte d'Azur,1,0,Web,0.0156,2016-09-07,3.0,3430.0,1143.3333333333333,2.0,0.0,0.0,0.0,0.0,0.0,0.0,0.0,2,🔵 Risque modéré,-5.75361,6.1699057
CLT01812,48,Provence-Alpes-Côte d'Azur,0,0,Téléphone,0.0403,2019-05-27,3.0,3726.0,1242.0,2.0,0.0,0.0,0.0,0.0,0.0,0.0,0.0,2,🔵 Risque modéré,-5.7186418,6.3896003
CLT01813,69,Occitanie,4,1,Courtier,0.1673,2019-08-25,,,,,0.0,0.0,0.0,0.0,,0.0,,1,🟢 Bon risque fidèle,13.247236,1.555625
CLT01814,27,Grand Est,0,0,Web,0.01,2020-05-19,2.0,1621.0,810.5,2.0,0.0,0.0,0.0,0.0,0.0,0.0,0.0,2,🔵 Risque modéré,-5.732169,7.4359994
CLT01815,45,Hauts-de-France,4,0,Courtier,0.01,2019-10-12,,,,,0.0,0.0,0.0,0.0,,0.0,,1,🟢 Bon risque fidèle,14.610829,6.6800094
CLT01816,29,Grand Est,1,0,Courtier,0.2143,2020-02-19,,,,,0.0,0.0,0.0,0.0,,0.0,,1,🟢 Bon risque fidèle,16.42887,7.863007
CLT01817,50,Normandie,5,0,Téléphone,0.0382,2018-02-21,,,,,0.0,0.0,0.0,0.0,,0.0,,1,🟢 Bon risque fidèle,14.43811,6.348012
CLT01818,48,Centre-Val de Loire,3,1,Web,0.2408,2019-07-19,1.0,1365.0,1365.0,1.0,1.0,5169.0,5169.0,0.0,1.0,0.0,3.7868131868131867,3,🔴 Très haut risque,-0.4812883,4.784432
CLT01819,42,Nouvelle-Aquitaine,3,0,Téléphone,0.01,2019-08-06,1.0,610.0,610.0,1.0,0.0,0.0,0.0,0.0,0.0,0.0,0.0,2,🔵 Risque modéré,1.57209,10.955434
CLT01820,50,Provence-Alpes-Côte d'Azur,9,3,Courtier,0.319,2019-06-10,3.0,7322.0,2440.6666666666665,2.0,4.0,14300.0,3575.0,0.0,1.3333333333333333,0.0,1.9530183010106528,3,🔴 Très haut risque,-1.759766,3.5023632
CLT01821,41,Centre-Val de Loire,7,0,Courtier,0.01,2016-05-28,1.0,1459.0,1459.0,1.0,1.0,318.0,318.0,0.0,1.0,0.0,0.21795750514050719,2,🔵 Risque modéré,0.23557302,6.4771395
CLT01822,33,Auvergne-Rhône-Alpes,1,1,Web,0.2312,2017-04-14,,,,,0.0,0.0,0.0,0.0,,0.0,,1,🟢 Bon risque fidèle,14.726253,1.1976804
CLT01823,23,Provence-Alpes-Côte d'Azur,1,1,Web,0.1242,2017-08-21,1.0,734.0,734.0,1.0,0.0,0.0,0.0,0.0,0.0,0.0,0.0,2,🔵 Risque modéré,1.6365693,1.2355169
CLT01824,29,Hauts-de-France,6,0,Agent,0.0526,2018-03-22,3.0,3727.0,1242.3333333333333,2.0,2.0,2978.0,1489.0,0.0,0.6666666666666666,0.0,0.799034075664073,2,🔵 Risque modéré,-4.781023,6.5094476
CLT01825,60,Hauts-de-France,0,1,Téléphone,0.2864,2020-05-20,2.0,3536.0,1768.0,2.0,2.0,6415.0,3207.5,0.0,1.0,0.0,1.8141968325791855,2,🔵 Risque modéré,-2.7178464,4.022444
CLT01826,24,Provence-Alpes-Côte d'Azur,11,1,Agent,0.0793,2018-12-04,2.0,3302.0,1651.0,1.0,1.0,11189.0,11189.0,0.0,0.5,0.0,3.3885523924894003,3,🔴 Très haut risque,-1.0764519,6.226589
CLT01827,56,Normandie,4,1,Courtier,0.1045,2017-01-13,4.0,4123.0,1030.75,2.0,5.0,7423.0,1484.6,0.0,1.25,0.0,1.8003880669415475,2,🔵 Risque modéré,-3.5075634,3.8455086
CLT01828,31,Île-de-France,0,2,Web,0.4498,2017-04-27,1.0,802.0,802.0,1.0,1.0,4726.0,4726.0,0.0,1.0,0.0,5.892768079800499,3,🔴 Très haut risque,-0.9406359,4.167365
CLT01829,69,Hauts-de-France,3,2,Partenaire banque,0.2256,2019-12-08,,,,,0.0,0.0,0.0,0.0,,0.0,,1,🟢 Bon risque fidèle,12.674163,2.0506227
CLT01830,47,Auvergne-Rhône-Alpes,7,0,Web,0.1201,2018-03-26,1.0,1173.0,1173.0,1.0,0.0,0.0,0.0,0.0,0.0,0.0,0.0,2,🔵 Risque modéré,1.4865261,9.998734
CLT01831,53,Auvergne-Rhône-Alpes,0,0,Web,0.0658,2020-12-06,1.0,1173.0,1173.0,1.0,0.0,0.0,0.0,0.0,0.0,0.0,0.0,2,🔵 Risque modéré,0.48277757,10.988148
CLT01832,49,Normandie,0,2,Courtier,0.3457,2016-02-25,2.0,2505.0,1252.5,2.0,1.0,16540.0,16540.0,0.0,0.5,0.0,6.602794411177645,3,🔴 Très haut risque,-1.9943103,5.090445
CLT01833,37,Bretagne,0,0,Courtier,0.2207,2016-06-21,,,,,0.0,0.0,0.0,0.0,,0.0,,1,🟢 Bon risque fidèle,15.901564,8.288959
CLT01834,85,Auvergne-Rhône-Alpes,6,1,Web,0.194,2016-11-16,3.0,6083.0,2027.6666666666667,2.0,2.0,52229.0,26114.5,0.0,0.6666666666666666,0.0,8.586059510110143,3,🔴 Très haut risque,-2.2359989,6.4094243
CLT01835,33,Auvergne-Rhône-Alpes,0,1,Agent,0.2574,2020-12-20,3.0,5023.0,1674.3333333333333,2.0,0.0,0.0,0.0,0.0,0.0,0.0,0.0,2,🔵 Risque modéré,-3.1668594,2.82433
CLT01836,53,Bretagne,2,1,Web,0.0741,2017-05-23,3.0,5511.0,1837.0,2.0,0.0,0.0,0.0,0.0,0.0,0.0,0.0,2,🔵 Risque modéré,-3.7673776,3.2359512
CLT01837,18,Hauts-de-France,3,2,Courtier,0.444,2016-09-17,1.0,844.0,844.0,1.0,0.0,0.0,0.0,0.0,0.0,0.0,0.0,2,🔵 Risque modéré,-1.0605402,1.7545516
CLT01838,74,Nouvelle-Aquitaine,11,1,Courtier,0.01,2016-12-17,,,,,0.0,0.0,0.0,0.0,,0.0,,1,🟢 Bon risque fidèle,14.223032,5.316933
CLT01839,31,Île-de-France,0,0,Web,0.2434,2018-01-02,1.0,1264.0,1264.0,1.0,0.0,0.0,0.0,0.0,0.0,0.0,0.0,2,🔵 Risque modéré,2.3109915,11.828402
CLT01840,29,Provence-Alpes-Côte d'Azur,0,1,Téléphone,0.01,2018-08-16,2.0,2786.0,1393.0,2.0,1.0,20664.0,20664.0,0.0,0.5,0.0,7.417085427135678,3,🔴 Très haut risque,-2.4845128,6.309424
CLT01841,18,Grand Est,0,0,Partenaire banque,0.21,2019-01-30,1.0,1417.0,1417.0,1.0,0.0,0.0,0.0,0.0,0.0,0.0,0.0,2,🔵 Risque modéré,2.834679,11.70503
CLT01842,44,Normandie,0,0,Web,0.01,2019-12-01,,,,,0.0,0.0,0.0,0.0,,0.0,,1,🟢 Bon risque fidèle,14.685456,7.384888
CLT01843,48,Grand Est,5,0,Web,0.01,2019-05-10,1.0,1129.0,1129.0,1.0,0.0,0.0,0.0,0.0,0.0,0.0,0.0,2,🔵 Risque modéré,1.406581,10.185884
CLT01844,31,Normandie,3,0,Agent,0.0642,2019-07-28,,,,,0.0,0.0,0.0,0.0,,0.0,,1,🟢 Bon risque fidèle,15.89575,6.922053
CLT01845,66,Centre-Val de Loire,10,1,Courtier,0.3792,2019-08-05,1.0,3296.0,3296.0,1.0,0.0,0.0,0.0,0.0,0.0,0.0,0.0,2,🔵 Risque modéré,0.19529887,1.6770855
CLT01846,49,Grand Est,6,0,Web,0.0276,2017-12-14,2.0,1836.0,918.0,2.0,0.0,0.0,0.0,0.0,0.0,0.0,0.0,2,🔵 Risque modéré,-6.1950054,6.2758408
CLT01847,38,Normandie,7,1,Courtier,0.2468,2020-07-08,,,,,0.0,0.0,0.0,0.0,,0.0,,1,🟢 Bon risque fidèle,14.122843,2.2030401
CLT01848,27,Auvergne-Rhône-Alpes,1,0,Courtier,0.1922,2018-01-21,3.0,3437.0,1145.6666666666667,2.0,1.0,25032.0,25032.0,0.0,0.3333333333333333,0.0,7.283095723014257,3,🔴 Très haut risque,-2.328487,6.449061
CLT01849,29,Bretagne,0,1,Web,0.276,2017-09-15,3.0,4302.0,1434.0,2.0,2.0,19051.0,9525.5,1.0,0.6666666666666666,0.5,4.428405392840539,0,🟠 Risque élevé,-2.9692543,5.0384502
CLT01850,38,Île-de-France,1,0,Web,0.052,2020-07-29,,,,,0.0,0.0,0.0,0.0,,0.0,,1,🟢 Bon risque fidèle,15.456765,7.3061757
CLT01851,28,Nouvelle-Aquitaine,1,0,Web,0.2082,2018-08-20,1.0,2125.0,2125.0,1.0,1.0,2259.0,2259.0,0.0,1.0,0.0,1.0630588235294118,2,🔵 Risque modéré,0.6799914,5.8683295
CLT01852,27,Grand Est,0,1,Web,0.236,2018-10-06,2.0,2518.0,1259.0,2.0,1.0,5208.0,5208.0,0.0,0.5,0.0,2.068308181096108,2,🔵 Risque modéré,-2.7826424,3.4158072
CLT01853,55,Normandie,4,0,Web,0.0294,2020-04-19,,,,,0.0,0.0,0.0,0.0,,0.0,,1,🟢 Bon risque fidèle,13.899906,8.019123
CLT01854,40,Bretagne,6,3,Agent,0.513,2019-05-09,1.0,687.0,687.0,1.0,1.0,167.0,167.0,0.0,1.0,0.0,0.2430858806404658,2,🔵 Risque modéré,-0.85191226,3.8326485
CLT01855,34,Occitanie,4,1,Agent,0.01,2019-01-29,1.0,2967.0,2967.0,1.0,0.0,0.0,0.0,0.0,0.0,0.0,0.0,2,🔵 Risque modéré,0.43994257,1.2823136
CLT01856,34,Provence-Alpes-Côte d'Azur,0,0,Web,0.0688,2020-12-13,1.0,1050.0,1050.0,1.0,0.0,0.0,0.0,0.0,0.0,0.0,0.0,2,🔵 Risque modéré,2.0558345,11.482572
CLT01857,59,Grand Est,9,1,Courtier,0.1561,2017-05-28,1.0,1565.0,1565.0,1.0,0.0,0.0,0.0,0.0,0.0,0.0,0.0,2,🔵 Risque modéré,0.22491387,0.2884043
CLT01858,42,Nouvelle-Aquitaine,0,0,Agent,0.01,2019-08-17,5.0,8532.0,1706.4,3.0,0.0,0.0,0.0,0.0,0.0,0.0,0.0,2,🔵 Risque modéré,-4.7386885,5.0928097
CLT01859,48,Bretagne,2,0,Téléphone,0.01,2017-03-29,1.0,2720.0,2720.0,1.0,0.0,0.0,0.0,0.0,0.0,0.0,0.0,2,🔵 Risque modéré,2.9400356,10.14089
CLT01860,49,Hauts-de-France,0,0,Web,0.0912,2019-07-06,2.0,1824.0,912.0,2.0,1.0,118.0,118.0,0.0,0.5,0.0,0.06469298245614036,2,🔵 Risque modéré,-4.96227,6.5179353
CLT01861,47,Occitanie,10,0,Courtier,0.1653,2020-06-28,3.0,3930.0,1310.0,2.0,0.0,0.0,0.0,0.0,0.0,0.0,0.0,2,🔵 Risque modéré,-5.8412366,5.885114
CLT01862,29,Centre-Val de Loire,3,0,Téléphone,0.0623,2019-11-05,1.0,909.0,909.0,1.0,0.0,0.0,0.0,0.0,0.0,0.0,0.0,2,🔵 Risque modéré,2.1572227,11.041494
CLT01863,44,Hauts-de-France,3,0,Web,0.01,2020-03-03,1.0,2141.0,2141.0,1.0,0.0,0.0,0.0,0.0,0.0,0.0,0.0,2,🔵 Risque modéré,2.077438,10.29075
CLT01864,54,Grand Est,0,0,Téléphone,0.248,2018-04-27,,,,,0.0,0.0,0.0,0.0,,0.0,,1,🟢 Bon risque fidèle,15.077893,8.856774
CLT01865,45,Occitanie,2,0,Téléphone,0.2585,2017-01-10,,,,,0.0,0.0,0.0,0.0,,0.0,,1,🟢 Bon risque fidèle,15.609271,8.607795
CLT01866,50,Nouvelle-Aquitaine,4,0,Web,0.0754,2019-07-30,2.0,3593.0,1796.5,1.0,2.0,8158.0,4079.0,0.0,1.0,0.0,2.270526022822154,2,🔵 Risque modéré,0.18947805,6.1310925
CLT01867,55,Normandie,0,2,Agent,0.2902,2017-07-13,2.0,2915.0,1457.5,2.0,4.0,1558.0,389.5,0.0,2.0,0.0,0.5344768439108062,3,🔴 Très haut risque,-1.2743804,4.536821
CLT01868,39,Centre-Val de Loire,7,0,Courtier,0.0889,2017-10-20,,,,,0.0,0.0,0.0,0.0,,0.0,,1,🟢 Bon risque fidèle,14.969227,6.16159
CLT01869,70,Île-de-France,5,0,Web,0.01,2019-01-02,1.0,1260.0,1260.0,1.0,0.0,0.0,0.0,0.0,0.0,0.0,0.0,2,🔵 Risque modéré,0.51631516,10.370852
CLT01870,24,Île-de-France,1,0,Web,0.1352,2016-07-30,,,,,0.0,0.0,0.0,0.0,,0.0,,1,🟢 Bon risque fidèle,16.607874,7.3594484
CLT01871,18,Hauts-de-France,0,0,Web,0.1178,2020-01-06,1.0,1050.0,1050.0,1.0,0.0,0.0,0.0,0.0,0.0,0.0,0.0,2,🔵 Risque modéré,2.6168725,11.651276
CLT01872,41,Normandie,12,0,Agent,0.01,2017-04-23,2.0,1950.0,975.0,1.0,0.0,0.0,0.0,0.0,0.0,0.0,0.0,2,🔵 Risque modéré,1.6702,9.11281
CLT01873,61,Auvergne-Rhône-Alpes,7,0,Web,0.1616,2018-10-09,3.0,4663.0,1554.3333333333333,1.0,0.0,0.0,0.0,0.0,0.0,0.0,0.0,2,🔵 Risque modéré,0.93874377,9.91743
CLT01874,69,Occitanie,3,1,Web,0.1747,2017-10-02,3.0,7394.0,2464.6666666666665,1.0,0.0,0.0,0.0,0.0,0.0,0.0,0.0,2,🔵 Risque modéré,0.6177629,1.2157303
CLT01875,46,Normandie,1,0,Partenaire banque,0.2817,2018-08-09,,,,,0.0,0.0,0.0,0.0,,0.0,,1,🟢 Bon risque fidèle,15.586546,8.674706
CLT01876,53,Île-de-France,2,1,Web,0.2064,2020-09-25,1.0,1801.0,1801.0,1.0,0.0,0.0,0.0,0.0,0.0,0.0,0.0,2,🔵 Risque modéré,0.854613,1.144282
CLT01877,40,Nouvelle-Aquitaine,1,1,Web,0.1375,2020-05-09,2.0,2031.0,1015.5,2.0,0.0,0.0,0.0,0.0,0.0,0.0,0.0,2,🔵 Risque modéré,-3.6771111,2.7239482
CLT01878,47,Bretagne,0,0,Web,0.01,2018-08-22,2.0,4065.0,2032.5,1.0,0.0,0.0,0.0,0.0,0.0,0.0,0.0,2,🔵 Risque modéré,0.91290855,10.502962
CLT01879,36,Nouvelle-Aquitaine,1,1,Web,0.0675,2020-09-21,,,,,0.0,0.0,0.0,0.0,,0.0,,1,🟢 Bon risque fidèle,14.59674,1.868994
CLT01880,47,Hauts-de-France,2,0,Téléphone,0.0211,2020-08-25,,,,,0.0,0.0,0.0,0.0,,0.0,,1,🟢 Bon risque fidèle,14.368081,7.415387
CLT01881,41,Île-de-France,1,0,Web,0.01,2020-04-24,1.0,499.0,499.0,1.0,0.0,0.0,0.0,0.0,0.0,0.0,0.0,2,🔵 Risque modéré,1.511501,11.064757
CLT01882,38,Occitanie,5,0,Courtier,0.0446,2018-06-28,1.0,3149.0,3149.0,1.0,2.0,17188.0,8594.0,1.0,2.0,0.5,5.4582407113369324,0,🟠 Risque élevé,-2.741579,5.1960177
CLT01883,43,Occitanie,5,1,Agent,0.113,2016-03-11,2.0,2677.0,1338.5,2.0,1.0,1698.0,1698.0,0.0,0.5,0.0,0.634292118042585,2,🔵 Risque modéré,-3.8157756,3.3313906
CLT01884,51,Occitanie,4,0,Courtier,0.01,2020-04-29,3.0,5799.0,1933.0,2.0,2.0,9782.0,4891.0,0.0,0.6666666666666666,0.0,1.6868425590619072,2,🔵 Risque modéré,-4.2303495,6.235143
CLT01885,47,Auvergne-Rhône-Alpes,5,0,Courtier,0.067,2017-03-04,2.0,1512.0,756.0,2.0,0.0,0.0,0.0,0.0,0.0,0.0,0.0,2,🔵 Risque modéré,-6.212402,6.411483
CLT01886,31,Normandie,1,1,Courtier,0.1798,2017-10-03,,,,,0.0,0.0,0.0,0.0,,0.0,,1,🟢 Bon risque fidèle,14.930626,1.4627235
CLT01887,55,Provence-Alpes-Côte d'Azur,8,0,Web,0.01,2020-02-02,2.0,2267.0,1133.5,2.0,0.0,0.0,0.0,0.0,0.0,0.0,0.0,2,🔵 Risque modéré,-5.9687123,5.6432366
CLT01888,26,Île-de-France,4,0,Agent,0.0236,2019-02-01,2.0,3013.0,1506.5,1.0,2.0,5623.0,2811.5,1.0,1.0,0.5,1.866246266179887,0,🟠 Risque élevé,-3.1242568,5.1675234
CLT01889,24,Grand Est,0,1,Web,0.3039,2018-09-14,1.0,811.0,811.0,1.0,0.0,0.0,0.0,0.0,0.0,0.0,0.0,2,🔵 Risque modéré,1.373465,2.0462382
CLT01890,36,Hauts-de-France,2,0,Web,0.0751,2020-12-24,1.0,1881.0,1881.0,1.0,3.0,7836.0,2612.0,1.0,3.0,0.3333333333333333,4.165869218500798,3,🔴 Très haut risque,-1.6988945,5.274628
CLT01891,30,Île-de-France,1,1,Téléphone,0.1508,2017-03-24,,,,,0.0,0.0,0.0,0.0,,0.0,,1,🟢 Bon risque fidèle,14.929338,1.5334363
CLT01892,76,Auvergne-Rhône-Alpes,0,0,Web,0.1835,2018-06-10,1.0,1089.0,1089.0,1.0,0.0,0.0,0.0,0.0,0.0,0.0,0.0,2,🔵 Risque modéré,0.43938473,11.3636
CLT01893,35,Provence-Alpes-Côte d'Azur,1,0,Web,0.0233,2020-06-16,1.0,2590.0,2590.0,1.0,1.0,260.0,260.0,0.0,1.0,0.0,0.10038610038610038,2,🔵 Risque modéré,0.62364566,6.091058
CLT01894,51,Hauts-de-France,0,1,Courtier,0.2091,2018-03-23,1.0,830.0,830.0,1.0,0.0,0.0,0.0,0.0,0.0,0.0,0.0,2,🔵 Risque modéré,1.3113053,0.9407984
CLT01895,19,Occitanie,1,0,Web,0.1775,2016-03-29,2.0,2998.0,1499.0,1.0,0.0,0.0,0.0,0.0,0.0,0.0,0.0,2,🔵 Risque modéré,2.8823552,11.375066
CLT01896,57,Centre-Val de Loire,0,0,Agent,0.0147,2018-09-02,2.0,3493.0,1746.5,1.0,0.0,0.0,0.0,0.0,0.0,0.0,0.0,2,🔵 Risque modéré,0.6835746,10.549976
CLT01897,55,Centre-Val de Loire,2,1,Web,0.2504,2020-04-29,2.0,2275.0,1137.5,1.0,2.0,16391.0,8195.5,0.0,1.0,0.0,7.204835164835165,3,🔴 Très haut risque,-0.96955705,5.282988
CLT01898,37,Auvergne-Rhône-Alpes,3,1,Web,0.0579,2018-10-22,,,,,0.0,0.0,0.0,0.0,,0.0,,1,🟢 Bon risque fidèle,14.507607,2.0435886
CLT01899,18,Auvergne-Rhône-Alpes,2,0,Agent,0.1449,2017-11-26,1.0,1739.0,1739.0,1.0,0.0,0.0,0.0,0.0,0.0,0.0,0.0,2,🔵 Risque modéré,3.016195,11.247081
CLT01900,55,Île-de-France,3,0,Web,0.0147,2019-08-15,2.0,2274.0,1137.0,1.0,0.0,0.0,0.0,0.0,0.0,0.0,0.0,2,🔵 Risque modéré,0.82181966,10.314651
CLT01901,28,Nouvelle-Aquitaine,1,2,Agent,0.1841,2020-06-10,2.0,3657.0,1828.5,2.0,1.0,138.0,138.0,0.0,0.5,0.0,0.03773584905660377,2,🔵 Risque modéré,-2.6250553,2.8700874
CLT01902,57,Auvergne-Rhône-Alpes,2,1,Web,0.1467,2017-04-23,1.0,1091.0,1091.0,1.0,1.0,7841.0,7841.0,0.0,1.0,0.0,7.18698441796517,3,🔴 Très haut risque,-0.6996024,5.3830905
CLT01903,45,Provence-Alpes-Côte d'Azur,6,1,Partenaire banque,0.3072,2020-06-04,1.0,1661.0,1661.0,1.0,0.0,0.0,0.0,0.0,0.0,0.0,0.0,2,🔵 Risque modéré,0.76922566,1.3092874
CLT01904,54,Provence-Alpes-Côte d'Azur,1,0,Téléphone,0.1542,2018-06-19,,,,,0.0,0.0,0.0,0.0,,0.0,,1,🟢 Bon risque fidèle,14.8440075,8.706066
CLT01905,41,Occitanie,1,1,Web,0.1859,2018-02-14,1.0,847.0,847.0,1.0,0.0,0.0,0.0,0.0,0.0,0.0,0.0,2,🔵 Risque modéré,1.4891987,1.030757
CLT01906,36,Provence-Alpes-Côte d'Azur,1,0,Agent,0.1526,2017-05-30,1.0,2195.0,2195.0,1.0,1.0,1939.0,1939.0,0.0,1.0,0.0,0.883371298405467,2,🔵 Risque modéré,0.5772486,5.8582196
CLT01907,21,Île-de-France,1,0,Courtier,0.1214,2018-06-17,2.0,3774.0,1887.0,2.0,2.0,4690.0,2345.0,0.0,1.0,0.0,1.242713301536831,2,🔵 Risque modéré,-4.417958,7.1754017
CLT01908,55,Grand Est,2,1,Web,0.2559,2019-11-30,,,,,0.0,0.0,0.0,0.0,,0.0,,1,🟢 Bon risque fidèle,13.527466,1.0786178
CLT01909,35,Normandie,0,0,Web,0.1543,2017-01-19,2.0,2408.0,1204.0,2.0,1.0,14855.0,14855.0,0.0,0.5,0.0,6.169019933554817,3,🔴 Très haut risque,-2.525603,6.218263
CLT01910,47,Grand Est,2,2,Web,0.2203,2020-02-10,1.0,1652.0,1652.0,1.0,0.0,0.0,0.0,0.0,0.0,0.0,0.0,2,🔵 Risque modéré,-0.7330382,1.5010959
CLT01911,56,Normandie,0,0,Web,0.01,2020-08-31,,,,,0.0,0.0,0.0,0.0,,0.0,,1,🟢 Bon risque fidèle,13.958497,8.031522
CLT01912,48,Centre-Val de Loire,1,1,Téléphone,0.2751,2019-02-11,2.0,3417.0,1708.5,2.0,1.0,96.0,96.0,0.0,0.5,0.0,0.028094820017559263,2,🔵 Risque modéré,-3.205189,3.1201937
CLT01913,39,Nouvelle-Aquitaine,0,0,Web,0.1546,2016-11-15,1.0,1981.0,1981.0,1.0,0.0,0.0,0.0,0.0,0.0,0.0,0.0,2,🔵 Risque modéré,2.634027,10.862714
CLT01914,31,Normandie,1,0,Web,0.1604,2017-06-25,2.0,1767.0,883.5,1.0,0.0,0.0,0.0,0.0,0.0,0.0,0.0,2,🔵 Risque modéré,1.8241525,11.518186
CLT01915,52,Grand Est,0,3,Courtier,0.4134,2016-01-04,1.0,945.0,945.0,1.0,1.0,11163.0,11163.0,0.0,1.0,0.0,11.812698412698413,3,🔴 Très haut risque,-1.7065815,5.089528
CLT01916,60,Grand Est,17,0,Courtier,0.0668,2017-01-16,3.0,7276.0,2425.3333333333335,2.0,2.0,12623.0,6311.5,0.0,0.6666666666666666,0.0,1.734881803188565,2,🔵 Risque modéré,-1.0016401,6.887545
CLT01917,32,Île-de-France,0,0,Agent,0.2178,2018-01-17,1.0,1141.0,1141.0,1.0,0.0,0.0,0.0,0.0,0.0,0.0,0.0,2,🔵 Risque modéré,2.2000525,11.856882
CLT01918,39,Centre-Val de Loire,3,1,Web,0.3138,2020-01-18,1.0,819.0,819.0,1.0,0.0,0.0,0.0,0.0,0.0,0.0,0.0,2,🔵 Risque modéré,1.316414,1.6786174
CLT01919,20,Auvergne-Rhône-Alpes,1,2,Agent,0.4624,2019-01-10,2.0,6292.0,3146.0,1.0,1.0,4971.0,4971.0,1.0,0.5,1.0,0.7900508582326764,0,🟠 Risque élevé,-4.6743536,22.08503
CLT01920,38,Bretagne,0,0,Web,0.115,2019-11-02,1.0,1489.0,1489.0,1.0,0.0,0.0,0.0,0.0,0.0,0.0,0.0,2,🔵 Risque modéré,1.9828602,11.39851
CLT01921,37,Normandie,1,0,Agent,0.0912,2016-11-13,,,,,0.0,0.0,0.0,0.0,,0.0,,1,🟢 Bon risque fidèle,15.733145,7.527716
CLT01922,52,Centre-Val de Loire,4,0,Web,0.0729,2018-04-21,1.0,2429.0,2429.0,1.0,0.0,0.0,0.0,0.0,0.0,0.0,0.0,2,🔵 Risque modéré,2.5464377,10.118577
CLT01923,37,Provence-Alpes-Côte d'Azur,4,1,Web,0.1318,2018-12-09,2.0,2095.0,1047.5,2.0,0.0,0.0,0.0,0.0,0.0,0.0,0.0,2,🔵 Risque modéré,-3.666269,2.8096986
CLT01924,52,Auvergne-Rhône-Alpes,17,0,Web,0.1392,2016-09-24,1.0,758.0,758.0,1.0,0.0,0.0,0.0,0.0,0.0,0.0,0.0,2,🔵 Risque modéré,1.716713,8.816817
CLT01925,53,Nouvelle-Aquitaine,12,1,Téléphone,0.0275,2017-02-19,3.0,3418.0,1139.3333333333333,3.0,0.0,0.0,0.0,0.0,0.0,0.0,0.0,2,🔵 Risque modéré,-4.5831423,3.8007047
CLT01926,18,Auvergne-Rhône-Alpes,1,1,Courtier,0.1829,2016-07-23,3.0,3691.0,1230.3333333333333,2.0,2.0,8672.0,4336.0,0.0,0.6666666666666666,0.0,2.3494987808182066,2,🔵 Risque modéré,-2.7733295,3.4626215
CLT01927,27,Île-de-France,2,1,Courtier,0.2407,2020-09-10,2.0,4056.0,2028.0,1.0,0.0,0.0,0.0,0.0,0.0,0.0,0.0,2,🔵 Risque modéré,0.94097984,1.8228301
CLT01928,63,Bretagne,4,0,Agent,0.0808,2018-12-14,2.0,1597.0,798.5,2.0,1.0,158.0,158.0,0.0,0.5,0.0,0.09893550407013149,2,🔵 Risque modéré,-5.4137163,6.1069026
CLT01929,53,Centre-Val de Loire,6,2,Agent,0.1488,2017-06-10,1.0,890.0,890.0,1.0,0.0,0.0,0.0,0.0,0.0,0.0,0.0,2,🔵 Risque modéré,-0.38458553,1.0212936
CLT01930,33,Île-de-France,2,1,Courtier,0.2148,2019-05-27,1.0,1427.0,1427.0,1.0,3.0,7015.0,2338.3333333333335,1.0,3.0,0.3333333333333333,4.915907498248073,3,🔴 Très haut risque,-1.759028,5.2737145
CLT01931,43,Auvergne-Rhône-Alpes,4,1,Web,0.4207,2017-03-05,1.0,1162.0,1162.0,1.0,0.0,0.0,0.0,0.0,0.0,0.0,0.0,2,🔵 Risque modéré,1.1025971,1.5668932
CLT01932,57,Normandie,2,0,Partenaire banque,0.1019,2020-09-02,3.0,4758.0,1586.0,2.0,2.0,38543.0,19271.5,0.0,0.6666666666666666,0.0,8.100672551492224,3,🔴 Très haut risque,-2.4524014,6.363438
CLT01933,18,Auvergne-Rhône-Alpes,0,1,Courtier,0.3248,2019-08-03,1.0,1019.0,1019.0,1.0,0.0,0.0,0.0,0.0,0.0,0.0,0.0,2,🔵 Risque modéré,1.4006656,2.1030202
CLT01934,23,Île-de-France,9,0,Courtier,0.01,2020-03-04,2.0,2600.0,1300.0,2.0,1.0,316.0,316.0,0.0,0.5,0.0,0.12153846153846154,2,🔵 Risque modéré,-5.2582846,6.4683776
CLT01935,44,Bretagne,1,0,Téléphone,0.01,2020-06-16,1.0,1855.0,1855.0,1.0,1.0,8387.0,8387.0,0.0,1.0,0.0,4.521293800539084,3,🔴 Très haut risque,-0.030775629,6.032766
CLT01936,30,Île-de-France,0,0,Téléphone,0.1192,2017-06-30,2.0,3577.0,1788.5,2.0,1.0,3794.0,3794.0,0.0,0.5,0.0,1.060665362035225,2,🔵 Risque modéré,-4.460256,7.05067
CLT01937,47,Grand Est,2,1,Web,0.3523,2016-05-26,,,,,0.0,0.0,0.0,0.0,,0.0,,1,🟢 Bon risque fidèle,13.950207,0.7659696
CLT01938,52,Hauts-de-France,6,0,Web,0.072,2017-03-20,1.0,666.0,666.0,1.0,0.0,0.0,0.0,0.0,0.0,0.0,0.0,2,🔵 Risque modéré,1.3883069,10.016815
CLT01939,56,Grand Est,0,2,Web,0.2014,2020-01-27,2.0,3395.0,1697.5,2.0,0.0,0.0,0.0,0.0,0.0,0.0,0.0,2,🔵 Risque modéré,-2.3182635,2.7845647
CLT01940,46,Occitanie,4,1,Courtier,0.1062,2017-01-25,1.0,1208.0,1208.0,1.0,1.0,4000.0,4000.0,0.0,1.0,0.0,3.3112582781456954,2,🔵 Risque modéré,-0.18908899,4.8798957
CLT01941,41,Occitanie,0,1,Courtier,0.1779,2017-05-26,,,,,0.0,0.0,0.0,0.0,,0.0,,1,🟢 Bon risque fidèle,14.265733,1.3180213
CLT01942,57,Centre-Val de Loire,0,0,Agent,0.0658,2017-01-03,1.0,1871.0,1871.0,1.0,1.0,2757.0,2757.0,0.0,1.0,0.0,1.4735435595938,2,🔵 Risque modéré,0.23504205,5.8672733
CLT01943,28,Grand Est,11,0,Agent,0.2194,2018-05-02,1.0,1434.0,1434.0,1.0,1.0,5863.0,5863.0,0.0,1.0,0.0,4.0885634588563455,3,🔴 Très haut risque,-0.3560764,6.2742
CLT01944,18,Auvergne-Rhône-Alpes,8,1,Agent,0.126,2019-03-28,1.0,1630.0,1630.0,1.0,0.0,0.0,0.0,0.0,0.0,0.0,0.0,2,🔵 Risque modéré,0.33641136,0.96180737
CLT01945,29,Provence-Alpes-Côte d'Azur,2,4,Agent,0.387,2019-12-11,1.0,2056.0,2056.0,1.0,2.0,15102.0,7551.0,0.0,2.0,0.0,7.345330739299611,3,🔴 Très haut risque,-1.1895995,4.5195775
CLT01946,32,Bretagne,2,2,Téléphone,0.2473,2016-12-09,1.0,1421.0,1421.0,1.0,1.0,2059.0,2059.0,0.0,1.0,0.0,1.4489795918367347,2,🔵 Risque modéré,-0.5860039,4.007829
CLT01947,27,Nouvelle-Aquitaine,1,0,Courtier,0.01,2018-11-01,3.0,3678.0,1226.0,2.0,0.0,0.0,0.0,0.0,0.0,0.0,0.0,2,🔵 Risque modéré,-5.391168,7.161249
CLT01948,18,Provence-Alpes-Côte d'Azur,2,1,Agent,0.2905,2018-12-31,3.0,4437.0,1479.0,2.0,1.0,5211.0,5211.0,0.0,0.3333333333333333,0.0,1.1744421906693712,2,🔵 Risque modéré,-2.8061166,3.2204573
CLT01949,32,Centre-Val de Loire,1,2,Courtier,0.2388,2017-12-24,2.0,3033.0,1516.5,1.0,1.0,2591.0,2591.0,0.0,0.5,0.0,0.8542696999670294,2,🔵 Risque modéré,-0.65273404,3.2959476
CLT01950,48,Provence-Alpes-Côte d'Azur,3,0,Courtier,0.01,2017-10-28,,,,,0.0,0.0,0.0,0.0,,0.0,,1,🟢 Bon risque fidèle,14.525809,7.03909
CLT01951,35,Provence-Alpes-Côte d'Azur,3,1,Courtier,0.4686,2019-07-22,2.0,3264.0,1632.0,1.0,1.0,2108.0,2108.0,0.0,0.5,0.0,0.6458333333333334,2,🔵 Risque modéré,0.618936,2.2008562
CLT01952,33,Bretagne,0,2,Téléphone,0.3399,2017-10-26,1.0,1248.0,1248.0,1.0,1.0,7659.0,7659.0,0.0,1.0,0.0,6.137019230769231,3,🔴 Très haut risque,-0.9614348,4.270851
CLT01953,23,Centre-Val de Loire,2,2,Web,0.2721,2019-01-24,1.0,1300.0,1300.0,1.0,2.0,16098.0,8049.0,0.0,2.0,0.0,12.383076923076922,3,🔴 Très haut risque,-1.3907459,5.373485
CLT01954,58,Occitanie,1,2,Courtier,0.1245,2019-02-02,2.0,3154.0,1577.0,2.0,1.0,5404.0,5404.0,0.0,0.5,0.0,1.7133798351299936,2,🔵 Risque modéré,-3.0027552,3.7952003
CLT01955,25,Hauts-de-France,0,1,Courtier,0.0987,2018-07-17,,,,,0.0,0.0,0.0,0.0,,0.0,,1,🟢 Bon risque fidèle,14.924708,1.7759286
CLT01956,37,Normandie,6,0,Partenaire banque,0.01,2016-01-03,1.0,455.0,455.0,1.0,0.0,0.0,0.0,0.0,0.0,0.0,0.0,1,🟢 Bon risque fidèle,1.7744459,10.21618
CLT01957,40,Île-de-France,0,0,Partenaire banque,0.1575,2019-05-07,1.0,989.0,989.0,1.0,1.0,14595.0,14595.0,0.0,1.0,0.0,14.757330637007078,3,🔴 Très haut risque,-1.6630596,6.0327387
CLT01958,28,Île-de-France,3,0,Courtier,0.0184,2020-12-30,1.0,543.0,543.0,1.0,0.0,0.0,0.0,0.0,0.0,0.0,0.0,2,🔵 Risque modéré,2.1175065,11.162019
CLT01959,59,Hauts-de-France,5,3,Web,0.4187,2017-04-01,1.0,1143.0,1143.0,1.0,0.0,0.0,0.0,0.0,0.0,0.0,0.0,2,🔵 Risque modéré,-0.9820706,1.9392618
CLT01960,37,Occitanie,0,0,Téléphone,0.1002,2016-02-16,2.0,1509.0,754.5,2.0,0.0,0.0,0.0,0.0,0.0,0.0,0.0,2,🔵 Risque modéré,-5.829917,7.394602
CLT01961,38,Hauts-de-France,0,0,Téléphone,0.0543,2018-11-15,3.0,6006.0,2002.0,2.0,2.0,24603.0,12301.5,0.0,0.6666666666666666,0.0,4.096403596403596,3,🔴 Très haut risque,-2.9943392,6.4383826
CLT01962,32,Grand Est,9,2,Courtier,0.2568,2019-03-18,3.0,4598.0,1532.6666666666667,3.0,1.0,8377.0,8377.0,0.0,0.3333333333333333,0.0,1.8218790778599392,2,🔵 Risque modéré,-2.609714,3.4180524
CLT01963,24,Nouvelle-Aquitaine,8,0,Web,0.1569,2018-08-02,1.0,2360.0,2360.0,1.0,0.0,0.0,0.0,0.0,0.0,0.0,0.0,2,🔵 Risque modéré,2.7707403,10.343709
CLT01964,29,Provence-Alpes-Côte d'Azur,10,0,Web,0.0142,2017-06-28,2.0,2958.0,1479.0,2.0,0.0,0.0,0.0,0.0,0.0,0.0,0.0,2,🔵 Risque modéré,-5.4602747,5.921868
CLT01965,46,Provence-Alpes-Côte d'Azur,5,1,Téléphone,0.01,2017-05-28,,,,,0.0,0.0,0.0,0.0,,0.0,,1,🟢 Bon risque fidèle,14.107268,2.217554
CLT01966,54,Occitanie,2,0,Web,0.071,2017-09-09,,,,,0.0,0.0,0.0,0.0,,0.0,,1,🟢 Bon risque fidèle,14.312927,8.166678
CLT01967,18,Auvergne-Rhône-Alpes,5,0,Courtier,0.01,2019-03-13,5.0,7035.0,1407.0,2.0,2.0,8661.0,4330.5,0.0,0.4,0.0,1.2311300639658849,2,🔵 Risque modéré,-4.36029,5.7967014
CLT01968,26,Occitanie,0,1,Agent,0.1146,2020-01-23,,,,,0.0,0.0,0.0,0.0,,0.0,,1,🟢 Bon risque fidèle,14.961243,1.7465887
CLT01969,47,Provence-Alpes-Côte d'Azur,4,1,Agent,0.0659,2016-12-22,1.0,1869.0,1869.0,1.0,0.0,0.0,0.0,0.0,0.0,0.0,0.0,2,🔵 Risque modéré,0.9161297,0.7117998
CLT01970,49,Normandie,1,1,Téléphone,0.3054,2019-11-15,,,,,0.0,0.0,0.0,0.0,,0.0,,1,🟢 Bon risque fidèle,13.86556,0.831197
CLT01971,38,Centre-Val de Loire,0,2,Téléphone,0.161,2016-07-16,,,,,0.0,0.0,0.0,0.0,,0.0,,1,🟢 Bon risque fidèle,12.656979,2.4101632
CLT01972,41,Centre-Val de Loire,0,1,Agent,0.4159,2016-03-19,3.0,3927.0,1309.0,2.0,1.0,9120.0,9120.0,0.0,0.3333333333333333,0.0,2.3223834988540872,3,🔴 Très haut risque,-2.2544923,3.8853848
CLT01973,62,Centre-Val de Loire,1,0,Courtier,0.0417,2020-05-18,,,,,0.0,0.0,0.0,0.0,,0.0,,1,🟢 Bon risque fidèle,13.8662195,8.473053
CLT01974,36,Île-de-France,7,1,Partenaire banque,0.0237,2017-11-17,1.0,1621.0,1621.0,1.0,0.0,0.0,0.0,0.0,0.0,0.0,0.0,2,🔵 Risque modéré,0.34495878,0.7460542
CLT01975,64,Provence-Alpes-Côte d'Azur,1,0,Téléphone,0.1545,2018-06-10,4.0,5877.0,1469.25,3.0,1.0,262.0,262.0,0.0,0.25,0.0,0.044580568317168626,2,🔵 Risque modéré,-4.8492374,5.40493
CLT01976,43,Bretagne,15,0,Partenaire banque,0.0321,2016-09-05,1.0,1197.0,1197.0,1.0,0.0,0.0,0.0,0.0,0.0,0.0,0.0,2,🔵 Risque modéré,1.7621052,8.865716
CLT01977,28,Occitanie,1,0,Agent,0.1623,2020-10-07,,,,,0.0,0.0,0.0,0.0,,0.0,,1,🟢 Bon risque fidèle,16.411306,7.665723
CLT01978,28,Centre-Val de Loire,1,0,Partenaire banque,0.0396,2019-07-24,1.0,828.0,828.0,1.0,0.0,0.0,0.0,0.0,0.0,0.0,0.0,2,🔵 Risque modéré,2.2359705,11.368046
CLT01979,40,Bretagne,0,0,Web,0.2889,2018-12-11,1.0,499.0,499.0,1.0,1.0,514.0,514.0,0.0,1.0,0.0,1.0300601202404809,2,🔵 Risque modéré,0.77687204,5.9055405
CLT01980,45,Île-de-France,0,1,Web,0.1159,2019-03-04,1.0,962.0,962.0,1.0,1.0,241.0,241.0,0.0,1.0,0.0,0.2505197505197505,2,🔵 Risque modéré,0.1138025,4.613278
CLT01981,48,Nouvelle-Aquitaine,5,0,Web,0.0205,2019-12-02,,,,,0.0,0.0,0.0,0.0,,0.0,,1,🟢 Bon risque fidèle,14.462132,6.3556733
CLT01982,41,Occitanie,7,1,Web,0.263,2019-10-13,1.0,1001.0,1001.0,1.0,0.0,0.0,0.0,0.0,0.0,0.0,0.0,2,🔵 Risque modéré,0.44521666,0.74690294
CLT01983,32,Bretagne,0,0,Partenaire banque,0.321,2020-03-23,2.0,2811.0,1405.5,1.0,0.0,0.0,0.0,0.0,0.0,0.0,0.0,2,🔵 Risque modéré,1.7932361,11.820488
CLT01984,46,Centre-Val de Loire,3,1,Courtier,0.0865,2016-07-05,1.0,640.0,640.0,1.0,1.0,96.0,96.0,0.0,1.0,0.0,0.15,2,🔵 Risque modéré,0.13256279,4.6441674
CLT01985,53,Occitanie,2,1,Courtier,0.1742,2020-05-31,1.0,1835.0,1835.0,1.0,0.0,0.0,0.0,0.0,0.0,0.0,0.0,2,🔵 Risque modéré,0.90702164,1.1462772
CLT01986,43,Bretagne,7,0,Web,0.1798,2017-11-21,5.0,10997.0,2199.4,3.0,4.0,23915.0,5978.75,0.0,0.8,0.0,2.1746840047285625,2,🔵 Risque modéré,-4.1889944,5.355019
CLT01987,37,Auvergne-Rhône-Alpes,1,0,Courtier,0.1331,2020-03-08,3.0,3610.0,1203.3333333333333,2.0,2.0,1420.0,710.0,0.0,0.6666666666666666,0.0,0.39335180055401664,2,🔵 Risque modéré,-4.6433764,6.7358837
CLT01988,36,Île-de-France,1,0,Courtier,0.2245,2017-06-23,2.0,2723.0,1361.5,2.0,0.0,0.0,0.0,0.0,0.0,0.0,0.0,2,🔵 Risque modéré,-5.7831855,7.463844
CLT01989,71,Auvergne-Rhône-Alpes,2,0,Courtier,0.1778,2018-06-10,,,,,0.0,0.0,0.0,0.0,,0.0,,1,🟢 Bon risque fidèle,14.273986,8.780203
CLT01990,18,Nouvelle-Aquitaine,2,0,Agent,0.0409,2018-09-13,2.0,3313.0,1656.5,2.0,1.0,144.0,144.0,0.0,0.5,0.0,0.04346513733776034,2,🔵 Risque modéré,-4.79483,7.2616825
CLT01991,26,Grand Est,2,0,Web,0.086,2018-03-22,2.0,3335.0,1667.5,2.0,1.0,137.0,137.0,0.0,0.5,0.0,0.041079460269865066,2,🔵 Risque modéré,-4.7449613,7.231757
CLT01992,36,Centre-Val de Loire,3,1,Web,0.3202,2019-06-17,1.0,980.0,980.0,1.0,1.0,152.0,152.0,0.0,1.0,0.0,0.15510204081632653,2,🔵 Risque modéré,-0.17123905,4.2192826
CLT01993,18,Grand Est,1,1,Web,0.1845,2016-05-28,1.0,1502.0,1502.0,1.0,1.0,3313.0,3313.0,0.0,1.0,0.0,2.2057256990679095,2,🔵 Risque modéré,0.045283884,4.271112
CLT01994,39,Hauts-de-France,3,0,Agent,0.0517,2017-10-26,2.0,2490.0,1245.0,2.0,0.0,0.0,0.0,0.0,0.0,0.0,0.0,2,🔵 Risque modéré,-6.053353,6.9445643
CLT01995,55,Centre-Val de Loire,0,0,Web,0.1789,2019-10-09,,,,,0.0,0.0,0.0,0.0,,0.0,,1,🟢 Bon risque fidèle,14.872364,8.831027
CLT01996,23,Bretagne,1,0,Courtier,0.1144,2017-12-16,1.0,637.0,637.0,1.0,0.0,0.0,0.0,0.0,0.0,0.0,0.0,2,🔵 Risque modéré,2.342785,11.702989
CLT01997,36,Occitanie,6,0,Web,0.01,2019-05-03,2.0,2509.0,1254.5,1.0,1.0,13975.0,13975.0,0.0,0.5,0.0,5.569948186528498,3,🔴 Très haut risque,-1.8029089,6.639844
CLT01998,43,Île-de-France,14,0,Agent,0.01,2016-12-14,2.0,1717.0,858.5,2.0,4.0,12421.0,3105.25,0.0,2.0,0.0,7.23412929528247,3,🔴 Très haut risque,-0.79519725,6.3197246
CLT01999,44,Provence-Alpes-Côte d'Azur,9,1,Agent,0.0108,2020-07-04,2.0,2614.0,1307.0,2.0,0.0,0.0,0.0,0.0,0.0,0.0,0.0,2,🔵 Risque modéré,-4.515344,3.4332218
CLT02000,48,Normandie,0,1,Agent,0.01,2018-06-23,,,,,0.0,0.0,0.0,0.0,,0.0,,1,🟢 Bon risque fidèle,14.176871,1.7539402
CLT02001,42,Île-de-France,4,1,Partenaire banque,0.1238,2017-04-25,,,,,0.0,0.0,0.0,0.0,,0.0,,1,🟢 Bon risque fidèle,14.074647,2.0113358
CLT02002,43,Occitanie,1,1,Agent,0.0182,2016-11-17,,,,,0.0,0.0,0.0,0.0,,0.0,,1,🟢 Bon risque fidèle,14.276871,1.8527417
CLT02003,47,Auvergne-Rhône-Alpes,5,0,Web,0.1834,2016-04-23,1.0,995.0,995.0,1.0,0.0,0.0,0.0,0.0,0.0,0.0,0.0,2,🔵 Risque modéré,1.3353939,11.187758
CLT02004,34,Occitanie,3,0,Partenaire banque,0.1478,2016-10-31,3.0,6092.0,2030.6666666666667,2.0,0.0,0.0,0.0,0.0,0.0,0.0,0.0,2,🔵 Risque modéré,-5.4911265,6.9925666
CLT02005,18,Hauts-de-France,1,1,Web,0.2193,2019-11-23,1.0,1229.0,1229.0,1.0,0.0,0.0,0.0,0.0,0.0,0.0,0.0,2,🔵 Risque modéré,1.3986254,1.9879123
CLT02006,51,Auvergne-Rhône-Alpes,0,1,Web,0.1853,2018-08-24,1.0,1422.0,1422.0,1.0,0.0,0.0,0.0,0.0,0.0,0.0,0.0,2,🔵 Risque modéré,1.1430366,1.0162227
CLT02007,58,Île-de-France,4,2,Web,0.3763,2020-02-26,2.0,4479.0,2239.5,2.0,2.0,7601.0,3800.5,0.0,1.0,0.0,1.6970305871846394,3,🔴 Très haut risque,-1.8175957,3.5758152
CLT02008,18,Grand Est,1,0,Web,0.0781,2019-01-26,1.0,2059.0,2059.0,1.0,0.0,0.0,0.0,0.0,0.0,0.0,0.0,2,🔵 Risque modéré,2.992998,11.104295
CLT02009,25,Grand Est,15,0,Agent,0.01,2019-01-30,1.0,1049.0,1049.0,1.0,1.0,527.0,527.0,0.0,1.0,0.0,0.5023832221163013,2,🔵 Risque modéré,-0.5033919,6.735762
CLT02010,41,Normandie,3,1,Agent,0.2519,2016-10-18,1.0,1076.0,1076.0,1.0,1.0,3653.0,3653.0,0.0,1.0,0.0,3.3949814126394053,3,🔴 Très haut risque,-0.38838658,4.668815
CLT02011,18,Île-de-France,1,2,Courtier,0.1978,2019-09-22,,,,,0.0,0.0,0.0,0.0,,0.0,,1,🟢 Bon risque fidèle,12.6536665,2.73396
CLT02012,39,Grand Est,0,1,Web,0.1063,2016-12-16,,,,,0.0,0.0,0.0,0.0,,0.0,,1,🟢 Bon risque fidèle,14.448291,1.7330636
CLT02013,38,Île-de-France,1,1,Web,0.1911,2020-06-06,3.0,5580.0,1860.0,2.0,1.0,13239.0,13239.0,0.0,0.3333333333333333,0.0,2.3725806451612903,3,🔴 Très haut risque,-2.5080857,5.6402783
CLT02014,36,Centre-Val de Loire,7,2,Web,0.2168,2018-08-12,3.0,5039.0,1679.6666666666667,3.0,1.0,2995.0,2995.0,0.0,0.3333333333333333,0.0,0.5943639611033935,2,🔵 Risque modéré,-2.6111546,3.3660204
CLT02015,48,Île-de-France,1,1,Web,0.2157,2019-09-16,1.0,1101.0,1101.0,1.0,0.0,0.0,0.0,0.0,0.0,0.0,0.0,2,🔵 Risque modéré,1.2753927,1.0252755
CLT02016,45,Hauts-de-France,2,0,Agent,0.2633,2019-09-15,1.0,1266.0,1266.0,1.0,0.0,0.0,0.0,0.0,0.0,0.0,0.0,2,🔵 Risque modéré,1.0176595,11.785316
CLT02017,29,Provence-Alpes-Côte d'Azur,3,0,Téléphone,0.1304,2016-02-11,1.0,2425.0,2425.0,1.0,0.0,0.0,0.0,0.0,0.0,0.0,0.0,2,🔵 Risque modéré,3.0386255,10.655415
CLT02018,33,Hauts-de-France,2,0,Téléphone,0.01,2019-08-24,3.0,3064.0,1021.3333333333334,1.0,0.0,0.0,0.0,0.0,0.0,0.0,0.0,2,🔵 Risque modéré,1.7107816,10.807626
CLT02019,57,Bretagne,4,1,Web,0.1575,2018-02-20,1.0,1329.0,1329.0,1.0,1.0,8297.0,8297.0,0.0,1.0,0.0,6.2430398796087285,3,🔴 Très haut risque,-0.70798576,5.295521
CLT02020,29,Grand Est,6,0,Partenaire banque,0.0912,2016-07-24,1.0,1897.0,1897.0,1.0,0.0,0.0,0.0,0.0,0.0,0.0,0.0,2,🔵 Risque modéré,2.4101744,10.346153
CLT02021,18,Provence-Alpes-Côte d'Azur,7,0,Courtier,0.01,2019-05-09,1.0,1757.0,1757.0,1.0,0.0,0.0,0.0,0.0,0.0,0.0,0.0,2,🔵 Risque modéré,2.4394796,10.349669
CLT02022,26,Grand Est,4,1,Web,0.1803,2017-02-13,,,,,0.0,0.0,0.0,0.0,,0.0,,1,🟢 Bon risque fidèle,14.791089,2.0666344
CLT02023,53,Grand Est,2,0,Partenaire banque,0.0778,2019-02-24,3.0,4048.0,1349.3333333333333,2.0,0.0,0.0,0.0,0.0,0.0,0.0,0.0,2,🔵 Risque modéré,-5.68736,6.292165
CLT02024,66,Île-de-France,0,1,Web,0.2723,2018-12-22,2.0,4079.0,2039.5,2.0,1.0,3042.0,3042.0,0.0,0.5,0.0,0.7457710223093895,2,🔵 Risque modéré,-3.006909,3.8261635
CLT02025,30,Hauts-de-France,4,4,Web,0.3351,2018-03-18,,,,,0.0,0.0,0.0,0.0,,0.0,,1,🟢 Bon risque fidèle,12.172316,2.8842232
CLT02026,58,Nouvelle-Aquitaine,1,1,Web,0.1463,2019-11-04,,,,,0.0,0.0,0.0,0.0,,0.0,,1,🟢 Bon risque fidèle,13.379291,1.4746928
CLT02027,52,Provence-Alpes-Côte d'Azur,2,0,Courtier,0.0547,2017-09-13,2.0,2112.0,1056.0,2.0,2.0,15343.0,7671.5,0.0,1.0,0.0,7.26467803030303,3,🔴 Très haut risque,-3.2684238,6.2924743
CLT02028,41,Occitanie,0,0,Partenaire banque,0.114,2018-10-25,3.0,2870.0,956.6666666666666,3.0,1.0,11478.0,11478.0,1.0,0.3333333333333333,1.0,3.9993031358885016,0,🟠 Risque élevé,-4.8504715,21.907963
CLT02029,49,Hauts-de-France,6,1,Téléphone,0.2032,2019-07-07,2.0,2816.0,1408.0,1.0,1.0,27823.0,27823.0,0.0,0.5,0.0,9.880326704545455,3,🔴 Très haut risque,-2.117761,6.434349
CLT02030,37,Hauts-de-France,14,3,Téléphone,0.274,2020-12-30,,,,,0.0,0.0,0.0,0.0,,0.0,,1,🟢 Bon risque fidèle,13.093912,2.878263
CLT02031,51,Île-de-France,0,1,Partenaire banque,0.4077,2017-07-29,1.0,1856.0,1856.0,1.0,1.0,289.0,289.0,0.0,1.0,0.0,0.1557112068965517,2,🔵 Risque modéré,-0.3345378,4.1960454
CLT02032,42,Occitanie,2,0,Web,0.3008,2018-03-17,,,,,0.0,0.0,0.0,0.0,,0.0,,1,🟢 Bon risque fidèle,15.667359,8.588371
CLT02033,31,Nouvelle-Aquitaine,0,1,Web,0.1505,2018-02-23,2.0,4120.0,2060.0,2.0,0.0,0.0,0.0,0.0,0.0,0.0,0.0,2,🔵 Risque modéré,-3.3381517,2.6748967
CLT02034,50,Grand Est,3,0,Partenaire banque,0.01,2019-06-10,2.0,2164.0,1082.0,1.0,2.0,4193.0,2096.5,0.0,1.0,0.0,1.9376155268022182,2,🔵 Risque modéré,0.39542824,6.4379277
CLT02035,50,Occitanie,1,0,Courtier,0.1542,2019-03-21,3.0,5500.0,1833.3333333333333,3.0,4.0,16074.0,4018.5,1.0,1.3333333333333333,0.25,2.9225454545454546,3,🔴 Très haut risque,-3.2738981,5.2152286
CLT02036,34,Nouvelle-Aquitaine,2,1,Courtier,0.204,2017-10-03,1.0,2465.0,2465.0,1.0,0.0,0.0,0.0,0.0,0.0,0.0,0.0,2,🔵 Risque modéré,0.56635314,1.7292325
CLT02037,72,Centre-Val de Loire,1,2,Web,0.1789,2019-01-17,3.0,4405.0,1468.3333333333333,3.0,1.0,386.0,386.0,1.0,0.3333333333333333,1.0,0.08762769580022702,0,🟠 Risque élevé,-4.8258057,21.956787
CLT02038,38,Nouvelle-Aquitaine,0,1,Web,0.2248,2016-10-12,3.0,4560.0,1520.0,2.0,0.0,0.0,0.0,0.0,0.0,0.0,0.0,2,🔵 Risque modéré,-3.268795,2.855837
CLT02039,38,Centre-Val de Loire,1,0,Courtier,0.1635,2020-06-28,4.0,6677.0,1669.25,3.0,2.0,579.0,289.5,0.0,0.5,0.0,0.08671559083420698,2,🔵 Risque modéré,-4.431805,5.1460395
CLT02040,18,Occitanie,4,3,Téléphone,0.3581,2017-09-26,3.0,3921.0,1307.0,2.0,3.0,8658.0,2886.0,0.0,1.0,0.0,2.2081101759755164,3,🔴 Très haut risque,-2.0355334,3.383623
CLT02041,31,Grand Est,4,0,Téléphone,0.2137,2018-06-01,2.0,3023.0,1511.5,2.0,0.0,0.0,0.0,0.0,0.0,0.0,0.0,2,🔵 Risque modéré,-5.653405,7.4601274
CLT02042,19,Nouvelle-Aquitaine,1,0,Agent,0.1111,2019-03-04,,,,,0.0,0.0,0.0,0.0,,0.0,,1,🟢 Bon risque fidèle,16.674059,7.2351027
CLT02043,52,Nouvelle-Aquitaine,2,2,Web,0.6198,2019-02-17,1.0,1145.0,1145.0,1.0,2.0,12357.0,6178.5,0.0,2.0,0.0,10.792139737991267,3,🔴 Très haut risque,-1.3134617,4.8088527
CLT02044,26,Grand Est,1,1,Partenaire banque,0.01,2016-09-01,2.0,1910.0,955.0,1.0,1.0,4067.0,4067.0,0.0,0.5,0.0,2.1293193717277488,2,🔵 Risque modéré,0.23926121,3.9962523
CLT02045,57,Nouvelle-Aquitaine,6,0,Web,0.0629,2020-12-08,1.0,738.0,738.0,1.0,0.0,0.0,0.0,0.0,0.0,0.0,0.0,2,🔵 Risque modéré,1.3428746,9.908074
CLT02046,34,Nouvelle-Aquitaine,1,0,Agent,0.2618,2020-04-18,2.0,2613.0,1306.5,2.0,3.0,24985.0,8328.333333333334,0.0,1.5,0.0,9.561806352851129,3,🔴 Très haut risque,-1.5849811,5.634919
CLT02047,18,Provence-Alpes-Côte d'Azur,1,1,Téléphone,0.2265,2018-04-29,3.0,3952.0,1317.3333333333333,2.0,2.0,17606.0,8803.0,0.0,0.6666666666666666,0.0,4.45495951417004,3,🔴 Très haut risque,-2.6478322,3.7022598
CLT02048,44,Bretagne,1,0,Web,0.1487,2020-03-09,,,,,0.0,0.0,0.0,0.0,,0.0,,1,🟢 Bon risque fidèle,15.408011,8.178933
CLT02049,46,Hauts-de-France,0,0,Web,0.01,2017-01-21,2.0,2625.0,1312.5,2.0,0.0,0.0,0.0,0.0,0.0,0.0,0.0,2,🔵 Risque modéré,-6.189151,6.876678
CLT02050,18,Auvergne-Rhône-Alpes,0,0,Web,0.2296,2016-02-25,2.0,2413.0,1206.5,2.0,2.0,2012.0,1006.0,0.0,1.0,0.0,0.8338168255283879,2,🔵 Risque modéré,-4.3892603,7.288543
CLT02051,56,Centre-Val de Loire,2,0,Agent,0.0169,2019-05-27,4.0,6022.0,1505.5,2.0,0.0,0.0,0.0,0.0,0.0,0.0,0.0,2,🔵 Risque modéré,-5.655379,6.101799
CLT02052,67,Centre-Val de Loire,1,0,Agent,0.1011,2019-05-08,,,,,0.0,0.0,0.0,0.0,,0.0,,1,🟢 Bon risque fidèle,14.071121,8.676873
CLT02053,18,Occitanie,2,1,Web,0.298,2016-02-25,1.0,2071.0,2071.0,1.0,1.0,282.0,282.0,0.0,1.0,0.0,0.1361661033317238,2,🔵 Risque modéré,-0.08329791,4.0783167
CLT02054,53,Provence-Alpes-Côte d'Azur,5,1,Web,0.369,2020-05-18,,,,,0.0,0.0,0.0,0.0,,0.0,,1,🟢 Bon risque fidèle,13.806357,0.9131727
CLT02055,52,Normandie,2,0,Web,0.1175,2020-09-30,2.0,2699.0,1349.5,2.0,0.0,0.0,0.0,0.0,0.0,0.0,0.0,2,🔵 Risque modéré,-6.121118,6.687889
CLT02056,48,Centre-Val de Loire,0,1,Courtier,0.3468,2019-08-25,4.0,5532.0,1383.0,3.0,4.0,4406.0,1101.5,0.0,1.0,0.0,0.7964569775849603,2,🔵 Risque modéré,-2.8203144,3.9438136
CLT02057,53,Provence-Alpes-Côte d'Azur,12,0,Web,0.0798,2018-03-06,3.0,4106.0,1368.6666666666667,1.0,3.0,7461.0,2487.0,0.0,1.0,0.0,1.8170969313200196,2,🔵 Risque modéré,-0.8262485,6.839049
CLT02058,22,Normandie,1,0,Courtier,0.3052,2016-12-03,2.0,2139.0,1069.5,2.0,1.0,413.0,413.0,0.0,0.5,0.0,0.19308087891538103,2,🔵 Risque modéré,-4.944571,7.5941114
CLT02059,29,Occitanie,0,1,Web,0.4698,2018-04-18,3.0,3523.0,1174.3333333333333,2.0,4.0,5091.0,1272.75,0.0,1.3333333333333333,0.0,1.445075219982969,3,🔴 Très haut risque,-2.1954174,3.85492
CLT02060,46,Île-de-France,2,2,Partenaire banque,0.2988,2018-04-27,1.0,1712.0,1712.0,1.0,0.0,0.0,0.0,0.0,0.0,0.0,0.0,2,🔵 Risque modéré,-0.8033339,1.6527878
CLT02061,38,Occitanie,2,1,Agent,0.0611,2017-02-21,2.0,2542.0,1271.0,2.0,0.0,0.0,0.0,0.0,0.0,0.0,0.0,2,🔵 Risque modéré,-3.8333306,2.6955247
CLT02062,42,Occitanie,0,1,Web,0.3663,2018-06-20,3.0,3991.0,1330.3333333333333,2.0,2.0,26547.0,13273.5,0.0,0.6666666666666666,0.0,6.651716361814081,3,🔴 Très haut risque,-2.0627468,5.239508
CLT02063,53,Centre-Val de Loire,2,1,Courtier,0.2261,2017-10-29,1.0,2531.0,2531.0,1.0,1.0,157.0,157.0,0.0,1.0,0.0,0.06203081785855393,2,🔵 Risque modéré,0.07436593,4.562336
CLT02064,56,Normandie,1,0,Téléphone,0.1288,2018-05-27,1.0,967.0,967.0,1.0,2.0,956.0,478.0,0.0,2.0,0.0,0.9886246122026887,2,🔵 Risque modéré,-0.66047287,5.5903163
CLT02065,44,Bretagne,2,1,Agent,0.1629,2019-06-01,2.0,4608.0,2304.0,1.0,1.0,3152.0,3152.0,0.0,0.5,0.0,0.6840277777777778,2,🔵 Risque modéré,0.07915269,3.5085127
CLT02066,61,Bretagne,1,0,Agent,0.3433,2018-03-20,2.0,3936.0,1968.0,2.0,3.0,5663.0,1887.6666666666667,0.0,1.5,0.0,1.438770325203252,3,🔴 Très haut risque,-3.8144794,6.18195
CLT02067,43,Centre-Val de Loire,0,1,Partenaire banque,0.2097,2019-03-19,,,,,0.0,0.0,0.0,0.0,,0.0,,1,🟢 Bon risque fidèle,14.173805,1.1318393
CLT02068,20,Centre-Val de Loire,7,1,Courtier,0.1143,2019-08-08,3.0,4194.0,1398.0,2.0,2.0,7139.0,3569.5,1.0,0.6666666666666666,0.5,1.7021936099189319,0,🟠 Risque élevé,-3.153699,5.1205397
CLT02069,30,Île-de-France,2,0,Courtier,0.1011,2018-07-15,,,,,0.0,0.0,0.0,0.0,,0.0,,1,🟢 Bon risque fidèle,16.185787,7.3580093
CLT02070,50,Normandie,9,0,Téléphone,0.01,2016-03-29,2.0,2506.0,1253.0,1.0,1.0,137.0,137.0,0.0,0.5,0.0,0.05466879489225858,2,🔵 Risque modéré,1.3360687,9.413628
CLT02071,50,Occitanie,8,2,Courtier,0.1042,2018-03-23,,,,,0.0,0.0,0.0,0.0,,0.0,,1,🟢 Bon risque fidèle,13.229073,2.4928946
CLT02072,33,Île-de-France,1,0,Courtier,0.1312,2018-11-25,3.0,4838.0,1612.6666666666667,2.0,2.0,13070.0,6535.0,0.0,0.6666666666666666,0.0,2.701529557668458,2,🔵 Risque modéré,-3.975666,6.5267167
CLT02073,52,Île-de-France,8,0,Web,0.0221,2018-06-21,1.0,1322.0,1322.0,1.0,0.0,0.0,0.0,0.0,0.0,0.0,0.0,2,🔵 Risque modéré,1.487664,9.653719
CLT02074,35,Bretagne,1,2,Téléphone,0.1835,2020-05-05,4.0,7550.0,1887.5,2.0,3.0,11548.0,3849.3333333333335,0.0,0.75,0.0,1.5295364238410596,2,🔵 Risque modéré,-2.552907,3.6720858
CLT02075,55,Hauts-de-France,2,0,Courtier,0.1251,2018-05-17,2.0,1865.0,932.5,2.0,0.0,0.0,0.0,0.0,0.0,0.0,0.0,2,🔵 Risque modéré,-6.060629,6.620099
CLT02076,79,Hauts-de-France,5,0,Agent,0.1689,2016-04-23,,,,,0.0,0.0,0.0,0.0,,0.0,,1,🟢 Bon risque fidèle,14.203112,8.750819
CLT02077,22,Grand Est,12,0,Téléphone,0.01,2018-08-09,,,,,0.0,0.0,0.0,0.0,,0.0,,1,🟢 Bon risque fidèle,15.023134,5.461877
CLT02078,53,Normandie,1,1,Web,0.2725,2018-10-24,1.0,1172.0,1172.0,1.0,3.0,1172.0,390.6666666666667,0.0,3.0,0.0,1.0,3,🔴 Très haut risque,-1.0377793,5.101056
CLT02079,51,Auvergne-Rhône-Alpes,0,0,Web,0.0962,2019-04-15,,,,,0.0,0.0,0.0,0.0,,0.0,,1,🟢 Bon risque fidèle,14.740645,8.32533
CLT02080,45,Grand Est,1,1,Web,0.3065,2018-04-28,3.0,6853.0,2284.3333333333335,2.0,0.0,0.0,0.0,0.0,0.0,0.0,0.0,2,🔵 Risque modéré,-3.176114,2.9173584
CLT02081,18,Provence-Alpes-Côte d'Azur,3,0,Courtier,0.2921,2017-01-03,2.0,3894.0,1947.0,2.0,2.0,7001.0,3500.5,0.0,1.0,0.0,1.797894196199281,2,🔵 Risque modéré,-4.3223305,7.261804
CLT02082,71,Normandie,0,0,Courtier,0.01,2020-01-01,,,,,0.0,0.0,0.0,0.0,,0.0,,1,🟢 Bon risque fidèle,13.8298435,8.581662
CLT02083,53,Occitanie,0,1,Téléphone,0.0983,2016-07-05,1.0,630.0,630.0,1.0,0.0,0.0,0.0,0.0,0.0,0.0,0.0,2,🔵 Risque modéré,1.1837804,0.47989318
CLT02084,34,Hauts-de-France,0,2,Web,0.249,2019-08-23,3.0,3200.0,1066.6666666666667,2.0,3.0,15070.0,5023.333333333333,0.0,1.0,0.0,4.709375,3,🔴 Très haut risque,-2.0909579,3.7689404
CLT02085,33,Nouvelle-Aquitaine,2,1,Agent,0.0931,2016-09-12,1.0,570.0,570.0,1.0,0.0,0.0,0.0,0.0,0.0,0.0,0.0,2,🔵 Risque modéré,1.6365463,0.8742849
CLT02086,35,Auvergne-Rhône-Alpes,1,0,Web,0.256,2018-07-11,,,,,0.0,0.0,0.0,0.0,,0.0,,1,🟢 Bon risque fidèle,15.940664,8.436903
CLT02087,53,Provence-Alpes-Côte d'Azur,0,1,Web,0.1072,2019-12-21,3.0,1920.0,640.0,1.0,0.0,0.0,0.0,0.0,0.0,0.0,0.0,2,🔵 Risque modéré,1.1585495,0.56263983
CLT02088,44,Bretagne,13,0,Agent,0.0195,2018-11-15,,,,,0.0,0.0,0.0,0.0,,0.0,,1,🟢 Bon risque fidèle,14.572797,5.267975
CLT02089,30,Centre-Val de Loire,0,0,Partenaire banque,0.2399,2018-02-16,3.0,5001.0,1667.0,3.0,3.0,19314.0,6438.0,0.0,1.0,0.0,3.8620275944811038,3,🔴 Très haut risque,-4.013772,5.6555314
CLT02090,44,Grand Est,3,0,Courtier,0.01,2020-04-24,,,,,0.0,0.0,0.0,0.0,,0.0,,1,🟢 Bon risque fidèle,14.639762,6.9340253
CLT02091,30,Nouvelle-Aquitaine,3,0,Téléphone,0.1032,2019-03-06,1.0,1441.0,1441.0,1.0,0.0,0.0,0.0,0.0,0.0,0.0,0.0,2,🔵 Risque modéré,2.456655,10.970978
CLT02092,29,Nouvelle-Aquitaine,0,0,Web,0.0375,2016-10-25,3.0,2675.0,891.6666666666666,1.0,0.0,0.0,0.0,0.0,0.0,0.0,0.0,2,🔵 Risque modéré,1.8070725,10.8944645
CLT02093,26,Nouvelle-Aquitaine,2,2,Agent,0.3532,2016-04-17,3.0,3998.0,1332.6666666666667,3.0,2.0,15640.0,7820.0,0.0,0.6666666666666666,0.0,3.9119559779889945,3,🔴 Très haut risque,-2.0587273,3.6844249
CLT02094,31,Bretagne,0,1,Web,0.01,2020-02-06,1.0,2865.0,2865.0,1.0,0.0,0.0,0.0,0.0,0.0,0.0,0.0,2,🔵 Risque modéré,0.59052634,1.4369369
CLT02095,48,Normandie,3,0,Web,0.1299,2017-01-07,1.0,2408.0,2408.0,1.0,0.0,0.0,0.0,0.0,0.0,0.0,0.0,2,🔵 Risque modéré,2.6947272,10.353879
CLT02096,51,Auvergne-Rhône-Alpes,2,0,Téléphone,0.0118,2017-02-21,1.0,431.0,431.0,1.0,0.0,0.0,0.0,0.0,0.0,0.0,0.0,1,🟢 Bon risque fidèle,1.0225128,10.780318
CLT02097,35,Île-de-France,6,0,Agent,0.01,2017-06-04,1.0,736.0,736.0,1.0,0.0,0.0,0.0,0.0,0.0,0.0,0.0,2,🔵 Risque modéré,1.8666694,10.202958
CLT02098,18,Île-de-France,3,2,Courtier,0.469,2020-10-19,4.0,4449.0,1112.25,2.0,2.0,4801.0,2400.5,0.0,0.5,0.0,1.0791189031242976,2,🔵 Risque modéré,-2.1855316,3.2234392
CLT02099,41,Normandie,3,1,Courtier,0.1422,2016-01-14,,,,,0.0,0.0,0.0,0.0,,0.0,,1,🟢 Bon risque fidèle,14.224213,1.7240424
CLT02100,47,Centre-Val de Loire,0,1,Téléphone,0.1015,2017-05-04,,,,,0.0,0.0,0.0,0.0,,0.0,,1,🟢 Bon risque fidèle,14.06553,1.6311939
CLT02101,40,Occitanie,2,1,Courtier,0.1846,2018-09-03,2.0,2890.0,1445.0,1.0,3.0,1858.0,619.3333333333334,1.0,1.5,0.3333333333333333,0.6429065743944636,0,🟠 Risque élevé,-2.8500707,5.0711656
CLT02102,49,Normandie,3,0,Courtier,0.1909,2016-06-13,3.0,3631.0,1210.3333333333333,2.0,1.0,1057.0,1057.0,0.0,0.3333333333333333,0.0,0.29110437895896446,2,🔵 Risque modéré,-4.9708734,6.4044557
CLT02103,77,Centre-Val de Loire,2,1,Agent,0.1348,2017-05-18,2.0,4810.0,2405.0,2.0,0.0,0.0,0.0,0.0,0.0,0.0,0.0,2,🔵 Risque modéré,-3.4839337,3.2673337
CLT02104,33,Grand Est,0,0,Web,0.0369,2019-07-13,1.0,1678.0,1678.0,1.0,0.0,0.0,0.0,0.0,0.0,0.0,0.0,2,🔵 Risque modéré,2.5292516,11.156399
CLT02105,52,Grand Est,0,1,Téléphone,0.2659,2017-03-03,1.0,1373.0,1373.0,1.0,1.0,924.0,924.0,0.0,1.0,0.0,0.6729788783685361,2,🔵 Risque modéré,-0.15495743,4.417419
CLT02106,45,Île-de-France,5,0,Web,0.098,2016-04-24,1.0,1783.0,1783.0,1.0,1.0,8441.0,8441.0,0.0,1.0,0.0,4.7341559169938305,3,🔴 Très haut risque,-0.17302486,6.0426583
CLT02107,29,Provence-Alpes-Côte d'Azur,6,0,Web,0.1688,2020-10-16,3.0,5268.0,1756.0,2.0,1.0,4488.0,4488.0,0.0,0.3333333333333333,0.0,0.8519362186788155,2,🔵 Risque modéré,-4.7529035,6.5865235
CLT02108,38,Île-de-France,0,0,Agent,0.1202,2020-09-14,2.0,3393.0,1696.5,2.0,1.0,2718.0,2718.0,0.0,0.5,0.0,0.8010610079575596,2,🔵 Risque modéré,-4.531048,6.886429
CLT02109,18,Centre-Val de Loire,5,0,Web,0.01,2016-06-30,2.0,1839.0,919.5,2.0,1.0,1234.0,1234.0,0.0,0.5,0.0,0.6710168569874932,2,🔵 Risque modéré,-5.112041,6.9598684
CLT02110,56,Île-de-France,0,2,Web,0.2554,2017-01-02,2.0,2731.0,1365.5,2.0,0.0,0.0,0.0,0.0,0.0,0.0,0.0,2,🔵 Risque modéré,-2.179693,2.8641126
CLT02111,29,Nouvelle-Aquitaine,5,1,Agent,0.01,2019-06-07,,,,,0.0,0.0,0.0,0.0,,0.0,,1,🟢 Bon risque fidèle,14.499291,2.3413992
CLT02112,35,Centre-Val de Loire,7,1,Courtier,0.162,2019-02-27,,,,,0.0,0.0,0.0,0.0,,0.0,,1,🟢 Bon risque fidèle,14.181341,2.4747975
CLT02113,46,Nouvelle-Aquitaine,0,0,Partenaire banque,0.1646,2020-03-16,3.0,3761.0,1253.6666666666667,3.0,3.0,11957.0,3985.6666666666665,0.0,1.0,0.0,3.179207657537889,3,🔴 Très haut risque,-4.061536,5.710713
CLT02114,32,Centre-Val de Loire,12,0,Courtier,0.01,2016-03-16,1.0,860.0,860.0,1.0,2.0,1124.0,562.0,0.0,2.0,0.0,1.3069767441860465,2,🔵 Risque modéré,-0.6291297,6.2504086
CLT02115,42,Auvergne-Rhône-Alpes,0,2,Agent,0.4926,2017-10-25,1.0,2044.0,2044.0,1.0,0.0,0.0,0.0,0.0,0.0,0.0,0.0,2,🔵 Risque modéré,-0.7669142,1.9481835
CLT02116,35,Provence-Alpes-Côte d'Azur,1,0,Téléphone,0.0588,2020-08-08,2.0,1538.0,769.0,2.0,0.0,0.0,0.0,0.0,0.0,0.0,0.0,2,🔵 Risque modéré,-5.8090115,7.382395
CLT02117,49,Auvergne-Rhône-Alpes,3,2,Agent,0.2708,2020-09-25,,,,,0.0,0.0,0.0,0.0,,0.0,,1,🟢 Bon risque fidèle,12.492803,2.371142
CLT02118,40,Grand Est,8,0,Web,0.1363,2018-08-24,2.0,5282.0,2641.0,1.0,0.0,0.0,0.0,0.0,0.0,0.0,0.0,2,🔵 Risque modéré,2.568728,9.806526
CLT02119,54,Nouvelle-Aquitaine,11,0,Web,0.0208,2020-10-28,3.0,3758.0,1252.6666666666667,2.0,0.0,0.0,0.0,0.0,0.0,0.0,0.0,2,🔵 Risque modéré,-5.816748,5.467326
CLT02120,18,Hauts-de-France,3,1,Web,0.2278,2018-04-29,4.0,6268.0,1567.0,3.0,0.0,0.0,0.0,0.0,0.0,0.0,0.0,2,🔵 Risque modéré,-3.5064328,3.901592
CLT02121,66,Grand Est,0,1,Web,0.2481,2017-03-06,1.0,1705.0,1705.0,1.0,1.0,17383.0,17383.0,0.0,1.0,0.0,10.195307917888563,3,🔴 Très haut risque,-1.6729665,5.7728033
CLT02122,39,Centre-Val de Loire,0,0,Web,0.1406,2019-03-18,2.0,2231.0,1115.5,2.0,1.0,18071.0,18071.0,0.0,0.5,0.0,8.09995517705065,3,🔴 Très haut risque,-2.3843305,6.2980027
CLT02123,18,Grand Est,0,1,Partenaire banque,0.2991,2018-09-19,,,,,0.0,0.0,0.0,0.0,,0.0,,1,🟢 Bon risque fidèle,15.140708,1.1331288
CLT02124,48,Centre-Val de Loire,1,0,Partenaire banque,0.0646,2019-12-20,3.0,3413.0,1137.6666666666667,2.0,2.0,26904.0,13452.0,0.0,0.6666666666666666,0.0,7.882801054790507,3,🔴 Très haut risque,-2.8123655,6.2911797
CLT02125,29,Hauts-de-France,10,0,Courtier,0.0102,2020-10-04,1.0,1059.0,1059.0,1.0,1.0,310.0,310.0,0.0,1.0,0.0,0.2927289896128423,2,🔵 Risque modéré,-0.36282718,6.660628
CLT02126,39,Provence-Alpes-Côte d'Azur,3,0,Web,0.01,2019-03-25,,,,,0.0,0.0,0.0,0.0,,0.0,,1,🟢 Bon risque fidèle,15.079609,6.818425
CLT02127,37,Centre-Val de Loire,1,1,Courtier,0.2039,2016-09-24,,,,,0.0,0.0,0.0,0.0,,0.0,,1,🟢 Bon risque fidèle,14.581062,1.2516077
CLT02128,35,Centre-Val de Loire,3,0,Courtier,0.1748,2018-12-02,3.0,4328.0,1442.6666666666667,3.0,0.0,0.0,0.0,0.0,0.0,0.0,0.0,2,🔵 Risque modéré,-4.6793137,5.0936184
CLT02129,36,Normandie,2,1,Courtier,0.1038,2017-01-05,3.0,4153.0,1384.3333333333333,3.0,0.0,0.0,0.0,0.0,0.0,0.0,0.0,2,🔵 Risque modéré,-3.9028783,3.8559303
CLT02130,57,Centre-Val de Loire,2,0,Web,0.2413,2017-08-19,2.0,4012.0,2006.0,1.0,0.0,0.0,0.0,0.0,0.0,0.0,0.0,2,🔵 Risque modéré,0.67648935,11.626034
CLT02131,58,Occitanie,1,0,Web,0.0614,2016-02-21,3.0,4276.0,1425.3333333333333,2.0,0.0,0.0,0.0,0.0,0.0,0.0,0.0,2,🔵 Risque modéré,-5.7595105,6.145381
CLT02132,26,Normandie,8,1,Agent,0.1776,2016-08-31,2.0,4070.0,2035.0,1.0,1.0,4852.0,4852.0,0.0,0.5,0.0,1.192137592137592,2,🔵 Risque modéré,-0.029574705,3.33087
CLT02133,41,Occitanie,3,0,Agent,0.01,2018-05-01,1.0,1487.0,1487.0,1.0,0.0,0.0,0.0,0.0,0.0,0.0,0.0,2,🔵 Risque modéré,1.7593783,10.36074
CLT02134,51,Bretagne,1,0,Web,0.2484,2017-12-19,,,,,0.0,0.0,0.0,0.0,,0.0,,1,🟢 Bon risque fidèle,15.14712,8.789136
CLT02135,30,Grand Est,7,0,Téléphone,0.0993,2017-03-12,2.0,3401.0,1700.5,1.0,0.0,0.0,0.0,0.0,0.0,0.0,0.0,2,🔵 Risque modéré,2.141655,10.162572
CLT02136,56,Île-de-France,7,0,Agent,0.0511,2019-11-16,1.0,2539.0,2539.0,1.0,1.0,76.0,76.0,0.0,1.0,0.0,0.02993304450571091,2,🔵 Risque modéré,0.22798483,6.2518725
CLT02137,51,Hauts-de-France,2,0,Web,0.0116,2016-05-20,2.0,3791.0,1895.5,2.0,0.0,0.0,0.0,0.0,0.0,0.0,0.0,2,🔵 Risque modéré,-6.393033,6.6236515
CLT02138,63,Hauts-de-France,1,0,Web,0.2046,2019-02-02,1.0,1439.0,1439.0,1.0,0.0,0.0,0.0,0.0,0.0,0.0,0.0,2,🔵 Risque modéré,0.4911297,11.479152
CLT02139,59,Provence-Alpes-Côte d'Azur,0,1,Agent,0.0864,2016-08-23,2.0,2384.0,1192.0,2.0,7.0,21500.0,3071.4285714285716,0.0,3.5,0.0,9.018456375838927,3,🔴 Très haut risque,-1.2253106,5.3458757
CLT02140,31,Provence-Alpes-Côte d'Azur,0,2,Web,0.3707,2020-01-25,2.0,5156.0,2578.0,2.0,2.0,7293.0,3646.5,0.0,1.0,0.0,1.4144685802948023,3,🔴 Très haut risque,-1.6551172,3.6460724
CLT02141,49,Centre-Val de Loire,7,0,Agent,0.2091,2016-03-02,3.0,4859.0,1619.6666666666667,2.0,3.0,7121.0,2373.6666666666665,0.0,1.0,0.0,1.4655278863963779,2,🔵 Risque modéré,-4.4059744,6.231723
CLT02142,18,Nouvelle-Aquitaine,1,1,Web,0.5352,2020-09-05,,,,,0.0,0.0,0.0,0.0,,0.0,,1,🟢 Bon risque fidèle,14.958674,1.0505722
CLT02143,45,Provence-Alpes-Côte d'Azur,4,0,Partenaire banque,0.01,2018-09-10,1.0,1258.0,1258.0,1.0,0.0,0.0,0.0,0.0,0.0,0.0,0.0,2,🔵 Risque modéré,1.5408118,10.330991
CLT02144,49,Normandie,1,1,Agent,0.1762,2019-08-17,1.0,1718.0,1718.0,1.0,1.0,138.0,138.0,0.0,1.0,0.0,0.08032596041909197,2,🔵 Risque modéré,-0.008409337,4.5120296
CLT02145,51,Nouvelle-Aquitaine,5,0,Courtier,0.0416,2019-07-10,2.0,2572.0,1286.0,2.0,1.0,150.0,150.0,0.0,0.5,0.0,0.0583203732503888,2,🔵 Risque modéré,-5.105152,6.221718
CLT02146,66,Normandie,3,1,Téléphone,0.234,2019-01-06,,,,,0.0,0.0,0.0,0.0,,0.0,,1,🟢 Bon risque fidèle,13.274885,1.4360332
CLT02147,28,Provence-Alpes-Côte d'Azur,0,0,Courtier,0.0313,2020-07-27,,,,,0.0,0.0,0.0,0.0,,0.0,,1,🟢 Bon risque fidèle,16.288496,6.8530083
CLT02148,47,Bretagne,4,1,Partenaire banque,0.2399,2016-04-26,2.0,2518.0,1259.0,1.0,2.0,7643.0,3821.5,0.0,1.0,0.0,3.035345512311358,3,🔴 Très haut risque,-0.44482058,4.725198
CLT02149,57,Grand Est,1,2,Web,0.2842,2020-01-26,,,,,0.0,0.0,0.0,0.0,,0.0,,1,🟢 Bon risque fidèle,12.465686,2.2697592
CLT02150,59,Provence-Alpes-Côte d'Azur,0,1,Courtier,0.4474,2016-02-10,2.0,4322.0,2161.0,2.0,1.0,140.0,140.0,0.0,0.5,0.0,0.03239241092086997,2,🔵 Risque modéré,-2.9626184,2.98594
CLT02151,54,Occitanie,4,0,Courtier,0.0927,2017-11-12,1.0,1299.0,1299.0,1.0,0.0,0.0,0.0,0.0,0.0,0.0,0.0,2,🔵 Risque modéré,0.9250943,10.780331
CLT02152,70,Provence-Alpes-Côte d'Azur,12,0,Web,0.0147,2016-11-03,2.0,3336.0,1668.0,2.0,0.0,0.0,0.0,0.0,0.0,0.0,0.0,2,🔵 Risque modéré,-5.911031,5.441964
CLT02153,49,Hauts-de-France,2,2,Téléphone,0.3002,2017-11-27,2.0,2265.0,1132.5,2.0,0.0,0.0,0.0,0.0,0.0,0.0,0.0,2,🔵 Risque modéré,-2.103782,2.8230054
CLT02154,41,Bretagne,2,1,Agent,0.2706,2020-09-23,1.0,875.0,875.0,1.0,0.0,0.0,0.0,0.0,0.0,0.0,0.0,2,🔵 Risque modéré,1.3877089,1.5702571
CLT02155,59,Nouvelle-Aquitaine,0,0,Courtier,0.0882,2018-03-10,1.0,1484.0,1484.0,1.0,0.0,0.0,0.0,0.0,0.0,0.0,0.0,2,🔵 Risque modéré,0.3531052,11.075227
CLT02156,53,Nouvelle-Aquitaine,11,1,Courtier,0.1648,2020-11-07,2.0,2381.0,1190.5,2.0,2.0,1966.0,983.0,0.0,1.0,0.0,0.8257034859302814,2,🔵 Risque modéré,-4.250048,3.954437
CLT02157,66,Hauts-de-France,10,1,Agent,0.1664,2017-10-08,1.0,1524.0,1524.0,1.0,0.0,0.0,0.0,0.0,0.0,0.0,0.0,2,🔵 Risque modéré,0.1932539,0.26895082
CLT02158,22,Île-de-France,0,0,Web,0.01,2016-06-28,2.0,2858.0,1429.0,2.0,2.0,15012.0,7506.0,0.0,1.0,0.0,5.252624212736179,3,🔴 Très haut risque,-3.4933162,6.676058
CLT02159,47,Normandie,6,1,Téléphone,0.0519,2018-02-02,2.0,4569.0,2284.5,2.0,0.0,0.0,0.0,0.0,0.0,0.0,0.0,2,🔵 Risque modéré,-4.1438947,3.0138247
CLT02160,51,Normandie,0,1,Téléphone,0.2146,2017-09-13,,,,,0.0,0.0,0.0,0.0,,0.0,,1,🟢 Bon risque fidèle,13.588017,1.047257
CLT02161,43,Occitanie,3,0,Courtier,0.01,2016-12-26,,,,,0.0,0.0,0.0,0.0,,0.0,,1,🟢 Bon risque fidèle,14.702334,6.868129
CLT02162,38,Auvergne-Rhône-Alpes,0,0,Courtier,0.1727,2016-03-19,3.0,6411.0,2137.0,3.0,1.0,4535.0,4535.0,0.0,0.3333333333333333,0.0,0.7073779441584777,2,🔵 Risque modéré,-4.3596168,5.509453
CLT02163,18,Occitanie,1,0,Téléphone,0.2282,2018-06-29,2.0,3846.0,1923.0,2.0,1.0,7353.0,7353.0,0.0,0.5,0.0,1.9118564742589703,2,🔵 Risque modéré,-4.269111,7.153059
CLT02164,27,Grand Est,3,1,Web,0.016,2018-09-17,2.0,2816.0,1408.0,2.0,1.0,13531.0,13531.0,0.0,0.5,0.0,4.805042613636363,3,🔴 Très haut risque,-2.6052122,6.1813135
CLT02165,43,Grand Est,2,2,Web,0.3685,2017-11-29,1.0,1085.0,1085.0,1.0,1.0,333.0,333.0,0.0,1.0,0.0,0.3069124423963134,2,🔵 Risque modéré,-0.7761825,3.9741888
CLT02166,40,Normandie,2,0,Agent,0.0528,2018-12-10,1.0,1264.0,1264.0,1.0,0.0,0.0,0.0,0.0,0.0,0.0,0.0,2,🔵 Risque modéré,1.6842216,10.999735
CLT02167,54,Hauts-de-France,5,1,Agent,0.2041,2016-10-22,1.0,1252.0,1252.0,1.0,1.0,439.0,439.0,0.0,1.0,0.0,0.3506389776357827,2,🔵 Risque modéré,-0.10641021,4.5893364
CLT02168,46,Auvergne-Rhône-Alpes,1,1,Téléphone,0.237,2018-11-25,4.0,5766.0,1441.5,2.0,1.0,5521.0,5521.0,0.0,0.25,0.0,0.9575095386749913,2,🔵 Risque modéré,-3.2113564,3.8771129
CLT02169,44,Nouvelle-Aquitaine,1,1,Web,0.3362,2016-03-17,1.0,581.0,581.0,1.0,0.0,0.0,0.0,0.0,0.0,0.0,0.0,1,🟢 Bon risque fidèle,1.303825,1.675122
CLT02170,68,Normandie,8,1,Courtier,0.01,2020-11-08,4.0,5229.0,1307.25,2.0,4.0,32965.0,8241.25,0.0,1.0,0.0,6.3042646777586535,3,🔴 Très haut risque,-3.377831,6.157077
CLT02171,36,Grand Est,5,0,Web,0.2069,2017-09-30,1.0,1054.0,1054.0,1.0,0.0,0.0,0.0,0.0,0.0,0.0,0.0,2,🔵 Risque modéré,1.6542789,11.276311
CLT02172,62,Île-de-France,0,2,Agent,0.1623,2019-05-04,1.0,1163.0,1163.0,1.0,1.0,376.0,376.0,0.0,1.0,0.0,0.3233018056749785,2,🔵 Risque modéré,-0.4593531,4.3138094
CLT02173,58,Auvergne-Rhône-Alpes,5,0,Web,0.0329,2020-12-28,3.0,5272.0,1757.3333333333333,2.0,4.0,27651.0,6912.75,0.0,1.3333333333333333,0.0,5.244878603945372,3,🔴 Très haut risque,-3.6458428,6.2621346
CLT02174,58,Île-de-France,3,0,Web,0.01,2020-04-20,2.0,1752.0,876.0,1.0,0.0,0.0,0.0,0.0,0.0,0.0,0.0,2,🔵 Risque modéré,0.7958435,10.340759
CLT02175,50,Hauts-de-France,4,3,Web,0.3301,2020-04-04,,,,,0.0,0.0,0.0,0.0,,0.0,,1,🟢 Bon risque fidèle,12.169748,2.7227612
CLT02176,36,Hauts-de-France,1,2,Agent,0.4925,2017-03-07,1.0,1678.0,1678.0,1.0,0.0,0.0,0.0,0.0,0.0,0.0,0.0,2,🔵 Risque modéré,-0.8205307,1.9282925
CLT02177,19,Provence-Alpes-Côte d'Azur,2,1,Web,0.3599,2017-08-11,2.0,2801.0,1400.5,2.0,0.0,0.0,0.0,0.0,0.0,0.0,0.0,2,🔵 Risque modéré,-2.8017724,2.6524742
CLT02178,59,Hauts-de-France,1,0,Courtier,0.2088,2020-05-03,1.0,702.0,702.0,1.0,0.0,0.0,0.0,0.0,0.0,0.0,0.0,2,🔵 Risque modéré,0.7247218,11.537983
CLT02179,48,Normandie,1,0,Agent,0.1535,2017-07-14,3.0,4141.0,1380.3333333333333,2.0,2.0,3653.0,1826.5,0.0,0.6666666666666666,0.0,0.8821540690654431,2,🔵 Risque modéré,-4.538467,6.4440722
CLT02180,29,Nouvelle-Aquitaine,7,2,Web,0.227,2016-08-24,1.0,896.0,896.0,1.0,1.0,3814.0,3814.0,0.0,1.0,0.0,4.256696428571429,3,🔴 Très haut risque,-0.35722893,4.5484676
CLT02181,43,Île-de-France,3,2,Partenaire banque,0.3386,2019-02-22,,,,,0.0,0.0,0.0,0.0,,0.0,,1,🟢 Bon risque fidèle,12.23899,2.5875924
CLT02182,48,Grand Est,6,1,Web,0.1667,2019-01-18,1.0,1363.0,1363.0,1.0,0.0,0.0,0.0,0.0,0.0,0.0,0.0,2,🔵 Risque modéré,0.47137123,0.48123798
CLT02183,24,Provence-Alpes-Côte d'Azur,4,1,Courtier,0.2629,2017-07-11,1.0,964.0,964.0,1.0,0.0,0.0,0.0,0.0,0.0,0.0,0.0,2,🔵 Risque modéré,1.2831218,1.8060513
CLT02184,49,Nouvelle-Aquitaine,0,0,Partenaire banque,0.01,2020-07-06,1.0,3034.0,3034.0,1.0,0.0,0.0,0.0,0.0,0.0,0.0,0.0,2,🔵 Risque modéré,3.0699747,10.14843
CLT02185,35,Hauts-de-France,2,1,Courtier,0.2744,2016-12-18,,,,,0.0,0.0,0.0,0.0,,0.0,,1,🟢 Bon risque fidèle,14.624383,1.1406798
CLT02186,63,Auvergne-Rhône-Alpes,5,3,Web,0.1935,2017-11-26,,,,,0.0,0.0,0.0,0.0,,0.0,,1,🟢 Bon risque fidèle,12.644104,2.274353
CLT02187,41,Grand Est,0,1,Courtier,0.1713,2016-09-25,2.0,2111.0,1055.5,1.0,2.0,4486.0,2243.0,0.0,1.0,0.0,2.1250592136428232,2,🔵 Risque modéré,0.10503317,4.171857
CLT02188,36,Île-de-France,4,0,Courtier,0.01,2019-10-17,1.0,1475.0,1475.0,1.0,0.0,0.0,0.0,0.0,0.0,0.0,0.0,2,🔵 Risque modéré,1.9649847,10.327641
CLT02189,31,Île-de-France,2,2,Web,0.2703,2016-04-22,3.0,4922.0,1640.6666666666667,3.0,0.0,0.0,0.0,0.0,0.0,0.0,0.0,2,🔵 Risque modéré,-2.5051575,3.0993516
CLT02190,65,Auvergne-Rhône-Alpes,11,0,Courtier,0.01,2017-01-03,2.0,2687.0,1343.5,2.0,0.0,0.0,0.0,0.0,0.0,0.0,0.0,2,🔵 Risque modéré,-5.91696,5.450987
CLT02191,61,Centre-Val de Loire,3,0,Téléphone,0.0418,2019-07-15,,,,,0.0,0.0,0.0,0.0,,0.0,,1,🟢 Bon risque fidèle,13.778921,8.188453
CLT02192,25,Normandie,2,0,Agent,0.1272,2017-10-03,2.0,4306.0,2153.0,1.0,1.0,16013.0,16013.0,0.0,0.5,0.0,3.718764514630748,3,🔴 Très haut risque,-2.3351035,6.4713497
CLT02193,40,Provence-Alpes-Côte d'Azur,1,0,Téléphone,0.1952,2020-01-02,2.0,4364.0,2182.0,2.0,0.0,0.0,0.0,0.0,0.0,0.0,0.0,2,🔵 Risque modéré,-6.080453,7.0306263
CLT02194,40,Grand Est,2,0,Web,0.0888,2020-03-29,1.0,786.0,786.0,1.0,0.0,0.0,0.0,0.0,0.0,0.0,0.0,2,🔵 Risque modéré,1.6128526,11.332465
CLT02195,39,Normandie,1,0,Courtier,0.2442,2016-07-11,,,,,0.0,0.0,0.0,0.0,,0.0,,1,🟢 Bon risque fidèle,15.788086,8.4873
CLT02196,44,Normandie,5,2,Web,0.3651,2017-09-29,3.0,4861.0,1620.3333333333333,3.0,5.0,11925.0,2385.0,0.0,1.6666666666666667,0.0,2.453198930261263,3,🔴 Très haut risque,-1.997871,3.747596
CLT02197,53,Normandie,1,0,Courtier,0.0643,2017-04-05,,,,,0.0,0.0,0.0,0.0,,0.0,,1,🟢 Bon risque fidèle,14.390634,8.181049
CLT02198,54,Nouvelle-Aquitaine,2,2,Téléphone,0.1256,2019-06-19,4.0,7784.0,1946.0,2.0,1.0,571.0,571.0,0.0,0.25,0.0,0.07335560123329908,2,🔵 Risque modéré,-2.984245,3.4798226
CLT02199,32,Hauts-de-France,0,1,Téléphone,0.154,2018-03-15,1.0,1332.0,1332.0,1.0,2.0,34541.0,17270.5,0.0,2.0,0.0,25.93168168168168,3,🔴 Très haut risque,-1.5845448,6.048287
CLT02200,36,Nouvelle-Aquitaine,1,1,Agent,0.1134,2019-09-26,2.0,3117.0,1558.5,2.0,1.0,12461.0,12461.0,0.0,0.5,0.0,3.9977542508822586,3,🔴 Très haut risque,-2.4631712,5.7429247
CLT02201,30,Provence-Alpes-Côte d'Azur,1,1,Agent,0.2773,2020-12-14,3.0,7251.0,2417.0,2.0,1.0,14212.0,14212.0,0.0,0.3333333333333333,0.0,1.9600055164804855,3,🔴 Très haut risque,-2.4514945,5.658471
CLT02202,38,Provence-Alpes-Côte d'Azur,11,0,Courtier,0.0282,2016-03-04,,,,,0.0,0.0,0.0,0.0,,0.0,,1,🟢 Bon risque fidèle,14.792796,5.502932
CLT02203,66,Auvergne-Rhône-Alpes,3,0,Courtier,0.0192,2017-12-22,1.0,1542.0,1542.0,1.0,0.0,0.0,0.0,0.0,0.0,0.0,0.0,2,🔵 Risque modéré,0.4354801,10.512283
CLT02204,65,Normandie,0,0,Courtier,0.1393,2016-12-17,1.0,771.0,771.0,1.0,1.0,356.0,356.0,0.0,1.0,0.0,0.46173800259403375,2,🔵 Risque modéré,0.5194937,6.0379252
CLT02205,26,Hauts-de-France,4,0,Agent,0.0476,2019-05-24,2.0,2551.0,1275.5,1.0,4.0,11004.0,2751.0,0.0,2.0,0.0,4.313602508820071,3,🔴 Très haut risque,-0.843388,5.7391553
CLT02206,23,Centre-Val de Loire,3,0,Web,0.056,2016-07-31,1.0,1960.0,1960.0,1.0,0.0,0.0,0.0,0.0,0.0,0.0,0.0,2,🔵 Risque modéré,2.8186212,10.868108
CLT02207,36,Bretagne,0,0,Téléphone,0.1177,2020-06-21,4.0,4238.0,1059.5,2.0,4.0,16996.0,4249.0,1.0,1.0,0.25,4.010382255781029,3,🔴 Très haut risque,-3.4728022,5.3978806
CLT02208,50,Auvergne-Rhône-Alpes,11,1,Web,0.0951,2019-08-25,2.0,3942.0,1971.0,1.0,0.0,0.0,0.0,0.0,0.0,0.0,0.0,2,🔵 Risque modéré,-0.055811398,0.4511633
CLT02209,18,Auvergne-Rhône-Alpes,11,1,Agent,0.0905,2018-12-29,3.0,3474.0,1158.0,2.0,1.0,7974.0,7974.0,0.0,0.3333333333333333,0.0,2.295336787564767,2,🔵 Risque modéré,-4.2220144,4.1533422
CLT02210,39,Normandie,2,0,Courtier,0.1147,2018-04-28,1.0,548.0,548.0,1.0,0.0,0.0,0.0,0.0,0.0,0.0,0.0,2,🔵 Risque modéré,1.5735432,11.438179
CLT02211,39,Occitanie,8,1,Agent,0.1385,2019-01-29,2.0,2280.0,1140.0,1.0,2.0,16026.0,8013.0,0.0,1.0,0.0,7.028947368421052,3,🔴 Très haut risque,-0.55007523,5.27864
CLT02212,18,Nouvelle-Aquitaine,0,1,Partenaire banque,0.3197,2018-02-27,,,,,0.0,0.0,0.0,0.0,,0.0,,1,🟢 Bon risque fidèle,15.133497,1.1266166
CLT02213,25,Auvergne-Rhône-Alpes,1,1,Web,0.1543,2020-07-26,1.0,810.0,810.0,1.0,0.0,0.0,0.0,0.0,0.0,0.0,0.0,2,🔵 Risque modéré,1.630148,1.2833153
CLT02214,38,Centre-Val de Loire,7,0,Courtier,0.01,2018-06-12,1.0,919.0,919.0,1.0,0.0,0.0,0.0,0.0,0.0,0.0,0.0,2,🔵 Risque modéré,1.7959406,10.031914
CLT02215,60,Centre-Val de Loire,0,0,Agent,0.1422,2019-01-22,5.0,7243.0,1448.6,2.0,3.0,40329.0,13443.0,0.0,0.6,0.0,5.5679966864558885,3,🔴 Très haut risque,-3.1401725,6.1485243
CLT02216,43,Occitanie,3,1,Web,0.193,2019-10-05,2.0,2170.0,1085.0,2.0,0.0,0.0,0.0,0.0,0.0,0.0,0.0,2,🔵 Risque modéré,-3.5471668,2.8409724
CLT02217,32,Auvergne-Rhône-Alpes,1,1,Agent,0.3229,2019-12-30,,,,,0.0,0.0,0.0,0.0,,0.0,,1,🟢 Bon risque fidèle,14.715477,1.026202
CLT02218,52,Centre-Val de Loire,2,1,Téléphone,0.1163,2016-08-24,1.0,1798.0,1798.0,1.0,1.0,2543.0,2543.0,0.0,1.0,0.0,1.414349276974416,2,🔵 Risque modéré,-0.08704031,4.773993
CLT02219,38,Centre-Val de Loire,1,0,Courtier,0.2567,2017-10-30,3.0,5438.0,1812.6666666666667,2.0,2.0,3193.0,1596.5,0.0,0.6666666666666666,0.0,0.5871643986759838,2,🔵 Risque modéré,-4.4916606,6.466061
CLT02220,63,Grand Est,3,1,Web,0.1255,2018-07-02,1.0,1083.0,1083.0,1.0,0.0,0.0,0.0,0.0,0.0,0.0,0.0,2,🔵 Risque modéré,0.8593949,0.37791723
CLT02221,33,Nouvelle-Aquitaine,6,1,Web,0.1375,2018-04-13,,,,,0.0,0.0,0.0,0.0,,0.0,,1,🟢 Bon risque fidèle,14.280017,2.4129062
CLT02222,58,Auvergne-Rhône-Alpes,6,0,Courtier,0.1988,2019-11-06,1.0,2261.0,2261.0,1.0,3.0,6302.0,2100.6666666666665,0.0,3.0,0.0,2.7872622733303847,3,🔴 Très haut risque,-0.87485075,5.476939
CLT02223,52,Centre-Val de Loire,1,0,Agent,0.1973,2018-02-17,1.0,1321.0,1321.0,1.0,2.0,14860.0,7430.0,0.0,2.0,0.0,11.249053747161241,3,🔴 Très haut risque,-1.271679,5.616149
CLT02224,39,Provence-Alpes-Côte d'Azur,8,0,Courtier,0.01,2019-09-16,2.0,1562.0,781.0,2.0,1.0,244.0,244.0,0.0,0.5,0.0,0.15620998719590268,2,🔵 Risque modéré,-4.9930115,6.091586
CLT02225,46,Île-de-France,0,1,Web,0.3148,2020-08-02,2.0,3748.0,1874.0,1.0,0.0,0.0,0.0,0.0,0.0,0.0,0.0,2,🔵 Risque modéré,0.8469776,1.7541043
CLT02226,28,Nouvelle-Aquitaine,2,0,Téléphone,0.0548,2020-03-28,3.0,5408.0,1802.6666666666667,2.0,0.0,0.0,0.0,0.0,0.0,0.0,0.0,2,🔵 Risque modéré,-5.410067,7.099875
CLT02227,39,Île-de-France,1,1,Agent,0.1028,2019-09-17,3.0,2756.0,918.6666666666666,2.0,1.0,63.0,63.0,0.0,0.3333333333333333,0.0,0.022859216255442672,2,🔵 Risque modéré,-3.6230655,2.8865025
CLT02228,44,Nouvelle-Aquitaine,4,0,Courtier,0.2208,2017-08-21,3.0,3787.0,1262.3333333333333,2.0,1.0,3579.0,3579.0,0.0,0.3333333333333333,0.0,0.9450752574597306,2,🔵 Risque modéré,-4.54716,6.4803534
CLT02229,42,Bretagne,7,0,Agent,0.0995,2018-07-06,2.0,3472.0,1736.0,2.0,1.0,1024.0,1024.0,1.0,0.5,1.0,0.29493087557603687,0,🟠 Risque élevé,-4.741262,22.047955
CLT02230,46,Occitanie,0,0,Web,0.0321,2020-12-03,,,,,0.0,0.0,0.0,0.0,,0.0,,1,🟢 Bon risque fidèle,14.597753,7.438933
CLT02231,48,Provence-Alpes-Côte d'Azur,15,0,Web,0.01,2020-06-16,1.0,1160.0,1160.0,1.0,0.0,0.0,0.0,0.0,0.0,0.0,0.0,2,🔵 Risque modéré,1.7198465,8.894383
CLT02232,42,Hauts-de-France,2,3,Téléphone,0.5147,2018-06-11,,,,,0.0,0.0,0.0,0.0,,0.0,,1,🟢 Bon risque fidèle,12.0701065,2.8300686
CLT02233,20,Provence-Alpes-Côte d'Azur,2,0,Partenaire banque,0.1445,2019-04-10,1.0,2050.0,2050.0,1.0,0.0,0.0,0.0,0.0,0.0,0.0,0.0,2,🔵 Risque modéré,3.031737,11.1858015
CLT02234,38,Île-de-France,7,0,Agent,0.025,2018-11-13,3.0,3115.0,1038.3333333333333,2.0,0.0,0.0,0.0,0.0,0.0,0.0,0.0,2,🔵 Risque modéré,-5.6131864,6.555294
CLT02235,38,Bretagne,2,1,Téléphone,0.1869,2020-10-13,,,,,0.0,0.0,0.0,0.0,,0.0,,1,🟢 Bon risque fidèle,14.538844,1.4015702
CLT02236,18,Hauts-de-France,9,1,Web,0.097,2019-01-31,2.0,3044.0,1522.0,1.0,1.0,2470.0,2470.0,0.0,0.5,0.0,0.8114323258869908,2,🔵 Risque modéré,-0.003036554,2.985211
CLT02237,44,Île-de-France,1,1,Web,0.1202,2019-02-22,1.0,2980.0,2980.0,1.0,1.0,7169.0,7169.0,0.0,1.0,0.0,2.405704697986577,3,🔴 Très haut risque,0.026906876,4.9941025
CLT02238,47,Provence-Alpes-Côte d'Azur,0,1,Web,0.1212,2017-08-02,6.0,9157.0,1526.1666666666667,3.0,5.0,39206.0,7841.2,1.0,0.8333333333333334,0.2,4.281533253248881,3,🔴 Très haut risque,-3.6841857,5.04052
CLT02239,66,Île-de-France,0,1,Web,0.1423,2019-12-11,2.0,3245.0,1622.5,2.0,0.0,0.0,0.0,0.0,0.0,0.0,0.0,2,🔵 Risque modéré,-3.5023918,3.2605069
CLT02240,54,Centre-Val de Loire,3,0,Courtier,0.0179,2017-10-15,,,,,0.0,0.0,0.0,0.0,,0.0,,1,🟢 Bon risque fidèle,13.902322,7.990091
CLT02241,70,Bretagne,0,0,Courtier,0.2543,2018-06-12,1.0,1214.0,1214.0,1.0,0.0,0.0,0.0,0.0,0.0,0.0,0.0,2,🔵 Risque modéré,0.49498048,11.47367
CLT02242,27,Grand Est,5,0,Web,0.01,2016-12-23,2.0,3506.0,1753.0,1.0,0.0,0.0,0.0,0.0,0.0,0.0,0.0,2,🔵 Risque modéré,2.1064324,10.431556
CLT02243,40,Normandie,2,1,Web,0.2102,2019-02-13,1.0,959.0,959.0,1.0,0.0,0.0,0.0,0.0,0.0,0.0,0.0,2,🔵 Risque modéré,1.507992,1.1861366
CLT02244,32,Bretagne,2,0,Téléphone,0.0869,2018-01-09,2.0,2345.0,1172.5,2.0,0.0,0.0,0.0,0.0,0.0,0.0,0.0,2,🔵 Risque modéré,-5.7776537,7.364533
CLT02245,46,Bretagne,1,0,Web,0.1644,2020-11-24,2.0,4663.0,2331.5,2.0,2.0,20755.0,10377.5,0.0,1.0,0.0,4.450997212095218,3,🔴 Très haut risque,-3.3920126,6.4632277
CLT02246,35,Nouvelle-Aquitaine,1,0,Web,0.01,2016-05-28,,,,,0.0,0.0,0.0,0.0,,0.0,,1,🟢 Bon risque fidèle,15.627119,7.0381613
CLT02247,56,Île-de-France,1,1,Web,0.2195,2020-12-19,3.0,3137.0,1045.6666666666667,2.0,2.0,7919.0,3959.5,1.0,0.6666666666666666,0.5,2.5243863563914566,0,🟠 Risque élevé,-3.0426059,5.0693746
CLT02248,28,Normandie,4,2,Agent,0.2257,2016-10-07,1.0,643.0,643.0,1.0,0.0,0.0,0.0,0.0,0.0,0.0,0.0,2,🔵 Risque modéré,-1.0148455,1.3765407
CLT02249,63,Auvergne-Rhône-Alpes,0,1,Web,0.2421,2020-07-10,2.0,2021.0,1010.5,2.0,1.0,5183.0,5183.0,0.0,0.5,0.0,2.5645719940623453,2,🔵 Risque modéré,-2.8811066,3.9637537
CLT02250,38,Bretagne,7,1,Téléphone,0.0336,2020-06-05,,,,,0.0,0.0,0.0,0.0,,0.0,,1,🟢 Bon risque fidèle,14.237729,2.5645804
CLT02251,64,Centre-Val de Loire,7,0,Partenaire banque,0.1029,2019-07-02,2.0,1788.0,894.0,2.0,1.0,2269.0,2269.0,0.0,0.5,0.0,1.2690156599552573,2,🔵 Risque modéré,-5.403932,6.0331316
CLT02252,40,Nouvelle-Aquitaine,2,0,Courtier,0.2177,2018-05-20,,,,,0.0,0.0,0.0,0.0,,0.0,,1,🟢 Bon risque fidèle,15.742481,8.325491
CLT02253,51,Grand Est,3,1,Téléphone,0.1714,2018-02-28,,,,,0.0,0.0,0.0,0.0,,0.0,,1,🟢 Bon risque fidèle,13.580789,1.6057063
CLT02254,53,Provence-Alpes-Côte d'Azur,4,1,Web,0.2198,2018-05-21,1.0,998.0,998.0,1.0,0.0,0.0,0.0,0.0,0.0,0.0,0.0,2,🔵 Risque modéré,0.8492656,0.6321096
CLT02255,45,Centre-Val de Loire,0,1,Web,0.2274,2018-10-19,1.0,2255.0,2255.0,1.0,2.0,11729.0,5864.5,0.0,2.0,0.0,5.201330376940133,3,🔴 Très haut risque,-0.9848873,5.3239536
CLT02256,50,Occitanie,2,1,Agent,0.1419,2017-07-07,,,,,0.0,0.0,0.0,0.0,,0.0,,1,🟢 Bon risque fidèle,13.672522,1.5223367
CLT02257,41,Bretagne,0,1,Partenaire banque,0.1823,2019-03-28,1.0,2069.0,2069.0,1.0,0.0,0.0,0.0,0.0,0.0,0.0,0.0,2,🔵 Risque modéré,0.90345657,1.4602296
CLT02258,30,Provence-Alpes-Côte d'Azur,1,1,Web,0.1785,2016-03-20,3.0,2712.0,904.0,2.0,1.0,104.0,104.0,0.0,0.3333333333333333,0.0,0.038348082595870206,2,🔵 Risque modéré,-3.299157,2.9452486
CLT02259,51,Centre-Val de Loire,4,1,Courtier,0.1832,2018-01-26,,,,,0.0,0.0,0.0,0.0,,0.0,,1,🟢 Bon risque fidèle,13.630417,1.70475
CLT02260,48,Auvergne-Rhône-Alpes,5,1,Courtier,0.1219,2019-11-17,,,,,0.0,0.0,0.0,0.0,,0.0,,1,🟢 Bon risque fidèle,13.817836,2.0336485
CLT02261,34,Auvergne-Rhône-Alpes,6,1,Web,0.1298,2020-02-08,2.0,3944.0,1972.0,2.0,0.0,0.0,0.0,0.0,0.0,0.0,0.0,2,🔵 Risque modéré,-4.072141,2.8646193
CLT02262,37,Grand Est,1,2,Partenaire banque,0.3607,2020-03-19,,,,,0.0,0.0,0.0,0.0,,0.0,,1,🟢 Bon risque fidèle,12.243724,2.6351855
CLT02263,37,Hauts-de-France,4,0,Courtier,0.0182,2016-06-11,3.0,4146.0,1382.0,2.0,0.0,0.0,0.0,0.0,0.0,0.0,0.0,2,🔵 Risque modéré,-5.4563932,6.865664
CLT02264,35,Grand Est,6,0,Téléphone,0.16,2016-07-02,1.0,1051.0,1051.0,1.0,0.0,0.0,0.0,0.0,0.0,0.0,0.0,2,🔵 Risque modéré,1.752776,11.144066
CLT02265,53,Occitanie,1,0,Courtier,0.0672,2020-02-29,1.0,1269.0,1269.0,1.0,1.0,2436.0,2436.0,0.0,1.0,0.0,1.9196217494089836,2,🔵 Risque modéré,0.3072299,6.1352196
CLT02266,32,Auvergne-Rhône-Alpes,0,1,Agent,0.3065,2019-01-11,1.0,1022.0,1022.0,1.0,0.0,0.0,0.0,0.0,0.0,0.0,0.0,2,🔵 Risque modéré,1.3633558,1.825758
CLT02267,18,Centre-Val de Loire,0,0,Web,0.1952,2016-04-20,,,,,0.0,0.0,0.0,0.0,,0.0,,1,🟢 Bon risque fidèle,16.733171,7.592371
CLT02268,40,Provence-Alpes-Côte d'Azur,1,0,Courtier,0.251,2016-01-25,2.0,2358.0,1179.0,2.0,3.0,6972.0,2324.0,0.0,1.5,0.0,2.9567430025445294,3,🔴 Très haut risque,-3.7910125,6.650483
CLT02269,50,Normandie,1,0,Courtier,0.1247,2018-08-20,1.0,2820.0,2820.0,1.0,0.0,0.0,0.0,0.0,0.0,0.0,0.0,2,🔵 Risque modéré,3.0354817,10.195032
CLT02270,63,Centre-Val de Loire,2,0,Agent,0.2214,2018-05-14,4.0,7402.0,1850.5,2.0,2.0,4102.0,2051.0,0.0,0.5,0.0,0.5541745474196164,2,🔵 Risque modéré,-4.8556833,5.9930816
CLT02271,65,Provence-Alpes-Côte d'Azur,1,0,Partenaire banque,0.0424,2020-06-24,2.0,3903.0,1951.5,2.0,2.0,306.0,153.0,0.0,1.0,0.0,0.07840122982321292,2,🔵 Risque modéré,-4.5202622,6.210883
CLT02272,26,Hauts-de-France,0,1,Web,0.0295,2016-03-15,1.0,886.0,886.0,1.0,1.0,140.0,140.0,0.0,1.0,0.0,0.1580135440180587,2,🔵 Risque modéré,0.2410683,4.6460266
CLT02273,31,Centre-Val de Loire,0,1,Agent,0.214,2020-01-30,2.0,2434.0,1217.0,1.0,2.0,3994.0,1997.0,0.0,1.0,0.0,1.6409202958093674,2,🔵 Risque modéré,0.09232892,3.9709182
CLT02274,21,Centre-Val de Loire,7,2,Web,0.1696,2019-07-14,1.0,700.0,700.0,1.0,0.0,0.0,0.0,0.0,0.0,0.0,0.0,2,🔵 Risque modéré,-0.78939486,1.1355914
CLT02275,33,Normandie,3,2,Courtier,0.3902,2019-03-21,2.0,3514.0,1757.0,2.0,1.0,2582.0,2582.0,0.0,0.5,0.0,0.7347751849743882,2,🔵 Risque modéré,-1.9542826,3.3450065
CLT02276,29,Île-de-France,1,1,Agent,0.1487,2017-08-22,2.0,2982.0,1491.0,2.0,0.0,0.0,0.0,0.0,0.0,0.0,0.0,2,🔵 Risque modéré,-3.3612683,2.650507
CLT02277,32,Centre-Val de Loire,3,0,Web,0.01,2018-09-21,3.0,5107.0,1702.3333333333333,2.0,3.0,31914.0,10638.0,0.0,1.0,0.0,6.24906990405326,3,🔴 Très haut risque,-3.0691178,6.3867364
CLT02278,34,Auvergne-Rhône-Alpes,1,0,Web,0.0433,2016-06-08,2.0,2933.0,1466.5,1.0,1.0,7860.0,7860.0,0.0,0.5,0.0,2.679849982952608,2,🔵 Risque modéré,0.15602012,8.440382
CLT02279,32,Hauts-de-France,5,0,Web,0.0443,2019-06-17,1.0,2826.0,2826.0,1.0,0.0,0.0,0.0,0.0,0.0,0.0,0.0,2,🔵 Risque modéré,2.8148146,10.117013
CLT02280,23,Hauts-de-France,3,2,Web,0.3761,2017-06-12,2.0,3062.0,1531.0,2.0,0.0,0.0,0.0,0.0,0.0,0.0,0.0,2,🔵 Risque modéré,-2.295192,2.6829536
CLT02281,35,Île-de-France,10,1,Agent,0.01,2019-05-23,2.0,4134.0,2067.0,2.0,0.0,0.0,0.0,0.0,0.0,0.0,0.0,2,🔵 Risque modéré,-4.527452,3.2784147
CLT02282,41,Nouvelle-Aquitaine,0,0,Téléphone,0.01,2020-02-24,2.0,986.0,493.0,1.0,1.0,129.0,129.0,0.0,0.5,0.0,0.1308316430020284,2,🔵 Risque modéré,1.2919719,10.629552
CLT02283,47,Nouvelle-Aquitaine,11,1,Agent,0.01,2018-01-29,3.0,3757.0,1252.3333333333333,2.0,1.0,2294.0,2294.0,0.0,0.3333333333333333,0.0,0.6105935586904445,2,🔵 Risque modéré,-4.526798,3.6798215
CLT02284,56,Nouvelle-Aquitaine,0,1,Web,0.2294,2019-12-08,5.0,9450.0,1890.0,2.0,2.0,10575.0,5287.5,0.0,0.4,0.0,1.119047619047619,2,🔵 Risque modéré,-3.2409852,4.081663
CLT02285,35,Occitanie,0,1,Courtier,0.0685,2020-06-27,,,,,0.0,0.0,0.0,0.0,,0.0,,1,🟢 Bon risque fidèle,14.644905,1.859401
CLT02286,31,Grand Est,7,0,Téléphone,0.01,2017-12-05,2.0,4147.0,2073.5,2.0,0.0,0.0,0.0,0.0,0.0,0.0,0.0,2,🔵 Risque modéré,-5.6479473,6.574046
CLT02287,66,Auvergne-Rhône-Alpes,2,0,Partenaire banque,0.2627,2019-05-06,2.0,4309.0,2154.5,2.0,0.0,0.0,0.0,0.0,0.0,0.0,0.0,2,🔵 Risque modéré,-6.0289683,6.4669952
CLT02288,34,Nouvelle-Aquitaine,0,1,Téléphone,0.237,2020-03-23,4.0,5424.0,1356.0,3.0,0.0,0.0,0.0,0.0,0.0,0.0,0.0,2,🔵 Risque modéré,-3.5456765,3.8493092
CLT02289,38,Bretagne,2,1,Agent,0.01,2017-05-04,3.0,4822.0,1607.3333333333333,2.0,0.0,0.0,0.0,0.0,0.0,0.0,0.0,2,🔵 Risque modéré,-3.8374586,2.7894068
CLT02290,60,Normandie,1,0,Agent,0.1809,2016-12-10,4.0,7974.0,1993.5,3.0,1.0,31007.0,31007.0,0.0,0.25,0.0,3.8885126661650364,3,🔴 Très haut risque,-2.4024477,6.496007
CLT02291,18,Occitanie,16,1,Courtier,0.0977,2020-09-22,,,,,0.0,0.0,0.0,0.0,,0.0,,1,🟢 Bon risque fidèle,14.522263,4.716383
CLT02292,35,Provence-Alpes-Côte d'Azur,3,2,Web,0.2393,2017-06-27,2.0,3136.0,1568.0,1.0,0.0,0.0,0.0,0.0,0.0,0.0,0.0,2,🔵 Risque modéré,-0.90383863,1.4629338
CLT02293,44,Auvergne-Rhône-Alpes,6,2,Web,0.01,2018-08-10,1.0,1649.0,1649.0,1.0,0.0,0.0,0.0,0.0,0.0,0.0,0.0,2,🔵 Risque modéré,0.20296194,0.67524457
CLT02294,32,Bretagne,3,0,Courtier,0.1036,2018-09-04,3.0,6085.0,2028.3333333333333,2.0,1.0,12443.0,12443.0,0.0,0.3333333333333333,0.0,2.0448644207066557,3,🔴 Très haut risque,-2.935141,6.334429
CLT02295,69,Grand Est,1,0,Web,0.01,2019-11-02,2.0,1338.0,669.0,2.0,0.0,0.0,0.0,0.0,0.0,0.0,0.0,2,🔵 Risque modéré,-6.0018086,6.0558696
CLT02296,31,Bretagne,17,0,Courtier,0.01,2016-10-26,3.0,3997.0,1332.3333333333333,2.0,0.0,0.0,0.0,0.0,0.0,0.0,0.0,2,🔵 Risque modéré,-5.423991,5.3880496
CLT02297,43,Grand Est,7,1,Téléphone,0.0237,2016-01-27,1.0,2931.0,2931.0,1.0,0.0,0.0,0.0,0.0,0.0,0.0,0.0,2,🔵 Risque modéré,0.2647228,1.1126491
CLT02298,66,Hauts-de-France,5,2,Partenaire banque,0.2995,2018-07-10,1.0,3645.0,3645.0,1.0,0.0,0.0,0.0,0.0,0.0,0.0,0.0,2,🔵 Risque modéré,0.11672385,1.7589228
CLT02299,18,Bretagne,4,1,Agent,0.4024,2018-12-23,2.0,4448.0,2224.0,2.0,0.0,0.0,0.0,0.0,0.0,0.0,0.0,2,🔵 Risque modéré,-2.7033327,2.654647
CLT02300,57,Île-de-France,1,0,Web,0.0814,2018-12-26,,,,,0.0,0.0,0.0,0.0,,0.0,,1,🟢 Bon risque fidèle,14.336477,8.37727
CLT02301,38,Provence-Alpes-Côte d'Azur,0,0,Partenaire banque,0.01,2018-06-05,2.0,2344.0,1172.0,2.0,0.0,0.0,0.0,0.0,0.0,0.0,0.0,2,🔵 Risque modéré,-5.945172,7.32001
CLT02302,35,Centre-Val de Loire,1,0,Téléphone,0.0494,2020-10-25,1.0,1223.0,1223.0,1.0,0.0,0.0,0.0,0.0,0.0,0.0,0.0,2,🔵 Risque modéré,2.0682256,11.272591
CLT02303,21,Hauts-de-France,5,0,Web,0.1182,2017-07-02,,,,,0.0,0.0,0.0,0.0,,0.0,,1,🟢 Bon risque fidèle,16.279251,6.8449087
CLT02304,45,Auvergne-Rhône-Alpes,2,2,Web,0.3407,2019-04-13,,,,,0.0,0.0,0.0,0.0,,0.0,,1,🟢 Bon risque fidèle,12.20513,2.5149026
CLT02305,49,Bretagne,0,0,Courtier,0.0813,2019-10-16,,,,,0.0,0.0,0.0,0.0,,0.0,,1,🟢 Bon risque fidèle,14.743885,8.242041
CLT02306,61,Occitanie,5,1,Agent,0.1288,2019-04-22,1.0,1010.0,1010.0,1.0,0.0,0.0,0.0,0.0,0.0,0.0,0.0,2,🔵 Risque modéré,0.6184292,0.2748577
CLT02307,44,Occitanie,6,0,Courtier,0.01,2019-10-21,2.0,3093.0,1546.5,1.0,2.0,8007.0,4003.5,1.0,1.0,0.5,2.588748787584869,0,🟠 Risque élevé,-3.1248577,5.2088456
CLT02308,55,Nouvelle-Aquitaine,4,1,Web,0.1825,2016-01-24,6.0,9889.0,1648.1666666666667,3.0,2.0,9062.0,4531.0,1.0,0.3333333333333333,0.5,0.9163717261603802,0,🟠 Risque élevé,-3.2236264,4.988893
CLT02309,50,Île-de-France,8,1,Téléphone,0.0868,2016-01-27,2.0,4096.0,2048.0,2.0,1.0,100.0,100.0,1.0,0.5,1.0,0.0244140625,0,🟠 Risque élevé,-4.77139,22.052387
CLT02310,43,Bretagne,1,2,Web,0.1863,2016-08-02,2.0,3735.0,1867.5,1.0,1.0,2634.0,2634.0,0.0,0.5,0.0,0.7052208835341366,2,🔵 Risque modéré,-0.62245244,3.2721279
CLT02311,42,Normandie,3,1,Courtier,0.153,2020-01-27,3.0,4975.0,1658.3333333333333,2.0,2.0,38421.0,19210.5,0.0,0.6666666666666666,0.0,7.722814070351759,3,🔴 Très haut risque,-2.3691857,6.1618137
CLT02312,57,Hauts-de-France,6,2,Web,0.0899,2016-03-12,2.0,3961.0,1980.5,2.0,2.0,23846.0,11923.0,0.0,1.0,0.0,6.020196919969704,3,🔴 Très haut risque,-1.918944,5.0688143
CLT02313,55,Île-de-France,2,0,Agent,0.1169,2016-04-28,2.0,2996.0,1498.0,2.0,1.0,2987.0,2987.0,0.0,0.5,0.0,0.996995994659546,2,🔵 Risque modéré,-4.7050962,6.3761787
CLT02314,33,Centre-Val de Loire,1,0,Agent,0.1231,2020-09-09,,,,,0.0,0.0,0.0,0.0,,0.0,,1,🟢 Bon risque fidèle,16.022892,7.662302
CLT02315,18,Occitanie,4,0,Partenaire banque,0.2382,2019-08-01,1.0,886.0,886.0,1.0,0.0,0.0,0.0,0.0,0.0,0.0,0.0,2,🔵 Risque modéré,2.5747905,11.716422
CLT02316,41,Auvergne-Rhône-Alpes,1,0,Agent,0.01,2016-09-04,,,,,0.0,0.0,0.0,0.0,,0.0,,1,🟢 Bon risque fidèle,14.960516,7.259
CLT02317,31,Auvergne-Rhône-Alpes,0,2,Téléphone,0.3367,2016-09-25,3.0,2740.0,913.3333333333334,2.0,2.0,5336.0,2668.0,0.0,0.6666666666666666,0.0,1.9474452554744526,2,🔵 Risque modéré,-2.067656,3.455254
CLT02318,56,Bretagne,6,0,Agent,0.1208,2019-08-21,2.0,2332.0,1166.0,2.0,1.0,164.0,164.0,0.0,0.5,0.0,0.07032590051457976,2,🔵 Risque modéré,-5.2379365,6.1243687
CLT02319,38,Centre-Val de Loire,10,1,Téléphone,0.0969,2017-01-15,1.0,607.0,607.0,1.0,0.0,0.0,0.0,0.0,0.0,0.0,0.0,2,🔵 Risque modéré,0.14216457,0.6630756
CLT02320,46,Auvergne-Rhône-Alpes,1,0,Agent,0.1258,2017-06-04,1.0,3017.0,3017.0,1.0,0.0,0.0,0.0,0.0,0.0,0.0,0.0,2,🔵 Risque modéré,3.0761037,10.200293
CLT02321,41,Hauts-de-France,1,1,Courtier,0.1499,2016-06-06,,,,,0.0,0.0,0.0,0.0,,0.0,,1,🟢 Bon risque fidèle,14.281697,1.4737256
CLT02322,25,Normandie,6,0,Partenaire banque,0.01,2017-07-22,2.0,4713.0,2356.5,2.0,0.0,0.0,0.0,0.0,0.0,0.0,0.0,2,🔵 Risque modéré,-5.5613227,6.8173556
CLT02323,41,Bretagne,0,0,Agent,0.01,2019-10-01,,,,,0.0,0.0,0.0,0.0,,0.0,,1,🟢 Bon risque fidèle,14.973881,7.3501725
CLT02324,49,Provence-Alpes-Côte d'Azur,10,1,Web,0.0595,2020-05-19,2.0,2236.0,1118.0,2.0,0.0,0.0,0.0,0.0,0.0,0.0,0.0,2,🔵 Risque modéré,-4.525469,3.509946
CLT02325,47,Auvergne-Rhône-Alpes,5,1,Web,0.01,2016-05-09,2.0,2629.0,1314.5,2.0,1.0,294.0,294.0,0.0,0.5,0.0,0.11182959300114112,2,🔵 Risque modéré,-3.9784758,3.2459261
CLT02326,43,Bretagne,7,2,Courtier,0.205,2016-05-05,2.0,2213.0,1106.5,2.0,0.0,0.0,0.0,0.0,0.0,0.0,0.0,2,🔵 Risque modéré,-2.2055955,2.5753999
CLT02327,54,Hauts-de-France,13,1,Partenaire banque,0.1023,2017-06-28,1.0,1591.0,1591.0,1.0,1.0,8636.0,8636.0,0.0,1.0,0.0,5.428032683846637,3,🔴 Très haut risque,-0.91289437,6.3685417
CLT02328,45,Nouvelle-Aquitaine,2,1,Courtier,0.0423,2018-10-06,2.0,2614.0,1307.0,2.0,0.0,0.0,0.0,0.0,0.0,0.0,0.0,2,🔵 Risque modéré,-3.8786836,2.781858
CLT02329,54,Occitanie,0,0,Agent,0.017,2017-01-02,1.0,1631.0,1631.0,1.0,0.0,0.0,0.0,0.0,0.0,0.0,0.0,2,🔵 Risque modéré,0.4147889,10.778384
CLT02330,63,Normandie,0,1,Web,0.058,2019-01-14,,,,,0.0,0.0,0.0,0.0,,0.0,,1,🟢 Bon risque fidèle,13.401761,1.6939194
CLT02331,41,Bretagne,1,0,Web,0.1743,2019-08-12,4.0,4667.0,1166.75,3.0,0.0,0.0,0.0,0.0,0.0,0.0,0.0,2,🔵 Risque modéré,-4.661031,5.058039
CLT02332,42,Auvergne-Rhône-Alpes,0,0,Téléphone,0.0853,2020-01-07,1.0,1315.0,1315.0,1.0,0.0,0.0,0.0,0.0,0.0,0.0,0.0,2,🔵 Risque modéré,1.7179364,11.4058
CLT02333,19,Hauts-de-France,0,2,Web,0.4111,2016-05-31,2.0,2858.0,1429.0,2.0,0.0,0.0,0.0,0.0,0.0,0.0,0.0,2,🔵 Risque modéré,-2.249765,2.675888
CLT02334,47,Auvergne-Rhône-Alpes,1,1,Courtier,0.1734,2017-05-30,,,,,0.0,0.0,0.0,0.0,,0.0,,1,🟢 Bon risque fidèle,13.98738,1.3480085
CLT02335,52,Normandie,3,1,Web,0.0968,2018-10-18,1.0,2831.0,2831.0,1.0,0.0,0.0,0.0,0.0,0.0,0.0,0.0,2,🔵 Risque modéré,0.58272445,1.3088638
CLT02336,39,Nouvelle-Aquitaine,15,1,Agent,0.2071,2016-01-04,,,,,0.0,0.0,0.0,0.0,,0.0,,1,🟢 Bon risque fidèle,14.406261,4.5620894
CLT02337,49,Île-de-France,0,1,Agent,0.075,2017-07-01,,,,,0.0,0.0,0.0,0.0,,0.0,,1,🟢 Bon risque fidèle,14.065533,1.711753
CLT02338,39,Nouvelle-Aquitaine,3,2,Agent,0.2007,2018-03-14,1.0,3130.0,3130.0,1.0,0.0,0.0,0.0,0.0,0.0,0.0,0.0,2,🔵 Risque modéré,0.14714512,1.7716563
CLT02339,18,Centre-Val de Loire,1,0,Web,0.355,2019-12-22,1.0,958.0,958.0,1.0,2.0,8717.0,4358.5,0.0,2.0,0.0,9.099164926931106,3,🔴 Très haut risque,-1.1691583,5.56378
CLT02340,58,Normandie,3,1,Courtier,0.0949,2018-04-09,,,,,0.0,0.0,0.0,0.0,,0.0,,1,🟢 Bon risque fidèle,13.414586,1.818685
CLT02341,50,Auvergne-Rhône-Alpes,3,0,Courtier,0.0265,2016-01-09,2.0,2264.0,1132.0,2.0,0.0,0.0,0.0,0.0,0.0,0.0,0.0,2,🔵 Risque modéré,-6.2976503,6.440238
CLT02342,21,Bretagne,7,0,Partenaire banque,0.1915,2020-08-04,2.0,2104.0,1052.0,2.0,1.0,15057.0,15057.0,0.0,0.5,0.0,7.156368821292776,3,🔴 Très haut risque,-2.5234642,6.300617
CLT02343,35,Normandie,2,2,Web,0.3069,2019-01-03,,,,,0.0,0.0,0.0,0.0,,0.0,,1,🟢 Bon risque fidèle,12.363273,2.6540482
CLT02344,29,Provence-Alpes-Côte d'Azur,4,2,Web,0.1391,2017-09-14,2.0,1548.0,774.0,2.0,2.0,12380.0,6190.0,0.0,1.0,0.0,7.997416020671834,3,🔴 Très haut risque,-2.0260842,4.145807
CLT02345,38,Bretagne,0,1,Web,0.3323,2019-08-20,1.0,759.0,759.0,1.0,0.0,0.0,0.0,0.0,0.0,0.0,0.0,2,🔵 Risque modéré,1.351423,1.7044643
CLT02346,47,Auvergne-Rhône-Alpes,4,1,Courtier,0.2965,2020-10-15,,,,,0.0,0.0,0.0,0.0,,0.0,,1,🟢 Bon risque fidèle,13.944191,1.3011045
CLT02347,36,Provence-Alpes-Côte d'Azur,2,0,Web,0.1629,2018-08-01,1.0,1229.0,1229.0,1.0,2.0,1114.0,557.0,0.0,2.0,0.0,0.9064279902359642,3,🔴 Très haut risque,-0.73104197,5.566929
CLT02348,55,Hauts-de-France,0,0,Agent,0.075,2016-12-29,1.0,1038.0,1038.0,1.0,0.0,0.0,0.0,0.0,0.0,0.0,0.0,2,🔵 Risque modéré,0.56776065,11.046591
CLT02349,67,Grand Est,0,0,Web,0.2191,2018-02-27,,,,,0.0,0.0,0.0,0.0,,0.0,,1,🟢 Bon risque fidèle,14.535779,8.915007
CLT02350,39,Occitanie,3,1,Web,0.1295,2018-03-11,1.0,1829.0,1829.0,1.0,0.0,0.0,0.0,0.0,0.0,0.0,0.0,2,🔵 Risque modéré,0.965545,1.1376122
CLT02351,18,Auvergne-Rhône-Alpes,1,0,Agent,0.1831,2018-01-07,3.0,6588.0,2196.0,2.0,0.0,0.0,0.0,0.0,0.0,0.0,0.0,2,🔵 Risque modéré,-5.267453,7.381348
CLT02352,46,Normandie,0,0,Web,0.205,2019-07-21,2.0,1581.0,790.5,1.0,2.0,431.0,215.5,0.0,1.0,0.0,0.2726122707147375,2,🔵 Risque modéré,0.7106668,5.9258924
CLT02353,47,Normandie,4,0,Agent,0.1172,2016-10-15,1.0,2933.0,2933.0,1.0,0.0,0.0,0.0,0.0,0.0,0.0,0.0,2,🔵 Risque modéré,3.0006504,10.183526
CLT02354,32,Île-de-France,7,1,Web,0.2265,2020-01-16,1.0,769.0,769.0,1.0,0.0,0.0,0.0,0.0,0.0,0.0,0.0,2,🔵 Risque modéré,0.49550182,0.88248354
CLT02355,23,Centre-Val de Loire,0,1,Web,0.1858,2018-03-09,,,,,0.0,0.0,0.0,0.0,,0.0,,1,🟢 Bon risque fidèle,15.061824,1.4049441
CLT02356,41,Auvergne-Rhône-Alpes,6,2,Agent,0.1591,2019-08-12,4.0,4841.0,1210.25,3.0,2.0,3172.0,1586.0,0.0,0.5,0.0,0.6552365213798802,2,🔵 Risque modéré,-3.6481466,3.9903347
CLT02357,73,Hauts-de-France,14,0,Courtier,0.01,2020-09-06,,,,,0.0,0.0,0.0,0.0,,0.0,,1,🟢 Bon risque fidèle,14.28664,5.34956
CLT02358,39,Normandie,18,1,Partenaire banque,0.1337,2016-02-05,1.0,1379.0,1379.0,1.0,1.0,12408.0,12408.0,0.0,1.0,0.0,8.997824510514866,3,🔴 Très haut risque,-1.1014918,6.425197
CLT02359,21,Île-de-France,1,0,Web,0.1954,2017-11-24,,,,,0.0,0.0,0.0,0.0,,0.0,,1,🟢 Bon risque fidèle,16.709406,7.621342
CLT02360,37,Île-de-France,5,1,Courtier,0.0697,2017-03-11,,,,,0.0,0.0,0.0,0.0,,0.0,,1,🟢 Bon risque fidèle,14.324431,2.324303
CLT02361,46,Grand Est,12,1,Courtier,0.2071,2019-10-22,,,,,0.0,0.0,0.0,0.0,,0.0,,1,🟢 Bon risque fidèle,13.847091,2.6804264
CLT02362,72,Grand Est,0,0,Web,0.0619,2019-04-03,,,,,0.0,0.0,0.0,0.0,,0.0,,1,🟢 Bon risque fidèle,13.89438,8.647233
CLT02363,36,Occitanie,2,0,Partenaire banque,0.0239,2016-03-18,,,,,0.0,0.0,0.0,0.0,,0.0,,1,🟢 Bon risque fidèle,15.4062195,6.960969
CLT02364,47,Nouvelle-Aquitaine,3,0,Courtier,0.01,2016-02-11,1.0,1315.0,1315.0,1.0,0.0,0.0,0.0,0.0,0.0,0.0,0.0,2,🔵 Risque modéré,1.3792362,10.432043
CLT02365,26,Normandie,1,1,Téléphone,0.1561,2019-06-22,3.0,5077.0,1692.3333333333333,2.0,3.0,16565.0,5521.666666666667,0.0,1.0,0.0,3.2627535946425055,3,🔴 Très haut risque,-2.6218123,3.789324
CLT02366,32,Île-de-France,3,2,Web,0.1508,2019-08-23,,,,,0.0,0.0,0.0,0.0,,0.0,,1,🟢 Bon risque fidèle,12.675532,2.5375602
CLT02367,22,Nouvelle-Aquitaine,8,0,Web,0.01,2019-07-21,,,,,0.0,0.0,0.0,0.0,,0.0,,1,🟢 Bon risque fidèle,15.445228,5.8651805
CLT02368,39,Île-de-France,3,0,Téléphone,0.0763,2020-08-09,3.0,5997.0,1999.0,2.0,0.0,0.0,0.0,0.0,0.0,0.0,0.0,2,🔵 Risque modéré,-5.5836806,6.8437624
CLT02369,37,Auvergne-Rhône-Alpes,8,1,Courtier,0.0649,2016-12-17,,,,,0.0,0.0,0.0,0.0,,0.0,,1,🟢 Bon risque fidèle,14.226842,2.5969617
CLT02370,44,Centre-Val de Loire,4,1,Web,0.122,2020-08-03,4.0,7779.0,1944.75,2.0,1.0,9073.0,9073.0,0.0,0.25,0.0,1.166345288597506,2,🔵 Risque modéré,-2.7350674,5.4283166
CLT02371,69,Auvergne-Rhône-Alpes,1,2,Web,0.1494,2019-05-05,,,,,0.0,0.0,0.0,0.0,,0.0,,1,🟢 Bon risque fidèle,12.807856,1.924314
CLT02372,61,Centre-Val de Loire,0,0,Web,0.0775,2020-07-07,,,,,0.0,0.0,0.0,0.0,,0.0,,1,🟢 Bon risque fidèle,14.105268,8.577062
CLT02373,25,Occitanie,6,0,Courtier,0.1536,2020-07-21,3.0,4472.0,1490.6666666666667,3.0,2.0,6285.0,3142.5,0.0,0.6666666666666666,0.0,1.4054114490161003,2,🔵 Risque modéré,-4.3381996,5.5644727
CLT02374,18,Bretagne,1,1,Web,0.3462,2019-11-04,3.0,5700.0,1900.0,1.0,2.0,5020.0,2510.0,0.0,0.6666666666666666,0.0,0.8807017543859649,2,🔵 Risque modéré,-0.5357719,3.4952707
CLT02375,29,Centre-Val de Loire,2,1,Courtier,0.384,2017-10-22,,,,,0.0,0.0,0.0,0.0,,0.0,,1,🟢 Bon risque fidèle,14.868498,1.0115241
CLT02376,34,Occitanie,0,0,Agent,0.0778,2019-05-01,,,,,0.0,0.0,0.0,0.0,,0.0,,1,🟢 Bon risque fidèle,15.783518,7.383789
CLT02377,62,Nouvelle-Aquitaine,2,0,Web,0.0722,2016-09-06,3.0,4129.0,1376.3333333333333,2.0,1.0,10865.0,10865.0,0.0,0.3333333333333333,0.0,2.6313877452167596,2,🔵 Risque modéré,-3.3996818,6.2626247
CLT02378,43,Hauts-de-France,1,2,Web,0.2075,2018-05-02,2.0,2794.0,1397.0,2.0,0.0,0.0,0.0,0.0,0.0,0.0,0.0,2,🔵 Risque modéré,-2.324389,2.8045533
CLT02379,40,Nouvelle-Aquitaine,13,2,Agent,0.0526,2019-02-09,3.0,4198.0,1399.3333333333333,3.0,0.0,0.0,0.0,0.0,0.0,0.0,0.0,2,🔵 Risque modéré,-4.52283,3.6233575
CLT02380,39,Nouvelle-Aquitaine,14,1,Courtier,0.078,2019-04-08,2.0,3532.0,1766.0,2.0,1.0,17976.0,17976.0,0.0,0.5,0.0,5.089467723669309,3,🔴 Très haut risque,-1.5165262,6.544907
CLT02381,44,Île-de-France,6,1,Web,0.2918,2020-06-10,2.0,3445.0,1722.5,1.0,2.0,18137.0,9068.5,0.0,1.0,0.0,5.2647314949201744,3,🔴 Très haut risque,-0.7037537,4.8816175
CLT02382,60,Centre-Val de Loire,6,1,Courtier,0.3862,2016-11-21,,,,,0.0,0.0,0.0,0.0,,0.0,,1,🟢 Bon risque fidèle,13.739259,1.0362147
CLT02383,37,Île-de-France,5,0,Téléphone,0.0727,2016-06-16,,,,,0.0,0.0,0.0,0.0,,0.0,,1,🟢 Bon risque fidèle,15.1895,6.4419003
CLT02384,40,Île-de-France,3,0,Web,0.0317,2016-07-03,,,,,0.0,0.0,0.0,0.0,,0.0,,1,🟢 Bon risque fidèle,14.995621,6.867771
CLT02385,44,Centre-Val de Loire,1,0,Téléphone,0.1288,2018-05-04,,,,,0.0,0.0,0.0,0.0,,0.0,,1,🟢 Bon risque fidèle,15.34868,8.166
CLT02386,50,Normandie,4,0,Agent,0.2085,2017-02-28,2.0,3010.0,1505.0,2.0,1.0,6696.0,6696.0,0.0,0.5,0.0,2.2245847176079736,2,🔵 Risque modéré,-4.3354588,6.431609
CLT02387,45,Nouvelle-Aquitaine,0,0,Agent,0.0993,2018-12-09,2.0,3439.0,1719.5,2.0,3.0,11686.0,3895.3333333333335,0.0,1.5,0.0,3.398080837452748,3,🔴 Très haut risque,-3.8204517,6.5026226
CLT02388,55,Normandie,5,0,Courtier,0.01,2016-12-25,2.0,3290.0,1645.0,1.0,0.0,0.0,0.0,0.0,0.0,0.0,0.0,2,🔵 Risque modéré,1.0800124,10.0600395
CLT02389,18,Centre-Val de Loire,17,0,Agent,0.01,2019-05-08,1.0,1003.0,1003.0,1.0,0.0,0.0,0.0,0.0,0.0,0.0,0.0,2,🔵 Risque modéré,1.8854123,8.918716
CLT02390,48,Nouvelle-Aquitaine,2,1,Agent,0.1498,2019-06-09,2.0,5479.0,2739.5,1.0,3.0,7268.0,2422.6666666666665,1.0,1.5,0.3333333333333333,1.326519437853623,0,🟠 Risque élevé,-2.8751645,5.0770025
CLT02391,49,Auvergne-Rhône-Alpes,3,0,Agent,0.0552,2020-05-23,1.0,1171.0,1171.0,1.0,1.0,5237.0,5237.0,0.0,1.0,0.0,4.472245943637916,3,🔴 Très haut risque,0.021824133,6.1356263
CLT02392,52,Hauts-de-France,1,0,Web,0.1129,2016-01-12,2.0,4644.0,2322.0,2.0,0.0,0.0,0.0,0.0,0.0,0.0,0.0,2,🔵 Risque modéré,-6.3915896,6.706058
CLT02393,52,Grand Est,4,0,Web,0.2086,2016-08-30,3.0,3672.0,1224.0,3.0,1.0,3142.0,3142.0,0.0,0.3333333333333333,0.0,0.8556644880174292,2,🔵 Risque modéré,-4.6494737,5.4295907
CLT02394,57,Grand Est,0,0,Partenaire banque,0.01,2019-06-23,3.0,2659.0,886.3333333333334,2.0,0.0,0.0,0.0,0.0,0.0,0.0,0.0,2,🔵 Risque modéré,-5.7462935,6.2076173
CLT02395,41,Provence-Alpes-Côte d'Azur,13,0,Téléphone,0.0448,2019-01-12,3.0,4167.0,1389.0,2.0,0.0,0.0,0.0,0.0,0.0,0.0,0.0,2,🔵 Risque modéré,-5.543517,5.4599357
CLT02396,23,Grand Est,6,1,Web,0.1946,2020-04-28,,,,,0.0,0.0,0.0,0.0,,0.0,,1,🟢 Bon risque fidèle,14.71552,2.1222544
CLT02397,43,Occitanie,8,1,Web,0.1224,2017-02-02,,,,,0.0,0.0,0.0,0.0,,0.0,,1,🟢 Bon risque fidèle,13.985634,2.5042374
CLT02398,62,Auvergne-Rhône-Alpes,0,1,Agent,0.2002,2019-11-06,2.0,3248.0,1624.0,2.0,1.0,3693.0,3693.0,0.0,0.5,0.0,1.1370073891625616,2,🔵 Risque modéré,-3.003052,3.8557665
CLT02399,59,Normandie,2,1,Courtier,0.0555,2016-11-25,2.0,3781.0,1890.5,1.0,2.0,4225.0,2112.5,0.0,1.0,0.0,1.1174292515207618,2,🔵 Risque modéré,-0.07818654,4.86208
CLT02400,49,Île-de-France,7,0,Web,0.01,2018-01-17,1.0,2403.0,2403.0,1.0,1.0,2876.0,2876.0,0.0,1.0,0.0,1.1968372867249273,2,🔵 Risque modéré,0.21013506,6.256072
CLT02401,47,Hauts-de-France,0,2,Web,0.1006,2017-05-31,1.0,1212.0,1212.0,1.0,0.0,0.0,0.0,0.0,0.0,0.0,0.0,2,🔵 Risque modéré,-0.5080871,1.3557421
CLT02402,63,Provence-Alpes-Côte d'Azur,1,1,Agent,0.17,2020-12-29,3.0,5420.0,1806.6666666666667,2.0,1.0,7603.0,7603.0,0.0,0.3333333333333333,0.0,1.4027675276752767,2,🔵 Risque modéré,-3.0189698,3.901931
CLT02403,26,Normandie,7,0,Web,0.0637,2020-02-27,1.0,1678.0,1678.0,1.0,0.0,0.0,0.0,0.0,0.0,0.0,0.0,2,🔵 Risque modéré,2.3563092,10.275818
CLT02404,52,Île-de-France,0,0,Partenaire banque,0.0504,2016-12-28,2.0,1560.0,780.0,2.0,3.0,6822.0,2274.0,0.0,1.5,0.0,4.373076923076923,3,🔴 Très haut risque,-3.8661554,6.385192
CLT02405,22,Nouvelle-Aquitaine,9,1,Agent,0.0483,2018-09-22,,,,,0.0,0.0,0.0,0.0,,0.0,,1,🟢 Bon risque fidèle,14.357156,2.8004947
CLT02406,45,Grand Est,9,0,Web,0.1916,2017-04-28,3.0,3087.0,1029.0,1.0,1.0,344.0,344.0,0.0,0.3333333333333333,0.0,0.11143505021056041,2,🔵 Risque modéré,1.002802,9.872624
CLT02407,42,Normandie,2,0,Courtier,0.3563,2017-10-31,4.0,7427.0,1856.75,2.0,2.0,1205.0,602.5,0.0,0.5,0.0,0.16224585970109062,2,🔵 Risque modéré,-4.603425,6.0457377
CLT02408,51,Bretagne,2,1,Web,0.1047,2019-10-20,3.0,6056.0,2018.6666666666667,2.0,0.0,0.0,0.0,0.0,0.0,0.0,0.0,2,🔵 Risque modéré,-3.691581,3.1419158
CLT02409,47,Provence-Alpes-Côte d'Azur,4,2,Web,0.2766,2016-08-15,2.0,3025.0,1512.5,1.0,1.0,4428.0,4428.0,0.0,0.5,0.0,1.463801652892562,2,🔵 Risque modéré,-0.79821473,3.3776906
CLT02410,26,Provence-Alpes-Côte d'Azur,3,0,Web,0.1023,2017-05-02,1.0,703.0,703.0,1.0,0.0,0.0,0.0,0.0,0.0,0.0,0.0,2,🔵 Risque modéré,2.159992,11.428247
CLT02411,44,Bretagne,2,0,Téléphone,0.2476,2018-02-10,2.0,3148.0,1574.0,2.0,3.0,10269.0,3423.0,1.0,1.5,0.3333333333333333,3.2620711562897076,3,🔴 Très haut risque,-2.9139047,5.0750165
CLT02412,53,Occitanie,0,1,Web,0.2335,2019-04-15,,,,,0.0,0.0,0.0,0.0,,0.0,,1,🟢 Bon risque fidèle,13.583629,0.98311216
CLT02413,61,Normandie,1,1,Web,0.2271,2018-06-13,1.0,2127.0,2127.0,1.0,0.0,0.0,0.0,0.0,0.0,0.0,0.0,2,🔵 Risque modéré,0.71246094,1.2258614
CLT02414,40,Nouvelle-Aquitaine,4,1,Web,0.0417,2019-06-04,1.0,1368.0,1368.0,1.0,0.0,0.0,0.0,0.0,0.0,0.0,0.0,2,🔵 Risque modéré,1.0031505,0.50864303
CLT02415,20,Normandie,4,1,Web,0.262,2018-02-05,,,,,0.0,0.0,0.0,0.0,,0.0,,1,🟢 Bon risque fidèle,14.948786,1.591063
CLT02416,44,Nouvelle-Aquitaine,1,1,Courtier,0.2877,2017-02-03,,,,,0.0,0.0,0.0,0.0,,0.0,,1,🟢 Bon risque fidèle,14.058227,0.8944477
CLT02417,27,Provence-Alpes-Côte d'Azur,1,1,Partenaire banque,0.1365,2017-02-20,2.0,3124.0,1562.0,2.0,1.0,35520.0,35520.0,0.0,0.5,0.0,11.370038412291933,3,🔴 Très haut risque,-2.1380565,6.5442295
CLT02418,40,Provence-Alpes-Côte d'Azur,0,0,Web,0.1205,2019-11-20,1.0,1239.0,1239.0,1.0,0.0,0.0,0.0,0.0,0.0,0.0,0.0,2,🔵 Risque modéré,1.7114937,11.514541
CLT02419,43,Centre-Val de Loire,4,0,Web,0.0602,2016-10-08,,,,,0.0,0.0,0.0,0.0,,0.0,,1,🟢 Bon risque fidèle,14.758946,6.660689
CLT02420,46,Auvergne-Rhône-Alpes,0,1,Téléphone,0.2395,2018-07-30,1.0,1482.0,1482.0,1.0,0.0,0.0,0.0,0.0,0.0,0.0,0.0,2,🔵 Risque modéré,1.2336483,1.3002266
CLT02421,36,Bretagne,2,0,Web,0.026,2017-12-06,3.0,4613.0,1537.6666666666667,2.0,3.0,28183.0,9394.333333333334,0.0,1.0,0.0,6.109473227834381,3,🔴 Très haut risque,-3.259986,6.345928
CLT02422,30,Occitanie,5,2,Téléphone,0.196,2019-05-23,3.0,5897.0,1965.6666666666667,2.0,5.0,22564.0,4512.8,1.0,1.6666666666666667,0.2,3.826352382567407,3,🔴 Très haut risque,-2.5183556,4.6327744
CLT02423,31,Nouvelle-Aquitaine,0,1,Agent,0.1299,2019-08-01,,,,,0.0,0.0,0.0,0.0,,0.0,,1,🟢 Bon risque fidèle,14.967497,1.648885
CLT02424,56,Centre-Val de Loire,1,0,Téléphone,0.2069,2019-03-31,4.0,8323.0,2080.75,2.0,3.0,843.0,281.0,0.0,0.75,0.0,0.10128559413672955,2,🔵 Risque modéré,-4.7289605,6.0182753
CLT02425,26,Grand Est,0,0,Téléphone,0.2335,2016-06-28,2.0,2482.0,1241.0,2.0,2.0,3540.0,1770.0,0.0,1.0,0.0,1.426269137792103,2,🔵 Risque modéré,-4.297492,7.229441
CLT02426,35,Bretagne,7,1,Téléphone,0.1061,2018-09-30,2.0,5501.0,2750.5,2.0,1.0,5440.0,5440.0,0.0,0.5,0.0,0.9889111070714416,2,🔵 Risque modéré,-4.16679,3.1204116
CLT02427,43,Occitanie,0,0,Courtier,0.0852,2020-09-12,,,,,0.0,0.0,0.0,0.0,,0.0,,1,🟢 Bon risque fidèle,15.165584,7.9485025
CLT02428,50,Normandie,0,0,Web,0.1569,2020-02-06,,,,,0.0,0.0,0.0,0.0,,0.0,,1,🟢 Bon risque fidèle,14.923017,8.556344
CLT02429,63,Bretagne,7,1,Agent,0.1547,2017-05-22,1.0,1021.0,1021.0,1.0,0.0,0.0,0.0,0.0,0.0,0.0,0.0,2,🔵 Risque modéré,0.3986004,0.30214515
CLT02430,49,Occitanie,1,3,Web,0.2827,2019-04-03,1.0,1038.0,1038.0,1.0,3.0,5089.0,1696.3333333333333,0.0,3.0,0.0,4.902697495183045,3,🔴 Très haut risque,-1.1802595,4.904886
CLT02431,36,Occitanie,18,0,Téléphone,0.0822,2019-04-28,1.0,1019.0,1019.0,1.0,0.0,0.0,0.0,0.0,0.0,0.0,0.0,2,🔵 Risque modéré,1.7784605,8.702194
CLT02432,62,Nouvelle-Aquitaine,2,0,Téléphone,0.0881,2016-01-13,2.0,3766.0,1883.0,1.0,1.0,7279.0,7279.0,0.0,0.5,0.0,1.9328199681359532,2,🔵 Risque modéré,-0.26419324,6.355611
CLT02433,41,Bretagne,3,0,Partenaire banque,0.095,2016-03-25,2.0,2393.0,1196.5,2.0,1.0,20168.0,20168.0,0.0,0.5,0.0,8.427914751358127,3,🔴 Très haut risque,-2.292702,6.3689575
CLT02434,48,Normandie,2,0,Agent,0.1794,2018-10-31,1.0,951.0,951.0,1.0,1.0,1292.0,1292.0,1.0,1.0,1.0,1.3585699263932702,0,🟠 Risque élevé,-4.710202,22.07713
CLT02435,39,Île-de-France,0,1,Courtier,0.2034,2018-03-20,1.0,1246.0,1246.0,1.0,2.0,4036.0,2018.0,0.0,2.0,0.0,3.2391653290529696,3,🔴 Très haut risque,-0.95884645,5.196191
CLT02436,49,Normandie,0,0,Téléphone,0.01,2019-11-29,1.0,1515.0,1515.0,1.0,0.0,0.0,0.0,0.0,0.0,0.0,0.0,2,🔵 Risque modéré,0.7016729,10.791085
CLT02437,45,Auvergne-Rhône-Alpes,4,1,Courtier,0.0481,2017-05-09,,,,,0.0,0.0,0.0,0.0,,0.0,,1,🟢 Bon risque fidèle,14.132579,2.1843798
CLT02438,50,Auvergne-Rhône-Alpes,0,0,Courtier,0.0896,2016-01-28,1.0,1109.0,1109.0,1.0,2.0,11433.0,5716.5,0.0,2.0,0.0,10.309287646528404,3,🔴 Très haut risque,-1.2145287,5.620354
CLT02439,45,Bretagne,4,2,Partenaire banque,0.1754,2016-09-30,,,,,0.0,0.0,0.0,0.0,,0.0,,1,🟢 Bon risque fidèle,12.706249,2.3272996
CLT02440,36,Provence-Alpes-Côte d'Azur,4,1,Web,0.0886,2019-08-21,1.0,1157.0,1157.0,1.0,0.0,0.0,0.0,0.0,0.0,0.0,0.0,2,🔵 Risque modéré,1.0144378,0.5552019
CLT02441,56,Auvergne-Rhône-Alpes,8,1,Web,0.2614,2019-10-04,2.0,2375.0,1187.5,2.0,0.0,0.0,0.0,0.0,0.0,0.0,0.0,2,🔵 Risque modéré,-3.7300503,3.129702
CLT02442,53,Hauts-de-France,9,0,Web,0.01,2018-07-31,3.0,6169.0,2056.3333333333335,2.0,0.0,0.0,0.0,0.0,0.0,0.0,0.0,2,🔵 Risque modéré,-5.8168383,5.615213
CLT02443,52,Centre-Val de Loire,0,1,Agent,0.2899,2016-02-21,2.0,2785.0,1392.5,2.0,1.0,911.0,911.0,0.0,0.5,0.0,0.32710951526032317,2,🔵 Risque modéré,-3.0562503,3.2915936
CLT02444,18,Normandie,0,0,Courtier,0.2607,2016-10-12,1.0,527.0,527.0,1.0,0.0,0.0,0.0,0.0,0.0,0.0,0.0,1,🟢 Bon risque fidèle,2.7117329,11.788439
CLT02445,30,Bretagne,6,3,Web,0.3165,2020-11-21,1.0,2381.0,2381.0,1.0,0.0,0.0,0.0,0.0,0.0,0.0,0.0,2,🔵 Risque modéré,-0.9995235,1.6793573
CLT02446,30,Provence-Alpes-Côte d'Azur,5,3,Agent,0.2825,2019-12-14,,,,,0.0,0.0,0.0,0.0,,0.0,,1,🟢 Bon risque fidèle,12.436006,2.8663673
CLT02447,24,Île-de-France,0,0,Téléphone,0.01,2016-05-26,,,,,0.0,0.0,0.0,0.0,,0.0,,1,🟢 Bon risque fidèle,16.530487,6.815041
CLT02448,34,Bretagne,3,1,Téléphone,0.3502,2017-11-14,1.0,2881.0,2881.0,1.0,0.0,0.0,0.0,0.0,0.0,0.0,0.0,2,🔵 Risque modéré,0.43924892,1.8167328
CLT02449,18,Grand Est,1,1,Web,0.0417,2018-05-24,1.0,763.0,763.0,1.0,0.0,0.0,0.0,0.0,0.0,0.0,0.0,2,🔵 Risque modéré,1.7630346,1.0038273
CLT02450,54,Hauts-de-France,8,1,Agent,0.1427,2019-06-10,1.0,1455.0,1455.0,1.0,0.0,0.0,0.0,0.0,0.0,0.0,0.0,2,🔵 Risque modéré,0.29019806,0.36635455
CLT02451,48,Grand Est,4,0,Courtier,0.0345,2017-03-02,2.0,1788.0,894.0,2.0,0.0,0.0,0.0,0.0,0.0,0.0,0.0,2,🔵 Risque modéré,-6.254351,6.4075575
CLT02452,61,Auvergne-Rhône-Alpes,7,1,Agent,0.2063,2017-11-20,3.0,5008.0,1669.3333333333333,2.0,5.0,45371.0,9074.2,1.0,1.6666666666666667,0.2,9.05970447284345,3,🔴 Très haut risque,-1.8801788,5.457067
CLT02453,27,Île-de-France,1,1,Courtier,0.1116,2019-10-15,,,,,0.0,0.0,0.0,0.0,,0.0,,1,🟢 Bon risque fidèle,14.969528,1.7814163
CLT02454,41,Provence-Alpes-Côte d'Azur,0,0,Téléphone,0.272,2016-08-17,,,,,0.0,0.0,0.0,0.0,,0.0,,1,🟢 Bon risque fidèle,15.719511,8.61365
CLT02455,66,Bretagne,0,2,Courtier,0.3308,2019-06-23,1.0,1050.0,1050.0,1.0,0.0,0.0,0.0,0.0,0.0,0.0,0.0,2,🔵 Risque modéré,-0.5829734,1.7190008
CLT02456,33,Île-de-France,4,2,Courtier,0.4087,2016-12-26,,,,,0.0,0.0,0.0,0.0,,0.0,,1,🟢 Bon risque fidèle,12.286377,2.7500854
CLT02457,25,Grand Est,0,2,Agent,0.2688,2019-02-24,3.0,4855.0,1618.3333333333333,1.0,1.0,2743.0,2743.0,0.0,0.3333333333333333,0.0,0.5649845520082389,2,🔵 Risque modéré,-0.79817635,3.1947162
CLT02458,34,Occitanie,2,0,Web,0.01,2017-11-18,2.0,2351.0,1175.5,2.0,0.0,0.0,0.0,0.0,0.0,0.0,0.0,2,🔵 Risque modéré,-5.835577,7.2684965
CLT02459,52,Occitanie,0,0,Courtier,0.0127,2019-08-24,2.0,1558.0,779.0,2.0,3.0,37735.0,12578.333333333334,0.0,1.5,0.0,24.2201540436457,3,🔴 Très haut risque,-1.5816368,6.0291142
CLT02460,32,Normandie,3,1,Agent,0.2538,2020-03-22,4.0,7780.0,1945.0,2.0,1.0,19992.0,19992.0,0.0,0.25,0.0,2.5696658097686376,3,🔴 Très haut risque,-2.468213,5.736939
CLT02461,18,Centre-Val de Loire,7,1,Téléphone,0.1155,2019-12-12,2.0,2128.0,1064.0,1.0,2.0,10733.0,5366.5,0.0,1.0,0.0,5.043703007518797,3,🔴 Très haut risque,-0.08758286,4.8416
CLT02462,44,Occitanie,0,0,Agent,0.0149,2020-04-09,3.0,2178.0,726.0,2.0,1.0,139.0,139.0,0.0,0.3333333333333333,0.0,0.06382001836547291,2,🔵 Risque modéré,-5.425448,6.4013643
CLT02463,30,Occitanie,5,1,Web,0.2515,2017-07-03,2.0,3886.0,1943.0,2.0,0.0,0.0,0.0,0.0,0.0,0.0,0.0,2,🔵 Risque modéré,-3.3267727,2.687047
CLT02464,54,Grand Est,2,0,Agent,0.1651,2017-07-23,1.0,1647.0,1647.0,1.0,0.0,0.0,0.0,0.0,0.0,0.0,0.0,2,🔵 Risque modéré,0.8471992,11.47001
CLT02465,53,Île-de-France,4,0,Web,0.0642,2017-12-10,2.0,4097.0,2048.5,2.0,0.0,0.0,0.0,0.0,0.0,0.0,0.0,2,🔵 Risque modéré,-6.3898225,6.4868646
CLT02466,31,Normandie,3,1,Courtier,0.3495,2018-12-16,1.0,1080.0,1080.0,1.0,3.0,22314.0,7438.0,1.0,3.0,0.3333333333333333,20.66111111111111,3,🔴 Très haut risque,-1.4283295,5.700102
CLT02467,50,Auvergne-Rhône-Alpes,3,0,Courtier,0.1536,2018-12-27,,,,,0.0,0.0,0.0,0.0,,0.0,,1,🟢 Bon risque fidèle,14.8577175,8.184266
CLT02468,41,Grand Est,1,1,Téléphone,0.077,2018-07-16,3.0,5814.0,1938.0,1.0,0.0,0.0,0.0,0.0,0.0,0.0,0.0,2,🔵 Risque modéré,1.191625,0.8668074
CLT02469,49,Centre-Val de Loire,2,0,Courtier,0.0259,2019-10-12,,,,,0.0,0.0,0.0,0.0,,0.0,,1,🟢 Bon risque fidèle,14.239981,7.582277
CLT02470,37,Auvergne-Rhône-Alpes,4,1,Web,0.1287,2020-12-17,2.0,3431.0,1715.5,2.0,0.0,0.0,0.0,0.0,0.0,0.0,0.0,2,🔵 Risque modéré,-3.8355021,2.7456858
CLT02471,54,Normandie,0,1,Web,0.2998,2018-03-13,1.0,1977.0,1977.0,1.0,1.0,4631.0,4631.0,0.0,1.0,0.0,2.3424380374304503,3,🔴 Très haut risque,-0.33618438,4.5955715
CLT02472,48,Nouvelle-Aquitaine,6,1,Web,0.161,2016-06-08,,,,,0.0,0.0,0.0,0.0,,0.0,,1,🟢 Bon risque fidèle,13.872639,2.159237
CLT02473,27,Auvergne-Rhône-Alpes,1,1,Web,0.1203,2016-08-19,1.0,1301.0,1301.0,1.0,0.0,0.0,0.0,0.0,0.0,0.0,0.0,2,🔵 Risque modéré,1.551584,1.2414014
CLT02474,38,Nouvelle-Aquitaine,1,1,Courtier,0.0218,2020-11-28,2.0,2115.0,1057.5,2.0,1.0,1283.0,1283.0,0.0,0.5,0.0,0.6066193853427896,2,🔵 Risque modéré,-3.748025,2.87816
CLT02475,53,Occitanie,3,0,Courtier,0.1892,2019-07-10,1.0,1466.0,1466.0,1.0,1.0,11282.0,11282.0,0.0,1.0,0.0,7.695770804911323,3,🔴 Très haut risque,-1.2051686,5.8891644
CLT02476,37,Île-de-France,5,0,Web,0.0287,2019-10-31,,,,,0.0,0.0,0.0,0.0,,0.0,,1,🟢 Bon risque fidèle,15.155812,6.420637
CLT02477,37,Grand Est,0,0,Partenaire banque,0.0921,2018-08-30,2.0,3041.0,1520.5,1.0,1.0,9551.0,9551.0,0.0,0.5,0.0,3.140743176586649,2,🔵 Risque modéré,0.07845877,8.343895
CLT02478,44,Provence-Alpes-Côte d'Azur,7,0,Courtier,0.01,2020-02-21,,,,,0.0,0.0,0.0,0.0,,0.0,,1,🟢 Bon risque fidèle,14.660297,6.08463
CLT02479,37,Île-de-France,1,0,Web,0.1284,2016-05-10,3.0,3575.0,1191.6666666666667,2.0,1.0,7447.0,7447.0,0.0,0.3333333333333333,0.0,2.083076923076923,2,🔵 Risque modéré,-4.095918,6.577715
CLT02480,24,Île-de-France,3,1,Téléphone,0.3634,2017-04-22,4.0,4661.0,1165.25,3.0,2.0,7620.0,3810.0,0.0,0.5,0.0,1.6348423085174855,2,🔵 Risque modéré,-3.3672795,4.0332513
CLT02481,50,Grand Est,1,0,Agent,0.1076,2018-04-25,1.0,610.0,610.0,1.0,2.0,9279.0,4639.5,0.0,2.0,0.0,15.211475409836066,3,🔴 Très haut risque,-1.3026055,5.669418
CLT02482,52,Centre-Val de Loire,0,0,Web,0.2506,2019-08-18,1.0,1466.0,1466.0,1.0,0.0,0.0,0.0,0.0,0.0,0.0,0.0,2,🔵 Risque modéré,0.92772025,11.740359
CLT02483,18,Provence-Alpes-Côte d'Azur,0,2,Courtier,0.2579,2019-09-27,1.0,1315.0,1315.0,1.0,0.0,0.0,0.0,0.0,0.0,0.0,0.0,2,🔵 Risque modéré,-1.0315355,1.5556929
CLT02484,51,Grand Est,0,0,Téléphone,0.1305,2018-07-02,1.0,894.0,894.0,1.0,0.0,0.0,0.0,0.0,0.0,0.0,0.0,2,🔵 Risque modéré,0.970281,11.487373
CLT02485,61,Normandie,0,1,Web,0.2201,2016-09-29,1.0,1473.0,1473.0,1.0,0.0,0.0,0.0,0.0,0.0,0.0,0.0,2,🔵 Risque modéré,0.95479596,1.0461092
CLT02486,22,Hauts-de-France,0,2,Web,0.2306,2017-06-18,5.0,8342.0,1668.4,3.0,4.0,30810.0,7702.5,0.0,0.8,0.0,3.6933589067369934,3,🔴 Très haut risque,-2.7550497,3.8478022
CLT02487,70,Occitanie,2,1,Courtier,0.1578,2017-08-15,1.0,1474.0,1474.0,1.0,0.0,0.0,0.0,0.0,0.0,0.0,0.0,2,🔵 Risque modéré,0.7848374,0.5694946
CLT02488,38,Île-de-France,6,1,Web,0.1523,2017-08-07,1.0,966.0,966.0,1.0,0.0,0.0,0.0,0.0,0.0,0.0,0.0,2,🔵 Risque modéré,0.46340406,0.6655714
CLT02489,38,Normandie,3,0,Partenaire banque,0.01,2019-06-22,2.0,2504.0,1252.0,1.0,0.0,0.0,0.0,0.0,0.0,0.0,0.0,2,🔵 Risque modéré,1.5173186,10.536618
CLT02490,19,Nouvelle-Aquitaine,0,0,Agent,0.2229,2017-08-09,1.0,909.0,909.0,1.0,0.0,0.0,0.0,0.0,0.0,0.0,0.0,2,🔵 Risque modéré,2.7326615,11.825985
CLT02491,43,Nouvelle-Aquitaine,13,0,Partenaire banque,0.01,2020-09-16,4.0,4007.0,1001.75,3.0,0.0,0.0,0.0,0.0,0.0,0.0,0.0,2,🔵 Risque modéré,-5.248902,5.165046
CLT02492,25,Nouvelle-Aquitaine,3,0,Web,0.0742,2016-08-29,2.0,4455.0,2227.5,2.0,2.0,14352.0,7176.0,0.0,1.0,0.0,3.2215488215488217,3,🔴 Très haut risque,-3.66987,6.796796
CLT02493,51,Île-de-France,0,1,Partenaire banque,0.2166,2019-03-24,,,,,0.0,0.0,0.0,0.0,,0.0,,1,🟢 Bon risque fidèle,13.578317,1.0371404
CLT02494,30,Nouvelle-Aquitaine,1,0,Courtier,0.0626,2018-01-29,1.0,1982.0,1982.0,1.0,0.0,0.0,0.0,0.0,0.0,0.0,0.0,2,🔵 Risque modéré,2.7856877,11.02987
CLT02495,25,Nouvelle-Aquitaine,1,2,Web,0.1067,2019-12-21,2.0,4529.0,2264.5,1.0,0.0,0.0,0.0,0.0,0.0,0.0,0.0,2,🔵 Risque modéré,-0.13467662,1.4334402
CLT02496,33,Île-de-France,7,1,Agent,0.0475,2017-12-07,,,,,0.0,0.0,0.0,0.0,,0.0,,1,🟢 Bon risque fidèle,14.286387,2.6523333
CLT02497,39,Nouvelle-Aquitaine,1,2,Courtier,0.1736,2019-01-12,,,,,0.0,0.0,0.0,0.0,,0.0,,1,🟢 Bon risque fidèle,12.61889,2.4251025
CLT02498,20,Nouvelle-Aquitaine,2,1,Courtier,0.2293,2016-09-07,1.0,2086.0,2086.0,1.0,0.0,0.0,0.0,0.0,0.0,0.0,0.0,2,🔵 Risque modéré,1.0192467,1.8892181
CLT02499,26,Île-de-France,6,1,Courtier,0.0777,2018-10-21,1.0,1823.0,1823.0,1.0,1.0,2792.0,2792.0,0.0,1.0,0.0,1.5315414152495885,2,🔵 Risque modéré,0.0025528888,4.6878486
CLT02500,32,Nouvelle-Aquitaine,12,0,Partenaire banque,0.01,2017-10-19,1.0,1168.0,1168.0,1.0,0.0,0.0,0.0,0.0,0.0,0.0,0.0,2,🔵 Risque modéré,1.9312929,9.093773
CLT02501,49,Nouvelle-Aquitaine,6,0,Web,0.01,2020-02-23,,,,,0.0,0.0,0.0,0.0,,0.0,,1,🟢 Bon risque fidèle,14.453083,6.247003
CLT02502,46,Grand Est,4,2,Partenaire banque,0.1364,2017-11-11,,,,,0.0,0.0,0.0,0.0,,0.0,,1,🟢 Bon risque fidèle,12.767564,2.3492806
CLT02503,69,Hauts-de-France,4,0,Courtier,0.01,2017-08-18,1.0,1732.0,1732.0,1.0,0.0,0.0,0.0,0.0,0.0,0.0,0.0,2,🔵 Risque modéré,0.45496416,10.406361
CLT02504,51,Centre-Val de Loire,6,1,Agent,0.0646,2020-06-27,4.0,8064.0,2016.0,2.0,1.0,298.0,298.0,0.0,0.25,0.0,0.03695436507936508,2,🔵 Risque modéré,-4.220979,3.487604
CLT02505,24,Centre-Val de Loire,12,1,Agent,0.01,2018-06-26,2.0,2965.0,1482.5,2.0,2.0,4449.0,2224.5,1.0,1.0,0.5,1.500505902192243,0,🟠 Risque élevé,-3.2617128,5.1409893
CLT02506,24,Provence-Alpes-Côte d'Azur,15,0,Agent,0.0148,2020-02-09,3.0,5781.0,1927.0,2.0,1.0,3854.0,3854.0,1.0,0.3333333333333333,1.0,0.6666666666666666,0,🟠 Risque élevé,-4.7703743,22.016771
CLT02507,41,Normandie,8,1,Téléphone,0.0219,2016-10-14,3.0,3607.0,1202.3333333333333,2.0,0.0,0.0,0.0,0.0,0.0,0.0,0.0,2,🔵 Risque modéré,-4.45466,3.420994
CLT02508,37,Grand Est,0,2,Web,0.3566,2016-02-22,2.0,4681.0,2340.5,2.0,0.0,0.0,0.0,0.0,0.0,0.0,0.0,2,🔵 Risque modéré,-2.096621,2.8170495
CLT02509,60,Bretagne,6,1,Agent,0.1707,2017-03-29,4.0,6751.0,1687.75,3.0,1.0,3174.0,3174.0,0.0,0.25,0.0,0.4701525699896312,2,🔵 Risque modéré,-3.9511955,4.0084634
CLT02510,18,Normandie,3,0,Courtier,0.1256,2017-11-01,1.0,3401.0,3401.0,1.0,0.0,0.0,0.0,0.0,0.0,0.0,0.0,2,🔵 Risque modéré,3.2666118,10.724556
CLT02511,57,Île-de-France,0,0,Agent,0.1019,2017-02-05,2.0,3672.0,1836.0,2.0,1.0,86227.0,86227.0,0.0,0.5,0.0,23.482298474945534,3,🔴 Très haut risque,-2.0452883,6.5751977
CLT02512,40,Centre-Val de Loire,1,0,Courtier,0.1572,2020-05-21,3.0,4584.0,1528.0,1.0,2.0,3334.0,1667.0,0.0,0.6666666666666666,0.0,0.7273123909249564,2,🔵 Risque modéré,0.29876852,8.78732
CLT02513,73,Hauts-de-France,6,0,Web,0.0735,2016-06-22,,,,,0.0,0.0,0.0,0.0,,0.0,,1,🟢 Bon risque fidèle,14.032248,8.354095
CLT02514,43,Grand Est,1,1,Téléphone,0.3232,2019-10-20,1.0,1449.0,1449.0,1.0,1.0,4857.0,4857.0,0.0,1.0,0.0,3.351966873706004,3,🔴 Très haut risque,-0.48981196,4.5865264
CLT02515,32,Auvergne-Rhône-Alpes,0,0,Partenaire banque,0.1087,2018-03-20,1.0,946.0,946.0,1.0,2.0,3898.0,1949.0,1.0,2.0,0.5,4.120507399577167,0,🟠 Risque élevé,-2.7938306,5.1399555
CLT02516,55,Occitanie,0,1,Courtier,0.0802,2019-05-22,1.0,1684.0,1684.0,1.0,1.0,6857.0,6857.0,0.0,1.0,0.0,4.071852731591449,3,🔴 Très haut risque,-0.45874226,5.1925936
CLT02517,45,Centre-Val de Loire,0,1,Courtier,0.01,2016-04-26,,,,,0.0,0.0,0.0,0.0,,0.0,,1,🟢 Bon risque fidèle,14.266126,1.7694815
CLT02518,58,Provence-Alpes-Côte d'Azur,3,0,Courtier,0.0515,2020-01-08,2.0,2828.0,1414.0,2.0,0.0,0.0,0.0,0.0,0.0,0.0,0.0,2,🔵 Risque modéré,-6.1423507,6.17647
CLT02519,65,Bretagne,14,1,Courtier,0.0354,2018-02-04,2.0,3481.0,1740.5,2.0,1.0,156.0,156.0,0.0,0.5,0.0,0.04481470841712152,2,🔵 Risque modéré,-4.6651654,3.8648138
CLT02520,36,Île-de-France,5,1,Web,0.01,2017-12-22,2.0,2621.0,1310.5,2.0,0.0,0.0,0.0,0.0,0.0,0.0,0.0,2,🔵 Risque modéré,-4.0181103,2.8219175
CLT02521,53,Hauts-de-France,6,0,Partenaire banque,0.0406,2020-11-27,1.0,772.0,772.0,1.0,0.0,0.0,0.0,0.0,0.0,0.0,0.0,2,🔵 Risque modéré,1.4039764,9.916552
CLT02522,49,Grand Est,0,0,Web,0.0232,2020-02-01,,,,,0.0,0.0,0.0,0.0,,0.0,,1,🟢 Bon risque fidèle,14.507454,7.4345503
CLT02523,51,Normandie,11,0,Agent,0.01,2018-05-03,2.0,1706.0,853.0,1.0,0.0,0.0,0.0,0.0,0.0,0.0,0.0,2,🔵 Risque modéré,1.5126886,9.292688
CLT02524,35,Normandie,9,0,Web,0.01,2020-07-10,,,,,0.0,0.0,0.0,0.0,,0.0,,1,🟢 Bon risque fidèle,14.972921,5.65707
CLT02525,50,Bretagne,4,1,Agent,0.1444,2018-04-30,,,,,0.0,0.0,0.0,0.0,,0.0,,1,🟢 Bon risque fidèle,13.657154,1.8026263
CLT02526,45,Nouvelle-Aquitaine,4,1,Téléphone,0.0316,2019-05-11,2.0,2546.0,1273.0,1.0,0.0,0.0,0.0,0.0,0.0,0.0,0.0,2,🔵 Risque modéré,1.1199936,0.4132719
CLT02527,43,Auvergne-Rhône-Alpes,7,0,Web,0.0692,2017-09-15,,,,,0.0,0.0,0.0,0.0,,0.0,,1,🟢 Bon risque fidèle,14.869043,6.14508
CLT02528,46,Normandie,3,3,Partenaire banque,0.3638,2018-12-13,2.0,2568.0,1284.0,2.0,1.0,370.0,370.0,0.0,0.5,0.0,0.1440809968847352,2,🔵 Risque modéré,-1.790442,2.9452968
CLT02529,34,Provence-Alpes-Côte d'Azur,1,0,Web,0.038,2019-04-26,,,,,0.0,0.0,0.0,0.0,,0.0,,1,🟢 Bon risque fidèle,15.678381,7.1106606
CLT02530,27,Bretagne,0,0,Web,0.01,2018-04-20,,,,,0.0,0.0,0.0,0.0,,0.0,,1,🟢 Bon risque fidèle,16.380096,6.8074465
CLT02531,47,Hauts-de-France,2,1,Courtier,0.3788,2019-02-14,2.0,3431.0,1715.5,1.0,0.0,0.0,0.0,0.0,0.0,0.0,0.0,2,🔵 Risque modéré,0.7304572,1.8952509
CLT02532,68,Normandie,12,1,Agent,0.01,2020-03-28,,,,,0.0,0.0,0.0,0.0,,0.0,,1,🟢 Bon risque fidèle,14.239417,5.3100615
CLT02533,26,Nouvelle-Aquitaine,3,1,Web,0.2181,2020-09-02,3.0,5186.0,1728.6666666666667,2.0,2.0,5638.0,2819.0,0.0,0.6666666666666666,0.0,1.087157732356344,2,🔵 Risque modéré,-2.8778052,3.2965682
CLT02534,39,Bretagne,20,1,Web,0.1714,2018-10-03,,,,,0.0,0.0,0.0,0.0,,0.0,,1,🟢 Bon risque fidèle,14.504366,4.7708387
CLT02535,19,Île-de-France,0,1,Téléphone,0.3093,2017-09-12,,,,,0.0,0.0,0.0,0.0,,0.0,,1,🟢 Bon risque fidèle,15.117919,1.1276982
CLT02536,32,Centre-Val de Loire,0,1,Web,0.2915,2019-02-21,4.0,5639.0,1409.75,3.0,0.0,0.0,0.0,0.0,0.0,0.0,0.0,2,🔵 Risque modéré,-3.5319388,3.8421507
CLT02537,64,Normandie,3,2,Web,0.4189,2020-06-10,2.0,3211.0,1605.5,1.0,1.0,7055.0,7055.0,0.0,0.5,0.0,2.1971348489567113,3,🔴 Très haut risque,-1.4312893,3.7547224
CLT02538,38,Île-de-France,3,2,Web,0.2981,2017-09-08,2.0,3763.0,1881.5,1.0,3.0,30533.0,10177.666666666666,0.0,1.5,0.0,8.114004783417487,3,🔴 Très haut risque,-1.5439693,5.096014
CLT02539,55,Normandie,11,0,Web,0.0447,2019-09-27,1.0,1005.0,1005.0,1.0,1.0,2096.0,2096.0,0.0,1.0,0.0,2.0855721393034825,2,🔵 Risque modéré,-0.43710643,6.6228104
CLT02540,41,Hauts-de-France,4,0,Courtier,0.01,2018-10-06,,,,,0.0,0.0,0.0,0.0,,0.0,,1,🟢 Bon risque fidèle,14.882246,6.697393
CLT02541,24,Occitanie,1,0,Web,0.0576,2020-04-17,1.0,1278.0,1278.0,1.0,1.0,1759.0,1759.0,0.0,1.0,0.0,1.3763693270735524,2,🔵 Risque modéré,0.7850117,6.042188
CLT02542,39,Hauts-de-France,2,0,Courtier,0.0394,2016-05-18,,,,,0.0,0.0,0.0,0.0,,0.0,,1,🟢 Bon risque fidèle,15.213634,7.196169
CLT02543,28,Centre-Val de Loire,5,1,Agent,0.0863,2019-04-07,2.0,4575.0,2287.5,2.0,0.0,0.0,0.0,0.0,0.0,0.0,0.0,2,🔵 Risque modéré,-4.136928,2.8603854
CLT02544,52,Normandie,13,0,Courtier,0.01,2020-11-15,2.0,1835.0,917.5,2.0,0.0,0.0,0.0,0.0,0.0,0.0,0.0,2,🔵 Risque modéré,-5.774067,5.4700775
CLT02545,43,Hauts-de-France,0,0,Agent,0.01,2018-09-03,1.0,1543.0,1543.0,1.0,0.0,0.0,0.0,0.0,0.0,0.0,0.0,2,🔵 Risque modéré,1.9303807,10.689711
CLT02546,51,Auvergne-Rhône-Alpes,1,0,Courtier,0.3473,2020-02-12,1.0,1494.0,1494.0,1.0,1.0,3898.0,3898.0,0.0,1.0,0.0,2.609103078982597,3,🔴 Très haut risque,0.4840688,5.510938
CLT02547,36,Centre-Val de Loire,0,1,Web,0.2122,2017-06-17,1.0,1370.0,1370.0,1.0,0.0,0.0,0.0,0.0,0.0,0.0,0.0,2,🔵 Risque modéré,1.5197126,1.3948709
CLT02548,66,Nouvelle-Aquitaine,0,1,Courtier,0.2561,2016-10-28,2.0,1737.0,868.5,1.0,0.0,0.0,0.0,0.0,0.0,0.0,0.0,2,🔵 Risque modéré,1.0329314,0.7224652
CLT02549,22,Provence-Alpes-Côte d'Azur,4,2,Courtier,0.4605,2019-11-22,,,,,0.0,0.0,0.0,0.0,,0.0,,1,🟢 Bon risque fidèle,12.330045,2.8292243
CLT02550,31,Nouvelle-Aquitaine,0,2,Courtier,0.2776,2016-04-20,1.0,1328.0,1328.0,1.0,0.0,0.0,0.0,0.0,0.0,0.0,0.0,2,🔵 Risque modéré,-1.0286965,1.4898165
CLT02551,55,Hauts-de-France,1,0,Courtier,0.1691,2019-07-29,4.0,4320.0,1080.0,2.0,3.0,24056.0,8018.666666666667,1.0,0.75,0.3333333333333333,5.568518518518519,3,🔴 Très haut risque,-3.135231,5.249609
CLT02552,39,Provence-Alpes-Côte d'Azur,9,0,Web,0.01,2017-08-22,,,,,0.0,0.0,0.0,0.0,,0.0,,1,🟢 Bon risque fidèle,14.905851,5.6614833
CLT02553,74,Grand Est,3,0,Agent,0.165,2016-06-08,3.0,4837.0,1612.3333333333333,3.0,2.0,7864.0,3932.0,1.0,0.6666666666666666,0.5,1.6258011163944595,0,🟠 Risque élevé,-3.120392,5.1479316
CLT02554,37,Grand Est,2,0,Web,0.0665,2019-07-12,3.0,4167.0,1389.0,2.0,1.0,2960.0,2960.0,0.0,0.3333333333333333,0.0,0.7103431725461963,2,🔵 Risque modéré,-4.8066626,6.7979608
CLT02555,67,Nouvelle-Aquitaine,3,0,Agent,0.1279,2019-05-13,,,,,0.0,0.0,0.0,0.0,,0.0,,1,🟢 Bon risque fidèle,14.198205,8.651384
CLT02556,57,Nouvelle-Aquitaine,0,2,Courtier,0.2641,2020-11-23,2.0,3664.0,1832.0,2.0,0.0,0.0,0.0,0.0,0.0,0.0,0.0,2,🔵 Risque modéré,-2.1773705,2.7772913
CLT02557,38,Provence-Alpes-Côte d'Azur,0,0,Téléphone,0.01,2019-11-05,2.0,4578.0,2289.0,1.0,0.0,0.0,0.0,0.0,0.0,0.0,0.0,2,🔵 Risque modéré,2.7529404,10.496665
CLT02558,41,Hauts-de-France,2,1,Web,0.1721,2019-12-02,2.0,2572.0,1286.0,1.0,1.0,3470.0,3470.0,0.0,0.5,0.0,1.349144634525661,2,🔵 Risque modéré,0.14037009,3.461822
CLT02559,33,Provence-Alpes-Côte d'Azur,3,1,Web,0.15,2019-04-04,2.0,1276.0,638.0,1.0,1.0,1594.0,1594.0,0.0,0.5,0.0,1.249216300940439,2,🔵 Risque modéré,0.27665028,3.5080018
CLT02560,42,Provence-Alpes-Côte d'Azur,1,0,Téléphone,0.1078,2016-01-29,3.0,5364.0,1788.0,3.0,3.0,27271.0,9090.333333333334,0.0,1.0,0.0,5.0840790454884415,3,🔴 Très haut risque,-3.748965,6.0488906
CLT02561,42,Nouvelle-Aquitaine,3,1,Courtier,0.1505,2018-02-04,2.0,2547.0,1273.5,1.0,0.0,0.0,0.0,0.0,0.0,0.0,0.0,2,🔵 Risque modéré,1.251411,0.77238643
CLT02562,45,Normandie,7,0,Courtier,0.1009,2016-12-01,2.0,2957.0,1478.5,2.0,0.0,0.0,0.0,0.0,0.0,0.0,0.0,2,🔵 Risque modéré,-6.0466304,6.5143642
CLT02563,47,Auvergne-Rhône-Alpes,0,0,Web,0.1866,2018-10-29,2.0,2231.0,1115.5,2.0,0.0,0.0,0.0,0.0,0.0,0.0,0.0,2,🔵 Risque modéré,-6.0464864,6.9222994
CLT02564,18,Occitanie,4,1,Téléphone,0.1773,2020-06-18,,,,,0.0,0.0,0.0,0.0,,0.0,,1,🟢 Bon risque fidèle,14.856909,2.0181184
CLT02565,46,Grand Est,6,1,Agent,0.1352,2020-08-31,1.0,1356.0,1356.0,1.0,0.0,0.0,0.0,0.0,0.0,0.0,0.0,2,🔵 Risque modéré,0.5115786,0.46671012
CLT02566,35,Grand Est,5,0,Téléphone,0.01,2020-01-01,4.0,4804.0,1201.0,3.0,0.0,0.0,0.0,0.0,0.0,0.0,0.0,2,🔵 Risque modéré,-4.779015,5.1108384
CLT02567,59,Grand Est,0,2,Agent,0.2743,2020-07-03,1.0,1267.0,1267.0,1.0,1.0,2815.0,2815.0,0.0,1.0,0.0,2.2217837411207575,2,🔵 Risque modéré,-0.69054884,4.1627197
CLT02568,56,Auvergne-Rhône-Alpes,4,0,Courtier,0.1544,2016-06-07,,,,,0.0,0.0,0.0,0.0,,0.0,,1,🟢 Bon risque fidèle,14.522396,8.375359
CLT02569,46,Auvergne-Rhône-Alpes,2,1,Téléphone,0.0593,2016-02-07,1.0,2373.0,2373.0,1.0,0.0,0.0,0.0,0.0,0.0,0.0,0.0,2,🔵 Risque modéré,0.7025967,1.182215
CLT02570,24,Normandie,0,0,Web,0.01,2019-11-18,,,,,0.0,0.0,0.0,0.0,,0.0,,1,🟢 Bon risque fidèle,16.497288,6.8137393
CLT02571,38,Provence-Alpes-Côte d'Azur,0,0,Web,0.0291,2018-06-26,,,,,0.0,0.0,0.0,0.0,,0.0,,1,🟢 Bon risque fidèle,15.314854,7.2757874
CLT02572,30,Centre-Val de Loire,4,1,Courtier,0.2758,2017-12-03,,,,,0.0,0.0,0.0,0.0,,0.0,,1,🟢 Bon risque fidèle,14.605579,1.5164725
CLT02573,39,Nouvelle-Aquitaine,1,0,Agent,0.1093,2016-03-01,2.0,2722.0,1361.0,2.0,1.0,1273.0,1273.0,1.0,0.5,1.0,0.4676708302718589,0,🟠 Risque élevé,-4.759591,22.02864
CLT02574,63,Auvergne-Rhône-Alpes,1,0,Web,0.1648,2020-10-22,1.0,2074.0,2074.0,1.0,1.0,2600.0,2600.0,0.0,1.0,0.0,1.253616200578592,2,🔵 Risque modéré,0.28516325,5.687654
CLT02575,31,Nouvelle-Aquitaine,7,1,Agent,0.3039,2017-09-23,,,,,0.0,0.0,0.0,0.0,,0.0,,1,🟢 Bon risque fidèle,14.2691345,2.1118658
CLT02576,23,Nouvelle-Aquitaine,3,2,Web,0.3472,2016-06-11,1.0,1728.0,1728.0,1.0,0.0,0.0,0.0,0.0,0.0,0.0,0.0,2,🔵 Risque modéré,-1.0211526,1.7308607
CLT02577,28,Bretagne,3,0,Agent,0.01,2020-05-26,1.0,1646.0,1646.0,1.0,0.0,0.0,0.0,0.0,0.0,0.0,0.0,2,🔵 Risque modéré,2.4124448,10.808162
CLT02578,26,Auvergne-Rhône-Alpes,14,1,Web,0.0316,2020-05-07,,,,,0.0,0.0,0.0,0.0,,0.0,,1,🟢 Bon risque fidèle,14.5056095,4.67558
CLT02579,42,Normandie,0,0,Agent,0.01,2016-03-30,1.0,1556.0,1556.0,1.0,0.0,0.0,0.0,0.0,0.0,0.0,0.0,2,🔵 Risque modéré,1.9177904,10.752663
CLT02580,47,Occitanie,4,0,Web,0.1707,2020-06-14,3.0,7256.0,2418.6666666666665,2.0,3.0,3454.0,1151.3333333333333,1.0,1.0,0.3333333333333333,0.47601984564498345,2,🔵 Risque modéré,-3.0046563,5.183125
CLT02581,18,Grand Est,2,0,Courtier,0.1487,2018-08-20,2.0,2469.0,1234.5,1.0,1.0,3049.0,3049.0,0.0,0.5,0.0,1.2349129202106115,2,🔵 Risque modéré,0.50581074,8.859243
CLT02582,42,Auvergne-Rhône-Alpes,0,0,Téléphone,0.328,2016-03-31,2.0,3011.0,1505.5,2.0,0.0,0.0,0.0,0.0,0.0,0.0,0.0,2,🔵 Risque modéré,-6.0223227,7.2994757
CLT02583,56,Auvergne-Rhône-Alpes,3,1,Web,0.1647,2016-01-24,,,,,0.0,0.0,0.0,0.0,,0.0,,1,🟢 Bon risque fidèle,13.456634,1.6016625
CLT02584,20,Auvergne-Rhône-Alpes,4,0,Agent,0.3117,2019-05-19,,,,,0.0,0.0,0.0,0.0,,0.0,,1,🟢 Bon risque fidèle,16.62292,7.805897
CLT02585,18,Occitanie,1,1,Courtier,0.2398,2017-02-15,2.0,3987.0,1993.5,2.0,1.0,3110.0,3110.0,0.0,0.5,0.0,0.7800351141208929,2,🔵 Risque modéré,-2.8200848,3.1389766
CLT02586,43,Nouvelle-Aquitaine,7,0,Agent,0.01,2016-03-02,1.0,2556.0,2556.0,1.0,0.0,0.0,0.0,0.0,0.0,0.0,0.0,2,🔵 Risque modéré,2.514824,9.711745
CLT02587,50,Auvergne-Rhône-Alpes,1,0,Web,0.1332,2020-03-10,1.0,1837.0,1837.0,1.0,0.0,0.0,0.0,0.0,0.0,0.0,0.0,2,🔵 Risque modéré,0.9848727,11.464781
CLT02588,56,Hauts-de-France,0,0,Partenaire banque,0.0551,2017-12-15,1.0,1279.0,1279.0,1.0,1.0,3286.0,3286.0,0.0,1.0,0.0,2.5691946833463644,2,🔵 Risque modéré,0.261061,6.1201034
CLT02589,51,Provence-Alpes-Côte d'Azur,2,0,Web,0.2643,2018-10-24,1.0,702.0,702.0,1.0,0.0,0.0,0.0,0.0,0.0,0.0,0.0,2,🔵 Risque modéré,0.91240424,11.714899
CLT02590,37,Centre-Val de Loire,2,1,Web,0.0453,2019-03-15,1.0,1206.0,1206.0,1.0,5.0,16335.0,3267.0,0.0,5.0,0.0,13.544776119402986,3,🔴 Très haut risque,-1.365041,5.3770537
CLT02591,46,Auvergne-Rhône-Alpes,0,1,Web,0.2904,2019-04-01,,,,,0.0,0.0,0.0,0.0,,0.0,,1,🟢 Bon risque fidèle,14.005904,0.8934258
CLT02592,27,Île-de-France,1,0,Courtier,0.01,2020-01-07,,,,,0.0,0.0,0.0,0.0,,0.0,,1,🟢 Bon risque fidèle,16.106173,6.794015
CLT02593,21,Occitanie,3,0,Partenaire banque,0.01,2016-12-19,1.0,1825.0,1825.0,1.0,1.0,7341.0,7341.0,0.0,1.0,0.0,4.022465753424657,3,🔴 Très haut risque,0.08675895,6.0361447
CLT02594,46,Grand Est,2,1,Web,0.2193,2020-01-27,2.0,1778.0,889.0,1.0,2.0,438.0,219.0,1.0,1.0,0.5,0.24634420697412823,0,🟠 Risque élevé,-2.9097862,5.024314
CLT02595,42,Auvergne-Rhône-Alpes,2,1,Partenaire banque,0.1648,2018-10-31,3.0,7417.0,2472.3333333333335,2.0,1.0,3999.0,3999.0,0.0,0.3333333333333333,0.0,0.5391667790211676,2,🔵 Risque modéré,-3.2046144,3.4176364
CLT02596,43,Normandie,5,0,Courtier,0.079,2019-04-24,,,,,0.0,0.0,0.0,0.0,,0.0,,1,🟢 Bon risque fidèle,14.843386,6.561918
CLT02597,48,Nouvelle-Aquitaine,2,0,Courtier,0.01,2016-08-09,1.0,1026.0,1026.0,1.0,1.0,4022.0,4022.0,0.0,1.0,0.0,3.9200779727095516,2,🔵 Risque modéré,0.15887184,6.1859226
CLT02598,54,Nouvelle-Aquitaine,0,1,Téléphone,0.0417,2018-02-18,1.0,1532.0,1532.0,1.0,0.0,0.0,0.0,0.0,0.0,0.0,0.0,2,🔵 Risque modéré,1.0996023,0.460446
CLT02599,39,Bretagne,1,1,Web,0.1421,2017-04-13,2.0,1915.0,957.5,1.0,0.0,0.0,0.0,0.0,0.0,0.0,0.0,2,🔵 Risque modéré,1.4152161,0.8391894
CLT02600,44,Bretagne,2,0,Web,0.01,2017-10-07,2.0,4245.0,2122.5,2.0,0.0,0.0,0.0,0.0,0.0,0.0,0.0,2,🔵 Risque modéré,-6.368786,6.7758017
CLT02601,25,Auvergne-Rhône-Alpes,2,0,Courtier,0.2228,2018-12-02,1.0,1892.0,1892.0,1.0,0.0,0.0,0.0,0.0,0.0,0.0,0.0,2,🔵 Risque modéré,3.0429854,11.290766
CLT02602,59,Nouvelle-Aquitaine,8,0,Courtier,0.01,2018-01-11,1.0,926.0,926.0,1.0,0.0,0.0,0.0,0.0,0.0,0.0,0.0,2,🔵 Risque modéré,1.4141359,9.635132
CLT02603,30,Hauts-de-France,12,3,Courtier,0.2923,2016-03-26,,,,,0.0,0.0,0.0,0.0,,0.0,,1,🟢 Bon risque fidèle,12.934531,2.8743248
CLT02604,48,Auvergne-Rhône-Alpes,8,1,Web,0.2084,2016-08-26,1.0,1751.0,1751.0,1.0,0.0,0.0,0.0,0.0,0.0,0.0,0.0,2,🔵 Risque modéré,0.37324324,0.5062937
CLT02605,31,Bretagne,1,0,Web,0.1756,2019-05-16,1.0,488.0,488.0,1.0,0.0,0.0,0.0,0.0,0.0,0.0,0.0,1,🟢 Bon risque fidèle,2.1742613,11.829278
CLT02606,39,Hauts-de-France,2,0,Agent,0.1139,2020-09-20,2.0,2459.0,1229.5,2.0,2.0,6134.0,3067.0,1.0,1.0,0.5,2.494509963399756,0,🟠 Risque élevé,-3.0768769,5.14268
CLT02607,40,Normandie,6,1,Web,0.1686,2018-04-16,,,,,0.0,0.0,0.0,0.0,,0.0,,1,🟢 Bon risque fidèle,14.07058,2.3458607
CLT02608,61,Hauts-de-France,9,1,Partenaire banque,0.042,2018-05-28,1.0,2662.0,2662.0,1.0,0.0,0.0,0.0,0.0,0.0,0.0,0.0,2,🔵 Risque modéré,0.18880858,0.57207465
CLT02609,38,Occitanie,3,1,Téléphone,0.2586,2020-09-20,,,,,0.0,0.0,0.0,0.0,,0.0,,1,🟢 Bon risque fidèle,14.516859,1.3743504
CLT02610,48,Normandie,8,0,Partenaire banque,0.1553,2018-01-24,2.0,3856.0,1928.0,2.0,0.0,0.0,0.0,0.0,0.0,0.0,0.0,2,🔵 Risque modéré,-6.1713176,6.3451414
CLT02611,58,Nouvelle-Aquitaine,0,0,Web,0.0714,2019-10-14,1.0,1607.0,1607.0,1.0,0.0,0.0,0.0,0.0,0.0,0.0,0.0,2,🔵 Risque modéré,0.37226385,10.998361
CLT02612,60,Normandie,4,1,Agent,0.0886,2018-03-24,,,,,0.0,0.0,0.0,0.0,,0.0,,1,🟢 Bon risque fidèle,13.416372,1.9215324
CLT02613,35,Normandie,2,0,Courtier,0.1397,2019-10-19,2.0,2752.0,1376.0,1.0,1.0,5074.0,5074.0,0.0,0.5,0.0,1.84375,2,🔵 Risque modéré,0.2528005,8.658414
CLT02614,21,Auvergne-Rhône-Alpes,1,0,Web,0.1788,2018-03-21,1.0,1621.0,1621.0,1.0,0.0,0.0,0.0,0.0,0.0,0.0,0.0,2,🔵 Risque modéré,2.9938304,11.398068
CLT02615,32,Bretagne,8,1,Agent,0.2993,2016-07-29,,,,,0.0,0.0,0.0,0.0,,0.0,,1,🟢 Bon risque fidèle,14.226491,2.1990874
CLT02616,30,Nouvelle-Aquitaine,6,1,Web,0.1626,2017-02-13,1.0,1223.0,1223.0,1.0,1.0,1790.0,1790.0,0.0,1.0,0.0,1.463614063777596,2,🔵 Risque modéré,-0.026519394,4.559219
CLT02617,26,Provence-Alpes-Côte d'Azur,2,1,Web,0.2563,2020-09-26,1.0,1464.0,1464.0,1.0,0.0,0.0,0.0,0.0,0.0,0.0,0.0,2,🔵 Risque modéré,1.3160934,1.9006846
CLT02618,36,Bretagne,4,0,Web,0.01,2020-09-14,,,,,0.0,0.0,0.0,0.0,,0.0,,1,🟢 Bon risque fidèle,15.193772,6.5589733
CLT02619,62,Bretagne,1,1,Agent,0.1013,2017-07-26,3.0,4463.0,1487.6666666666667,2.0,2.0,1369.0,684.5,0.0,0.6666666666666666,0.0,0.3067443423706027,2,🔵 Risque modéré,-3.359268,3.564116
CLT02620,43,Centre-Val de Loire,6,0,Courtier,0.1153,2020-03-30,3.0,4582.0,1527.3333333333333,1.0,0.0,0.0,0.0,0.0,0.0,0.0,0.0,2,🔵 Risque modéré,1.1486812,10.059565
CLT02621,40,Bretagne,11,1,Courtier,0.3592,2019-09-29,3.0,6895.0,2298.3333333333335,2.0,1.0,1376.0,1376.0,0.0,0.3333333333333333,0.0,0.19956490210297317,2,🔵 Risque modéré,-3.7075484,3.6895905
CLT02622,42,Centre-Val de Loire,2,1,Partenaire banque,0.1199,2018-09-21,1.0,2068.0,2068.0,1.0,0.0,0.0,0.0,0.0,0.0,0.0,0.0,2,🔵 Risque modéré,0.83249533,1.1763792
CLT02623,33,Grand Est,1,0,Web,0.01,2020-04-23,3.0,3999.0,1333.0,2.0,2.0,1355.0,677.5,0.0,0.6666666666666666,0.0,0.3388347086771693,2,🔵 Risque modéré,-4.772088,6.9725175
CLT02624,44,Normandie,7,1,Web,0.2421,2017-05-30,1.0,1207.0,1207.0,1.0,1.0,4648.0,4648.0,0.0,1.0,0.0,3.8508699254349628,3,🔴 Très haut risque,-0.45664424,4.729849
CLT02625,30,Normandie,9,0,Courtier,0.0195,2019-07-12,1.0,1477.0,1477.0,1.0,0.0,0.0,0.0,0.0,0.0,0.0,0.0,2,🔵 Risque modéré,2.1156425,9.619625
CLT02626,19,Nouvelle-Aquitaine,2,0,Web,0.043,2020-02-22,2.0,2560.0,1280.0,2.0,1.0,4067.0,4067.0,0.0,0.5,0.0,1.588671875,2,🔵 Risque modéré,-4.7216454,7.213402
CLT02627,58,Île-de-France,7,0,Téléphone,0.01,2018-10-19,2.0,2652.0,1326.0,2.0,1.0,173.0,173.0,0.0,0.5,0.0,0.06523378582202112,2,🔵 Risque modéré,-5.6134777,5.876249
CLT02628,56,Île-de-France,0,1,Partenaire banque,0.1911,2018-02-24,2.0,3660.0,1830.0,2.0,0.0,0.0,0.0,0.0,0.0,0.0,0.0,2,🔵 Risque modéré,-3.4049692,3.1407113
CLT02629,53,Centre-Val de Loire,3,1,Agent,0.3453,2016-11-10,2.0,2924.0,1462.0,1.0,1.0,1343.0,1343.0,0.0,0.5,0.0,0.45930232558139533,2,🔵 Risque modéré,0.70327914,2.1328712
CLT02630,49,Hauts-de-France,6,0,Agent,0.01,2016-07-18,3.0,7001.0,2333.6666666666665,1.0,0.0,0.0,0.0,0.0,0.0,0.0,0.0,2,🔵 Risque modéré,1.4518493,9.939203
CLT02631,36,Auvergne-Rhône-Alpes,0,1,Agent,0.3272,2018-12-02,2.0,1129.0,564.5,1.0,0.0,0.0,0.0,0.0,0.0,0.0,0.0,2,🔵 Risque modéré,1.3361493,1.7589023
CLT02632,31,Normandie,1,1,Agent,0.1925,2017-02-19,2.0,2640.0,1320.0,2.0,2.0,561.0,280.5,0.0,1.0,0.0,0.2125,2,🔵 Risque modéré,-2.7907393,3.3792067
CLT02633,21,Hauts-de-France,1,0,Agent,0.01,2018-10-03,3.0,3727.0,1242.3333333333333,2.0,1.0,13244.0,13244.0,0.0,0.3333333333333333,0.0,3.553528306949289,3,🔴 Très haut risque,-2.874267,6.393592
CLT02634,42,Grand Est,3,1,Web,0.2449,2017-12-06,2.0,5165.0,2582.5,2.0,2.0,13176.0,6588.0,0.0,1.0,0.0,2.5510164569215874,3,🔴 Très haut risque,-2.551708,3.9458394
CLT02635,49,Grand Est,4,0,Courtier,0.058,2020-04-15,1.0,1452.0,1452.0,1.0,1.0,3346.0,3346.0,0.0,1.0,0.0,2.3044077134986227,2,🔵 Risque modéré,0.22459108,6.2537847
CLT02636,37,Île-de-France,5,0,Partenaire banque,0.012,2020-12-09,2.0,2287.0,1143.5,2.0,0.0,0.0,0.0,0.0,0.0,0.0,0.0,2,🔵 Risque modéré,-5.866885,6.750024
CLT02637,31,Auvergne-Rhône-Alpes,2,2,Courtier,0.2038,2017-10-08,2.0,3360.0,1680.0,2.0,0.0,0.0,0.0,0.0,0.0,0.0,0.0,2,🔵 Risque modéré,-2.527568,2.7376478
CLT02638,60,Bretagne,1,0,Courtier,0.01,2016-03-16,3.0,4853.0,1617.6666666666667,2.0,3.0,15784.0,5261.333333333333,0.0,1.0,0.0,3.252421182773542,2,🔵 Risque modéré,-3.9518573,6.262583
CLT02639,40,Île-de-France,2,0,Web,0.01,2019-09-14,,,,,0.0,0.0,0.0,0.0,,0.0,,1,🟢 Bon risque fidèle,15.067585,7.0324683
CLT02640,37,Hauts-de-France,4,0,Téléphone,0.01,2016-12-04,3.0,5682.0,1894.0,2.0,4.0,22121.0,5530.25,1.0,1.3333333333333333,0.25,3.8931714185146076,3,🔴 Très haut risque,-3.3831754,5.557812
CLT02641,63,Normandie,8,0,Courtier,0.01,2017-10-03,,,,,0.0,0.0,0.0,0.0,,0.0,,1,🟢 Bon risque fidèle,14.256035,5.643736
CLT02642,41,Bretagne,5,0,Courtier,0.01,2016-08-14,,,,,0.0,0.0,0.0,0.0,,0.0,,1,🟢 Bon risque fidèle,14.868952,6.4887266
CLT02643,37,Centre-Val de Loire,0,0,Agent,0.0952,2019-09-15,,,,,0.0,0.0,0.0,0.0,,0.0,,1,🟢 Bon risque fidèle,15.836964,7.6065793
CLT02644,53,Grand Est,3,0,Agent,0.0223,2019-03-19,1.0,552.0,552.0,1.0,0.0,0.0,0.0,0.0,0.0,0.0,0.0,2,🔵 Risque modéré,0.95090556,10.677358
CLT02645,40,Normandie,0,2,Courtier,0.04,2020-10-17,,,,,0.0,0.0,0.0,0.0,,0.0,,1,🟢 Bon risque fidèle,12.790764,2.342077
CLT02646,59,Nouvelle-Aquitaine,7,1,Courtier,0.2552,2018-03-14,1.0,1322.0,1322.0,1.0,0.0,0.0,0.0,0.0,0.0,0.0,0.0,2,🔵 Risque modéré,0.41612998,0.40645835
CLT02647,63,Hauts-de-France,2,0,Courtier,0.1733,2018-02-14,4.0,7679.0,1919.75,3.0,1.0,20083.0,20083.0,0.0,0.25,0.0,2.6153144940747493,3,🔴 Très haut risque,-2.7673354,6.223412
CLT02648,53,Centre-Val de Loire,4,1,Agent,0.3606,2020-04-20,2.0,3600.0,1800.0,1.0,1.0,1323.0,1323.0,0.0,0.5,0.0,0.3675,2,🔵 Risque modéré,0.66652286,2.1171818
CLT02649,46,Hauts-de-France,4,0,Web,0.2809,2016-02-29,1.0,2216.0,2216.0,1.0,0.0,0.0,0.0,0.0,0.0,0.0,0.0,2,🔵 Risque modéré,0.9975255,11.749205
CLT02650,70,Centre-Val de Loire,14,0,Web,0.1363,2020-09-12,,,,,0.0,0.0,0.0,0.0,,0.0,,1,🟢 Bon risque fidèle,14.308164,5.3151402
CLT02651,24,Provence-Alpes-Côte d'Azur,0,1,Web,0.1627,2020-03-01,3.0,4574.0,1524.6666666666667,2.0,1.0,7717.0,7717.0,0.0,0.3333333333333333,0.0,1.6871447310887626,2,🔵 Risque modéré,-2.8161705,3.5248482
CLT02652,64,Centre-Val de Loire,2,1,Web,0.2717,2021-01-01,1.0,2646.0,2646.0,1.0,1.0,3788.0,3788.0,0.0,1.0,0.0,1.4315948601662887,2,🔵 Risque modéré,-0.08128947,4.894561
CLT02653,49,Provence-Alpes-Côte d'Azur,7,0,Courtier,0.01,2018-05-28,1.0,531.0,531.0,1.0,1.0,206.0,206.0,0.0,1.0,0.0,0.3879472693032015,2,🔵 Risque modéré,0.37385428,6.4886184
CLT02654,18,Provence-Alpes-Côte d'Azur,8,0,Partenaire banque,0.1707,2018-04-25,2.0,2342.0,1171.0,2.0,1.0,2996.0,2996.0,0.0,0.5,0.0,1.2792485055508114,2,🔵 Risque modéré,-4.7471166,7.0469427
CLT02655,47,Provence-Alpes-Côte d'Azur,7,1,Web,0.1137,2017-05-17,,,,,0.0,0.0,0.0,0.0,,0.0,,1,🟢 Bon risque fidèle,13.970678,2.3576086
CLT02656,34,Occitanie,3,1,Web,0.2213,2017-10-03,1.0,1301.0,1301.0,1.0,0.0,0.0,0.0,0.0,0.0,0.0,0.0,2,🔵 Risque modéré,1.2764255,1.5311853
CLT02657,41,Centre-Val de Loire,0,1,Web,0.3454,2019-11-12,,,,,0.0,0.0,0.0,0.0,,0.0,,1,🟢 Bon risque fidèle,14.149653,0.7973252
CLT02658,32,Auvergne-Rhône-Alpes,11,0,Téléphone,0.0226,2016-08-24,2.0,2816.0,1408.0,2.0,1.0,421.0,421.0,0.0,0.5,0.0,0.1495028409090909,2,🔵 Risque modéré,-5.297107,5.8886285
CLT02659,35,Provence-Alpes-Côte d'Azur,11,1,Web,0.0661,2019-01-09,2.0,2503.0,1251.5,2.0,0.0,0.0,0.0,0.0,0.0,0.0,0.0,2,🔵 Risque modéré,-4.582226,3.445844
CLT02660,18,Provence-Alpes-Côte d'Azur,0,1,Web,0.2479,2019-09-11,1.0,1333.0,1333.0,1.0,0.0,0.0,0.0,0.0,0.0,0.0,0.0,2,🔵 Risque modéré,1.3706294,2.030627
CLT02661,26,Bretagne,6,0,Courtier,0.0122,2018-05-14,2.0,1972.0,986.0,2.0,0.0,0.0,0.0,0.0,0.0,0.0,0.0,2,🔵 Risque modéré,-5.4630647,6.8302646
CLT02662,34,Hauts-de-France,3,1,Web,0.1105,2018-08-21,5.0,7716.0,1543.2,2.0,6.0,26904.0,4484.0,3.0,1.2,0.5,3.4867807153965784,0,🟠 Risque élevé,-3.1335127,5.062705
CLT02663,40,Centre-Val de Loire,5,0,Web,0.01,2017-10-12,,,,,0.0,0.0,0.0,0.0,,0.0,,1,🟢 Bon risque fidèle,14.948623,6.502049
CLT02664,34,Bretagne,0,0,Courtier,0.1511,2017-10-24,1.0,785.0,785.0,1.0,0.0,0.0,0.0,0.0,0.0,0.0,0.0,2,🔵 Risque modéré,2.0229523,11.799097
CLT02665,45,Centre-Val de Loire,6,1,Web,0.1303,2018-09-29,1.0,1708.0,1708.0,1.0,2.0,83030.0,41515.0,0.0,2.0,0.0,48.612412177985945,3,🔴 Très haut risque,-1.6582949,6.222402
CLT02666,36,Auvergne-Rhône-Alpes,4,1,Agent,0.1393,2017-02-27,3.0,5447.0,1815.6666666666667,2.0,1.0,2681.0,2681.0,0.0,0.3333333333333333,0.0,0.49219753993023685,2,🔵 Risque modéré,-3.3930275,3.4155204
CLT02667,58,Provence-Alpes-Côte d'Azur,0,0,Courtier,0.1901,2020-07-21,1.0,1429.0,1429.0,1.0,0.0,0.0,0.0,0.0,0.0,0.0,0.0,2,🔵 Risque modéré,0.6520241,11.565914
CLT02668,28,Provence-Alpes-Côte d'Azur,1,0,Web,0.01,2017-09-07,1.0,2067.0,2067.0,1.0,0.0,0.0,0.0,0.0,0.0,0.0,0.0,2,🔵 Risque modéré,2.8157814,10.981926
CLT02669,18,Provence-Alpes-Côte d'Azur,6,0,Partenaire banque,0.175,2017-02-19,1.0,1656.0,1656.0,1.0,0.0,0.0,0.0,0.0,0.0,0.0,0.0,2,🔵 Risque modéré,2.7078009,10.956352
CLT02670,37,Normandie,2,0,Agent,0.0777,2020-06-02,1.0,2219.0,2219.0,1.0,0.0,0.0,0.0,0.0,0.0,0.0,0.0,2,🔵 Risque modéré,2.7562566,10.555005
CLT02671,29,Auvergne-Rhône-Alpes,3,1,Téléphone,0.1679,2019-01-04,1.0,1256.0,1256.0,1.0,1.0,6470.0,6470.0,0.0,1.0,0.0,5.151273885350318,3,🔴 Très haut risque,-0.3081352,5.0313587
CLT02672,60,Occitanie,5,3,Web,0.3782,2016-04-09,,,,,0.0,0.0,0.0,0.0,,0.0,,1,🟢 Bon risque fidèle,12.124929,2.640474
CLT02673,61,Hauts-de-France,4,1,Partenaire banque,0.1931,2018-04-05,3.0,5214.0,1738.0,3.0,4.0,59395.0,14848.75,0.0,1.3333333333333333,0.0,11.39144610663598,3,🔴 Très haut risque,-1.8896973,5.5791163
CLT02674,23,Occitanie,1,0,Agent,0.0174,2016-07-09,2.0,1917.0,958.5,2.0,1.0,16776.0,16776.0,0.0,0.5,0.0,8.751173708920188,3,🔴 Très haut risque,-2.5388541,6.339183
CLT02675,35,Centre-Val de Loire,5,1,Web,0.1743,2017-11-22,3.0,6957.0,2319.0,1.0,2.0,4510.0,2255.0,0.0,0.6666666666666666,0.0,0.6482679315797039,2,🔵 Risque modéré,0.036779992,3.4142184
CLT02676,51,Hauts-de-France,5,3,Web,0.2144,2020-06-30,2.0,6654.0,3327.0,1.0,1.0,2315.0,2315.0,0.0,0.5,0.0,0.34791103095882175,2,🔵 Risque modéré,-0.06392394,1.8946064
CLT02677,41,Grand Est,6,0,Courtier,0.0925,2017-03-07,3.0,3759.0,1253.0,3.0,1.0,21188.0,21188.0,1.0,0.3333333333333333,1.0,5.636605480180899,0,🟠 Risque élevé,-4.875234,21.858595
CLT02678,20,Provence-Alpes-Côte d'Azur,1,0,Agent,0.0612,2019-08-29,1.0,1390.0,1390.0,1.0,0.0,0.0,0.0,0.0,0.0,0.0,0.0,2,🔵 Risque modéré,2.6322908,11.364417
CLT02679,29,Hauts-de-France,3,0,Courtier,0.0166,2017-09-08,2.0,3088.0,1544.0,2.0,1.0,264.0,264.0,0.0,0.5,0.0,0.08549222797927461,2,🔵 Risque modéré,-4.774091,7.1164427
CLT02680,40,Bretagne,4,0,Agent,0.01,2017-10-05,1.0,2787.0,2787.0,1.0,0.0,0.0,0.0,0.0,0.0,0.0,0.0,2,🔵 Risque modéré,2.8552024,10.043041
CLT02681,34,Occitanie,14,0,Courtier,0.01,2017-05-31,1.0,818.0,818.0,1.0,0.0,0.0,0.0,0.0,0.0,0.0,0.0,2,🔵 Risque modéré,1.8242542,8.954634
CLT02682,21,Centre-Val de Loire,2,0,Courtier,0.167,2019-10-09,1.0,1204.0,1204.0,1.0,1.0,3994.0,3994.0,1.0,1.0,1.0,3.3172757475083055,0,🟠 Risque élevé,-4.6644697,22.117598
CLT02683,41,Grand Est,2,0,Web,0.0273,2016-02-10,1.0,1214.0,1214.0,1.0,0.0,0.0,0.0,0.0,0.0,0.0,0.0,2,🔵 Risque modéré,1.6029689,10.872075
CLT02684,64,Grand Est,13,1,Téléphone,0.01,2019-03-29,2.0,4207.0,2103.5,2.0,1.0,4477.0,4477.0,0.0,0.5,0.0,1.064178749702876,2,🔵 Risque modéré,-4.6959662,3.9747248
CLT02685,33,Normandie,2,0,Web,0.1181,2020-08-16,,,,,0.0,0.0,0.0,0.0,,0.0,,1,🟢 Bon risque fidèle,16.089588,7.5898657
CLT02686,38,Normandie,0,1,Web,0.0818,2019-08-01,2.0,2627.0,1313.5,2.0,0.0,0.0,0.0,0.0,0.0,0.0,0.0,2,🔵 Risque modéré,-3.772281,2.6452017
CLT02687,25,Grand Est,0,2,Téléphone,0.3103,2020-10-14,1.0,788.0,788.0,1.0,1.0,227.0,227.0,0.0,1.0,0.0,0.2880710659898477,2,🔵 Risque modéré,-0.583239,3.9987447
CLT02688,51,Bretagne,0,1,Partenaire banque,0.1602,2020-01-30,1.0,1672.0,1672.0,1.0,2.0,202.0,101.0,0.0,2.0,0.0,0.12081339712918661,2,🔵 Risque modéré,-0.82572305,5.219843
CLT02689,18,Île-de-France,1,0,Courtier,0.0654,2018-01-18,,,,,0.0,0.0,0.0,0.0,,0.0,,1,🟢 Bon risque fidèle,16.653824,6.9164395
CLT02690,46,Normandie,4,1,Web,0.2189,2016-11-06,1.0,3111.0,3111.0,1.0,1.0,58.0,58.0,0.0,1.0,0.0,0.01864352298296368,2,🔵 Risque modéré,0.06321097,4.457936
CLT02691,31,Hauts-de-France,6,0,Téléphone,0.2633,2018-04-22,1.0,1050.0,1050.0,1.0,0.0,0.0,0.0,0.0,0.0,0.0,0.0,2,🔵 Risque modéré,1.827404,11.475294
CLT02692,53,Provence-Alpes-Côte d'Azur,2,0,Téléphone,0.1116,2016-05-13,,,,,0.0,0.0,0.0,0.0,,0.0,,1,🟢 Bon risque fidèle,14.591658,8.240784
CLT02693,18,Occitanie,4,1,Téléphone,0.2384,2017-07-02,1.0,2054.0,2054.0,1.0,0.0,0.0,0.0,0.0,0.0,0.0,0.0,2,🔵 Risque modéré,0.9989699,1.8859936
CLT02694,71,Hauts-de-France,0,0,Agent,0.0542,2017-06-11,1.0,1145.0,1145.0,1.0,1.0,21919.0,21919.0,0.0,1.0,0.0,19.143231441048034,3,🔴 Très haut risque,-1.7729182,6.133341
CLT02695,45,Centre-Val de Loire,0,0,Web,0.1588,2017-05-05,1.0,979.0,979.0,1.0,0.0,0.0,0.0,0.0,0.0,0.0,0.0,2,🔵 Risque modéré,1.2486883,11.615419
CLT02696,57,Auvergne-Rhône-Alpes,7,0,Web,0.1056,2016-02-28,1.0,1275.0,1275.0,1.0,0.0,0.0,0.0,0.0,0.0,0.0,0.0,2,🔵 Risque modéré,1.3430985,10.00023
CLT02697,43,Occitanie,4,1,Agent,0.2345,2017-09-29,,,,,0.0,0.0,0.0,0.0,,0.0,,1,🟢 Bon risque fidèle,14.10808,1.6754584
CLT02698,52,Normandie,3,1,Courtier,0.1112,2018-06-14,,,,,0.0,0.0,0.0,0.0,,0.0,,1,🟢 Bon risque fidèle,13.633264,1.7723651
CLT02699,51,Bretagne,0,1,Agent,0.1799,2016-03-18,3.0,5804.0,1934.6666666666667,2.0,2.0,9172.0,4586.0,0.0,0.6666666666666666,0.0,1.580289455547898,2,🔵 Risque modéré,-3.129045,3.8051007
CLT02700,55,Occitanie,2,2,Web,0.2995,2016-10-08,3.0,3674.0,1224.6666666666667,2.0,2.0,1034.0,517.0,0.0,0.6666666666666666,0.0,0.281437125748503,2,🔵 Risque modéré,-2.1008492,3.243695
CLT02701,40,Île-de-France,0,0,Web,0.1779,2020-07-05,2.0,4166.0,2083.0,2.0,1.0,2067.0,2067.0,0.0,0.5,0.0,0.49615938550168026,2,🔵 Risque modéré,-4.513299,6.8793635
CLT02702,33,Hauts-de-France,3,0,Agent,0.0277,2016-12-28,2.0,4017.0,2008.5,2.0,0.0,0.0,0.0,0.0,0.0,0.0,0.0,2,🔵 Risque modéré,-5.695965,7.0025177
CLT02703,46,Île-de-France,1,1,Partenaire banque,0.3079,2018-09-24,,,,,0.0,0.0,0.0,0.0,,0.0,,1,🟢 Bon risque fidèle,13.946842,0.841748
CLT02704,42,Île-de-France,0,1,Web,0.221,2016-06-22,2.0,3166.0,1583.0,1.0,1.0,4376.0,4376.0,0.0,0.5,0.0,1.3821857233101706,2,🔵 Risque modéré,0.11392375,3.4606552
CLT02705,57,Provence-Alpes-Côte d'Azur,0,0,Agent,0.0788,2020-11-12,1.0,1997.0,1997.0,1.0,0.0,0.0,0.0,0.0,0.0,0.0,0.0,2,🔵 Risque modéré,0.39738432,11.027949
CLT02706,41,Auvergne-Rhône-Alpes,1,1,Téléphone,0.1821,2018-04-15,1.0,975.0,975.0,1.0,3.0,6475.0,2158.3333333333335,0.0,3.0,0.0,6.641025641025641,3,🔴 Très haut risque,-1.1896882,5.254808
CLT02707,57,Provence-Alpes-Côte d'Azur,9,5,Agent,0.0623,2020-12-20,3.0,5863.0,1954.3333333333333,2.0,0.0,0.0,0.0,0.0,0.0,0.0,0.0,2,🔵 Risque modéré,-1.4320532,2.206343
CLT02708,39,Auvergne-Rhône-Alpes,4,0,Courtier,0.01,2020-09-17,2.0,5618.0,2809.0,1.0,0.0,0.0,0.0,0.0,0.0,0.0,0.0,2,🔵 Risque modéré,2.7483954,10.105108
CLT02709,49,Nouvelle-Aquitaine,10,0,Web,0.01,2019-03-17,2.0,2354.0,1177.0,1.0,0.0,0.0,0.0,0.0,0.0,0.0,0.0,2,🔵 Risque modéré,1.4945636,9.3655815
CLT02710,52,Grand Est,13,2,Partenaire banque,0.2922,2018-12-06,,,,,0.0,0.0,0.0,0.0,,0.0,,1,🟢 Bon risque fidèle,13.414663,2.7980812
CLT02711,45,Centre-Val de Loire,5,2,Partenaire banque,0.1083,2018-12-13,2.0,2257.0,1128.5,2.0,0.0,0.0,0.0,0.0,0.0,0.0,0.0,2,🔵 Risque modéré,-2.9279265,2.6916573
CLT02712,18,Hauts-de-France,0,0,Courtier,0.2551,2016-07-05,1.0,716.0,716.0,1.0,1.0,182.0,182.0,0.0,1.0,0.0,0.2541899441340782,2,🔵 Risque modéré,0.7978727,5.943997
CLT02713,29,Occitanie,12,0,Courtier,0.01,2020-05-04,2.0,2683.0,1341.5,2.0,2.0,14767.0,7383.5,0.0,1.0,0.0,5.50391352963101,3,🔴 Très haut risque,-3.0966988,6.4347315
CLT02714,44,Provence-Alpes-Côte d'Azur,0,0,Web,0.0257,2019-04-13,,,,,0.0,0.0,0.0,0.0,,0.0,,1,🟢 Bon risque fidèle,14.678104,7.4020476
CLT02715,38,Bretagne,9,0,Téléphone,0.1175,2020-03-05,1.0,1876.0,1876.0,1.0,2.0,7317.0,3658.5,1.0,2.0,0.5,3.900319829424307,0,🟠 Risque élevé,-2.7377865,5.1958942
CLT02716,62,Occitanie,0,0,Partenaire banque,0.0412,2017-03-24,,,,,0.0,0.0,0.0,0.0,,0.0,,1,🟢 Bon risque fidèle,13.8781,8.491751
CLT02717,39,Nouvelle-Aquitaine,6,1,Web,0.3571,2017-03-16,,,,,0.0,0.0,0.0,0.0,,0.0,,1,🟢 Bon risque fidèle,14.128123,2.0462239
CLT02718,42,Hauts-de-France,15,2,Courtier,0.4566,2017-06-06,1.0,1349.0,1349.0,1.0,0.0,0.0,0.0,0.0,0.0,0.0,0.0,2,🔵 Risque modéré,-0.8110329,1.1566741
CLT02719,31,Centre-Val de Loire,0,1,Web,0.2871,2018-12-30,3.0,4253.0,1417.6666666666667,2.0,0.0,0.0,0.0,0.0,0.0,0.0,0.0,2,🔵 Risque modéré,-3.1187258,2.8088245
CLT02720,33,Provence-Alpes-Côte d'Azur,1,0,Agent,0.1715,2016-08-21,,,,,0.0,0.0,0.0,0.0,,0.0,,1,🟢 Bon risque fidèle,16.096016,7.91722
CLT02721,18,Provence-Alpes-Côte d'Azur,4,0,Courtier,0.2167,2018-09-01,2.0,3819.0,1909.5,2.0,1.0,4414.0,4414.0,0.0,0.5,0.0,1.1557999476302696,2,🔵 Risque modéré,-4.3628964,7.1761265
CLT02722,59,Occitanie,8,0,Partenaire banque,0.01,2020-12-08,,,,,0.0,0.0,0.0,0.0,,0.0,,1,🟢 Bon risque fidèle,14.236809,5.6292787
CLT02723,62,Nouvelle-Aquitaine,1,0,Courtier,0.1309,2020-01-07,,,,,0.0,0.0,0.0,0.0,,0.0,,1,🟢 Bon risque fidèle,14.33263,8.66745
CLT02724,26,Provence-Alpes-Côte d'Azur,0,0,Téléphone,0.1073,2016-02-15,1.0,1346.0,1346.0,1.0,0.0,0.0,0.0,0.0,0.0,0.0,0.0,2,🔵 Risque modéré,2.560425,11.473886
CLT02725,32,Centre-Val de Loire,0,0,Web,0.1195,2020-02-25,1.0,1414.0,1414.0,1.0,1.0,412.0,412.0,0.0,1.0,0.0,0.2913719943422914,2,🔵 Risque modéré,0.8680163,6.062957
CLT02726,25,Île-de-France,4,1,Agent,0.3162,2020-06-05,1.0,1604.0,1604.0,1.0,1.0,437.0,437.0,0.0,1.0,0.0,0.2724438902743142,2,🔵 Risque modéré,-0.1415831,4.102793
CLT02727,41,Occitanie,6,0,Web,0.1607,2018-02-28,1.0,732.0,732.0,1.0,1.0,519.0,519.0,0.0,1.0,0.0,0.7090163934426229,2,🔵 Risque modéré,0.5351654,6.2503867
CLT02728,42,Hauts-de-France,2,3,Agent,0.4329,2019-12-07,1.0,1276.0,1276.0,1.0,0.0,0.0,0.0,0.0,0.0,0.0,0.0,2,🔵 Risque modéré,-1.1165503,1.9862905
CLT02729,33,Provence-Alpes-Côte d'Azur,3,0,Téléphone,0.1317,2019-11-06,2.0,2898.0,1449.0,1.0,0.0,0.0,0.0,0.0,0.0,0.0,0.0,2,🔵 Risque modéré,1.7364488,10.946325
CLT02730,49,Auvergne-Rhône-Alpes,0,1,Courtier,0.1801,2017-05-01,,,,,0.0,0.0,0.0,0.0,,0.0,,1,🟢 Bon risque fidèle,13.860735,1.2717953
CLT02731,37,Normandie,3,0,Courtier,0.01,2018-03-17,4.0,3676.0,919.0,3.0,2.0,908.0,454.0,0.0,0.5,0.0,0.2470076169749728,2,🔵 Risque modéré,-4.7097363,5.054738
CLT02732,33,Hauts-de-France,2,1,Web,0.1251,2020-08-13,,,,,0.0,0.0,0.0,0.0,,0.0,,1,🟢 Bon risque fidèle,14.760728,1.8011595
CLT02733,42,Occitanie,12,0,Web,0.01,2020-10-28,1.0,1901.0,1901.0,1.0,0.0,0.0,0.0,0.0,0.0,0.0,0.0,2,🔵 Risque modéré,2.0731485,9.330524
CLT02734,48,Nouvelle-Aquitaine,4,1,Téléphone,0.1525,2019-07-19,1.0,1082.0,1082.0,1.0,0.0,0.0,0.0,0.0,0.0,0.0,0.0,2,🔵 Risque modéré,0.89530736,0.53317976
CLT02735,46,Provence-Alpes-Côte d'Azur,5,0,Téléphone,0.1124,2020-04-21,2.0,4189.0,2094.5,1.0,1.0,5054.0,5054.0,0.0,0.5,0.0,1.2064931964669372,2,🔵 Risque modéré,0.24530077,8.379032
CLT02736,56,Bretagne,1,1,Agent,0.1204,2017-07-17,2.0,2446.0,1223.0,1.0,1.0,8214.0,8214.0,0.0,0.5,0.0,3.3581357318070317,3,🔴 Très haut risque,-0.48136762,5.1191354
CLT02737,47,Auvergne-Rhône-Alpes,0,0,Téléphone,0.2163,2018-10-05,1.0,945.0,945.0,1.0,0.0,0.0,0.0,0.0,0.0,0.0,0.0,2,🔵 Risque modéré,1.100222,11.714998
CLT02738,28,Normandie,1,0,Agent,0.01,2020-09-20,1.0,1006.0,1006.0,1.0,0.0,0.0,0.0,0.0,0.0,0.0,0.0,2,🔵 Risque modéré,2.2454128,11.284593
CLT02739,25,Provence-Alpes-Côte d'Azur,4,0,Agent,0.2071,2020-12-02,1.0,1915.0,1915.0,1.0,0.0,0.0,0.0,0.0,0.0,0.0,0.0,2,🔵 Risque modéré,3.071691,11.078393
CLT02740,58,Auvergne-Rhône-Alpes,4,0,Téléphone,0.1498,2019-12-03,3.0,6919.0,2306.3333333333335,2.0,0.0,0.0,0.0,0.0,0.0,0.0,0.0,2,🔵 Risque modéré,-6.0974936,6.3780193
CLT02741,24,Hauts-de-France,0,0,Courtier,0.1991,2017-12-23,2.0,3677.0,1838.5,2.0,1.0,5732.0,5732.0,0.0,0.5,0.0,1.5588795213489257,2,🔵 Risque modéré,-4.297762,7.1223717
CLT02742,24,Bretagne,4,0,Agent,0.01,2020-07-25,,,,,0.0,0.0,0.0,0.0,,0.0,,1,🟢 Bon risque fidèle,16.111458,6.575614
CLT02743,36,Grand Est,4,1,Agent,0.1431,2018-07-19,1.0,1985.0,1985.0,1.0,0.0,0.0,0.0,0.0,0.0,0.0,0.0,2,🔵 Risque modéré,0.8873801,1.3031447
CLT02744,46,Île-de-France,2,0,Agent,0.264,2019-08-08,2.0,2628.0,1314.0,2.0,1.0,4731.0,4731.0,0.0,0.5,0.0,1.8002283105022832,2,🔵 Risque modéré,-4.3337007,6.546744
CLT02745,61,Nouvelle-Aquitaine,1,0,Agent,0.2107,2020-06-10,2.0,2813.0,1406.5,1.0,0.0,0.0,0.0,0.0,0.0,0.0,0.0,2,🔵 Risque modéré,0.6128543,11.525755
CLT02746,47,Nouvelle-Aquitaine,8,0,Web,0.01,2017-02-15,2.0,2264.0,1132.0,2.0,0.0,0.0,0.0,0.0,0.0,0.0,0.0,2,🔵 Risque modéré,-5.9769135,5.8241215
CLT02747,49,Hauts-de-France,7,1,Web,0.0633,2016-06-19,3.0,3693.0,1231.0,2.0,0.0,0.0,0.0,0.0,0.0,0.0,0.0,2,🔵 Risque modéré,-4.2757874,3.339291
CLT02748,36,Auvergne-Rhône-Alpes,2,0,Web,0.0979,2018-11-25,1.0,2150.0,2150.0,1.0,1.0,8847.0,8847.0,0.0,1.0,0.0,4.114883720930233,3,🔴 Très haut risque,-0.06524847,5.916161
CLT02749,52,Nouvelle-Aquitaine,0,0,Téléphone,0.061,2019-11-07,3.0,3563.0,1187.6666666666667,3.0,1.0,1514.0,1514.0,0.0,0.3333333333333333,0.0,0.4249228178501263,2,🔵 Risque modéré,-4.8228064,5.090243
CLT02750,56,Bretagne,10,1,Agent,0.1548,2017-10-18,4.0,5978.0,1494.5,3.0,0.0,0.0,0.0,0.0,0.0,0.0,0.0,2,🔵 Risque modéré,-4.3099403,3.9104347
CLT02751,31,Normandie,1,0,Courtier,0.1054,2020-02-16,,,,,0.0,0.0,0.0,0.0,,0.0,,1,🟢 Bon risque fidèle,16.116375,7.5282326
CLT02752,52,Nouvelle-Aquitaine,1,1,Web,0.1527,2019-11-10,,,,,0.0,0.0,0.0,0.0,,0.0,,1,🟢 Bon risque fidèle,13.637551,1.4280798
CLT02753,48,Centre-Val de Loire,1,1,Téléphone,0.1858,2020-06-27,1.0,773.0,773.0,1.0,0.0,0.0,0.0,0.0,0.0,0.0,0.0,2,🔵 Risque modéré,1.2900213,0.8553345
CLT02754,41,Hauts-de-France,6,0,Web,0.01,2018-04-30,1.0,593.0,593.0,1.0,0.0,0.0,0.0,0.0,0.0,0.0,0.0,2,🔵 Risque modéré,1.7132404,10.104679
CLT02755,52,Provence-Alpes-Côte d'Azur,3,0,Web,0.1624,2020-12-01,1.0,1902.0,1902.0,1.0,1.0,12544.0,12544.0,0.0,1.0,0.0,6.595162986330179,3,🔴 Très haut risque,-1.1798948,6.0329647
CLT02756,45,Bretagne,6,1,Partenaire banque,0.1802,2020-12-18,,,,,0.0,0.0,0.0,0.0,,0.0,,1,🟢 Bon risque fidèle,13.940724,2.1275487
CLT02757,57,Centre-Val de Loire,10,0,Web,0.01,2016-02-19,,,,,0.0,0.0,0.0,0.0,,0.0,,1,🟢 Bon risque fidèle,14.312457,5.5320125
CLT02758,50,Grand Est,1,0,Agent,0.0517,2019-07-09,1.0,1976.0,1976.0,1.0,0.0,0.0,0.0,0.0,0.0,0.0,0.0,2,🔵 Risque modéré,0.6062307,10.839852
CLT02759,40,Occitanie,4,1,Téléphone,0.01,2018-08-07,,,,,0.0,0.0,0.0,0.0,,0.0,,1,🟢 Bon risque fidèle,14.313432,2.176895
CLT02760,78,Occitanie,3,0,Web,0.2869,2020-10-12,2.0,2893.0,1446.5,2.0,3.0,933.0,311.0,1.0,1.5,0.3333333333333333,0.32250259246456964,0,🟠 Risque élevé,-2.9542072,5.069086
CLT02761,28,Nouvelle-Aquitaine,9,3,Web,0.3756,2019-06-21,,,,,0.0,0.0,0.0,0.0,,0.0,,1,🟢 Bon risque fidèle,12.594853,2.8864906
CLT02762,23,Bretagne,6,2,Agent,0.26,2016-11-03,1.0,3444.0,3444.0,1.0,1.0,379.0,379.0,0.0,1.0,0.0,0.11004645760743322,2,🔵 Risque modéré,-0.19358931,3.9377384
CLT02763,37,Auvergne-Rhône-Alpes,0,1,Partenaire banque,0.2227,2016-12-16,3.0,4153.0,1384.3333333333333,2.0,2.0,21845.0,10922.5,0.0,0.6666666666666666,0.0,5.260052973753913,3,🔴 Très haut risque,-2.3779678,5.468585
CLT02764,41,Centre-Val de Loire,7,2,Web,0.3463,2020-01-13,4.0,7243.0,1810.75,3.0,4.0,24338.0,6084.5,0.0,1.0,0.0,3.360209857793732,3,🔴 Très haut risque,-2.1407447,3.6428351
CLT02765,40,Grand Est,7,0,Courtier,0.01,2018-07-20,,,,,0.0,0.0,0.0,0.0,,0.0,,1,🟢 Bon risque fidèle,14.752893,5.987661
CLT02766,49,Normandie,0,1,Web,0.2768,2020-01-03,3.0,6436.0,2145.3333333333335,2.0,2.0,26002.0,13001.0,0.0,0.6666666666666666,0.0,4.040087010565569,3,🔴 Très haut risque,-2.32688,5.1348133
CLT02767,37,Occitanie,2,0,Web,0.1421,2020-11-02,1.0,1992.0,1992.0,1.0,0.0,0.0,0.0,0.0,0.0,0.0,0.0,2,🔵 Risque modéré,2.634696,10.80971
CLT02768,35,Hauts-de-France,0,0,Web,0.01,2018-10-11,2.0,5964.0,2982.0,1.0,0.0,0.0,0.0,0.0,0.0,0.0,0.0,2,🔵 Risque modéré,3.0143795,10.350624
CLT02769,41,Bretagne,6,1,Web,0.01,2020-10-21,4.0,7849.0,1962.25,1.0,2.0,27186.0,13593.0,0.0,0.5,0.0,3.463625939610141,3,🔴 Très haut risque,-2.7794192,6.0191455
CLT02770,61,Occitanie,4,0,Agent,0.1621,2020-08-16,2.0,4758.0,2379.0,2.0,0.0,0.0,0.0,0.0,0.0,0.0,0.0,2,🔵 Risque modéré,-6.288635,6.48226
CLT02771,35,Hauts-de-France,7,1,Agent,0.15,2017-01-24,1.0,1042.0,1042.0,1.0,0.0,0.0,0.0,0.0,0.0,0.0,0.0,2,🔵 Risque modéré,0.44790804,0.82698214
CLT02772,51,Bretagne,6,0,Web,0.1176,2020-06-12,4.0,7717.0,1929.25,2.0,1.0,1102.0,1102.0,0.0,0.25,0.0,0.14280160684203705,2,🔵 Risque modéré,-5.633312,5.834128
CLT02773,68,Nouvelle-Aquitaine,0,1,Web,0.2011,2017-06-22,2.0,3165.0,1582.5,2.0,2.0,23553.0,11776.5,0.0,1.0,0.0,7.441706161137441,3,🔴 Très haut risque,-2.0024114,5.2274375
CLT02774,40,Occitanie,4,0,Agent,0.01,2017-05-25,3.0,5824.0,1941.3333333333333,2.0,0.0,0.0,0.0,0.0,0.0,0.0,0.0,2,🔵 Risque modéré,-5.5761404,6.8509545
CLT02775,34,Provence-Alpes-Côte d'Azur,1,0,Courtier,0.0342,2019-08-20,1.0,1558.0,1558.0,1.0,0.0,0.0,0.0,0.0,0.0,0.0,0.0,2,🔵 Risque modéré,2.3024638,11.068049
CLT02776,64,Normandie,2,2,Web,0.168,2018-08-20,1.0,2152.0,2152.0,1.0,0.0,0.0,0.0,0.0,0.0,0.0,0.0,2,🔵 Risque modéré,-0.48088434,1.4554476
CLT02777,42,Nouvelle-Aquitaine,3,2,Téléphone,0.2503,2019-11-22,2.0,3671.0,1835.5,2.0,1.0,3762.0,3762.0,0.0,0.5,0.0,1.024788885862163,2,🔵 Risque modéré,-1.9743614,3.3409715
CLT02778,21,Bretagne,0,0,Agent,0.0405,2020-01-02,2.0,2286.0,1143.0,1.0,0.0,0.0,0.0,0.0,0.0,0.0,0.0,2,🔵 Risque modéré,2.5534036,11.3578615
CLT02779,30,Bretagne,13,2,Agent,0.0942,2020-02-18,,,,,0.0,0.0,0.0,0.0,,0.0,,1,🟢 Bon risque fidèle,13.5705805,2.9401953
CLT02780,18,Centre-Val de Loire,0,0,Web,0.1086,2016-07-16,,,,,0.0,0.0,0.0,0.0,,0.0,,1,🟢 Bon risque fidèle,16.694508,7.2051983
CLT02781,24,Grand Est,1,0,Web,0.0667,2017-11-14,1.0,2898.0,2898.0,1.0,2.0,12760.0,6380.0,0.0,2.0,0.0,4.403036576949621,3,🔴 Très haut risque,-0.7809085,5.5851817
CLT02782,18,Occitanie,1,0,Courtier,0.1132,2017-12-28,1.0,1918.0,1918.0,1.0,0.0,0.0,0.0,0.0,0.0,0.0,0.0,2,🔵 Risque modéré,3.0267937,11.183895
CLT02783,46,Centre-Val de Loire,1,4,Partenaire banque,0.3855,2020-07-03,1.0,950.0,950.0,1.0,0.0,0.0,0.0,0.0,0.0,0.0,0.0,2,🔵 Risque modéré,-1.2093076,2.0619178
CLT02784,45,Centre-Val de Loire,5,3,Agent,0.3479,2020-07-18,3.0,2791.0,930.3333333333334,2.0,3.0,7286.0,2428.6666666666665,0.0,1.0,0.0,2.61053385883196,3,🔴 Très haut risque,-1.878801,3.4222796
CLT02785,43,Île-de-France,10,2,Web,0.3604,2018-11-01,2.0,2882.0,1441.0,1.0,0.0,0.0,0.0,0.0,0.0,0.0,0.0,2,🔵 Risque modéré,-0.9834866,1.3428867
CLT02786,43,Centre-Val de Loire,1,0,Courtier,0.1576,2018-03-21,1.0,1075.0,1075.0,1.0,1.0,371.0,371.0,0.0,1.0,0.0,0.34511627906976744,2,🔵 Risque modéré,0.7167315,5.9603543
CLT02787,46,Provence-Alpes-Côte d'Azur,6,1,Web,0.1742,2019-02-21,4.0,5408.0,1352.0,2.0,1.0,3461.0,3461.0,0.0,0.25,0.0,0.6399778106508875,2,🔵 Risque modéré,-3.7219818,3.7067015
CLT02788,43,Île-de-France,2,1,Courtier,0.4115,2017-06-19,,,,,0.0,0.0,0.0,0.0,,0.0,,1,🟢 Bon risque fidèle,13.985318,0.7440927
CLT02789,40,Nouvelle-Aquitaine,0,1,Courtier,0.1485,2017-11-27,1.0,1461.0,1461.0,1.0,0.0,0.0,0.0,0.0,0.0,0.0,0.0,2,🔵 Risque modéré,1.4776233,1.0884563
CLT02790,59,Normandie,2,1,Web,0.2251,2017-10-13,1.0,1090.0,1090.0,1.0,1.0,1442.0,1442.0,0.0,1.0,0.0,1.3229357798165138,2,🔵 Risque modéré,-0.20857613,4.522253
CLT02791,23,Grand Est,3,1,Courtier,0.2399,2017-06-19,1.0,1046.0,1046.0,1.0,1.0,1643.0,1643.0,0.0,1.0,0.0,1.5707456978967496,2,🔵 Risque modéré,-0.015375871,4.222307
CLT02792,46,Auvergne-Rhône-Alpes,0,1,Web,0.2088,2016-09-20,1.0,2630.0,2630.0,1.0,0.0,0.0,0.0,0.0,0.0,0.0,0.0,2,🔵 Risque modéré,0.5607695,1.5671717
CLT02793,32,Normandie,1,1,Téléphone,0.2192,2020-09-07,2.0,2140.0,1070.0,1.0,1.0,218.0,218.0,0.0,0.5,0.0,0.10186915887850467,2,🔵 Risque modéré,0.28606382,3.3748043
CLT02794,42,Hauts-de-France,0,2,Agent,0.2442,2018-06-01,,,,,0.0,0.0,0.0,0.0,,0.0,,1,🟢 Bon risque fidèle,12.481237,2.4322445
CLT02795,60,Hauts-de-France,2,1,Téléphone,0.0913,2017-06-25,,,,,0.0,0.0,0.0,0.0,,0.0,,1,🟢 Bon risque fidèle,13.384881,1.7325553
CLT02796,31,Centre-Val de Loire,0,1,Téléphone,0.0204,2017-06-26,,,,,0.0,0.0,0.0,0.0,,0.0,,1,🟢 Bon risque fidèle,14.763763,1.9022412
CLT02797,54,Grand Est,2,0,Web,0.0576,2016-12-05,4.0,7825.0,1956.25,3.0,1.0,1007.0,1007.0,0.0,0.25,0.0,0.12869009584664537,2,🔵 Risque modéré,-4.846936,5.1211195
CLT02798,40,Provence-Alpes-Côte d'Azur,14,0,Agent,0.01,2018-10-05,1.0,1517.0,1517.0,1.0,0.0,0.0,0.0,0.0,0.0,0.0,0.0,2,🔵 Risque modéré,1.8290539,8.935166
CLT02799,25,Nouvelle-Aquitaine,0,3,Courtier,0.3501,2019-09-10,4.0,5372.0,1343.0,3.0,2.0,32368.0,16184.0,1.0,0.5,0.5,6.025316455696203,0,🟠 Risque élevé,-2.840062,4.959741
CLT02800,50,Normandie,3,0,Web,0.042,2016-11-02,2.0,4468.0,2234.0,2.0,1.0,13452.0,13452.0,0.0,0.5,0.0,3.010743061772605,3,🔴 Très haut risque,-2.9038181,6.424977
CLT02801,49,Île-de-France,9,1,Web,0.01,2016-03-16,1.0,726.0,726.0,1.0,0.0,0.0,0.0,0.0,0.0,0.0,0.0,2,🔵 Risque modéré,0.13877812,0.49886417
CLT02802,38,Normandie,2,0,Web,0.0835,2019-12-18,,,,,0.0,0.0,0.0,0.0,,0.0,,1,🟢 Bon risque fidèle,15.389515,7.386845
CLT02803,35,Normandie,7,0,Courtier,0.0199,2018-10-12,2.0,1562.0,781.0,2.0,2.0,6725.0,3362.5,0.0,1.0,0.0,4.305377720870679,2,🔵 Risque modéré,-3.75471,6.4326706
CLT02804,53,Île-de-France,5,0,Courtier,0.012,2019-12-25,1.0,1549.0,1549.0,1.0,1.0,4056.0,4056.0,0.0,1.0,0.0,2.618463524854745,2,🔵 Risque modéré,0.22584467,6.3089194
CLT02805,44,Grand Est,1,1,Courtier,0.1533,2018-10-08,1.0,930.0,930.0,1.0,0.0,0.0,0.0,0.0,0.0,0.0,0.0,2,🔵 Risque modéré,1.4827074,0.87580407
CLT02806,33,Auvergne-Rhône-Alpes,5,1,Téléphone,0.01,2020-11-12,1.0,999.0,999.0,1.0,0.0,0.0,0.0,0.0,0.0,0.0,0.0,2,🔵 Risque modéré,0.9867916,0.5258445
CLT02807,34,Nouvelle-Aquitaine,2,1,Web,0.1827,2016-07-12,3.0,3018.0,1006.0,2.0,2.0,6640.0,3320.0,1.0,0.6666666666666666,0.5,2.200132538104705,0,🟠 Risque élevé,-3.086471,5.0742264
CLT02808,44,Occitanie,10,1,Téléphone,0.161,2017-01-06,,,,,0.0,0.0,0.0,0.0,,0.0,,1,🟢 Bon risque fidèle,13.9341135,2.5521665
CLT02809,34,Nouvelle-Aquitaine,0,0,Agent,0.01,2020-08-13,2.0,1617.0,808.5,2.0,0.0,0.0,0.0,0.0,0.0,0.0,0.0,2,🔵 Risque modéré,-5.8140755,7.4118443
CLT02810,50,Hauts-de-France,2,3,Courtier,0.3763,2019-09-22,,,,,0.0,0.0,0.0,0.0,,0.0,,1,🟢 Bon risque fidèle,12.087183,2.705929
CLT02811,18,Centre-Val de Loire,2,0,Web,0.1303,2016-01-11,,,,,0.0,0.0,0.0,0.0,,0.0,,1,🟢 Bon risque fidèle,16.644764,7.2716885
CLT02812,39,Grand Est,2,1,Agent,0.3076,2017-01-06,1.0,3023.0,3023.0,1.0,0.0,0.0,0.0,0.0,0.0,0.0,0.0,2,🔵 Risque modéré,0.39992025,1.7584935
CLT02813,63,Bretagne,0,1,Partenaire banque,0.1932,2017-05-21,3.0,4628.0,1542.6666666666667,1.0,0.0,0.0,0.0,0.0,0.0,0.0,0.0,2,🔵 Risque modéré,0.9057039,1.062482
CLT02814,36,Normandie,1,1,Agent,0.2726,2020-12-24,3.0,6905.0,2301.6666666666665,2.0,1.0,5089.0,5089.0,0.0,0.3333333333333333,0.0,0.7370021723388849,2,🔵 Risque modéré,-3.1738327,3.3214903
CLT02815,33,Provence-Alpes-Côte d'Azur,1,0,Web,0.01,2019-10-29,2.0,2711.0,1355.5,1.0,0.0,0.0,0.0,0.0,0.0,0.0,0.0,2,🔵 Risque modéré,1.8261877,10.81372
CLT02816,60,Auvergne-Rhône-Alpes,4,0,Courtier,0.2586,2019-04-26,1.0,1138.0,1138.0,1.0,0.0,0.0,0.0,0.0,0.0,0.0,0.0,2,🔵 Risque modéré,0.7145827,11.532716
CLT02817,46,Auvergne-Rhône-Alpes,7,0,Téléphone,0.01,2016-11-12,1.0,1625.0,1625.0,1.0,1.0,238.0,238.0,0.0,1.0,0.0,0.14646153846153845,2,🔵 Risque modéré,0.27863267,6.493636
CLT02818,41,Île-de-France,3,1,Web,0.01,2020-08-30,1.0,2735.0,2735.0,1.0,1.0,34460.0,34460.0,0.0,1.0,0.0,12.59963436928702,3,🔴 Très haut risque,-1.9312681,6.524591
CLT02819,38,Normandie,2,1,Courtier,0.1923,2017-07-07,4.0,5911.0,1477.75,2.0,2.0,19142.0,9571.0,0.0,0.5,0.0,3.2383691422771106,3,🔴 Très haut risque,-2.6401823,5.397809
CLT02820,45,Centre-Val de Loire,2,0,Agent,0.1175,2017-11-07,2.0,2356.0,1178.0,2.0,0.0,0.0,0.0,0.0,0.0,0.0,0.0,2,🔵 Risque modéré,-6.12194,6.8662257
CLT02821,42,Île-de-France,7,0,Agent,0.0997,2018-07-18,2.0,2146.0,1073.0,2.0,1.0,3520.0,3520.0,0.0,0.5,0.0,1.6402609506057781,2,🔵 Risque modéré,-4.6584215,6.3487763
CLT02822,25,Provence-Alpes-Côte d'Azur,0,0,Partenaire banque,0.107,2020-02-14,4.0,4459.0,1114.75,2.0,1.0,413.0,413.0,0.0,0.25,0.0,0.09262166405023547,2,🔵 Risque modéré,-5.185386,7.2042956
CLT02823,41,Centre-Val de Loire,2,1,Web,0.1217,2020-11-04,,,,,0.0,0.0,0.0,0.0,,0.0,,1,🟢 Bon risque fidèle,14.282018,1.6747929
CLT02824,30,Île-de-France,5,2,Téléphone,0.268,2017-08-04,1.0,1310.0,1310.0,1.0,0.0,0.0,0.0,0.0,0.0,0.0,0.0,2,🔵 Risque modéré,-0.9908319,1.4354758
CLT02825,59,Provence-Alpes-Côte d'Azur,10,1,Agent,0.0942,2020-03-05,1.0,1049.0,1049.0,1.0,0.0,0.0,0.0,0.0,0.0,0.0,0.0,2,🔵 Risque modéré,0.17526358,0.31794292
CLT02826,37,Auvergne-Rhône-Alpes,1,2,Courtier,0.2688,2019-05-20,1.0,513.0,513.0,1.0,0.0,0.0,0.0,0.0,0.0,0.0,0.0,1,🟢 Bon risque fidèle,-1.0392423,1.4396937
CLT02827,45,Bretagne,4,0,Web,0.2896,2017-06-08,,,,,0.0,0.0,0.0,0.0,,0.0,,1,🟢 Bon risque fidèle,15.596047,8.498163
CLT02828,48,Nouvelle-Aquitaine,4,0,Web,0.1509,2020-04-29,2.0,3163.0,1581.5,2.0,2.0,22268.0,11134.0,0.0,1.0,0.0,7.040151754663294,3,🔴 Très haut risque,-2.5300226,6.1538877
CLT02829,37,Bretagne,1,1,Web,0.2397,2020-10-13,3.0,5955.0,1985.0,2.0,1.0,3585.0,3585.0,0.0,0.3333333333333333,0.0,0.6020151133501259,2,🔵 Risque modéré,-3.1340392,3.2902548
CLT02830,37,Occitanie,1,1,Web,0.2685,2020-05-17,2.0,3240.0,1620.0,2.0,0.0,0.0,0.0,0.0,0.0,0.0,0.0,2,🔵 Risque modéré,-3.1988041,2.6604152
CLT02831,18,Bretagne,1,1,Web,0.266,2020-03-23,,,,,0.0,0.0,0.0,0.0,,0.0,,1,🟢 Bon risque fidèle,15.094403,1.2258962
CLT02832,46,Nouvelle-Aquitaine,0,1,Web,0.2394,2018-10-04,,,,,0.0,0.0,0.0,0.0,,0.0,,1,🟢 Bon risque fidèle,13.990164,1.0256186
CLT02833,33,Bretagne,2,1,Agent,0.0984,2017-09-29,2.0,1837.0,918.5,2.0,1.0,323.0,323.0,0.0,0.5,0.0,0.17583015786608602,2,🔵 Risque modéré,-3.602684,2.9416597
CLT02834,63,Centre-Val de Loire,5,1,Web,0.1687,2019-09-26,1.0,951.0,951.0,1.0,0.0,0.0,0.0,0.0,0.0,0.0,0.0,2,🔵 Risque modéré,0.5949022,0.31594852
CLT02835,53,Auvergne-Rhône-Alpes,3,1,Téléphone,0.1357,2018-11-17,,,,,0.0,0.0,0.0,0.0,,0.0,,1,🟢 Bon risque fidèle,13.518237,1.7215333
CLT02836,45,Occitanie,1,1,Courtier,0.0416,2020-12-20,,,,,0.0,0.0,0.0,0.0,,0.0,,1,🟢 Bon risque fidèle,14.248621,1.7709869
CLT02837,48,Bretagne,4,0,Courtier,0.1524,2019-03-01,,,,,0.0,0.0,0.0,0.0,,0.0,,1,🟢 Bon risque fidèle,14.853166,8.012802
CLT02838,33,Centre-Val de Loire,3,0,Courtier,0.1791,2020-03-31,4.0,4843.0,1210.75,2.0,2.0,7131.0,3565.5,0.0,0.5,0.0,1.4724344414619037,2,🔵 Risque modéré,-4.15893,6.165482
CLT02839,25,Bretagne,3,1,Téléphone,0.1826,2019-06-13,2.0,2979.0,1489.5,2.0,1.0,237.0,237.0,0.0,0.5,0.0,0.07955689828801611,2,🔵 Risque modéré,-2.8958933,3.018979
CLT02840,56,Nouvelle-Aquitaine,0,1,Courtier,0.1996,2018-05-24,2.0,3973.0,1986.5,2.0,0.0,0.0,0.0,0.0,0.0,0.0,0.0,2,🔵 Risque modéré,-3.4342735,3.107459
CLT02841,34,Auvergne-Rhône-Alpes,8,0,Web,0.1627,2017-12-02,,,,,0.0,0.0,0.0,0.0,,0.0,,1,🟢 Bon risque fidèle,15.171513,6.1696935
CLT02842,44,Normandie,0,0,Agent,0.0724,2019-08-21,1.0,2908.0,2908.0,1.0,0.0,0.0,0.0,0.0,0.0,0.0,0.0,2,🔵 Risque modéré,3.0719204,10.221458
CLT02843,57,Nouvelle-Aquitaine,0,1,Partenaire banque,0.1572,2018-12-17,2.0,2155.0,1077.5,2.0,1.0,16921.0,16921.0,0.0,0.5,0.0,7.851972157772622,3,🔴 Très haut risque,-2.2001061,5.82102
CLT02844,33,Grand Est,0,0,Web,0.01,2018-08-18,1.0,2909.0,2909.0,1.0,0.0,0.0,0.0,0.0,0.0,0.0,0.0,2,🔵 Risque modéré,3.0963185,10.3273
CLT02845,49,Bretagne,20,0,Web,0.01,2020-07-01,,,,,0.0,0.0,0.0,0.0,,0.0,,1,🟢 Bon risque fidèle,14.462898,5.043399
CLT02846,74,Normandie,9,0,Web,0.1396,2016-09-20,2.0,3406.0,1703.0,2.0,1.0,3044.0,3044.0,0.0,0.5,0.0,0.8937169700528479,2,🔵 Risque modéré,-5.716689,5.8703246
CLT02847,19,Hauts-de-France,1,0,Téléphone,0.3903,2018-12-09,,,,,0.0,0.0,0.0,0.0,,0.0,,1,🟢 Bon risque fidèle,16.627705,7.8445168
CLT02848,33,Bretagne,3,0,Web,0.058,2016-04-09,1.0,2454.0,2454.0,1.0,0.0,0.0,0.0,0.0,0.0,0.0,0.0,2,🔵 Risque modéré,2.9364147,10.418496
CLT02849,26,Grand Est,10,1,Web,0.1102,2016-04-04,2.0,2536.0,1268.0,1.0,0.0,0.0,0.0,0.0,0.0,0.0,0.0,2,🔵 Risque modéré,0.019297134,0.9624586
CLT02850,58,Grand Est,0,0,Web,0.01,2018-05-22,1.0,1710.0,1710.0,1.0,1.0,189.0,189.0,0.0,1.0,0.0,0.11052631578947368,2,🔵 Risque modéré,0.35522676,6.0674033
CLT02851,46,Bretagne,7,1,Web,0.1117,2019-09-17,,,,,0.0,0.0,0.0,0.0,,0.0,,1,🟢 Bon risque fidèle,13.944704,2.429119
CLT02852,48,Centre-Val de Loire,3,0,Téléphone,0.01,2017-12-30,2.0,2853.0,1426.5,1.0,1.0,205.0,205.0,0.0,0.5,0.0,0.07185418857343148,2,🔵 Risque modéré,0.7276484,9.698006
CLT02853,37,Hauts-de-France,8,1,Courtier,0.2103,2020-04-25,2.0,2387.0,1193.5,2.0,3.0,9573.0,3191.0,0.0,1.5,0.0,4.010473397570172,3,🔴 Très haut risque,-2.0892866,4.332106
CLT02854,28,Grand Est,2,0,Web,0.0619,2020-02-27,2.0,4054.0,2027.0,2.0,1.0,2466.0,2466.0,0.0,0.5,0.0,0.6082881105081401,2,🔵 Risque modéré,-4.6669836,7.1192837
CLT02855,28,Normandie,19,0,Web,0.0123,2017-01-10,,,,,0.0,0.0,0.0,0.0,,0.0,,1,🟢 Bon risque fidèle,14.584108,4.8905025
CLT02856,43,Bretagne,3,0,Web,0.01,2018-05-04,,,,,0.0,0.0,0.0,0.0,,0.0,,1,🟢 Bon risque fidèle,14.646174,6.9221225
CLT02857,43,Hauts-de-France,3,1,Web,0.3256,2020-01-24,2.0,2839.0,1419.5,2.0,2.0,21906.0,10953.0,0.0,1.0,0.0,7.716097217330046,3,🔴 Très haut risque,-1.8630356,5.273688
CLT02858,55,Normandie,0,0,Agent,0.118,2018-07-12,2.0,3067.0,1533.5,1.0,0.0,0.0,0.0,0.0,0.0,0.0,0.0,2,🔵 Risque modéré,0.6834979,10.786875
CLT02859,39,Centre-Val de Loire,2,1,Téléphone,0.2408,2017-12-02,1.0,1363.0,1363.0,1.0,0.0,0.0,0.0,0.0,0.0,0.0,0.0,2,🔵 Risque modéré,1.3059404,1.4253812
CLT02860,40,Nouvelle-Aquitaine,2,2,Web,0.3897,2016-06-11,1.0,1711.0,1711.0,1.0,1.0,719.0,719.0,0.0,1.0,0.0,0.4202220923436587,2,🔵 Risque modéré,-0.74307656,3.951816
CLT02861,41,Centre-Val de Loire,7,3,Web,0.2934,2019-10-13,,,,,0.0,0.0,0.0,0.0,,0.0,,1,🟢 Bon risque fidèle,12.3407345,2.7910924
CLT02862,62,Auvergne-Rhône-Alpes,5,0,Courtier,0.0199,2016-02-08,2.0,3370.0,1685.0,2.0,0.0,0.0,0.0,0.0,0.0,0.0,0.0,2,🔵 Risque modéré,-6.1144753,6.0258474
CLT02863,18,Île-de-France,3,1,Courtier,0.157,2016-01-30,1.0,2057.0,2057.0,1.0,0.0,0.0,0.0,0.0,0.0,0.0,0.0,2,🔵 Risque modéré,1.0155301,1.7496902
CLT02864,34,Nouvelle-Aquitaine,0,0,Agent,0.1815,2018-08-02,,,,,0.0,0.0,0.0,0.0,,0.0,,1,🟢 Bon risque fidèle,16.050867,7.973818
CLT02865,18,Bretagne,7,2,Téléphone,0.3344,2020-03-06,,,,,0.0,0.0,0.0,0.0,,0.0,,1,🟢 Bon risque fidèle,12.653573,2.8554356
CLT02866,46,Centre-Val de Loire,1,1,Agent,0.01,2017-09-14,1.0,2113.0,2113.0,1.0,0.0,0.0,0.0,0.0,0.0,0.0,0.0,2,🔵 Risque modéré,0.7920989,0.996274
CLT02867,18,Centre-Val de Loire,0,0,Téléphone,0.076,2019-06-19,3.0,4471.0,1490.3333333333333,2.0,0.0,0.0,0.0,0.0,0.0,0.0,0.0,2,🔵 Risque modéré,-5.2553353,7.385947
CLT02868,26,Provence-Alpes-Côte d'Azur,1,0,Agent,0.01,2019-11-16,5.0,8369.0,1673.8,2.0,4.0,9680.0,2420.0,0.0,0.8,0.0,1.156649539968933,2,🔵 Risque modéré,-4.3265004,5.872035
CLT02869,69,Bretagne,3,1,Téléphone,0.1778,2016-06-30,1.0,2067.0,2067.0,1.0,0.0,0.0,0.0,0.0,0.0,0.0,0.0,2,🔵 Risque modéré,0.6710286,1.0758057
CLT02870,61,Nouvelle-Aquitaine,2,1,Web,0.1885,2017-01-27,,,,,0.0,0.0,0.0,0.0,,0.0,,1,🟢 Bon risque fidèle,13.276051,1.4205344
CLT02871,62,Auvergne-Rhône-Alpes,0,0,Téléphone,0.0531,2019-11-28,1.0,989.0,989.0,1.0,0.0,0.0,0.0,0.0,0.0,0.0,0.0,2,🔵 Risque modéré,0.4366285,10.849548
CLT02872,33,Occitanie,1,1,Téléphone,0.0667,2017-03-06,1.0,920.0,920.0,1.0,0.0,0.0,0.0,0.0,0.0,0.0,0.0,2,🔵 Risque modéré,1.6814994,0.78298336
CLT02873,33,Normandie,17,1,Agent,0.222,2019-08-25,3.0,6015.0,2005.0,2.0,1.0,3174.0,3174.0,0.0,0.3333333333333333,0.0,0.5276807980049876,2,🔵 Risque modéré,-4.407482,3.8486633
CLT02874,49,Occitanie,5,0,Courtier,0.125,2019-07-08,,,,,0.0,0.0,0.0,0.0,,0.0,,1,🟢 Bon risque fidèle,14.722162,7.93127
CLT02875,57,Grand Est,2,1,Web,0.1701,2017-09-10,2.0,4432.0,2216.0,1.0,0.0,0.0,0.0,0.0,0.0,0.0,0.0,2,🔵 Risque modéré,0.7218484,1.2328545
CLT02876,35,Normandie,3,0,Web,0.1479,2018-05-16,1.0,1044.0,1044.0,1.0,0.0,0.0,0.0,0.0,0.0,0.0,0.0,2,🔵 Risque modéré,1.7406052,11.414627
CLT02877,57,Île-de-France,0,1,Web,0.2906,2016-11-10,2.0,3544.0,1772.0,2.0,3.0,51208.0,17069.333333333332,0.0,1.5,0.0,14.44920993227991,3,🔴 Très haut risque,-1.7718574,5.7405157
CLT02878,39,Normandie,0,0,Partenaire banque,0.01,2018-08-25,1.0,1970.0,1970.0,1.0,1.0,400.0,400.0,0.0,1.0,0.0,0.20304568527918782,2,🔵 Risque modéré,0.6202419,6.176389
CLT02879,62,Île-de-France,5,1,Téléphone,0.0804,2019-04-15,3.0,3705.0,1235.0,2.0,1.0,5569.0,5569.0,0.0,0.3333333333333333,0.0,1.5031039136302293,2,🔵 Risque modéré,-3.3665583,3.7465334
CLT02880,44,Occitanie,0,1,Web,0.246,2019-03-14,1.0,1179.0,1179.0,1.0,0.0,0.0,0.0,0.0,0.0,0.0,0.0,2,🔵 Risque modéré,1.3212659,1.3942938
CLT02881,27,Bretagne,2,1,Web,0.4246,2016-01-19,,,,,0.0,0.0,0.0,0.0,,0.0,,1,🟢 Bon risque fidèle,14.958679,0.99781245
CLT02882,45,Auvergne-Rhône-Alpes,2,0,Agent,0.1334,2020-01-02,1.0,748.0,748.0,1.0,1.0,845.0,845.0,0.0,1.0,0.0,1.1296791443850267,2,🔵 Risque modéré,0.7121427,5.982275
CLT02883,42,Bretagne,0,0,Partenaire banque,0.0244,2020-10-05,3.0,5033.0,1677.6666666666667,2.0,0.0,0.0,0.0,0.0,0.0,0.0,0.0,2,🔵 Risque modéré,-5.578693,6.71736
CLT02884,27,Normandie,0,0,Agent,0.0773,2019-05-07,1.0,2968.0,2968.0,1.0,0.0,0.0,0.0,0.0,0.0,0.0,0.0,2,🔵 Risque modéré,3.137235,10.534507
CLT02885,51,Grand Est,6,0,Partenaire banque,0.01,2016-03-18,1.0,2461.0,2461.0,1.0,1.0,11134.0,11134.0,0.0,1.0,0.0,4.524177163754572,3,🔴 Très haut risque,-0.20950538,6.047924
CLT02886,34,Normandie,0,0,Courtier,0.1007,2018-11-19,1.0,1018.0,1018.0,1.0,1.0,834.0,834.0,0.0,1.0,0.0,0.8192534381139489,2,🔵 Risque modéré,0.8500782,6.0027165
CLT02887,65,Centre-Val de Loire,3,0,Agent,0.1006,2019-10-23,1.0,1073.0,1073.0,1.0,0.0,0.0,0.0,0.0,0.0,0.0,0.0,2,🔵 Risque modéré,0.48775908,10.950902
CLT02888,45,Normandie,1,1,Web,0.1526,2016-05-06,1.0,534.0,534.0,1.0,0.0,0.0,0.0,0.0,0.0,0.0,0.0,1,🟢 Bon risque fidèle,1.436553,0.79140073
CLT02889,47,Grand Est,10,0,Web,0.0242,2019-03-28,2.0,4016.0,2008.0,2.0,0.0,0.0,0.0,0.0,0.0,0.0,0.0,2,🔵 Risque modéré,-5.7689104,5.6305413
CLT02890,18,Provence-Alpes-Côte d'Azur,10,0,Courtier,0.0645,2017-07-04,3.0,2507.0,835.6666666666666,3.0,0.0,0.0,0.0,0.0,0.0,0.0,0.0,2,🔵 Risque modéré,-5.240211,5.833537
CLT02891,39,Bretagne,0,0,Téléphone,0.01,2016-08-29,3.0,4757.0,1585.6666666666667,2.0,1.0,7990.0,7990.0,0.0,0.3333333333333333,0.0,1.679630018919487,2,🔵 Risque modéré,-3.9575605,6.601577
CLT02892,18,Normandie,0,3,Agent,0.5287,2019-08-18,2.0,4023.0,2011.5,2.0,2.0,6957.0,3478.5,1.0,1.0,0.5,1.7293064876957494,0,🟠 Risque élevé,-2.6596913,4.742
CLT02893,40,Provence-Alpes-Côte d'Azur,0,0,Courtier,0.2609,2018-06-14,,,,,0.0,0.0,0.0,0.0,,0.0,,1,🟢 Bon risque fidèle,15.751665,8.546457
CLT02894,29,Île-de-France,20,0,Web,0.01,2020-01-29,3.0,6743.0,2247.6666666666665,2.0,3.0,22638.0,7546.0,0.0,1.0,0.0,3.3572593800978794,3,🔴 Très haut risque,-0.89215994,6.862303
CLT02895,18,Occitanie,1,1,Courtier,0.033,2018-06-18,1.0,651.0,651.0,1.0,0.0,0.0,0.0,0.0,0.0,0.0,0.0,2,🔵 Risque modéré,1.7201713,1.0477276
CLT02896,32,Occitanie,3,2,Courtier,0.3812,2019-04-20,1.0,1581.0,1581.0,1.0,0.0,0.0,0.0,0.0,0.0,0.0,0.0,2,🔵 Risque modéré,-0.96097636,1.7541574
CLT02897,20,Provence-Alpes-Côte d'Azur,2,2,Partenaire banque,0.4705,2020-10-15,1.0,1915.0,1915.0,1.0,1.0,2856.0,2856.0,0.0,1.0,0.0,1.491383812010444,3,🔴 Très haut risque,-0.7712551,3.929304
CLT02898,60,Normandie,2,0,Web,0.0248,2017-08-25,2.0,2074.0,1037.0,2.0,0.0,0.0,0.0,0.0,0.0,0.0,0.0,2,🔵 Risque modéré,-6.104045,6.171522
CLT02899,66,Bretagne,20,0,Partenaire banque,0.01,2020-09-04,,,,,0.0,0.0,0.0,0.0,,0.0,,1,🟢 Bon risque fidèle,14.367948,5.1198535
CLT02900,34,Provence-Alpes-Côte d'Azur,0,1,Agent,0.1556,2020-06-27,1.0,1407.0,1407.0,1.0,1.0,33499.0,33499.0,1.0,1.0,1.0,23.808813077469793,0,🟠 Risque élevé,-4.9549947,21.713732
CLT02901,51,Nouvelle-Aquitaine,5,0,Agent,0.01,2017-08-03,1.0,993.0,993.0,1.0,1.0,182.0,182.0,0.0,1.0,0.0,0.18328298086606243,2,🔵 Risque modéré,0.3815804,6.4334283
CLT02902,60,Auvergne-Rhône-Alpes,2,2,Agent,0.2158,2016-09-23,1.0,3555.0,3555.0,1.0,0.0,0.0,0.0,0.0,0.0,0.0,0.0,2,🔵 Risque modéré,0.10936667,1.77796
CLT02903,21,Nouvelle-Aquitaine,2,1,Web,0.2571,2019-05-27,,,,,0.0,0.0,0.0,0.0,,0.0,,1,🟢 Bon risque fidèle,15.094036,1.281717
CLT02904,26,Normandie,2,1,Web,0.2622,2018-05-03,1.0,819.0,819.0,1.0,1.0,1691.0,1691.0,0.0,1.0,0.0,2.064713064713065,2,🔵 Risque modéré,-0.07904016,4.222321
CLT02905,31,Normandie,3,0,Web,0.01,2017-03-06,3.0,6224.0,2074.6666666666665,2.0,0.0,0.0,0.0,0.0,0.0,0.0,0.0,2,🔵 Risque modéré,-5.44011,7.017428
CLT02906,57,Grand Est,7,0,Web,0.0206,2016-02-09,1.0,1265.0,1265.0,1.0,0.0,0.0,0.0,0.0,0.0,0.0,0.0,2,🔵 Risque modéré,1.3569578,9.724435
CLT02907,29,Provence-Alpes-Côte d'Azur,4,0,Téléphone,0.1212,2018-01-03,,,,,0.0,0.0,0.0,0.0,,0.0,,1,🟢 Bon risque fidèle,16.256374,7.0960827
CLT02908,37,Nouvelle-Aquitaine,8,0,Web,0.0401,2020-10-28,3.0,4677.0,1559.0,2.0,1.0,237.0,237.0,0.0,0.3333333333333333,0.0,0.05067350865939705,2,🔵 Risque modéré,-5.2817364,6.0104485
CLT02909,39,Grand Est,1,2,Web,0.5058,2016-05-12,3.0,5467.0,1822.3333333333333,2.0,1.0,3455.0,3455.0,0.0,0.3333333333333333,0.0,0.6319736601426742,2,🔵 Risque modéré,-1.998051,3.3329542
CLT02910,44,Provence-Alpes-Côte d'Azur,6,0,Courtier,0.1135,2019-06-20,,,,,0.0,0.0,0.0,0.0,,0.0,,1,🟢 Bon risque fidèle,14.925338,6.376758
CLT02911,57,Occitanie,2,0,Web,0.0716,2017-04-05,,,,,0.0,0.0,0.0,0.0,,0.0,,1,🟢 Bon risque fidèle,14.281796,8.254987
CLT02912,61,Normandie,3,0,Web,0.1587,2017-11-29,,,,,0.0,0.0,0.0,0.0,,0.0,,1,🟢 Bon risque fidèle,14.438486,8.578004
CLT02913,18,Provence-Alpes-Côte d'Azur,2,2,Agent,0.2597,2020-04-28,,,,,0.0,0.0,0.0,0.0,,0.0,,1,🟢 Bon risque fidèle,12.516093,2.794445
CLT02914,40,Grand Est,5,0,Web,0.1487,2016-11-07,,,,,0.0,0.0,0.0,0.0,,0.0,,1,🟢 Bon risque fidèle,15.209959,7.518962
CLT02915,25,Grand Est,2,0,Agent,0.1541,2016-08-03,,,,,0.0,0.0,0.0,0.0,,0.0,,1,🟢 Bon risque fidèle,16.52879,7.4214563
CLT02916,36,Île-de-France,4,0,Partenaire banque,0.0364,2018-06-17,1.0,912.0,912.0,1.0,0.0,0.0,0.0,0.0,0.0,0.0,0.0,2,🔵 Risque modéré,1.888113,10.825019
CLT02917,27,Normandie,11,1,Partenaire banque,0.1329,2020-03-29,4.0,6772.0,1693.0,3.0,1.0,7865.0,7865.0,0.0,0.25,0.0,1.1613998818665092,2,🔵 Risque modéré,-4.2572165,4.1753206
CLT02918,37,Auvergne-Rhône-Alpes,10,0,Partenaire banque,0.01,2020-05-21,1.0,879.0,879.0,1.0,0.0,0.0,0.0,0.0,0.0,0.0,0.0,2,🔵 Risque modéré,1.8380585,9.192103
CLT02919,40,Centre-Val de Loire,0,0,Agent,0.065,2020-10-25,2.0,2678.0,1339.0,2.0,0.0,0.0,0.0,0.0,0.0,0.0,0.0,2,🔵 Risque modéré,-6.0673594,7.1810594
CLT02920,36,Auvergne-Rhône-Alpes,1,0,Téléphone,0.2931,2016-03-28,,,,,0.0,0.0,0.0,0.0,,0.0,,1,🟢 Bon risque fidèle,15.879004,8.499158
CLT02921,36,Grand Est,6,0,Web,0.0153,2019-07-16,1.0,1073.0,1073.0,1.0,0.0,0.0,0.0,0.0,0.0,0.0,0.0,2,🔵 Risque modéré,1.8430053,10.071935
CLT02922,18,Auvergne-Rhône-Alpes,1,1,Téléphone,0.3497,2018-01-12,1.0,1239.0,1239.0,1.0,0.0,0.0,0.0,0.0,0.0,0.0,0.0,2,🔵 Risque modéré,1.3532205,2.0969653
CLT02923,63,Nouvelle-Aquitaine,2,0,Agent,0.01,2019-12-23,,,,,0.0,0.0,0.0,0.0,,0.0,,1,🟢 Bon risque fidèle,13.714172,8.272447
CLT02924,68,Normandie,0,0,Agent,0.1666,2018-10-19,3.0,5121.0,1707.0,1.0,1.0,10472.0,10472.0,0.0,0.3333333333333333,0.0,2.044913102909588,2,🔵 Risque modéré,-0.39966407,6.4420767
CLT02925,57,Auvergne-Rhône-Alpes,8,0,Web,0.0378,2018-01-16,1.0,2332.0,2332.0,1.0,0.0,0.0,0.0,0.0,0.0,0.0,0.0,2,🔵 Risque modéré,2.232547,9.651815
CLT02926,66,Provence-Alpes-Côte d'Azur,0,2,Téléphone,0.1312,2016-09-10,,,,,0.0,0.0,0.0,0.0,,0.0,,1,🟢 Bon risque fidèle,12.797187,1.9354348
CLT02927,49,Occitanie,8,0,Courtier,0.1178,2018-05-03,1.0,3310.0,3310.0,1.0,0.0,0.0,0.0,0.0,0.0,0.0,0.0,2,🔵 Risque modéré,2.7199183,9.787618
CLT02928,61,Île-de-France,0,0,Web,0.2952,2020-07-17,4.0,8933.0,2233.25,3.0,0.0,0.0,0.0,0.0,0.0,0.0,0.0,2,🔵 Risque modéré,-4.768812,5.565283
CLT02929,24,Normandie,1,1,Web,0.2415,2018-11-02,1.0,1410.0,1410.0,1.0,0.0,0.0,0.0,0.0,0.0,0.0,0.0,2,🔵 Risque modéré,1.326947,1.9277527
CLT02930,36,Nouvelle-Aquitaine,1,2,Web,0.3807,2018-02-03,,,,,0.0,0.0,0.0,0.0,,0.0,,1,🟢 Bon risque fidèle,12.252733,2.662382
CLT02931,36,Bretagne,0,0,Courtier,0.1261,2019-09-25,,,,,0.0,0.0,0.0,0.0,,0.0,,1,🟢 Bon risque fidèle,15.875594,7.7853436
CLT02932,53,Occitanie,4,2,Web,0.2028,2020-03-25,1.0,837.0,837.0,1.0,0.0,0.0,0.0,0.0,0.0,0.0,0.0,2,🔵 Risque modéré,-0.55632883,1.3492999
CLT02933,55,Grand Est,11,0,Courtier,0.0791,2017-04-14,1.0,1235.0,1235.0,1.0,0.0,0.0,0.0,0.0,0.0,0.0,0.0,2,🔵 Risque modéré,1.5517906,9.356792
CLT02934,53,Nouvelle-Aquitaine,12,0,Téléphone,0.046,2018-04-28,2.0,2613.0,1306.5,2.0,1.0,8725.0,8725.0,0.0,0.5,0.0,3.3390738614619213,2,🔵 Risque modéré,-3.2681544,6.037772
CLT02935,70,Bretagne,1,1,Téléphone,0.1944,2020-10-13,2.0,3014.0,1507.0,2.0,3.0,18011.0,6003.666666666667,0.0,1.5,0.0,5.975779694757797,3,🔴 Très haut risque,-2.1146371,4.9898143
CLT02936,32,Grand Est,3,0,Agent,0.01,2018-01-12,2.0,3589.0,1794.5,1.0,1.0,2465.0,2465.0,0.0,0.5,0.0,0.6868208414600168,2,🔵 Risque modéré,0.780964,9.293279
CLT02937,18,Île-de-France,0,0,Courtier,0.1496,2020-04-28,5.0,7249.0,1449.8,3.0,3.0,9222.0,3074.0,1.0,0.6,0.3333333333333333,1.2721754724789627,0,🟠 Risque élevé,-3.7232697,5.1980605
CLT02938,46,Île-de-France,6,0,Agent,0.01,2018-11-27,,,,,0.0,0.0,0.0,0.0,,0.0,,1,🟢 Bon risque fidèle,14.545363,6.2815394
CLT02939,46,Auvergne-Rhône-Alpes,1,2,Web,0.2439,2017-10-08,2.0,2547.0,1273.5,2.0,0.0,0.0,0.0,0.0,0.0,0.0,0.0,2,🔵 Risque modéré,-2.140683,2.800461
CLT02940,44,Bretagne,0,0,Partenaire banque,0.01,2016-12-04,1.0,3693.0,3693.0,1.0,0.0,0.0,0.0,0.0,0.0,0.0,0.0,2,🔵 Risque modéré,3.1027827,10.130824
CLT02941,49,Bretagne,2,0,Web,0.0184,2020-04-05,1.0,1025.0,1025.0,1.0,0.0,0.0,0.0,0.0,0.0,0.0,0.0,2,🔵 Risque modéré,1.0267063,10.761731
CLT02942,30,Île-de-France,2,0,Agent,0.2603,2019-08-08,,,,,0.0,0.0,0.0,0.0,,0.0,,1,🟢 Bon risque fidèle,16.467789,7.9627204
CLT02943,47,Nouvelle-Aquitaine,0,0,Téléphone,0.1041,2016-04-30,1.0,2485.0,2485.0,1.0,0.0,0.0,0.0,0.0,0.0,0.0,0.0,2,🔵 Risque modéré,2.9855516,10.31526
CLT02944,30,Grand Est,1,2,Partenaire banque,0.2079,2018-05-10,3.0,4819.0,1606.3333333333333,3.0,0.0,0.0,0.0,0.0,0.0,0.0,0.0,2,🔵 Risque modéré,-2.5850465,3.083958
CLT02945,71,Bretagne,2,0,Téléphone,0.1469,2019-12-08,2.0,1901.0,950.5,2.0,0.0,0.0,0.0,0.0,0.0,0.0,0.0,2,🔵 Risque modéré,-5.9406366,6.072571
CLT02946,41,Grand Est,2,2,Téléphone,0.141,2020-01-19,1.0,1428.0,1428.0,1.0,0.0,0.0,0.0,0.0,0.0,0.0,0.0,2,🔵 Risque modéré,-0.5822315,1.344583
CLT02947,57,Provence-Alpes-Côte d'Azur,0,0,Téléphone,0.1113,2016-01-19,,,,,0.0,0.0,0.0,0.0,,0.0,,1,🟢 Bon risque fidèle,14.451958,8.580711
CLT02948,57,Hauts-de-France,0,0,Téléphone,0.1123,2019-06-06,,,,,0.0,0.0,0.0,0.0,,0.0,,1,🟢 Bon risque fidèle,14.506779,8.596337
CLT02949,56,Nouvelle-Aquitaine,11,2,Agent,0.1738,2018-07-04,1.0,934.0,934.0,1.0,0.0,0.0,0.0,0.0,0.0,0.0,0.0,2,🔵 Risque modéré,-0.33260983,0.7586456
CLT02950,56,Occitanie,8,0,Téléphone,0.01,2019-07-04,1.0,2254.0,2254.0,1.0,0.0,0.0,0.0,0.0,0.0,0.0,0.0,2,🔵 Risque modéré,2.1584585,9.640022
CLT02951,52,Centre-Val de Loire,2,0,Agent,0.1007,2019-12-01,3.0,5055.0,1685.0,2.0,1.0,2943.0,2943.0,0.0,0.3333333333333333,0.0,0.5821958456973294,2,🔵 Risque modéré,-4.868754,6.3858595
CLT02952,18,Provence-Alpes-Côte d'Azur,3,0,Téléphone,0.0516,2020-05-21,1.0,393.0,393.0,1.0,0.0,0.0,0.0,0.0,0.0,0.0,0.0,1,🟢 Bon risque fidèle,2.3550873,11.410433
CLT02953,20,Bretagne,12,0,Agent,0.2986,2020-12-11,3.0,5849.0,1949.6666666666667,2.0,1.0,3181.0,3181.0,0.0,0.3333333333333333,0.0,0.5438536501966148,2,🔵 Risque modéré,-4.4016204,6.6723704
CLT02954,49,Hauts-de-France,1,1,Web,0.1381,2019-01-07,3.0,3112.0,1037.3333333333333,3.0,1.0,5880.0,5880.0,0.0,0.3333333333333333,0.0,1.8894601542416452,2,🔵 Risque modéré,-3.7017736,3.9173236
CLT02955,42,Provence-Alpes-Côte d'Azur,0,1,Courtier,0.1479,2020-01-14,,,,,0.0,0.0,0.0,0.0,,0.0,,1,🟢 Bon risque fidèle,14.263486,1.4616042
CLT02956,48,Nouvelle-Aquitaine,4,2,Courtier,0.2071,2019-01-14,2.0,3514.0,1757.0,2.0,1.0,11405.0,11405.0,0.0,0.5,0.0,3.2455890722822995,3,🔴 Très haut risque,-2.3127766,4.831437
CLT02957,72,Hauts-de-France,1,0,Web,0.0356,2018-11-15,,,,,0.0,0.0,0.0,0.0,,0.0,,1,🟢 Bon risque fidèle,13.845814,8.622649
CLT02958,23,Grand Est,0,0,Web,0.1751,2017-11-30,3.0,4912.0,1637.3333333333333,2.0,1.0,5326.0,5326.0,0.0,0.3333333333333333,0.0,1.0842833876221498,2,🔵 Risque modéré,-4.356455,7.0192523
CLT02959,19,Nouvelle-Aquitaine,5,0,Web,0.2245,2020-12-30,3.0,2217.0,739.0,2.0,4.0,33224.0,8306.0,1.0,1.3333333333333333,0.25,14.986017140279657,3,🔴 Très haut risque,-1.7876325,5.7106366
CLT02960,18,Grand Est,4,0,Courtier,0.0775,2017-05-11,4.0,4384.0,1096.0,2.0,2.0,24739.0,12369.5,0.0,0.5,0.0,5.643020072992701,3,🔴 Très haut risque,-3.0567496,6.3518786
CLT02961,65,Hauts-de-France,5,2,Agent,0.0156,2018-11-02,2.0,5161.0,2580.5,2.0,0.0,0.0,0.0,0.0,0.0,0.0,0.0,2,🔵 Risque modéré,-3.878814,3.1467412
CLT02962,49,Auvergne-Rhône-Alpes,4,0,Agent,0.147,2020-09-21,2.0,3309.0,1654.5,2.0,1.0,3378.0,3378.0,0.0,0.5,0.0,1.0208522212148685,2,🔵 Risque modéré,-4.6612983,6.473909
CLT02963,44,Provence-Alpes-Côte d'Azur,0,1,Web,0.2149,2018-11-07,4.0,6317.0,1579.25,3.0,0.0,0.0,0.0,0.0,0.0,0.0,0.0,2,🔵 Risque modéré,-3.6558592,3.9135454
CLT02964,41,Provence-Alpes-Côte d'Azur,1,0,Web,0.1184,2020-03-31,3.0,5181.0,1727.0,2.0,0.0,0.0,0.0,0.0,0.0,0.0,0.0,2,🔵 Risque modéré,-5.5432467,6.7154784
CLT02965,33,Auvergne-Rhône-Alpes,3,2,Courtier,0.2919,2019-03-20,1.0,2141.0,2141.0,1.0,0.0,0.0,0.0,0.0,0.0,0.0,0.0,2,🔵 Risque modéré,-0.88686144,1.6658864
CLT02966,46,Île-de-France,0,0,Courtier,0.0663,2017-04-30,2.0,4638.0,2319.0,2.0,2.0,11204.0,5602.0,0.0,1.0,0.0,2.415696420871065,2,🔵 Risque modéré,-3.8355594,6.585835
CLT02967,48,Centre-Val de Loire,6,1,Courtier,0.2883,2019-07-11,,,,,0.0,0.0,0.0,0.0,,0.0,,1,🟢 Bon risque fidèle,13.949986,1.9098924
CLT02968,38,Grand Est,3,1,Téléphone,0.2048,2017-04-25,1.0,1829.0,1829.0,1.0,0.0,0.0,0.0,0.0,0.0,0.0,0.0,2,🔵 Risque modéré,1.0502564,1.4833238
CLT02969,41,Provence-Alpes-Côte d'Azur,0,2,Web,0.344,2019-09-29,,,,,0.0,0.0,0.0,0.0,,0.0,,1,🟢 Bon risque fidèle,12.188726,2.5803366
CLT02970,59,Centre-Val de Loire,0,0,Agent,0.1095,2020-01-04,1.0,1403.0,1403.0,1.0,0.0,0.0,0.0,0.0,0.0,0.0,0.0,2,🔵 Risque modéré,0.41878667,11.160788
CLT02971,30,Bretagne,4,0,Courtier,0.0542,2017-05-24,1.0,1968.0,1968.0,1.0,1.0,5901.0,5901.0,0.0,1.0,0.0,2.9984756097560976,2,🔵 Risque modéré,0.094953924,6.0423083
CLT02972,53,Auvergne-Rhône-Alpes,2,1,Web,0.2321,2019-04-09,,,,,0.0,0.0,0.0,0.0,,0.0,,1,🟢 Bon risque fidèle,13.529037,1.1420577
CLT02973,73,Occitanie,10,0,Téléphone,0.01,2018-01-11,3.0,3232.0,1077.3333333333333,2.0,0.0,0.0,0.0,0.0,0.0,0.0,0.0,2,🔵 Risque modéré,-5.921559,5.4792233
CLT02974,49,Normandie,10,0,Web,0.1418,2019-12-30,1.0,1179.0,1179.0,1.0,0.0,0.0,0.0,0.0,0.0,0.0,0.0,2,🔵 Risque modéré,1.5668921,9.600756
CLT02975,52,Bretagne,0,0,Téléphone,0.0664,2016-06-18,2.0,3643.0,1821.5,1.0,0.0,0.0,0.0,0.0,0.0,0.0,0.0,2,🔵 Risque modéré,0.8491414,10.514616
CLT02976,40,Auvergne-Rhône-Alpes,2,0,Web,0.0789,2020-12-26,,,,,0.0,0.0,0.0,0.0,,0.0,,1,🟢 Bon risque fidèle,15.291611,7.431334
CLT02977,62,Nouvelle-Aquitaine,2,0,Courtier,0.1838,2018-07-04,,,,,0.0,0.0,0.0,0.0,,0.0,,1,🟢 Bon risque fidèle,14.445235,8.772793
CLT02978,55,Auvergne-Rhône-Alpes,5,1,Courtier,0.1943,2018-12-15,,,,,0.0,0.0,0.0,0.0,,0.0,,1,🟢 Bon risque fidèle,13.59191,1.7475063
CLT02979,37,Bretagne,0,2,Courtier,0.3719,2018-11-30,1.0,911.0,911.0,1.0,0.0,0.0,0.0,0.0,0.0,0.0,0.0,2,🔵 Risque modéré,-1.0879134,1.5078915
CLT02980,31,Bretagne,2,1,Téléphone,0.0979,2019-04-13,,,,,0.0,0.0,0.0,0.0,,0.0,,1,🟢 Bon risque fidèle,14.7916565,1.8460245
CLT02981,34,Normandie,6,1,Agent,0.2252,2018-06-22,3.0,3491.0,1163.6666666666667,2.0,0.0,0.0,0.0,0.0,0.0,0.0,0.0,2,🔵 Risque modéré,-3.4485781,2.8806984
CLT02982,58,Normandie,3,1,Agent,0.1176,2018-05-05,3.0,3049.0,1016.3333333333334,2.0,0.0,0.0,0.0,0.0,0.0,0.0,0.0,2,🔵 Risque modéré,-3.778921,3.2821286
CLT02983,44,Nouvelle-Aquitaine,0,1,Web,0.1791,2016-09-19,,,,,0.0,0.0,0.0,0.0,,0.0,,1,🟢 Bon risque fidèle,14.178201,1.3132198
CLT02984,29,Normandie,1,0,Agent,0.189,2016-09-23,3.0,3967.0,1322.3333333333333,2.0,0.0,0.0,0.0,0.0,0.0,0.0,0.0,2,🔵 Risque modéré,-5.3646803,7.4692683
CLT02985,47,Grand Est,8,0,Téléphone,0.1803,2016-08-31,1.0,1048.0,1048.0,1.0,0.0,0.0,0.0,0.0,0.0,0.0,0.0,2,🔵 Risque modéré,1.4795372,10.011553
CLT02986,57,Occitanie,0,0,Courtier,0.1815,2016-03-09,3.0,4016.0,1338.6666666666667,2.0,0.0,0.0,0.0,0.0,0.0,0.0,0.0,2,🔵 Risque modéré,-5.4984493,6.283298
CLT02987,18,Nouvelle-Aquitaine,1,1,Partenaire banque,0.2197,2018-01-28,3.0,2750.0,916.6666666666666,2.0,6.0,9980.0,1663.3333333333333,0.0,2.0,0.0,3.629090909090909,3,🔴 Très haut risque,-2.2316284,4.2720494
CLT02988,46,Auvergne-Rhône-Alpes,3,1,Agent,0.1862,2018-04-18,1.0,2314.0,2314.0,1.0,1.0,11047.0,11047.0,0.0,1.0,0.0,4.773984442523768,3,🔴 Très haut risque,-0.5111368,5.166353
CLT02989,36,Auvergne-Rhône-Alpes,3,2,Web,0.3405,2019-03-18,,,,,0.0,0.0,0.0,0.0,,0.0,,1,🟢 Bon risque fidèle,12.296868,2.667818
CLT02990,32,Hauts-de-France,6,0,Web,0.0314,2016-11-11,,,,,0.0,0.0,0.0,0.0,,0.0,,1,🟢 Bon risque fidèle,15.278146,6.261193
CLT02991,40,Auvergne-Rhône-Alpes,2,1,Courtier,0.188,2018-02-07,1.0,1317.0,1317.0,1.0,0.0,0.0,0.0,0.0,0.0,0.0,0.0,2,🔵 Risque modéré,1.4331015,1.2518219
CLT02992,36,Hauts-de-France,1,0,Web,0.01,2016-02-29,3.0,4148.0,1382.6666666666667,2.0,0.0,0.0,0.0,0.0,0.0,0.0,0.0,2,🔵 Risque modéré,-5.523143,6.954312
CLT02993,54,Nouvelle-Aquitaine,1,1,Web,0.01,2019-04-24,2.0,2056.0,1028.0,2.0,0.0,0.0,0.0,0.0,0.0,0.0,0.0,2,🔵 Risque modéré,-3.886697,3.1407619
CLT02994,40,Bretagne,8,0,Web,0.01,2017-09-18,2.0,1975.0,987.5,2.0,2.0,1588.0,794.0,0.0,1.0,0.0,0.8040506329113924,2,🔵 Risque modéré,-4.837008,6.0581946
CLT02995,49,Hauts-de-France,0,1,Web,0.3922,2020-08-06,2.0,2657.0,1328.5,2.0,0.0,0.0,0.0,0.0,0.0,0.0,0.0,2,🔵 Risque modéré,-2.9631493,2.7091455
CLT02996,53,Normandie,4,2,Web,0.2063,2019-01-28,,,,,0.0,0.0,0.0,0.0,,0.0,,1,🟢 Bon risque fidèle,12.635949,2.2631288
CLT02997,49,Provence-Alpes-Côte d'Azur,0,0,Web,0.2328,2016-04-03,3.0,4469.0,1489.6666666666667,3.0,0.0,0.0,0.0,0.0,0.0,0.0,0.0,2,🔵 Risque modéré,-4.71999,5.3481655
CLT02998,44,Bretagne,3,1,Courtier,0.1345,2017-09-28,1.0,1295.0,1295.0,1.0,0.0,0.0,0.0,0.0,0.0,0.0,0.0,2,🔵 Risque modéré,1.0577693,0.61631066
CLT02999,23,Centre-Val de Loire,3,1,Courtier,0.2342,2017-11-24,1.0,2169.0,2169.0,1.0,0.0,0.0,0.0,0.0,0.0,0.0,0.0,2,🔵 Risque modéré,0.9508533,1.861515
CLT03000,46,Bretagne,0,0,Courtier,0.131,2020-01-16,3.0,4427.0,1475.6666666666667,2.0,0.0,0.0,0.0,0.0,0.0,0.0,0.0,2,🔵 Risque modéré,-5.572856,6.6114335
CLT03001,41,Centre-Val de Loire,0,1,Web,0.3983,2016-10-12,3.0,2513.0,837.6666666666666,2.0,4.0,18025.0,4506.25,0.0,1.3333333333333333,0.0,7.172701949860724,3,🔴 Très haut risque,-2.0348177,4.2922177
CLT03002,59,Grand Est,2,0,Agent,0.0367,2020-04-10,,,,,0.0,0.0,0.0,0.0,,0.0,,1,🟢 Bon risque fidèle,13.770426,8.18945
CLT03003,42,Normandie,1,2,Agent,0.3027,2016-11-03,,,,,0.0,0.0,0.0,0.0,,0.0,,1,🟢 Bon risque fidèle,12.315342,2.5720072
CLT03004,33,Provence-Alpes-Côte d'Azur,2,0,Web,0.2135,2019-07-05,2.0,3261.0,1630.5,1.0,3.0,17752.0,5917.333333333333,0.0,1.5,0.0,5.443728917509966,3,🔴 Très haut risque,-0.8106019,5.658718
CLT03005,55,Centre-Val de Loire,8,1,Courtier,0.0477,2017-04-23,3.0,4558.0,1519.3333333333333,3.0,2.0,4091.0,2045.5,0.0,0.6666666666666666,0.0,0.8975427819218955,2,🔵 Risque modéré,-4.231011,3.9053943
CLT03006,33,Bretagne,3,0,Web,0.01,2016-04-05,,,,,0.0,0.0,0.0,0.0,,0.0,,1,🟢 Bon risque fidèle,15.593253,6.7306314
CLT03007,43,Normandie,0,2,Agent,0.4189,2019-08-17,1.0,2381.0,2381.0,1.0,0.0,0.0,0.0,0.0,0.0,0.0,0.0,2,🔵 Risque modéré,-0.73938274,1.911617
CLT03008,29,Auvergne-Rhône-Alpes,4,1,Téléphone,0.1631,2019-12-21,,,,,0.0,0.0,0.0,0.0,,0.0,,1,🟢 Bon risque fidèle,14.747996,2.0749495
CLT03009,48,Île-de-France,1,1,Courtier,0.1634,2020-06-20,2.0,2760.0,1380.0,2.0,1.0,87.0,87.0,0.0,0.5,0.0,0.03152173913043478,2,🔵 Risque modéré,-3.2726,3.3578563
CLT03010,20,Hauts-de-France,1,0,Courtier,0.3058,2016-09-12,,,,,0.0,0.0,0.0,0.0,,0.0,,1,🟢 Bon risque fidèle,16.639326,7.8534055
CLT03011,54,Grand Est,4,1,Web,0.2452,2019-06-23,,,,,0.0,0.0,0.0,0.0,,0.0,,1,🟢 Bon risque fidèle,13.588345,1.5081133
CLT03012,18,Grand Est,0,0,Courtier,0.1471,2016-04-20,2.0,3114.0,1557.0,2.0,0.0,0.0,0.0,0.0,0.0,0.0,0.0,2,🔵 Risque modéré,-5.353919,7.5610523
CLT03013,57,Centre-Val de Loire,10,3,Courtier,0.2448,2020-03-19,2.0,4260.0,2130.0,2.0,3.0,16675.0,5558.333333333333,0.0,1.5,0.0,3.914319248826291,3,🔴 Très haut risque,-1.6085955,3.6296551
CLT03014,51,Normandie,0,0,Courtier,0.0387,2016-02-10,2.0,3316.0,1658.0,1.0,0.0,0.0,0.0,0.0,0.0,0.0,0.0,2,🔵 Risque modéré,0.78962654,10.455014
CLT03015,43,Auvergne-Rhône-Alpes,1,0,Agent,0.01,2018-12-27,2.0,3414.0,1707.0,2.0,2.0,7230.0,3615.0,0.0,1.0,0.0,2.117750439367311,2,🔵 Risque modéré,-4.07128,6.566134
CLT03016,56,Nouvelle-Aquitaine,3,1,Partenaire banque,0.1568,2017-07-19,,,,,0.0,0.0,0.0,0.0,,0.0,,1,🟢 Bon risque fidèle,13.445763,1.6213181
CLT03017,45,Occitanie,2,1,Web,0.0596,2019-12-18,3.0,4409.0,1469.6666666666667,3.0,1.0,6104.0,6104.0,0.0,0.3333333333333333,0.0,1.3844409163075528,2,🔵 Risque modéré,-3.7452545,3.9331083
CLT03018,23,Centre-Val de Loire,3,0,Courtier,0.0408,2020-07-12,2.0,2119.0,1059.5,2.0,3.0,4404.0,1468.0,0.0,1.5,0.0,2.0783388390750352,2,🔵 Risque modéré,-4.2296596,7.0601707
CLT03019,29,Grand Est,2,0,Agent,0.013,2018-04-04,,,,,0.0,0.0,0.0,0.0,,0.0,,1,🟢 Bon risque fidèle,15.90757,6.7884965
CLT03020,42,Centre-Val de Loire,3,1,Web,0.1487,2020-11-02,4.0,4335.0,1083.75,3.0,3.0,2762.0,920.6666666666666,0.0,0.75,0.0,0.6371395617070358,2,🔵 Risque modéré,-3.7423947,4.0720515
CLT03021,37,Île-de-France,0,2,Web,0.2364,2017-01-06,,,,,0.0,0.0,0.0,0.0,,0.0,,1,🟢 Bon risque fidèle,12.480804,2.4371686
CLT03022,45,Bretagne,3,1,Web,0.1623,2018-12-19,2.0,3568.0,1784.0,1.0,0.0,0.0,0.0,0.0,0.0,0.0,0.0,2,🔵 Risque modéré,1.0555671,0.98790026
CLT03023,50,Provence-Alpes-Côte d'Azur,4,1,Courtier,0.0947,2016-07-07,2.0,2211.0,1105.5,2.0,0.0,0.0,0.0,0.0,0.0,0.0,0.0,2,🔵 Risque modéré,-3.8989582,3.029372
CLT03024,64,Auvergne-Rhône-Alpes,1,0,Partenaire banque,0.1341,2019-01-16,,,,,0.0,0.0,0.0,0.0,,0.0,,1,🟢 Bon risque fidèle,14.290372,8.7063465
CLT03025,36,Nouvelle-Aquitaine,3,2,Web,0.3453,2017-01-11,,,,,0.0,0.0,0.0,0.0,,0.0,,1,🟢 Bon risque fidèle,12.31838,2.6640215
CLT03026,58,Hauts-de-France,6,1,Agent,0.1155,2016-11-13,1.0,905.0,905.0,1.0,0.0,0.0,0.0,0.0,0.0,0.0,0.0,2,🔵 Risque modéré,0.56524414,0.27305034
CLT03027,55,Hauts-de-France,8,1,Partenaire banque,0.01,2019-10-23,1.0,1351.0,1351.0,1.0,0.0,0.0,0.0,0.0,0.0,0.0,0.0,2,🔵 Risque modéré,0.29004568,0.39521188
CLT03028,25,Nouvelle-Aquitaine,15,1,Web,0.01,2017-10-30,,,,,0.0,0.0,0.0,0.0,,0.0,,1,🟢 Bon risque fidèle,14.519533,4.702171
CLT03029,42,Nouvelle-Aquitaine,0,2,Web,0.2584,2016-05-01,,,,,0.0,0.0,0.0,0.0,,0.0,,1,🟢 Bon risque fidèle,12.441059,2.456377
CLT03030,54,Hauts-de-France,1,0,Courtier,0.0738,2017-10-19,,,,,0.0,0.0,0.0,0.0,,0.0,,1,🟢 Bon risque fidèle,14.353863,8.207439
CLT03031,35,Nouvelle-Aquitaine,0,0,Courtier,0.1507,2017-10-27,1.0,1001.0,1001.0,1.0,0.0,0.0,0.0,0.0,0.0,0.0,0.0,2,🔵 Risque modéré,2.0011077,11.745945
CLT03032,52,Hauts-de-France,1,1,Courtier,0.1174,2020-08-24,1.0,2535.0,2535.0,1.0,0.0,0.0,0.0,0.0,0.0,0.0,0.0,2,🔵 Risque modéré,0.67318386,1.2580205
CLT03033,44,Auvergne-Rhône-Alpes,1,0,Web,0.0855,2017-05-07,1.0,661.0,661.0,1.0,0.0,0.0,0.0,0.0,0.0,0.0,0.0,2,🔵 Risque modéré,1.4456252,11.380564
CLT03034,32,Centre-Val de Loire,2,0,Courtier,0.047,2018-10-08,,,,,0.0,0.0,0.0,0.0,,0.0,,1,🟢 Bon risque fidèle,15.776451,6.9558754
CLT03035,54,Grand Est,3,0,Agent,0.1267,2018-03-01,2.0,2189.0,1094.5,2.0,0.0,0.0,0.0,0.0,0.0,0.0,0.0,2,🔵 Risque modéré,-6.054176,6.6121254
CLT03036,34,Auvergne-Rhône-Alpes,3,1,Web,0.1849,2017-10-15,1.0,1065.0,1065.0,1.0,0.0,0.0,0.0,0.0,0.0,0.0,0.0,2,🔵 Risque modéré,1.4560257,1.293803
CLT03037,33,Normandie,3,1,Courtier,0.2637,2016-05-16,,,,,0.0,0.0,0.0,0.0,,0.0,,1,🟢 Bon risque fidèle,14.630901,1.3000711
CLT03038,52,Normandie,10,0,Web,0.067,2019-07-23,2.0,2776.0,1388.0,2.0,0.0,0.0,0.0,0.0,0.0,0.0,0.0,2,🔵 Risque modéré,-5.892423,5.5701814
CLT03039,46,Occitanie,0,1,Téléphone,0.1804,2016-02-10,1.0,2867.0,2867.0,1.0,0.0,0.0,0.0,0.0,0.0,0.0,0.0,2,🔵 Risque modéré,0.5176984,1.5909004
CLT03040,38,Hauts-de-France,2,2,Courtier,0.2349,2019-04-17,2.0,3525.0,1762.5,2.0,2.0,8991.0,4495.5,0.0,1.0,0.0,2.5506382978723403,3,🔴 Très haut risque,-1.922149,3.6139324
CLT03041,18,Auvergne-Rhône-Alpes,0,0,Web,0.1522,2019-02-12,1.0,1165.0,1165.0,1.0,0.0,0.0,0.0,0.0,0.0,0.0,0.0,2,🔵 Risque modéré,2.7317207,11.696539
CLT03042,18,Nouvelle-Aquitaine,0,1,Web,0.0969,2018-04-15,2.0,2993.0,1496.5,2.0,3.0,10435.0,3478.3333333333335,0.0,1.5,0.0,3.486468426328099,3,🔴 Très haut risque,-2.4611738,4.1612897
CLT03043,60,Normandie,2,0,Web,0.01,2019-07-28,1.0,950.0,950.0,1.0,0.0,0.0,0.0,0.0,0.0,0.0,0.0,2,🔵 Risque modéré,0.541138,10.628197
CLT03044,66,Grand Est,1,0,Web,0.0735,2016-10-20,3.0,3268.0,1089.3333333333333,2.0,0.0,0.0,0.0,0.0,0.0,0.0,0.0,2,🔵 Risque modéré,-5.89614,6.1445994
CLT03045,52,Provence-Alpes-Côte d'Azur,10,0,Courtier,0.069,2016-12-12,1.0,2715.0,2715.0,1.0,0.0,0.0,0.0,0.0,0.0,0.0,0.0,2,🔵 Risque modéré,2.4127855,9.531388
CLT03046,18,Occitanie,1,1,Courtier,0.2564,2018-05-19,1.0,1174.0,1174.0,1.0,0.0,0.0,0.0,0.0,0.0,0.0,0.0,2,🔵 Risque modéré,1.3651203,2.0629807
CLT03047,18,Grand Est,4,2,Courtier,0.1732,2016-01-05,2.0,1966.0,983.0,2.0,1.0,994.0,994.0,0.0,0.5,0.0,0.5055951169888098,2,🔵 Risque modéré,-2.593619,2.7974324
CLT03048,50,Normandie,0,0,Partenaire banque,0.2223,2019-06-27,1.0,1598.0,1598.0,1.0,1.0,344.0,344.0,0.0,1.0,0.0,0.21526908635794745,2,🔵 Risque modéré,0.622573,5.812253
CLT03049,41,Hauts-de-France,6,0,Agent,0.01,2016-12-10,2.0,1933.0,966.5,2.0,1.0,1959.0,1959.0,0.0,0.5,0.0,1.0134505949301604,2,🔵 Risque modéré,-4.8229685,6.256975
CLT03050,52,Île-de-France,7,1,Web,0.1081,2018-09-16,3.0,2822.0,940.6666666666666,3.0,2.0,1771.0,885.5,0.0,0.6666666666666666,0.0,0.6275690999291282,2,🔵 Risque modéré,-4.0705347,3.8981981
CLT03051,37,Hauts-de-France,3,0,Courtier,0.01,2020-09-17,,,,,0.0,0.0,0.0,0.0,,0.0,,1,🟢 Bon risque fidèle,15.206939,6.7764688
CLT03052,38,Bretagne,3,1,Partenaire banque,0.1427,2020-09-23,2.0,3964.0,1982.0,2.0,1.0,7450.0,7450.0,0.0,0.5,0.0,1.8794147325933401,2,🔵 Risque modéré,-2.853636,3.9454598
CLT03053,32,Occitanie,0,0,Courtier,0.01,2018-11-13,2.0,2900.0,1450.0,1.0,2.0,16864.0,8432.0,0.0,1.0,0.0,5.815172413793103,3,🔴 Très haut risque,-0.10894458,6.119161
CLT03054,51,Hauts-de-France,4,0,Web,0.0834,2020-02-24,,,,,0.0,0.0,0.0,0.0,,0.0,,1,🟢 Bon risque fidèle,14.45945,7.9628177
CLT03055,26,Grand Est,1,1,Courtier,0.2729,2017-09-09,2.0,2393.0,1196.5,1.0,0.0,0.0,0.0,0.0,0.0,0.0,0.0,2,🔵 Risque modéré,1.2009338,2.0853767
CLT03056,30,Auvergne-Rhône-Alpes,1,2,Courtier,0.1707,2016-09-10,1.0,1124.0,1124.0,1.0,0.0,0.0,0.0,0.0,0.0,0.0,0.0,2,🔵 Risque modéré,-0.96956533,1.4299896
CLT03057,49,Nouvelle-Aquitaine,0,0,Agent,0.047,2017-07-28,2.0,2283.0,1141.5,2.0,0.0,0.0,0.0,0.0,0.0,0.0,0.0,2,🔵 Risque modéré,-6.1021733,6.6731925
CLT03058,54,Bretagne,0,0,Web,0.0692,2018-11-01,4.0,6106.0,1526.5,3.0,2.0,2125.0,1062.5,1.0,0.5,0.5,0.3480183426138225,0,🟠 Risque élevé,-3.1429656,5.1462026
CLT03059,18,Provence-Alpes-Côte d'Azur,3,0,Téléphone,0.1212,2017-12-04,2.0,5376.0,2688.0,2.0,0.0,0.0,0.0,0.0,0.0,0.0,0.0,2,🔵 Risque modéré,-5.3663793,7.2171173
CLT03060,28,Hauts-de-France,0,2,Partenaire banque,0.2838,2019-12-22,2.0,1465.0,732.5,2.0,4.0,12285.0,3071.25,0.0,2.0,0.0,8.38566552901024,3,🔴 Très haut risque,-1.7040033,4.7079387
CLT03061,63,Normandie,1,1,Web,0.2668,2019-09-20,,,,,0.0,0.0,0.0,0.0,,0.0,,1,🟢 Bon risque fidèle,13.398633,1.1323193
CLT03062,46,Provence-Alpes-Côte d'Azur,3,0,Web,0.1089,2018-08-01,5.0,7784.0,1556.8,2.0,0.0,0.0,0.0,0.0,0.0,0.0,0.0,2,🔵 Risque modéré,-4.913298,5.70528
CLT03063,28,Centre-Val de Loire,3,0,Web,0.01,2019-11-19,,,,,0.0,0.0,0.0,0.0,,0.0,,1,🟢 Bon risque fidèle,15.936015,6.6913977
CLT03064,44,Nouvelle-Aquitaine,1,0,Agent,0.0597,2016-01-07,,,,,0.0,0.0,0.0,0.0,,0.0,,1,🟢 Bon risque fidèle,14.996555,7.511684
CLT03065,45,Centre-Val de Loire,3,1,Courtier,0.1384,2016-01-22,1.0,2266.0,2266.0,1.0,0.0,0.0,0.0,0.0,0.0,0.0,0.0,2,🔵 Risque modéré,0.7048002,1.3177421
CLT03066,51,Nouvelle-Aquitaine,1,0,Courtier,0.1023,2019-11-29,1.0,1820.0,1820.0,1.0,0.0,0.0,0.0,0.0,0.0,0.0,0.0,2,🔵 Risque modéré,0.81995326,11.222775
CLT03067,43,Normandie,5,1,Agent,0.0957,2019-01-09,1.0,1624.0,1624.0,1.0,1.0,4351.0,4351.0,0.0,1.0,0.0,2.6791871921182264,2,🔵 Risque modéré,-0.14636184,4.957425
CLT03068,24,Auvergne-Rhône-Alpes,4,0,Agent,0.0459,2019-08-24,,,,,0.0,0.0,0.0,0.0,,0.0,,1,🟢 Bon risque fidèle,16.236633,6.7028723
CLT03069,39,Auvergne-Rhône-Alpes,1,1,Courtier,0.2183,2020-09-02,,,,,0.0,0.0,0.0,0.0,,0.0,,1,🟢 Bon risque fidèle,14.509075,1.1921389
CLT03070,41,Normandie,0,2,Agent,0.2557,2017-12-25,1.0,1082.0,1082.0,1.0,0.0,0.0,0.0,0.0,0.0,0.0,0.0,2,🔵 Risque modéré,-1.0554559,1.4898528
CLT03071,31,Bretagne,6,2,Téléphone,0.2518,2018-01-05,,,,,0.0,0.0,0.0,0.0,,0.0,,1,🟢 Bon risque fidèle,12.554766,2.725286
CLT03072,39,Bretagne,4,0,Web,0.0541,2020-04-23,3.0,3332.0,1110.6666666666667,3.0,0.0,0.0,0.0,0.0,0.0,0.0,0.0,2,🔵 Risque modéré,-4.8692584,5.041637
CLT03073,54,Île-de-France,0,0,Web,0.0911,2018-01-30,1.0,1309.0,1309.0,1.0,0.0,0.0,0.0,0.0,0.0,0.0,0.0,2,🔵 Risque modéré,0.48160887,11.072498
CLT03074,42,Occitanie,1,0,Courtier,0.0375,2017-03-31,,,,,0.0,0.0,0.0,0.0,,0.0,,1,🟢 Bon risque fidèle,14.969338,7.339748
CLT03075,31,Île-de-France,4,0,Agent,0.1253,2019-10-27,4.0,4723.0,1180.75,2.0,3.0,18526.0,6175.333333333333,0.0,0.75,0.0,3.922506881219564,3,🔴 Très haut risque,-3.9842217,5.92441
CLT03076,52,Provence-Alpes-Côte d'Azur,0,0,Web,0.1021,2020-07-31,1.0,776.0,776.0,1.0,1.0,234.0,234.0,0.0,1.0,0.0,0.3015463917525773,2,🔵 Risque modéré,0.6259014,6.047868
CLT03077,45,Centre-Val de Loire,1,0,Agent,0.1988,2020-07-15,,,,,0.0,0.0,0.0,0.0,,0.0,,1,🟢 Bon risque fidèle,15.584965,8.463075
CLT03078,51,Occitanie,0,0,Web,0.1324,2018-10-10,,,,,0.0,0.0,0.0,0.0,,0.0,,1,🟢 Bon risque fidèle,14.87396,8.527383
CLT03079,26,Provence-Alpes-Côte d'Azur,1,0,Web,0.0167,2018-10-08,3.0,5967.0,1989.0,2.0,1.0,2855.0,2855.0,0.0,0.3333333333333333,0.0,0.4784648902295961,2,🔵 Risque modéré,-4.9379687,7.1465573
CLT03080,37,Centre-Val de Loire,10,0,Web,0.01,2017-02-07,2.0,1970.0,985.0,2.0,1.0,45629.0,45629.0,0.0,0.5,0.0,23.161928934010152,3,🔴 Très haut risque,-1.9262747,6.517581
CLT03081,32,Bretagne,10,2,Web,0.1242,2017-07-24,1.0,1303.0,1303.0,1.0,0.0,0.0,0.0,0.0,0.0,0.0,0.0,2,🔵 Risque modéré,-0.6571566,0.9950485
CLT03082,37,Centre-Val de Loire,1,1,Courtier,0.3059,2016-12-17,1.0,1996.0,1996.0,1.0,1.0,476.0,476.0,0.0,1.0,0.0,0.23847695390781562,2,🔵 Risque modéré,-0.120127335,4.1274443
CLT03083,46,Grand Est,10,0,Web,0.0239,2020-02-24,1.0,2697.0,2697.0,1.0,0.0,0.0,0.0,0.0,0.0,0.0,0.0,2,🔵 Risque modéré,2.4573283,9.556236
CLT03084,38,Centre-Val de Loire,8,0,Agent,0.0159,2019-05-21,3.0,3312.0,1104.0,2.0,1.0,7105.0,7105.0,0.0,0.3333333333333333,0.0,2.145229468599034,2,🔵 Risque modéré,-3.926416,6.2955666
CLT03085,36,Centre-Val de Loire,1,0,Web,0.1756,2019-04-21,,,,,0.0,0.0,0.0,0.0,,0.0,,1,🟢 Bon risque fidèle,15.966803,8.019389
CLT03086,52,Nouvelle-Aquitaine,0,0,Agent,0.0672,2016-09-19,1.0,1564.0,1564.0,1.0,0.0,0.0,0.0,0.0,0.0,0.0,0.0,2,🔵 Risque modéré,0.42122304,10.970375
CLT03087,40,Hauts-de-France,0,0,Partenaire banque,0.0676,2020-10-20,1.0,1897.0,1897.0,1.0,0.0,0.0,0.0,0.0,0.0,0.0,0.0,2,🔵 Risque modéré,2.524071,10.716274
CLT03088,39,Occitanie,1,1,Téléphone,0.2918,2020-02-03,4.0,5604.0,1401.0,2.0,4.0,12745.0,3186.25,0.0,1.0,0.0,2.274268379728765,3,🔴 Très haut risque,-2.657431,3.9145918
CLT03089,46,Hauts-de-France,1,1,Web,0.0241,2019-10-22,4.0,8122.0,2030.5,2.0,1.0,511.0,511.0,0.0,0.25,0.0,0.06291553804481655,2,🔵 Risque modéré,-3.7636964,3.1364453
CLT03090,37,Île-de-France,1,0,Partenaire banque,0.0124,2019-11-22,2.0,2500.0,1250.0,1.0,0.0,0.0,0.0,0.0,0.0,0.0,0.0,2,🔵 Risque modéré,1.6475177,10.783324
CLT03091,50,Grand Est,2,0,Agent,0.1505,2019-10-28,2.0,2970.0,1485.0,2.0,0.0,0.0,0.0,0.0,0.0,0.0,0.0,2,🔵 Risque modéré,-6.085901,6.7317815
CLT03092,43,Grand Est,6,1,Téléphone,0.0716,2016-01-07,,,,,0.0,0.0,0.0,0.0,,0.0,,1,🟢 Bon risque fidèle,14.075476,2.320185
CLT03093,25,Bretagne,3,0,Agent,0.2107,2019-08-26,1.0,1675.0,1675.0,1.0,1.0,16874.0,16874.0,0.0,1.0,0.0,10.07402985074627,3,🔴 Très haut risque,-1.6367228,6.221656
CLT03094,62,Île-de-France,8,0,Téléphone,0.01,2017-10-25,2.0,3184.0,1592.0,1.0,1.0,770.0,770.0,0.0,0.5,0.0,0.24183417085427136,2,🔵 Risque modéré,1.2040249,9.474289
CLT03095,42,Bretagne,4,1,Téléphone,0.2354,2018-04-15,2.0,4091.0,2045.5,2.0,0.0,0.0,0.0,0.0,0.0,0.0,0.0,2,🔵 Risque modéré,-3.5326517,2.8619103
CLT03096,36,Hauts-de-France,0,2,Web,0.3389,2018-11-29,2.0,5784.0,2892.0,2.0,2.0,11889.0,5944.5,0.0,1.0,0.0,2.055497925311203,3,🔴 Très haut risque,-1.6581854,3.6650257
CLT03097,47,Normandie,1,1,Courtier,0.4085,2018-11-27,,,,,0.0,0.0,0.0,0.0,,0.0,,1,🟢 Bon risque fidèle,13.944278,0.7217314
CLT03098,45,Île-de-France,3,0,Téléphone,0.2369,2017-04-06,2.0,1728.0,864.0,2.0,1.0,4270.0,4270.0,0.0,0.5,0.0,2.471064814814815,2,🔵 Risque modéré,-4.3905387,6.558716
CLT03099,43,Île-de-France,11,0,Web,0.0489,2018-05-12,2.0,3294.0,1647.0,1.0,4.0,14781.0,3695.25,0.0,2.0,0.0,4.487249544626594,3,🔴 Très haut risque,-0.699959,6.226497
CLT03100,65,Grand Est,5,1,Courtier,0.2061,2016-01-13,1.0,1381.0,1381.0,1.0,0.0,0.0,0.0,0.0,0.0,0.0,0.0,2,🔵 Risque modéré,0.63896865,0.38337407
CLT03101,39,Bretagne,0,0,Web,0.01,2016-06-18,3.0,6332.0,2110.6666666666665,1.0,2.0,9138.0,4569.0,0.0,0.6666666666666666,0.0,1.4431459254579913,2,🔵 Risque modéré,0.28981003,8.749573
CLT03102,35,Centre-Val de Loire,1,0,Téléphone,0.0775,2020-02-21,2.0,1573.0,786.5,1.0,0.0,0.0,0.0,0.0,0.0,0.0,0.0,2,🔵 Risque modéré,1.6941229,11.10284
CLT03103,46,Occitanie,6,2,Partenaire banque,0.2427,2018-05-19,1.0,1791.0,1791.0,1.0,0.0,0.0,0.0,0.0,0.0,0.0,0.0,2,🔵 Risque modéré,-0.71330386,1.4139857
CLT03104,32,Auvergne-Rhône-Alpes,2,1,Téléphone,0.2132,2017-02-09,1.0,1727.0,1727.0,1.0,0.0,0.0,0.0,0.0,0.0,0.0,0.0,2,🔵 Risque modéré,1.183962,1.5941297
CLT03105,56,Nouvelle-Aquitaine,1,1,Web,0.2754,2016-05-10,,,,,0.0,0.0,0.0,0.0,,0.0,,1,🟢 Bon risque fidèle,13.533286,1.00826
CLT03106,47,Auvergne-Rhône-Alpes,2,1,Web,0.1472,2018-06-05,3.0,3919.0,1306.3333333333333,1.0,0.0,0.0,0.0,0.0,0.0,0.0,0.0,2,🔵 Risque modéré,1.1991383,0.73237497
CLT03107,58,Île-de-France,3,0,Courtier,0.0244,2019-07-08,,,,,0.0,0.0,0.0,0.0,,0.0,,1,🟢 Bon risque fidèle,13.76503,8.120053
CLT03108,61,Provence-Alpes-Côte d'Azur,10,0,Téléphone,0.01,2017-05-23,,,,,0.0,0.0,0.0,0.0,,0.0,,1,🟢 Bon risque fidèle,14.275371,5.5199757
CLT03109,63,Auvergne-Rhône-Alpes,5,0,Courtier,0.0882,2017-11-30,,,,,0.0,0.0,0.0,0.0,,0.0,,1,🟢 Bon risque fidèle,14.147688,8.277166
CLT03110,60,Île-de-France,7,1,Téléphone,0.1951,2018-12-02,,,,,0.0,0.0,0.0,0.0,,0.0,,1,🟢 Bon risque fidèle,13.503613,1.8329703
CLT03111,41,Occitanie,0,0,Partenaire banque,0.0807,2020-05-09,2.0,2280.0,1140.0,2.0,0.0,0.0,0.0,0.0,0.0,0.0,0.0,2,🔵 Risque modéré,-6.0086656,7.1690373
CLT03112,40,Centre-Val de Loire,4,0,Agent,0.0534,2020-04-15,1.0,1228.0,1228.0,1.0,0.0,0.0,0.0,0.0,0.0,0.0,0.0,2,🔵 Risque modéré,1.5751697,10.405366
CLT03113,40,Auvergne-Rhône-Alpes,3,3,Agent,0.3518,2019-04-02,2.0,2936.0,1468.0,2.0,0.0,0.0,0.0,0.0,0.0,0.0,0.0,2,🔵 Risque modéré,-1.727661,2.6125693
CLT03114,37,Auvergne-Rhône-Alpes,6,0,Web,0.0228,2016-05-06,2.0,2094.0,1047.0,1.0,0.0,0.0,0.0,0.0,0.0,0.0,0.0,2,🔵 Risque modéré,1.4236703,9.954071
CLT03115,19,Île-de-France,1,3,Courtier,0.4736,2020-12-29,3.0,3513.0,1171.0,2.0,4.0,37583.0,9395.75,1.0,1.3333333333333333,0.25,10.698263592371193,3,🔴 Très haut risque,-1.9876359,4.62032
CLT03116,46,Auvergne-Rhône-Alpes,11,0,Agent,0.0887,2016-05-08,2.0,2699.0,1349.5,2.0,2.0,3146.0,1573.0,0.0,1.0,0.0,1.1656168951463506,2,🔵 Risque modéré,-4.6779404,5.871796
CLT03117,65,Normandie,1,2,Web,0.3729,2019-06-06,1.0,2000.0,2000.0,1.0,0.0,0.0,0.0,0.0,0.0,0.0,0.0,2,🔵 Risque modéré,-0.62164944,1.8280829
CLT03118,33,Bretagne,7,1,Web,0.01,2019-10-21,1.0,1354.0,1354.0,1.0,0.0,0.0,0.0,0.0,0.0,0.0,0.0,2,🔵 Risque modéré,0.34892923,0.65876883
CLT03119,37,Île-de-France,6,0,Courtier,0.0431,2017-08-28,,,,,0.0,0.0,0.0,0.0,,0.0,,1,🟢 Bon risque fidèle,15.15713,6.318755
CLT03120,61,Bretagne,0,0,Courtier,0.0867,2019-06-20,,,,,0.0,0.0,0.0,0.0,,0.0,,1,🟢 Bon risque fidèle,14.172569,8.56214
CLT03121,22,Bretagne,1,4,Web,0.3616,2019-05-14,,,,,0.0,0.0,0.0,0.0,,0.0,,1,🟢 Bon risque fidèle,12.130223,2.9275672
CLT03122,27,Centre-Val de Loire,7,1,Web,0.0531,2018-02-27,2.0,2865.0,1432.5,2.0,0.0,0.0,0.0,0.0,0.0,0.0,0.0,2,🔵 Risque modéré,-4.118821,2.8161902
CLT03123,43,Normandie,3,1,Agent,0.01,2020-12-09,1.0,1765.0,1765.0,1.0,2.0,6752.0,3376.0,0.0,2.0,0.0,3.8254957507082152,3,🔴 Très haut risque,-0.8218119,5.428549
CLT03124,40,Centre-Val de Loire,5,2,Agent,0.3367,2017-11-28,4.0,6028.0,1507.0,2.0,4.0,26592.0,6648.0,0.0,1.0,0.0,4.411413404114134,3,🔴 Très haut risque,-2.1295338,3.7246044
CLT03125,40,Île-de-France,2,2,Courtier,0.1353,2017-11-05,4.0,5581.0,1395.25,2.0,2.0,27582.0,13791.0,1.0,0.5,0.5,4.94212506719226,0,🟠 Risque élevé,-2.9753075,5.1014137
CLT03126,22,Centre-Val de Loire,8,1,Web,0.1227,2016-07-31,7.0,9605.0,1372.142857142857,2.0,1.0,4659.0,4659.0,0.0,0.14285714285714285,0.0,0.4850598646538261,2,🔵 Risque modéré,-4.4056306,4.959565
CLT03127,44,Île-de-France,4,0,Courtier,0.0348,2016-05-20,1.0,1177.0,1177.0,1.0,0.0,0.0,0.0,0.0,0.0,0.0,0.0,2,🔵 Risque modéré,1.4979395,10.351193
CLT03128,69,Centre-Val de Loire,1,1,Agent,0.3644,2017-02-02,,,,,0.0,0.0,0.0,0.0,,0.0,,1,🟢 Bon risque fidèle,13.547057,0.97550106
CLT03129,36,Centre-Val de Loire,1,0,Web,0.0715,2018-11-10,,,,,0.0,0.0,0.0,0.0,,0.0,,1,🟢 Bon risque fidèle,15.679549,7.411069
CLT03130,73,Hauts-de-France,3,0,Courtier,0.164,2018-09-14,1.0,601.0,601.0,1.0,0.0,0.0,0.0,0.0,0.0,0.0,0.0,2,🔵 Risque modéré,0.49731436,11.193514
CLT03131,58,Centre-Val de Loire,2,1,Courtier,0.1519,2017-05-14,,,,,0.0,0.0,0.0,0.0,,0.0,,1,🟢 Bon risque fidèle,13.40947,1.5291997
CLT03132,35,Nouvelle-Aquitaine,4,3,Agent,0.3746,2016-05-05,4.0,5233.0,1308.25,3.0,3.0,17944.0,5981.333333333333,0.0,0.75,0.0,3.4290082170838905,3,🔴 Très haut risque,-2.0879571,3.5764465
CLT03133,21,Nouvelle-Aquitaine,3,0,Web,0.3212,2018-06-13,1.0,935.0,935.0,1.0,1.0,16302.0,16302.0,0.0,1.0,0.0,17.435294117647057,3,🔴 Très haut risque,-1.7068677,6.126982
CLT03134,18,Grand Est,0,1,Partenaire banque,0.2161,2020-03-26,,,,,0.0,0.0,0.0,0.0,,0.0,,1,🟢 Bon risque fidèle,15.123293,1.2439181
CLT03135,45,Provence-Alpes-Côte d'Azur,4,1,Web,0.2237,2020-12-19,1.0,792.0,792.0,1.0,0.0,0.0,0.0,0.0,0.0,0.0,0.0,2,🔵 Risque modéré,1.1257095,0.93873805
CLT03136,44,Grand Est,20,0,Agent,0.0619,2016-10-30,1.0,801.0,801.0,1.0,1.0,198.0,198.0,0.0,1.0,0.0,0.24719101123595505,2,🔵 Risque modéré,-0.62024254,6.8996162
CLT03137,38,Normandie,3,2,Web,0.2815,2017-12-05,1.0,2748.0,2748.0,1.0,1.0,2423.0,2423.0,0.0,1.0,0.0,0.8817321688500728,2,🔵 Risque modéré,-0.32243335,3.9155529
CLT03138,39,Hauts-de-France,4,0,Courtier,0.0919,2016-01-19,1.0,2627.0,2627.0,1.0,1.0,21177.0,21177.0,0.0,1.0,0.0,8.061286638751428,3,🔴 Très haut risque,-1.7595156,6.4290752
CLT03139,18,Grand Est,1,1,Courtier,0.2373,2019-10-23,2.0,2603.0,1301.5,2.0,1.0,532.0,532.0,0.0,0.5,0.0,0.20437956204379562,2,🔵 Risque modéré,-2.8026006,3.1301498
CLT03140,47,Nouvelle-Aquitaine,1,0,Web,0.1213,2018-11-06,2.0,2508.0,1254.0,1.0,1.0,8589.0,8589.0,0.0,0.5,0.0,3.424641148325359,2,🔵 Risque modéré,0.10310204,8.329897
CLT03141,33,Grand Est,11,0,Téléphone,0.01,2018-05-16,1.0,1365.0,1365.0,1.0,0.0,0.0,0.0,0.0,0.0,0.0,0.0,2,🔵 Risque modéré,2.023426,9.233895
CLT03142,37,Provence-Alpes-Côte d'Azur,0,1,Web,0.2311,2017-02-16,,,,,0.0,0.0,0.0,0.0,,0.0,,1,🟢 Bon risque fidèle,14.564702,1.1005033
CLT03143,48,Occitanie,0,1,Agent,0.3748,2017-12-02,,,,,0.0,0.0,0.0,0.0,,0.0,,1,🟢 Bon risque fidèle,13.955315,0.7433489
CLT03144,42,Occitanie,3,0,Agent,0.2441,2019-11-25,2.0,3136.0,1568.0,2.0,0.0,0.0,0.0,0.0,0.0,0.0,0.0,2,🔵 Risque modéré,-6.038435,7.174351
CLT03145,44,Normandie,2,0,Courtier,0.01,2017-11-11,2.0,2931.0,1465.5,1.0,0.0,0.0,0.0,0.0,0.0,0.0,0.0,2,🔵 Risque modéré,1.2281272,10.444867
CLT03146,58,Centre-Val de Loire,0,0,Courtier,0.2095,2017-11-20,1.0,2534.0,2534.0,1.0,1.0,117.0,117.0,0.0,1.0,0.0,0.04617205998421468,2,🔵 Risque modéré,0.30650353,5.633995
CLT03147,30,Centre-Val de Loire,1,0,Web,0.0713,2017-11-06,2.0,2740.0,1370.0,2.0,2.0,4589.0,2294.5,0.0,1.0,0.0,1.6748175182481753,2,🔵 Risque modéré,-4.353223,7.077408
CLT03148,35,Nouvelle-Aquitaine,6,2,Web,0.411,2020-12-01,,,,,0.0,0.0,0.0,0.0,,0.0,,1,🟢 Bon risque fidèle,12.358248,2.742858
CLT03149,66,Île-de-France,1,0,Courtier,0.1675,2016-01-10,1.0,1590.0,1590.0,1.0,0.0,0.0,0.0,0.0,0.0,0.0,0.0,2,🔵 Risque modéré,0.41833636,11.390187
CLT03150,45,Occitanie,3,1,Agent,0.1851,2018-08-15,3.0,5977.0,1992.3333333333333,3.0,1.0,3330.0,3330.0,0.0,0.3333333333333333,0.0,0.5571356867993977,2,🔵 Risque modéré,-3.779191,3.910179
CLT03151,44,Centre-Val de Loire,0,1,Web,0.0532,2018-09-13,1.0,2556.0,2556.0,1.0,0.0,0.0,0.0,0.0,0.0,0.0,0.0,2,🔵 Risque modéré,0.7317025,1.1964684
CLT03152,50,Provence-Alpes-Côte d'Azur,2,0,Téléphone,0.1357,2018-02-10,,,,,0.0,0.0,0.0,0.0,,0.0,,1,🟢 Bon risque fidèle,14.840873,8.178775
CLT03153,36,Occitanie,0,0,Courtier,0.1103,2020-08-20,4.0,4634.0,1158.5,3.0,1.0,1537.0,1537.0,0.0,0.25,0.0,0.33167889512300386,2,🔵 Risque modéré,-4.601413,5.079444
CLT03154,49,Île-de-France,7,0,Courtier,0.01,2016-06-02,1.0,959.0,959.0,1.0,0.0,0.0,0.0,0.0,0.0,0.0,0.0,2,🔵 Risque modéré,1.4885436,9.850325
CLT03155,26,Provence-Alpes-Côte d'Azur,9,0,Web,0.01,2016-08-25,2.0,4805.0,2402.5,2.0,0.0,0.0,0.0,0.0,0.0,0.0,0.0,2,🔵 Risque modéré,-5.5332813,6.6238804
CLT03156,28,Nouvelle-Aquitaine,3,0,Web,0.249,2017-02-04,1.0,2461.0,2461.0,1.0,0.0,0.0,0.0,0.0,0.0,0.0,0.0,2,🔵 Risque modéré,3.2119923,10.863924
CLT03157,58,Centre-Val de Loire,3,0,Téléphone,0.01,2018-01-09,1.0,885.0,885.0,1.0,0.0,0.0,0.0,0.0,0.0,0.0,0.0,2,🔵 Risque modéré,0.6948018,10.578133
CLT03158,36,Île-de-France,2,2,Partenaire banque,0.1793,2017-02-13,,,,,0.0,0.0,0.0,0.0,,0.0,,1,🟢 Bon risque fidèle,12.636705,2.5234828
CLT03159,31,Occitanie,2,0,Web,0.0192,2017-03-26,1.0,2187.0,2187.0,1.0,1.0,1626.0,1626.0,0.0,1.0,0.0,0.7434842249657064,2,🔵 Risque modéré,0.58231044,6.111965
CLT03160,29,Hauts-de-France,3,4,Agent,0.4511,2017-11-28,1.0,3410.0,3410.0,1.0,1.0,2189.0,2189.0,0.0,1.0,0.0,0.6419354838709678,3,🔴 Très haut risque,-0.8263533,3.639967
CLT03161,32,Grand Est,0,2,Web,0.2385,2017-02-07,1.0,1221.0,1221.0,1.0,0.0,0.0,0.0,0.0,0.0,0.0,0.0,2,🔵 Risque modéré,-1.051773,1.4298787
CLT03162,60,Île-de-France,10,2,Web,0.2735,2017-06-22,2.0,2240.0,1120.0,2.0,1.0,183.0,183.0,0.0,0.5,0.0,0.08169642857142857,2,🔵 Risque modéré,-1.9732847,2.9963937
CLT03163,50,Auvergne-Rhône-Alpes,1,0,Web,0.01,2019-10-21,2.0,4940.0,2470.0,2.0,0.0,0.0,0.0,0.0,0.0,0.0,0.0,2,🔵 Risque modéré,-6.4320135,6.694181
CLT03164,54,Nouvelle-Aquitaine,5,0,Courtier,0.1334,2020-06-02,2.0,3113.0,1556.5,1.0,0.0,0.0,0.0,0.0,0.0,0.0,0.0,2,🔵 Risque modéré,1.0505252,10.213871
CLT03165,18,Auvergne-Rhône-Alpes,0,1,Web,0.2913,2017-03-08,4.0,5535.0,1383.75,3.0,4.0,8298.0,2074.5,0.0,1.0,0.0,1.4991869918699188,2,🔵 Risque modéré,-3.3445077,3.9795153
CLT03166,43,Hauts-de-France,0,1,Courtier,0.1777,2018-01-29,1.0,1240.0,1240.0,1.0,0.0,0.0,0.0,0.0,0.0,0.0,0.0,2,🔵 Risque modéré,1.3879284,1.0473859
CLT03167,18,Provence-Alpes-Côte d'Azur,7,0,Agent,0.1861,2018-12-17,,,,,0.0,0.0,0.0,0.0,,0.0,,1,🟢 Bon risque fidèle,16.10756,6.496313
CLT03168,51,Centre-Val de Loire,1,0,Téléphone,0.0469,2020-12-05,5.0,8642.0,1728.4,3.0,4.0,44981.0,11245.25,0.0,0.8,0.0,5.204929414487387,3,🔴 Très haut risque,-3.3258061,6.112112
CLT03169,64,Auvergne-Rhône-Alpes,1,0,Web,0.01,2020-12-14,2.0,2728.0,1364.0,1.0,1.0,1444.0,1444.0,0.0,0.5,0.0,0.5293255131964809,2,🔵 Risque modéré,0.44786468,9.86908
CLT03170,43,Nouvelle-Aquitaine,5,0,Agent,0.01,2017-01-29,2.0,3445.0,1722.5,2.0,1.0,2506.0,2506.0,0.0,0.5,0.0,0.7274310595065312,2,🔵 Risque modéré,-4.7790604,6.283805
CLT03171,30,Grand Est,0,0,Courtier,0.084,2018-02-07,3.0,3759.0,1253.0,1.0,0.0,0.0,0.0,0.0,0.0,0.0,0.0,2,🔵 Risque modéré,1.7926193,10.898353
CLT03172,80,Provence-Alpes-Côte d'Azur,11,0,Courtier,0.01,2019-07-28,,,,,0.0,0.0,0.0,0.0,,0.0,,1,🟢 Bon risque fidèle,14.231598,5.451029
CLT03173,51,Occitanie,2,1,Partenaire banque,0.4227,2020-04-13,1.0,2648.0,2648.0,1.0,0.0,0.0,0.0,0.0,0.0,0.0,0.0,2,🔵 Risque modéré,0.35816517,1.8092101
CLT03174,43,Centre-Val de Loire,1,0,Courtier,0.064,2020-10-17,3.0,5135.0,1711.6666666666667,2.0,1.0,1578.0,1578.0,0.0,0.3333333333333333,0.0,0.30730282375851997,2,🔵 Risque modéré,-4.963574,6.7368183
CLT03175,30,Grand Est,3,0,Web,0.01,2016-11-02,,,,,0.0,0.0,0.0,0.0,,0.0,,1,🟢 Bon risque fidèle,15.8679,6.664107
CLT03176,34,Provence-Alpes-Côte d'Azur,2,1,Web,0.01,2019-07-15,1.0,1557.0,1557.0,1.0,1.0,8397.0,8397.0,0.0,1.0,0.0,5.393063583815029,3,🔴 Très haut risque,-0.2152469,5.4582996
CLT03177,43,Hauts-de-France,6,0,Téléphone,0.098,2020-10-11,2.0,2854.0,1427.0,1.0,0.0,0.0,0.0,0.0,0.0,0.0,0.0,2,🔵 Risque modéré,1.3566874,10.066321
CLT03178,56,Grand Est,9,0,Partenaire banque,0.01,2020-12-21,3.0,5487.0,1829.0,1.0,1.0,419.0,419.0,0.0,0.3333333333333333,0.0,0.07636231091671222,2,🔵 Risque modéré,1.1567822,9.505966
CLT03179,41,Normandie,9,0,Web,0.01,2016-06-17,2.0,2300.0,1150.0,2.0,1.0,1888.0,1888.0,0.0,0.5,0.0,0.8208695652173913,2,🔵 Risque modéré,-4.9444604,6.0045037
CLT03180,60,Normandie,6,1,Agent,0.236,2019-06-15,,,,,0.0,0.0,0.0,0.0,,0.0,,1,🟢 Bon risque fidèle,13.583868,1.6963781
CLT03181,43,Auvergne-Rhône-Alpes,5,0,Web,0.0892,2018-03-07,3.0,4289.0,1429.6666666666667,2.0,0.0,0.0,0.0,0.0,0.0,0.0,0.0,2,🔵 Risque modéré,-5.6928988,6.6365185
CLT03182,25,Grand Est,1,1,Courtier,0.2732,2018-11-30,2.0,1893.0,946.5,2.0,0.0,0.0,0.0,0.0,0.0,0.0,0.0,2,🔵 Risque modéré,-2.9150176,2.6404407
CLT03183,26,Normandie,3,0,Web,0.1605,2020-01-01,3.0,3635.0,1211.6666666666667,2.0,0.0,0.0,0.0,0.0,0.0,0.0,0.0,2,🔵 Risque modéré,-5.346979,7.3634887
CLT03184,19,Provence-Alpes-Côte d'Azur,5,1,Courtier,0.272,2018-09-18,3.0,3224.0,1074.6666666666667,2.0,2.0,2665.0,1332.5,0.0,0.6666666666666666,0.0,0.8266129032258065,2,🔵 Risque modéré,-2.776891,3.183373
CLT03185,56,Normandie,4,1,Courtier,0.0329,2019-04-07,2.0,2535.0,1267.5,2.0,0.0,0.0,0.0,0.0,0.0,0.0,0.0,2,🔵 Risque modéré,-3.9669623,3.1697974
CLT03186,20,Bretagne,1,0,Agent,0.01,2020-06-09,,,,,0.0,0.0,0.0,0.0,,0.0,,1,🟢 Bon risque fidèle,16.60211,6.7849216
CLT03187,33,Centre-Val de Loire,11,3,Agent,0.3277,2017-03-02,3.0,6012.0,2004.0,2.0,0.0,0.0,0.0,0.0,0.0,0.0,0.0,2,🔵 Risque modéré,-2.034907,2.4722362
CLT03188,38,Occitanie,0,1,Téléphone,0.2232,2018-07-16,1.0,1806.0,1806.0,1.0,1.0,245.0,245.0,0.0,1.0,0.0,0.13565891472868216,2,🔵 Risque modéré,0.03194849,4.2622538
CLT03189,30,Occitanie,4,0,Courtier,0.1413,2017-09-20,1.0,2009.0,2009.0,1.0,1.0,3510.0,3510.0,0.0,1.0,0.0,1.7471378795420607,2,🔵 Risque modéré,0.5002671,6.020738
CLT03190,37,Bretagne,4,0,Téléphone,0.094,2019-03-18,1.0,621.0,621.0,1.0,0.0,0.0,0.0,0.0,0.0,0.0,0.0,2,🔵 Risque modéré,1.8227359,11.119217
CLT03191,41,Nouvelle-Aquitaine,0,1,Partenaire banque,0.1236,2018-02-07,2.0,1893.0,946.5,1.0,0.0,0.0,0.0,0.0,0.0,0.0,0.0,2,🔵 Risque modéré,1.3966365,0.7967471
CLT03192,53,Hauts-de-France,1,0,Courtier,0.01,2016-10-04,1.0,1436.0,1436.0,1.0,0.0,0.0,0.0,0.0,0.0,0.0,0.0,2,🔵 Risque modéré,0.51119864,10.732822
CLT03193,35,Auvergne-Rhône-Alpes,0,0,Web,0.1455,2018-11-30,,,,,0.0,0.0,0.0,0.0,,0.0,,1,🟢 Bon risque fidèle,15.939351,7.855106
CLT03194,60,Provence-Alpes-Côte d'Azur,1,1,Web,0.01,2016-03-27,1.0,1057.0,1057.0,1.0,0.0,0.0,0.0,0.0,0.0,0.0,0.0,2,🔵 Risque modéré,1.0248175,0.30093768
CLT03195,18,Normandie,4,1,Courtier,0.1016,2017-11-21,4.0,4318.0,1079.5,3.0,3.0,844.0,281.3333333333333,0.0,0.75,0.0,0.1954608615099583,2,🔵 Risque modéré,-3.7030685,4.011852
CLT03196,19,Bretagne,0,0,Courtier,0.056,2018-06-06,3.0,3133.0,1044.3333333333333,2.0,1.0,2387.0,2387.0,0.0,0.3333333333333333,0.0,0.7618895627194382,2,🔵 Risque modéré,-5.007643,7.267789
CLT03197,30,Bretagne,1,1,Courtier,0.155,2018-10-17,3.0,6860.0,2286.6666666666665,2.0,2.0,31481.0,15740.5,0.0,0.6666666666666666,0.0,4.589067055393586,3,🔴 Très haut risque,-2.4489133,5.791397
CLT03198,53,Provence-Alpes-Côte d'Azur,2,0,Web,0.2311,2016-02-22,,,,,0.0,0.0,0.0,0.0,,0.0,,1,🟢 Bon risque fidèle,15.027675,8.7329035
CLT03199,59,Nouvelle-Aquitaine,1,0,Courtier,0.01,2017-06-29,2.0,2017.0,1008.5,2.0,0.0,0.0,0.0,0.0,0.0,0.0,0.0,2,🔵 Risque modéré,-6.053799,6.172098
CLT03200,70,Auvergne-Rhône-Alpes,2,1,Courtier,0.0825,2016-06-19,2.0,3800.0,1900.0,2.0,0.0,0.0,0.0,0.0,0.0,0.0,0.0,2,🔵 Risque modéré,-3.6700318,3.2508454
CLT03201,53,Hauts-de-France,5,0,Téléphone,0.0464,2018-11-18,1.0,1356.0,1356.0,1.0,0.0,0.0,0.0,0.0,0.0,0.0,0.0,2,🔵 Risque modéré,1.081273,10.302328
CLT03202,49,Grand Est,7,0,Agent,0.01,2020-05-30,3.0,4515.0,1505.0,2.0,2.0,14683.0,7341.5,0.0,0.6666666666666666,0.0,3.252048726467331,2,🔵 Risque modéré,-3.4877465,6.270778
CLT03203,70,Hauts-de-France,2,1,Partenaire banque,0.2654,2016-07-22,2.0,2623.0,1311.5,1.0,2.0,6059.0,3029.5,0.0,1.0,0.0,2.3099504384292793,2,🔵 Risque modéré,-0.35793054,4.6092267
CLT03204,21,Auvergne-Rhône-Alpes,0,0,Web,0.2357,2016-03-21,1.0,1393.0,1393.0,1.0,1.0,4015.0,4015.0,0.0,1.0,0.0,2.8822684852835607,2,🔵 Risque modéré,0.7453033,5.843283
CLT03205,58,Grand Est,1,1,Web,0.3336,2017-02-08,2.0,3475.0,1737.5,1.0,1.0,12375.0,12375.0,1.0,0.5,1.0,3.5611510791366907,0,🟠 Risque élevé,-4.7909856,21.959627
CLT03206,41,Provence-Alpes-Côte d'Azur,5,0,Web,0.01,2020-03-08,2.0,2687.0,1343.5,1.0,2.0,12219.0,6109.5,0.0,1.0,0.0,4.547450688500186,3,🔴 Très haut risque,-0.073404394,6.1479673
CLT03207,45,Hauts-de-France,19,0,Web,0.2167,2019-05-24,,,,,0.0,0.0,0.0,0.0,,0.0,,1,🟢 Bon risque fidèle,14.515391,4.8789277
CLT03208,29,Nouvelle-Aquitaine,0,0,Partenaire banque,0.098,2020-03-22,2.0,2315.0,1157.5,2.0,0.0,0.0,0.0,0.0,0.0,0.0,0.0,2,🔵 Risque modéré,-5.7019725,7.519165
CLT03209,39,Grand Est,4,0,Téléphone,0.1017,2016-01-20,2.0,2076.0,1038.0,2.0,1.0,2836.0,2836.0,0.0,0.5,0.0,1.3660886319845857,2,🔵 Risque modéré,-4.7072034,6.6234517
CLT03210,48,Hauts-de-France,0,2,Web,0.415,2017-12-12,,,,,0.0,0.0,0.0,0.0,,0.0,,1,🟢 Bon risque fidèle,12.108345,2.508056
CLT03211,75,Bretagne,20,0,Partenaire banque,0.0531,2020-08-12,,,,,0.0,0.0,0.0,0.0,,0.0,,1,🟢 Bon risque fidèle,14.387683,5.126883
CLT03212,28,Centre-Val de Loire,9,1,Agent,0.0551,2016-01-27,,,,,0.0,0.0,0.0,0.0,,0.0,,1,🟢 Bon risque fidèle,14.306007,2.7573526
CLT03213,68,Normandie,3,1,Agent,0.1748,2020-04-09,3.0,7062.0,2354.0,2.0,1.0,2929.0,2929.0,0.0,0.3333333333333333,0.0,0.4147550269045596,2,🔵 Risque modéré,-3.323752,3.4716344
CLT03214,56,Nouvelle-Aquitaine,0,0,Téléphone,0.0629,2017-04-13,1.0,1427.0,1427.0,1.0,0.0,0.0,0.0,0.0,0.0,0.0,0.0,2,🔵 Risque modéré,0.3749515,10.949764
CLT03215,40,Occitanie,1,1,Agent,0.1478,2017-03-07,,,,,0.0,0.0,0.0,0.0,,0.0,,1,🟢 Bon risque fidèle,14.312869,1.513208
CLT03216,69,Normandie,0,0,Web,0.0191,2019-04-19,2.0,2324.0,1162.0,2.0,0.0,0.0,0.0,0.0,0.0,0.0,0.0,2,🔵 Risque modéré,-6.0379887,6.1064186
CLT03217,62,Grand Est,5,0,Agent,0.1814,2020-01-21,2.0,2646.0,1323.0,1.0,2.0,9625.0,4812.5,0.0,1.0,0.0,3.6375661375661377,3,🔴 Très haut risque,0.15944962,5.9321365
CLT03218,55,Normandie,13,0,Web,0.1142,2016-06-26,1.0,1026.0,1026.0,1.0,0.0,0.0,0.0,0.0,0.0,0.0,0.0,2,🔵 Risque modéré,1.5725499,9.248536
CLT03219,72,Provence-Alpes-Côte d'Azur,20,0,Téléphone,0.1101,2018-05-30,2.0,2857.0,1428.5,2.0,2.0,7374.0,3687.0,0.0,1.0,0.0,2.5810290514525724,2,🔵 Risque modéré,-0.86832553,6.904774
CLT03220,18,Bretagne,2,0,Web,0.1683,2018-07-12,2.0,2936.0,1468.0,2.0,0.0,0.0,0.0,0.0,0.0,0.0,0.0,2,🔵 Risque modéré,-5.3785825,7.5467052
CLT03221,43,Grand Est,1,0,Web,0.0316,2016-10-13,2.0,2824.0,1412.0,2.0,0.0,0.0,0.0,0.0,0.0,0.0,0.0,2,🔵 Risque modéré,-6.238389,6.9621797
CLT03222,37,Centre-Val de Loire,12,1,Téléphone,0.0868,2017-09-19,3.0,3549.0,1183.0,2.0,0.0,0.0,0.0,0.0,0.0,0.0,0.0,2,🔵 Risque modéré,-4.5838656,3.5467525
CLT03223,54,Île-de-France,2,1,Courtier,0.1634,2019-09-13,1.0,610.0,610.0,1.0,1.0,173.0,173.0,1.0,1.0,1.0,0.2836065573770492,0,🟠 Risque élevé,-4.671826,22.111944
CLT03224,48,Provence-Alpes-Côte d'Azur,1,0,Web,0.2535,2018-05-10,1.0,1480.0,1480.0,1.0,1.0,3858.0,3858.0,0.0,1.0,0.0,2.6067567567567567,2,🔵 Risque modéré,0.5371156,5.695072
CLT03225,38,Bretagne,0,0,Agent,0.3473,2018-04-08,2.0,5185.0,2592.5,1.0,0.0,0.0,0.0,0.0,0.0,0.0,0.0,2,🔵 Risque modéré,1.0141276,11.866027
CLT03226,60,Grand Est,0,0,Web,0.1059,2019-04-19,,,,,0.0,0.0,0.0,0.0,,0.0,,1,🟢 Bon risque fidèle,14.285322,8.569626
CLT03227,48,Île-de-France,1,1,Courtier,0.2963,2016-03-08,2.0,3796.0,1898.0,2.0,4.0,25230.0,6307.5,0.0,2.0,0.0,6.646469968387777,3,🔴 Très haut risque,-1.5347875,5.087855
CLT03228,48,Nouvelle-Aquitaine,11,0,Web,0.01,2017-11-09,,,,,0.0,0.0,0.0,0.0,,0.0,,1,🟢 Bon risque fidèle,14.497613,5.489206
CLT03229,36,Centre-Val de Loire,0,0,Agent,0.0147,2019-05-21,1.0,729.0,729.0,1.0,0.0,0.0,0.0,0.0,0.0,0.0,0.0,2,🔵 Risque modéré,1.9330001,11.302113
CLT03230,50,Centre-Val de Loire,8,0,Courtier,0.01,2018-03-13,,,,,0.0,0.0,0.0,0.0,,0.0,,1,🟢 Bon risque fidèle,14.407913,5.722268
CLT03231,40,Bretagne,0,0,Web,0.1015,2018-03-13,1.0,1951.0,1951.0,1.0,0.0,0.0,0.0,0.0,0.0,0.0,0.0,2,🔵 Risque modéré,2.5741491,10.760661
CLT03232,33,Auvergne-Rhône-Alpes,8,1,Courtier,0.1631,2017-01-22,1.0,1652.0,1652.0,1.0,0.0,0.0,0.0,0.0,0.0,0.0,0.0,2,🔵 Risque modéré,0.43684167,0.8631728
CLT03233,47,Normandie,9,1,Web,0.01,2019-03-14,1.0,1386.0,1386.0,1.0,1.0,2325.0,2325.0,0.0,1.0,0.0,1.6774891774891776,2,🔵 Risque modéré,-0.05231419,5.5392585
CLT03234,18,Normandie,20,1,Agent,0.2344,2017-09-17,1.0,3233.0,3233.0,1.0,1.0,11285.0,11285.0,0.0,1.0,0.0,3.490566037735849,3,🔴 Très haut risque,-0.8915958,6.49943
CLT03235,68,Auvergne-Rhône-Alpes,1,0,Web,0.01,2019-10-16,1.0,1466.0,1466.0,1.0,1.0,5033.0,5033.0,0.0,1.0,0.0,3.4331514324693044,2,🔵 Risque modéré,0.24310395,6.1296296
CLT03236,51,Grand Est,3,0,Web,0.0535,2020-08-21,4.0,8365.0,2091.25,2.0,4.0,8314.0,2078.5,0.0,1.0,0.0,0.9939031679617454,2,🔵 Risque modéré,-4.22877,6.0801945
CLT03237,37,Centre-Val de Loire,1,0,Courtier,0.1462,2017-01-19,3.0,4144.0,1381.3333333333333,2.0,1.0,33523.0,33523.0,0.0,0.3333333333333333,0.0,8.089527027027026,3,🔴 Très haut risque,-2.2148116,6.5383925
CLT03238,60,Occitanie,2,1,Web,0.4073,2018-03-03,1.0,503.0,503.0,1.0,1.0,268.0,268.0,0.0,1.0,0.0,0.532803180914513,2,🔵 Risque modéré,-0.28015128,4.3813815
CLT03239,33,Hauts-de-France,6,1,Web,0.1909,2017-08-21,,,,,0.0,0.0,0.0,0.0,,0.0,,1,🟢 Bon risque fidèle,14.321896,2.3327634
CLT03240,71,Grand Est,0,1,Web,0.1771,2016-04-29,3.0,4347.0,1449.0,2.0,4.0,13790.0,3447.5,0.0,1.3333333333333333,0.0,3.1723027375201287,3,🔴 Très haut risque,-2.7188816,4.3427324
CLT03241,45,Provence-Alpes-Côte d'Azur,5,0,Courtier,0.01,2016-12-19,1.0,1242.0,1242.0,1.0,0.0,0.0,0.0,0.0,0.0,0.0,0.0,2,🔵 Risque modéré,1.5377855,10.163926
CLT03242,35,Provence-Alpes-Côte d'Azur,5,0,Téléphone,0.2941,2018-04-23,1.0,980.0,980.0,1.0,0.0,0.0,0.0,0.0,0.0,0.0,0.0,2,🔵 Risque modéré,1.7158781,11.566154
CLT03243,53,Bretagne,12,1,Web,0.0986,2016-08-16,2.0,3575.0,1787.5,1.0,1.0,1095.0,1095.0,0.0,0.5,0.0,0.3062937062937063,2,🔵 Risque modéré,-0.102935486,0.49366328
CLT03244,31,Nouvelle-Aquitaine,2,0,Courtier,0.01,2018-09-08,,,,,0.0,0.0,0.0,0.0,,0.0,,1,🟢 Bon risque fidèle,15.790727,6.8046293
CLT03245,61,Auvergne-Rhône-Alpes,5,2,Courtier,0.1018,2020-11-09,3.0,3171.0,1057.0,2.0,2.0,4603.0,2301.5,0.0,0.6666666666666666,0.0,1.4515925575528223,2,🔵 Risque modéré,-3.0472646,3.7051182
CLT03246,76,Occitanie,0,0,Web,0.2038,2017-02-27,1.0,1935.0,1935.0,1.0,1.0,5094.0,5094.0,0.0,1.0,0.0,2.6325581395348836,3,🔴 Très haut risque,0.23404449,5.758117
CLT03247,55,Hauts-de-France,9,0,Courtier,0.0468,2019-12-26,3.0,5057.0,1685.6666666666667,2.0,1.0,9269.0,9269.0,0.0,0.3333333333333333,0.0,1.832904884318766,2,🔵 Risque modéré,-3.419531,6.1344433
CLT03248,59,Normandie,3,0,Web,0.087,2019-03-25,,,,,0.0,0.0,0.0,0.0,,0.0,,1,🟢 Bon risque fidèle,14.202301,8.328897
CLT03249,42,Hauts-de-France,9,0,Courtier,0.0199,2018-10-28,4.0,5449.0,1362.25,2.0,4.0,35118.0,8779.5,0.0,1.0,0.0,6.444852266470912,3,🔴 Très haut risque,-3.428853,6.271563
CLT03250,59,Normandie,0,1,Web,0.2087,2016-01-18,2.0,2193.0,1096.5,2.0,1.0,9781.0,9781.0,0.0,0.5,0.0,4.460100319197446,3,🔴 Très haut risque,-2.4078789,4.5884824
CLT03251,48,Nouvelle-Aquitaine,0,0,Courtier,0.2221,2020-08-17,2.0,2020.0,1010.0,1.0,0.0,0.0,0.0,0.0,0.0,0.0,0.0,2,🔵 Risque modéré,1.1185311,11.631938
CLT03252,56,Bretagne,2,1,Agent,0.3236,2017-05-22,,,,,0.0,0.0,0.0,0.0,,0.0,,1,🟢 Bon risque fidèle,13.709814,0.8411775
CLT03253,31,Grand Est,10,0,Web,0.01,2019-03-13,1.0,1356.0,1356.0,1.0,1.0,2098.0,2098.0,0.0,1.0,0.0,1.547197640117994,2,🔵 Risque modéré,-0.40611428,6.666324
CLT03254,61,Normandie,0,0,Courtier,0.1131,2019-03-27,1.0,2238.0,2238.0,1.0,0.0,0.0,0.0,0.0,0.0,0.0,0.0,2,🔵 Risque modéré,0.3569092,11.171661
CLT03255,53,Île-de-France,3,2,Agent,0.1914,2017-08-14,1.0,2209.0,2209.0,1.0,0.0,0.0,0.0,0.0,0.0,0.0,0.0,2,🔵 Risque modéré,-0.50571114,1.4864395
CLT03256,47,Normandie,1,2,Web,0.4618,2020-09-23,1.0,1671.0,1671.0,1.0,0.0,0.0,0.0,0.0,0.0,0.0,0.0,2,🔵 Risque modéré,-0.7265975,1.9552901
CLT03257,28,Hauts-de-France,2,0,Courtier,0.01,2020-08-15,4.0,6575.0,1643.75,2.0,3.0,16290.0,5430.0,0.0,0.75,0.0,2.4775665399239544,2,🔵 Risque modéré,-4.1660795,6.0105057
CLT03258,18,Nouvelle-Aquitaine,3,0,Courtier,0.0146,2017-01-04,,,,,0.0,0.0,0.0,0.0,,0.0,,1,🟢 Bon risque fidèle,16.425785,6.562915
CLT03259,55,Centre-Val de Loire,12,1,Agent,0.1279,2018-07-28,2.0,2287.0,1143.5,2.0,1.0,2999.0,2999.0,0.0,0.5,0.0,1.3113248797551378,2,🔵 Risque modéré,-4.473809,3.809341
CLT03260,29,Bretagne,0,0,Téléphone,0.0578,2017-01-12,2.0,2739.0,1369.5,2.0,0.0,0.0,0.0,0.0,0.0,0.0,0.0,2,🔵 Risque modéré,-5.7717657,7.437832
CLT03261,67,Centre-Val de Loire,7,3,Web,0.3678,2019-12-03,3.0,5494.0,1831.3333333333333,2.0,2.0,4727.0,2363.5,0.0,0.6666666666666666,0.0,0.8603931561703677,2,🔵 Risque modéré,-1.7609555,3.3302984
CLT03262,44,Île-de-France,4,1,Web,0.1113,2020-11-19,1.0,1617.0,1617.0,1.0,1.0,10755.0,10755.0,0.0,1.0,0.0,6.651205936920222,3,🔴 Très haut risque,-0.67826676,5.3919945
CLT03263,39,Nouvelle-Aquitaine,1,0,Web,0.0934,2019-07-12,1.0,1747.0,1747.0,1.0,0.0,0.0,0.0,0.0,0.0,0.0,0.0,2,🔵 Risque modéré,2.4263115,10.863615
CLT03264,60,Grand Est,0,0,Web,0.1092,2016-05-18,2.0,2518.0,1259.0,2.0,1.0,5737.0,5737.0,0.0,0.5,0.0,2.278395552025417,2,🔵 Risque modéré,-4.2663107,6.3601346
CLT03265,37,Occitanie,2,0,Téléphone,0.0559,2018-04-24,,,,,0.0,0.0,0.0,0.0,,0.0,,1,🟢 Bon risque fidèle,15.371934,7.255682
CLT03266,35,Grand Est,0,1,Web,0.208,2018-01-27,2.0,4910.0,2455.0,1.0,0.0,0.0,0.0,0.0,0.0,0.0,0.0,2,🔵 Risque modéré,0.76170367,1.7220033
CLT03267,42,Auvergne-Rhône-Alpes,7,1,Agent,0.0868,2018-11-01,1.0,1098.0,1098.0,1.0,0.0,0.0,0.0,0.0,0.0,0.0,0.0,2,🔵 Risque modéré,0.36835495,0.5138734
CLT03268,65,Provence-Alpes-Côte d'Azur,0,3,Courtier,0.4917,2016-12-05,3.0,3779.0,1259.6666666666667,3.0,2.0,3183.0,1591.5,0.0,0.6666666666666666,0.0,0.8422863191320455,2,🔵 Risque modéré,-1.9007452,3.2943094
CLT03269,52,Hauts-de-France,4,1,Web,0.2942,2016-04-03,2.0,1470.0,735.0,1.0,1.0,265.0,265.0,0.0,0.5,0.0,0.18027210884353742,2,🔵 Risque modéré,0.7594765,2.0744298
CLT03270,26,Normandie,9,0,Web,0.01,2019-08-03,1.0,1334.0,1334.0,1.0,0.0,0.0,0.0,0.0,0.0,0.0,0.0,2,🔵 Risque modéré,2.0863626,9.526502
CLT03271,44,Normandie,4,2,Courtier,0.2669,2020-03-09,,,,,0.0,0.0,0.0,0.0,,0.0,,1,🟢 Bon risque fidèle,12.49232,2.4325361
CLT03272,34,Bretagne,2,0,Téléphone,0.1626,2018-03-25,3.0,3580.0,1193.3333333333333,1.0,2.0,9034.0,4517.0,0.0,0.6666666666666666,0.0,2.523463687150838,2,🔵 Risque modéré,0.22707172,8.678841
CLT03273,35,Île-de-France,1,1,Web,0.0264,2016-08-24,1.0,1344.0,1344.0,1.0,0.0,0.0,0.0,0.0,0.0,0.0,0.0,2,🔵 Risque modéré,1.5643064,0.6508728
CLT03274,28,Nouvelle-Aquitaine,4,2,Web,0.1912,2020-03-15,,,,,0.0,0.0,0.0,0.0,,0.0,,1,🟢 Bon risque fidèle,12.639824,2.6811688
CLT03275,42,Normandie,3,0,Courtier,0.1875,2016-05-21,1.0,796.0,796.0,1.0,1.0,236.0,236.0,0.0,1.0,0.0,0.2964824120603015,2,🔵 Risque modéré,0.74290025,5.971356
CLT03276,21,Auvergne-Rhône-Alpes,1,0,Courtier,0.0856,2017-05-13,2.0,2556.0,1278.0,1.0,0.0,0.0,0.0,0.0,0.0,0.0,0.0,2,🔵 Risque modéré,2.6363776,11.405781
CLT03277,50,Normandie,3,0,Web,0.146,2020-08-09,3.0,4246.0,1415.3333333333333,2.0,0.0,0.0,0.0,0.0,0.0,0.0,0.0,2,🔵 Risque modéré,-5.612958,6.419802
CLT03278,47,Hauts-de-France,3,0,Téléphone,0.0636,2016-12-17,1.0,1654.0,1654.0,1.0,0.0,0.0,0.0,0.0,0.0,0.0,0.0,2,🔵 Risque modéré,1.5087881,10.509741
CLT03279,49,Île-de-France,2,0,Agent,0.01,2016-12-30,4.0,5807.0,1451.75,3.0,1.0,4428.0,4428.0,0.0,0.25,0.0,0.762527983468228,2,🔵 Risque modéré,-4.7589746,5.1136007
CLT03280,49,Hauts-de-France,4,0,Web,0.1456,2020-02-29,,,,,0.0,0.0,0.0,0.0,,0.0,,1,🟢 Bon risque fidèle,14.822287,7.9995437
CLT03281,50,Bretagne,7,0,Web,0.0118,2019-10-09,1.0,1902.0,1902.0,1.0,0.0,0.0,0.0,0.0,0.0,0.0,0.0,2,🔵 Risque modéré,1.918596,9.760478
CLT03282,39,Île-de-France,1,2,Agent,0.1703,2016-11-12,1.0,2597.0,2597.0,1.0,1.0,3619.0,3619.0,0.0,1.0,0.0,1.3935309973045822,2,🔵 Risque modéré,-0.22133903,4.014475
CLT03283,48,Normandie,0,0,Courtier,0.117,2017-03-21,3.0,5676.0,1892.0,3.0,3.0,2327.0,775.6666666666666,2.0,1.0,0.6666666666666666,0.40997181113460185,0,🟠 Risque élevé,-3.1409483,5.136732
CLT03284,18,Île-de-France,1,2,Téléphone,0.2757,2018-12-28,1.0,1126.0,1126.0,1.0,0.0,0.0,0.0,0.0,0.0,0.0,0.0,2,🔵 Risque modéré,-1.042781,1.5006669
CLT03285,49,Occitanie,5,0,Courtier,0.01,2016-04-09,3.0,4091.0,1363.6666666666667,1.0,1.0,90.0,90.0,0.0,0.3333333333333333,0.0,0.02199951112197507,2,🔵 Risque modéré,0.9509662,9.785063
CLT03286,39,Grand Est,6,1,Agent,0.1305,2020-01-09,1.0,1541.0,1541.0,1.0,2.0,18620.0,9310.0,2.0,2.0,1.0,12.08306294613887,0,🟠 Risque élevé,-4.7177143,22.00789
CLT03287,39,Auvergne-Rhône-Alpes,1,0,Courtier,0.01,2017-09-25,1.0,1793.0,1793.0,1.0,1.0,3922.0,3922.0,0.0,1.0,0.0,2.18739542665923,2,🔵 Risque modéré,0.31585714,6.1250896
CLT03288,42,Normandie,5,0,Web,0.1567,2016-01-12,3.0,5054.0,1684.6666666666667,2.0,2.0,7860.0,3930.0,0.0,0.6666666666666666,0.0,1.555203798971112,2,🔵 Risque modéré,-4.5031652,6.3726654
CLT03289,37,Île-de-France,0,0,Agent,0.01,2020-04-22,5.0,6446.0,1289.2,2.0,1.0,1963.0,1963.0,0.0,0.2,0.0,0.3045299410487124,2,🔵 Risque modéré,-4.44587,5.7633066
CLT03290,38,Occitanie,12,0,Partenaire banque,0.01,2018-02-08,1.0,812.0,812.0,1.0,0.0,0.0,0.0,0.0,0.0,0.0,0.0,2,🔵 Risque modéré,1.846582,9.013748
CLT03291,45,Occitanie,15,0,Web,0.01,2016-02-04,1.0,1402.0,1402.0,1.0,0.0,0.0,0.0,0.0,0.0,0.0,0.0,2,🔵 Risque modéré,1.7689766,8.860758
CLT03292,35,Bretagne,8,2,Web,0.1713,2016-02-01,2.0,3830.0,1915.0,1.0,0.0,0.0,0.0,0.0,0.0,0.0,0.0,2,🔵 Risque modéré,-0.6902643,1.2391973
CLT03293,53,Provence-Alpes-Côte d'Azur,7,1,Téléphone,0.2526,2019-10-26,3.0,6136.0,2045.3333333333333,1.0,3.0,9923.0,3307.6666666666665,1.0,1.0,0.3333333333333333,1.6171773142112125,0,🟠 Risque élevé,-2.9828625,4.9974837
CLT03294,52,Auvergne-Rhône-Alpes,2,0,Web,0.01,2020-12-13,,,,,0.0,0.0,0.0,0.0,,0.0,,1,🟢 Bon risque fidèle,14.0602665,7.7897525
CLT03295,50,Auvergne-Rhône-Alpes,11,0,Agent,0.0959,2020-08-29,5.0,6139.0,1227.8,3.0,0.0,0.0,0.0,0.0,0.0,0.0,0.0,2,🔵 Risque modéré,-5.0782676,5.091722
CLT03296,24,Nouvelle-Aquitaine,9,0,Agent,0.0909,2016-04-02,1.0,2152.0,2152.0,1.0,1.0,6266.0,6266.0,0.0,1.0,0.0,2.9117100371747213,2,🔵 Risque modéré,-0.25842476,6.2814417
CLT03297,57,Bretagne,1,2,Courtier,0.3509,2020-07-30,4.0,5483.0,1370.75,2.0,1.0,6447.0,6447.0,0.0,0.25,0.0,1.1758161590370235,2,🔵 Risque modéré,-2.122254,3.3490398
CLT03298,50,Provence-Alpes-Côte d'Azur,13,0,Web,0.01,2019-07-09,2.0,2418.0,1209.0,1.0,0.0,0.0,0.0,0.0,0.0,0.0,0.0,2,🔵 Risque modéré,1.6274173,9.132696
CLT03299,77,Occitanie,0,0,Agent,0.01,2019-01-16,1.0,2231.0,2231.0,1.0,0.0,0.0,0.0,0.0,0.0,0.0,0.0,2,🔵 Risque modéré,0.3416923,10.584703
CLT03300,47,Bretagne,4,1,Partenaire banque,0.01,2016-09-06,1.0,1336.0,1336.0,1.0,0.0,0.0,0.0,0.0,0.0,0.0,0.0,2,🔵 Risque modéré,1.0438707,0.40139714
CLT03301,49,Occitanie,8,0,Web,0.1194,2018-01-02,,,,,0.0,0.0,0.0,0.0,,0.0,,1,🟢 Bon risque fidèle,14.811324,6.1769066
CLT03302,18,Provence-Alpes-Côte d'Azur,10,2,Web,0.1504,2018-04-05,,,,,0.0,0.0,0.0,0.0,,0.0,,1,🟢 Bon risque fidèle,13.487326,2.874241
CLT03303,29,Provence-Alpes-Côte d'Azur,1,1,Web,0.2159,2017-03-13,,,,,0.0,0.0,0.0,0.0,,0.0,,1,🟢 Bon risque fidèle,15.0088415,1.3951123
CLT03304,45,Normandie,5,0,Web,0.01,2019-09-11,3.0,4029.0,1343.0,2.0,2.0,18492.0,9246.0,0.0,0.6666666666666666,0.0,4.589724497393894,3,🔴 Très haut risque,-3.2743938,6.340601
CLT03305,37,Hauts-de-France,0,1,Agent,0.0132,2018-01-27,2.0,2043.0,1021.5,2.0,1.0,294.0,294.0,0.0,0.5,0.0,0.14390602055800295,2,🔵 Risque modéré,-3.7433143,2.7860737
CLT03306,46,Île-de-France,4,0,Web,0.1006,2017-03-25,1.0,1693.0,1693.0,1.0,1.0,5355.0,5355.0,0.0,1.0,0.0,3.1630242173656233,2,🔵 Risque modéré,0.055354223,6.0519657
CLT03307,18,Bretagne,1,1,Web,0.3294,2019-05-13,,,,,0.0,0.0,0.0,0.0,,0.0,,1,🟢 Bon risque fidèle,15.131203,1.1238344
CLT03308,46,Normandie,2,0,Partenaire banque,0.3417,2016-07-29,2.0,4124.0,2062.0,2.0,0.0,0.0,0.0,0.0,0.0,0.0,0.0,2,🔵 Risque modéré,-6.0807543,7.264682
CLT03309,35,Grand Est,3,1,Agent,0.1935,2020-10-09,,,,,0.0,0.0,0.0,0.0,,0.0,,1,🟢 Bon risque fidèle,14.647145,1.5644147
CLT03310,26,Centre-Val de Loire,3,0,Web,0.0781,2016-07-15,1.0,1408.0,1408.0,1.0,1.0,846.0,846.0,0.0,1.0,0.0,0.6008522727272727,2,🔵 Risque modéré,0.740532,6.049909
CLT03311,29,Centre-Val de Loire,2,2,Web,0.2827,2019-07-18,1.0,991.0,991.0,1.0,2.0,2387.0,1193.5,0.0,2.0,0.0,2.408678102926337,3,🔴 Très haut risque,-1.0469075,4.789392
CLT03312,51,Bretagne,9,0,Agent,0.01,2020-04-30,3.0,3862.0,1287.3333333333333,2.0,1.0,1340.0,1340.0,0.0,0.3333333333333333,0.0,0.3469704816157431,2,🔵 Risque modéré,-5.636539,5.509669
CLT03313,45,Nouvelle-Aquitaine,3,3,Web,0.5018,2019-07-27,1.0,1645.0,1645.0,1.0,1.0,3256.0,3256.0,1.0,1.0,1.0,1.9793313069908816,0,🟠 Risque élevé,-4.6498966,22.103947
CLT03314,71,Provence-Alpes-Côte d'Azur,1,1,Partenaire banque,0.2896,2019-09-28,3.0,5716.0,1905.3333333333333,3.0,2.0,3625.0,1812.5,0.0,0.6666666666666666,0.0,0.634184744576627,2,🔵 Risque modéré,-3.038237,3.8009715
CLT03315,37,Normandie,5,1,Web,0.0504,2016-02-08,,,,,0.0,0.0,0.0,0.0,,0.0,,1,🟢 Bon risque fidèle,14.300452,2.3275828
CLT03316,31,Centre-Val de Loire,9,1,Téléphone,0.1379,2018-07-10,2.0,2481.0,1240.5,1.0,1.0,5259.0,5259.0,0.0,0.5,0.0,2.1197097944377266,2,🔵 Risque modéré,-0.045506787,3.2741022
CLT03317,32,Bretagne,3,1,Courtier,0.2499,2020-03-01,5.0,7879.0,1575.8,2.0,0.0,0.0,0.0,0.0,0.0,0.0,0.0,2,🔵 Risque modéré,-3.425891,3.5934896
CLT03318,43,Occitanie,1,3,Courtier,0.3955,2019-12-16,1.0,1879.0,1879.0,1.0,0.0,0.0,0.0,0.0,0.0,0.0,0.0,2,🔵 Risque modéré,-1.0752689,1.9413518
CLT03319,38,Île-de-France,7,1,Web,0.122,2019-06-18,1.0,1670.0,1670.0,1.0,1.0,3164.0,3164.0,0.0,1.0,0.0,1.8946107784431139,2,🔵 Risque modéré,-0.081233576,4.801299
CLT03320,33,Auvergne-Rhône-Alpes,5,2,Web,0.2282,2020-02-22,5.0,8926.0,1785.2,2.0,3.0,41248.0,13749.333333333334,0.0,0.6,0.0,4.621106878781089,3,🔴 Très haut risque,-2.4509993,4.2341666
CLT03321,49,Bretagne,3,0,Agent,0.1411,2019-06-25,,,,,0.0,0.0,0.0,0.0,,0.0,,1,🟢 Bon risque fidèle,14.849136,8.102978
CLT03322,45,Auvergne-Rhône-Alpes,2,0,Web,0.153,2018-02-08,,,,,0.0,0.0,0.0,0.0,,0.0,,1,🟢 Bon risque fidèle,15.374921,8.100873
CLT03323,47,Normandie,1,0,Web,0.01,2016-11-08,1.0,992.0,992.0,1.0,1.0,2199.0,2199.0,0.0,1.0,0.0,2.216733870967742,2,🔵 Risque modéré,0.35776502,6.2533646
CLT03324,24,Bretagne,6,0,Web,0.0586,2016-03-20,2.0,2439.0,1219.5,2.0,2.0,19694.0,9847.0,0.0,1.0,0.0,8.074620746207462,3,🔴 Très haut risque,-2.705616,6.329265
CLT03325,26,Occitanie,1,0,Partenaire banque,0.1135,2019-05-11,1.0,1058.0,1058.0,1.0,1.0,9043.0,9043.0,0.0,1.0,0.0,8.547258979206049,3,🔴 Très haut risque,-0.3702656,5.816363
CLT03326,50,Normandie,1,1,Agent,0.2571,2017-11-06,,,,,0.0,0.0,0.0,0.0,,0.0,,1,🟢 Bon risque fidèle,13.719891,0.9552234
CLT03327,66,Nouvelle-Aquitaine,6,1,Web,0.1967,2019-08-13,2.0,3082.0,1541.0,2.0,0.0,0.0,0.0,0.0,0.0,0.0,0.0,2,🔵 Risque modéré,-3.723771,3.222333
CLT03328,43,Île-de-France,4,2,Courtier,0.3099,2018-05-01,3.0,5411.0,1803.6666666666667,2.0,0.0,0.0,0.0,0.0,0.0,0.0,0.0,2,🔵 Risque modéré,-2.1353421,2.8683314
CLT03329,33,Hauts-de-France,0,0,Agent,0.01,2017-04-16,2.0,3569.0,1784.5,2.0,0.0,0.0,0.0,0.0,0.0,0.0,0.0,2,🔵 Risque modéré,-5.888915,7.1887045
CLT03330,43,Provence-Alpes-Côte d'Azur,3,1,Web,0.1693,2017-02-27,2.0,4118.0,2059.0,1.0,3.0,37317.0,12439.0,0.0,1.5,0.0,9.061923263720253,3,🔴 Très haut risque,-1.4560275,5.5702415
CLT03331,47,Grand Est,4,0,Web,0.1724,2019-09-25,2.0,4236.0,2118.0,2.0,3.0,35185.0,11728.333333333334,0.0,1.5,0.0,8.3061850802644,3,🔴 Très haut risque,-1.8032752,5.7320023
CLT03332,71,Occitanie,3,3,Téléphone,0.4464,2019-11-28,1.0,1465.0,1465.0,1.0,1.0,307.0,307.0,0.0,1.0,0.0,0.20955631399317406,2,🔵 Risque modéré,-0.92631614,3.7873662
CLT03333,34,Occitanie,1,0,Agent,0.01,2018-02-22,,,,,0.0,0.0,0.0,0.0,,0.0,,1,🟢 Bon risque fidèle,15.675757,7.010327
CLT03334,34,Grand Est,1,3,Web,0.5559,2018-06-26,1.0,973.0,973.0,1.0,0.0,0.0,0.0,0.0,0.0,0.0,0.0,2,🔵 Risque modéré,-1.1055338,1.9463816
CLT03335,18,Île-de-France,1,0,Web,0.1087,2018-10-05,1.0,2942.0,2942.0,1.0,0.0,0.0,0.0,0.0,0.0,0.0,0.0,2,🔵 Risque modéré,3.2247214,10.803436
CLT03336,50,Auvergne-Rhône-Alpes,1,0,Partenaire banque,0.01,2016-04-18,2.0,2960.0,1480.0,2.0,1.0,4569.0,4569.0,0.0,0.5,0.0,1.543581081081081,2,🔵 Risque modéré,-4.5232716,6.4238276
CLT03337,37,Nouvelle-Aquitaine,0,0,Partenaire banque,0.01,2016-09-16,3.0,4976.0,1658.6666666666667,2.0,1.0,2439.0,2439.0,0.0,0.3333333333333333,0.0,0.49015273311897106,2,🔵 Risque modéré,-4.834781,6.9573812
CLT03338,43,Auvergne-Rhône-Alpes,3,1,Web,0.1555,2019-01-31,,,,,0.0,0.0,0.0,0.0,,0.0,,1,🟢 Bon risque fidèle,14.15817,1.7393906
CLT03339,30,Occitanie,2,0,Web,0.0562,2016-06-11,2.0,1793.0,896.5,2.0,1.0,3756.0,3756.0,0.0,0.5,0.0,2.0948131622978248,2,🔵 Risque modéré,-4.609596,7.1838202
CLT03340,65,Bretagne,7,1,Agent,0.1076,2017-10-01,1.0,1344.0,1344.0,1.0,0.0,0.0,0.0,0.0,0.0,0.0,0.0,2,🔵 Risque modéré,0.3433183,0.29792672
CLT03341,32,Nouvelle-Aquitaine,4,0,Agent,0.0805,2017-05-18,1.0,1653.0,1653.0,1.0,0.0,0.0,0.0,0.0,0.0,0.0,0.0,2,🔵 Risque modéré,2.3583117,10.657279
CLT03342,20,Bretagne,0,0,Web,0.2632,2017-05-26,3.0,3486.0,1162.0,2.0,0.0,0.0,0.0,0.0,0.0,0.0,0.0,2,🔵 Risque modéré,-5.293386,7.5943413
CLT03343,44,Hauts-de-France,14,0,Web,0.0733,2018-07-09,3.0,6273.0,2091.0,1.0,2.0,5977.0,2988.5,0.0,0.6666666666666666,0.0,0.9528136457835167,2,🔵 Risque modéré,-0.8818515,6.9208803
CLT03344,61,Occitanie,2,0,Web,0.1113,2020-05-21,,,,,0.0,0.0,0.0,0.0,,0.0,,1,🟢 Bon risque fidèle,14.219155,8.575491
CLT03345,67,Normandie,5,2,Web,0.3848,2018-01-08,,,,,0.0,0.0,0.0,0.0,,0.0,,1,🟢 Bon risque fidèle,12.206867,2.3877058
CLT03346,35,Bretagne,5,1,Courtier,0.0145,2018-08-24,2.0,2970.0,1485.0,2.0,0.0,0.0,0.0,0.0,0.0,0.0,0.0,2,🔵 Risque modéré,-4.045975,2.7540379
CLT03347,18,Normandie,1,0,Courtier,0.1826,2019-06-04,,,,,0.0,0.0,0.0,0.0,,0.0,,1,🟢 Bon risque fidèle,16.73341,7.610492
CLT03348,50,Bretagne,13,0,Agent,0.053,2020-08-07,1.0,1324.0,1324.0,1.0,2.0,1890.0,945.0,0.0,2.0,0.0,1.4274924471299093,2,🔵 Risque modéré,-0.66526407,6.212784
CLT03349,21,Normandie,1,1,Web,0.4109,2018-02-22,1.0,1068.0,1068.0,1.0,0.0,0.0,0.0,0.0,0.0,0.0,0.0,2,🔵 Risque modéré,1.3431046,2.0413866
CLT03350,50,Bretagne,5,0,Téléphone,0.1239,2020-04-05,1.0,1028.0,1028.0,1.0,0.0,0.0,0.0,0.0,0.0,0.0,0.0,2,🔵 Risque modéré,1.2583597,10.624947
CLT03351,33,Hauts-de-France,9,0,Courtier,0.1506,2016-11-10,,,,,0.0,0.0,0.0,0.0,,0.0,,1,🟢 Bon risque fidèle,15.165015,6.083115
CLT03352,48,Grand Est,1,0,Agent,0.01,2017-06-12,,,,,0.0,0.0,0.0,0.0,,0.0,,1,🟢 Bon risque fidèle,14.450172,7.451089
CLT03353,58,Bretagne,2,0,Courtier,0.0775,2018-07-19,1.0,589.0,589.0,1.0,1.0,472.0,472.0,0.0,1.0,0.0,0.801358234295416,2,🔵 Risque modéré,0.48984015,6.2731886
CLT03354,34,Hauts-de-France,2,1,Courtier,0.0316,2019-05-28,,,,,0.0,0.0,0.0,0.0,,0.0,,1,🟢 Bon risque fidèle,14.591663,1.9866035
CLT03355,34,Normandie,1,0,Web,0.01,2016-10-08,,,,,0.0,0.0,0.0,0.0,,0.0,,1,🟢 Bon risque fidèle,15.686315,7.026262
CLT03356,33,Normandie,2,1,Web,0.2857,2017-01-25,,,,,0.0,0.0,0.0,0.0,,0.0,,1,🟢 Bon risque fidèle,14.682811,1.1815236
CLT03357,47,Île-de-France,2,1,Web,0.3553,2018-10-24,1.0,1926.0,1926.0,1.0,1.0,6525.0,6525.0,0.0,1.0,0.0,3.3878504672897196,3,🔴 Très haut risque,-0.46742332,4.6284623
CLT03358,44,Provence-Alpes-Côte d'Azur,3,2,Courtier,0.3695,2018-05-03,2.0,2594.0,1297.0,2.0,2.0,2681.0,1340.5,0.0,1.0,0.0,1.033538936006168,2,🔵 Risque modéré,-1.8254552,3.491038
CLT03359,36,Bretagne,3,0,Partenaire banque,0.2256,2018-02-05,,,,,0.0,0.0,0.0,0.0,,0.0,,1,🟢 Bon risque fidèle,15.781607,8.146882
CLT03360,50,Bretagne,3,1,Courtier,0.01,2019-08-07,2.0,2587.0,1293.5,1.0,0.0,0.0,0.0,0.0,0.0,0.0,0.0,2,🔵 Risque modéré,1.1272271,0.38890326
CLT03361,66,Centre-Val de Loire,2,1,Web,0.1874,2020-12-19,,,,,0.0,0.0,0.0,0.0,,0.0,,1,🟢 Bon risque fidèle,13.258935,1.4519676
CLT03362,18,Île-de-France,0,1,Partenaire banque,0.1136,2016-09-13,1.0,1697.0,1697.0,1.0,0.0,0.0,0.0,0.0,0.0,0.0,0.0,2,🔵 Risque modéré,1.2296137,1.4807698
CLT03363,61,Bretagne,3,0,Partenaire banque,0.0719,2016-11-30,1.0,902.0,902.0,1.0,4.0,21595.0,5398.75,0.0,4.0,0.0,23.941241685144124,3,🔴 Très haut risque,-1.3927418,5.789
CLT03364,32,Occitanie,5,1,Agent,0.2365,2017-06-08,2.0,2082.0,1041.0,2.0,1.0,264.0,264.0,0.0,0.5,0.0,0.12680115273775217,2,🔵 Risque modéré,-2.8801413,2.9909549
CLT03365,30,Provence-Alpes-Côte d'Azur,0,1,Courtier,0.1358,2018-09-29,2.0,2819.0,1409.5,2.0,4.0,15271.0,3817.75,1.0,2.0,0.25,5.41716920893934,3,🔴 Très haut risque,-2.6125834,5.0248356
CLT03366,32,Provence-Alpes-Côte d'Azur,2,1,Agent,0.2604,2019-08-28,1.0,1555.0,1555.0,1.0,0.0,0.0,0.0,0.0,0.0,0.0,0.0,2,🔵 Risque modéré,1.2339578,1.8448397
CLT03367,55,Bretagne,0,2,Partenaire banque,0.4424,2020-02-17,2.0,7109.0,3554.5,1.0,0.0,0.0,0.0,0.0,0.0,0.0,0.0,2,🔵 Risque modéré,-0.22717856,1.8409271
CLT03368,35,Occitanie,1,0,Web,0.0187,2016-03-13,3.0,4407.0,1469.0,1.0,2.0,6899.0,3449.5,0.0,0.6666666666666666,0.0,1.5654640344905832,2,🔵 Risque modéré,0.29967943,8.7455
CLT03369,51,Provence-Alpes-Côte d'Azur,4,1,Agent,0.1004,2019-10-19,2.0,3151.0,1575.5,1.0,2.0,12448.0,6224.0,0.0,1.0,0.0,3.950491907331006,3,🔴 Très haut risque,-0.34307823,5.065691
CLT03370,25,Île-de-France,0,0,Agent,0.1629,2019-08-16,,,,,0.0,0.0,0.0,0.0,,0.0,,1,🟢 Bon risque fidèle,16.580614,7.5029645
CLT03371,53,Nouvelle-Aquitaine,1,0,Web,0.0313,2018-07-23,,,,,0.0,0.0,0.0,0.0,,0.0,,1,🟢 Bon risque fidèle,14.067127,7.944909
CLT03372,55,Nouvelle-Aquitaine,0,0,Web,0.1821,2019-05-20,,,,,0.0,0.0,0.0,0.0,,0.0,,1,🟢 Bon risque fidèle,14.872853,8.864255
CLT03373,58,Centre-Val de Loire,3,0,Partenaire banque,0.01,2020-09-21,,,,,0.0,0.0,0.0,0.0,,0.0,,1,🟢 Bon risque fidèle,13.749068,8.140592
CLT03374,32,Nouvelle-Aquitaine,5,3,Web,0.4242,2020-04-29,,,,,0.0,0.0,0.0,0.0,,0.0,,1,🟢 Bon risque fidèle,12.210369,2.8668375
CLT03375,41,Auvergne-Rhône-Alpes,4,0,Agent,0.076,2018-02-28,2.0,3208.0,1604.0,2.0,1.0,1153.0,1153.0,0.0,0.5,0.0,0.3594139650872818,2,🔵 Risque modéré,-4.806927,6.5280848
CLT03376,52,Bretagne,4,0,Agent,0.1323,2016-06-15,1.0,2143.0,2143.0,1.0,0.0,0.0,0.0,0.0,0.0,0.0,0.0,2,🔵 Risque modéré,2.1150534,10.489135
CLT03377,28,Grand Est,2,0,Téléphone,0.0774,2020-12-01,2.0,3390.0,1695.0,2.0,0.0,0.0,0.0,0.0,0.0,0.0,0.0,2,🔵 Risque modéré,-5.6397653,7.2854795
CLT03378,27,Bretagne,1,0,Web,0.0451,2018-05-26,4.0,6000.0,1500.0,3.0,0.0,0.0,0.0,0.0,0.0,0.0,0.0,2,🔵 Risque modéré,-4.6944113,5.0468826
CLT03379,42,Hauts-de-France,2,0,Agent,0.1627,2018-10-24,,,,,0.0,0.0,0.0,0.0,,0.0,,1,🟢 Bon risque fidèle,15.493203,8.095318
CLT03380,51,Grand Est,0,0,Agent,0.1206,2018-02-24,1.0,1244.0,1244.0,1.0,0.0,0.0,0.0,0.0,0.0,0.0,0.0,2,🔵 Risque modéré,0.87915885,11.431636
CLT03381,41,Centre-Val de Loire,0,0,Web,0.1231,2018-04-24,1.0,825.0,825.0,1.0,0.0,0.0,0.0,0.0,0.0,0.0,0.0,2,🔵 Risque modéré,1.5785606,11.576708
CLT03382,47,Auvergne-Rhône-Alpes,20,1,Web,0.0803,2019-03-20,2.0,1154.0,577.0,2.0,1.0,2350.0,2350.0,0.0,0.5,0.0,2.0363951473136916,2,🔵 Risque modéré,-0.7287215,6.961737
CLT03383,41,Provence-Alpes-Côte d'Azur,2,1,Téléphone,0.0959,2017-07-06,1.0,1379.0,1379.0,1.0,0.0,0.0,0.0,0.0,0.0,0.0,0.0,2,🔵 Risque modéré,1.2109969,0.7472501
CLT03384,42,Occitanie,4,1,Partenaire banque,0.2341,2018-03-28,1.0,1038.0,1038.0,1.0,1.0,3935.0,3935.0,0.0,1.0,0.0,3.7909441233140657,3,🔴 Très haut risque,-0.44868326,4.7073226
CLT03385,36,Hauts-de-France,0,0,Web,0.0752,2016-12-12,1.0,1912.0,1912.0,1.0,0.0,0.0,0.0,0.0,0.0,0.0,0.0,2,🔵 Risque modéré,2.6299686,10.710437
CLT03386,31,Normandie,16,0,Web,0.01,2016-05-25,4.0,4082.0,1020.5,3.0,1.0,2980.0,2980.0,0.0,0.25,0.0,0.7300342969132778,2,🔵 Risque modéré,-5.2560353,5.182674
CLT03387,29,Bretagne,1,0,Courtier,0.0994,2019-09-04,1.0,1573.0,1573.0,1.0,1.0,1615.0,1615.0,0.0,1.0,0.0,1.0267005721551177,2,🔵 Risque modéré,0.75124174,5.9985127
CLT03388,40,Hauts-de-France,0,0,Agent,0.1563,2016-12-17,,,,,0.0,0.0,0.0,0.0,,0.0,,1,🟢 Bon risque fidèle,15.684712,8.06774
CLT03389,36,Nouvelle-Aquitaine,3,0,Courtier,0.0159,2019-12-14,2.0,3958.0,1979.0,1.0,0.0,0.0,0.0,0.0,0.0,0.0,0.0,2,🔵 Risque modéré,1.8212517,10.334541
CLT03390,74,Nouvelle-Aquitaine,2,0,Web,0.01,2017-01-09,2.0,3049.0,1524.5,1.0,0.0,0.0,0.0,0.0,0.0,0.0,0.0,2,🔵 Risque modéré,0.39299238,10.313773
CLT03391,32,Grand Est,2,0,Partenaire banque,0.1898,2018-07-13,1.0,2510.0,2510.0,1.0,0.0,0.0,0.0,0.0,0.0,0.0,0.0,2,🔵 Risque modéré,3.121162,10.755749
CLT03392,53,Centre-Val de Loire,4,0,Téléphone,0.0306,2017-01-17,1.0,1037.0,1037.0,1.0,0.0,0.0,0.0,0.0,0.0,0.0,0.0,2,🔵 Risque modéré,1.0267056,10.3746805
CLT03393,54,Occitanie,4,0,Web,0.0811,2017-01-11,,,,,0.0,0.0,0.0,0.0,,0.0,,1,🟢 Bon risque fidèle,14.4190445,8.01824
CLT03394,36,Occitanie,2,0,Web,0.1545,2020-11-22,1.0,1339.0,1339.0,1.0,1.0,20285.0,20285.0,0.0,1.0,0.0,15.149365197908887,3,🔴 Très haut risque,-1.7842869,6.2253885
CLT03395,43,Bretagne,2,1,Courtier,0.01,2019-07-04,,,,,0.0,0.0,0.0,0.0,,0.0,,1,🟢 Bon risque fidèle,14.256074,1.8977356
CLT03396,47,Auvergne-Rhône-Alpes,0,1,Téléphone,0.1797,2016-12-08,2.0,6191.0,3095.5,1.0,2.0,6873.0,3436.5,0.0,1.0,0.0,1.1101599095461154,2,🔵 Risque modéré,0.1413746,4.597143
CLT03397,69,Auvergne-Rhône-Alpes,0,1,Web,0.2055,2018-02-14,2.0,3583.0,1791.5,2.0,0.0,0.0,0.0,0.0,0.0,0.0,0.0,2,🔵 Risque modéré,-3.433016,3.2690933
CLT03398,31,Auvergne-Rhône-Alpes,3,2,Web,0.2532,2017-12-03,1.0,1297.0,1297.0,1.0,0.0,0.0,0.0,0.0,0.0,0.0,0.0,2,🔵 Risque modéré,-0.963819,1.4544439
CLT03399,52,Île-de-France,2,1,Courtier,0.1871,2018-09-07,2.0,3231.0,1615.5,2.0,0.0,0.0,0.0,0.0,0.0,0.0,0.0,2,🔵 Risque modéré,-3.4905438,3.096286
CLT03400,58,Normandie,0,1,Agent,0.1693,2016-07-27,2.0,3727.0,1863.5,2.0,1.0,7216.0,7216.0,0.0,0.5,0.0,1.9361416689026025,2,🔵 Risque modéré,-2.8187463,4.03845
CLT03401,73,Île-de-France,2,0,Web,0.0936,2020-03-21,3.0,4054.0,1351.3333333333333,2.0,0.0,0.0,0.0,0.0,0.0,0.0,0.0,2,🔵 Risque modéré,-5.862173,6.08676
CLT03402,46,Île-de-France,6,2,Agent,0.0164,2020-06-06,2.0,1892.0,946.0,2.0,1.0,2167.0,2167.0,0.0,0.5,0.0,1.1453488372093024,2,🔵 Risque modéré,-3.4894805,3.05673
CLT03403,54,Île-de-France,2,1,Web,0.247,2018-12-07,2.0,2154.0,1077.0,2.0,2.0,1318.0,659.0,0.0,1.0,0.0,0.6118848653667596,2,🔵 Risque modéré,-2.9254107,3.5421681
CLT03404,29,Île-de-France,1,2,Courtier,0.2695,2018-12-03,1.0,3506.0,3506.0,1.0,0.0,0.0,0.0,0.0,0.0,0.0,0.0,2,🔵 Risque modéré,0.112787664,1.8302599
CLT03405,28,Hauts-de-France,4,2,Partenaire banque,0.2186,2018-08-29,2.0,2392.0,1196.0,2.0,1.0,1287.0,1287.0,0.0,0.5,0.0,0.5380434782608695,2,🔵 Risque modéré,-2.5382361,2.7819629
CLT03406,30,Provence-Alpes-Côte d'Azur,5,1,Agent,0.1611,2017-11-22,2.0,3129.0,1564.5,1.0,0.0,0.0,0.0,0.0,0.0,0.0,0.0,2,🔵 Risque modéré,0.9008502,1.2308557
CLT03407,44,Provence-Alpes-Côte d'Azur,6,2,Agent,0.2636,2017-12-05,2.0,2687.0,1343.5,1.0,0.0,0.0,0.0,0.0,0.0,0.0,0.0,2,🔵 Risque modéré,-0.8339775,1.3525531
CLT03408,40,Provence-Alpes-Côte d'Azur,6,0,Téléphone,0.01,2018-01-11,1.0,585.0,585.0,1.0,0.0,0.0,0.0,0.0,0.0,0.0,0.0,2,🔵 Risque modéré,1.7097379,10.159814
CLT03409,42,Bretagne,1,0,Courtier,0.2657,2016-04-29,2.0,3463.0,1731.5,1.0,0.0,0.0,0.0,0.0,0.0,0.0,0.0,2,🔵 Risque modéré,1.0407686,11.781976
CLT03410,29,Provence-Alpes-Côte d'Azur,1,1,Téléphone,0.3057,2020-07-11,,,,,0.0,0.0,0.0,0.0,,0.0,,1,🟢 Bon risque fidèle,14.819494,1.0982196
CLT03411,61,Auvergne-Rhône-Alpes,1,1,Web,0.0556,2020-11-19,1.0,2847.0,2847.0,1.0,0.0,0.0,0.0,0.0,0.0,0.0,0.0,2,🔵 Risque modéré,0.6523677,1.2375947
CLT03412,48,Bretagne,4,0,Agent,0.01,2020-12-25,1.0,1129.0,1129.0,1.0,0.0,0.0,0.0,0.0,0.0,0.0,0.0,2,🔵 Risque modéré,1.383648,10.32878
CLT03413,32,Nouvelle-Aquitaine,4,0,Web,0.1709,2016-09-10,,,,,0.0,0.0,0.0,0.0,,0.0,,1,🟢 Bon risque fidèle,16.15983,7.545742
CLT03414,36,Grand Est,1,0,Web,0.0906,2019-12-05,1.0,1256.0,1256.0,1.0,0.0,0.0,0.0,0.0,0.0,0.0,0.0,2,🔵 Risque modéré,1.952908,11.388443
CLT03415,18,Occitanie,2,0,Courtier,0.0547,2019-06-22,,,,,0.0,0.0,0.0,0.0,,0.0,,1,🟢 Bon risque fidèle,16.58332,6.7599087
CLT03416,60,Normandie,1,1,Courtier,0.1202,2019-09-16,3.0,5032.0,1677.3333333333333,3.0,1.0,2273.0,2273.0,1.0,0.3333333333333333,1.0,0.4517090620031797,0,🟠 Risque élevé,-4.8157907,21.969229
CLT03417,64,Occitanie,12,0,Web,0.01,2019-08-01,2.0,2884.0,1442.0,2.0,0.0,0.0,0.0,0.0,0.0,0.0,0.0,2,🔵 Risque modéré,-5.8920255,5.4636674
CLT03418,43,Provence-Alpes-Côte d'Azur,11,1,Web,0.06,2018-01-09,1.0,622.0,622.0,1.0,0.0,0.0,0.0,0.0,0.0,0.0,0.0,2,🔵 Risque modéré,0.050739117,0.5680941
CLT03419,72,Île-de-France,3,2,Partenaire banque,0.2226,2020-02-17,1.0,1598.0,1598.0,1.0,0.0,0.0,0.0,0.0,0.0,0.0,0.0,2,🔵 Risque modéré,-0.49828297,1.6112896
CLT03420,18,Provence-Alpes-Côte d'Azur,4,0,Agent,0.0898,2017-04-25,2.0,3908.0,1954.0,2.0,1.0,15486.0,15486.0,0.0,0.5,0.0,3.9626407369498464,3,🔴 Très haut risque,-2.651526,6.3519306
CLT03421,37,Centre-Val de Loire,0,0,Courtier,0.097,2020-02-24,7.0,10950.0,1564.2857142857142,3.0,0.0,0.0,0.0,0.0,0.0,0.0,0.0,2,🔵 Risque modéré,-4.644302,5.0681167
CLT03422,34,Centre-Val de Loire,2,0,Agent,0.1617,2017-12-16,1.0,3181.0,3181.0,1.0,0.0,0.0,0.0,0.0,0.0,0.0,0.0,2,🔵 Risque modéré,3.184255,10.512424
CLT03423,29,Bretagne,20,0,Partenaire banque,0.13,2018-09-04,1.0,1235.0,1235.0,1.0,0.0,0.0,0.0,0.0,0.0,0.0,0.0,2,🔵 Risque modéré,1.7713996,8.721113
CLT03424,47,Auvergne-Rhône-Alpes,7,0,Agent,0.01,2017-08-26,2.0,1628.0,814.0,1.0,0.0,0.0,0.0,0.0,0.0,0.0,0.0,2,🔵 Risque modéré,1.3904985,9.668451
CLT03425,37,Centre-Val de Loire,10,0,Web,0.0145,2016-10-22,,,,,0.0,0.0,0.0,0.0,,0.0,,1,🟢 Bon risque fidèle,14.884727,5.586488
CLT03426,41,Grand Est,2,3,Téléphone,0.4667,2020-05-28,,,,,0.0,0.0,0.0,0.0,,0.0,,1,🟢 Bon risque fidèle,12.060841,2.8246665
CLT03427,85,Grand Est,2,1,Web,0.2495,2018-10-18,2.0,4226.0,2113.0,1.0,0.0,0.0,0.0,0.0,0.0,0.0,0.0,2,🔵 Risque modéré,0.52805734,1.1116861
CLT03428,56,Auvergne-Rhône-Alpes,0,1,Web,0.3009,2019-10-12,1.0,1857.0,1857.0,1.0,0.0,0.0,0.0,0.0,0.0,0.0,0.0,2,🔵 Risque modéré,0.82153326,1.3928394
CLT03429,33,Grand Est,3,0,Partenaire banque,0.0953,2018-08-16,2.0,2918.0,1459.0,2.0,1.0,2541.0,2541.0,0.0,0.5,0.0,0.8708019191226868,2,🔵 Risque modéré,-4.6290526,6.9738994
CLT03430,63,Nouvelle-Aquitaine,4,0,Téléphone,0.064,2016-08-26,1.0,854.0,854.0,1.0,0.0,0.0,0.0,0.0,0.0,0.0,0.0,2,🔵 Risque modéré,0.54850984,10.675029
CLT03431,47,Normandie,0,2,Agent,0.3081,2017-05-10,4.0,4936.0,1234.0,3.0,3.0,16480.0,5493.333333333333,0.0,0.75,0.0,3.3387358184764993,3,🔴 Très haut risque,-2.288333,3.7592332
CLT03432,28,Occitanie,9,0,Web,0.01,2020-03-24,1.0,2138.0,2138.0,1.0,0.0,0.0,0.0,0.0,0.0,0.0,0.0,2,🔵 Risque modéré,2.289993,9.737659
CLT03433,44,Auvergne-Rhône-Alpes,0,1,Web,0.1357,2020-01-07,2.0,2414.0,1207.0,1.0,1.0,24107.0,24107.0,1.0,0.5,1.0,9.986329743164871,0,🟠 Risque élevé,-4.89609,21.829876
CLT03434,46,Île-de-France,0,0,Web,0.1391,2017-11-01,1.0,606.0,606.0,1.0,0.0,0.0,0.0,0.0,0.0,0.0,0.0,2,🔵 Risque modéré,1.327969,11.555009
CLT03435,35,Bretagne,14,1,Agent,0.2428,2017-03-29,3.0,3700.0,1233.3333333333333,2.0,1.0,5215.0,5215.0,0.0,0.3333333333333333,0.0,1.4094594594594594,2,🔵 Risque modéré,-4.3258023,3.8539703
CLT03436,47,Hauts-de-France,8,0,Agent,0.01,2019-10-07,,,,,0.0,0.0,0.0,0.0,,0.0,,1,🟢 Bon risque fidèle,14.474114,5.733672
CLT03437,28,Auvergne-Rhône-Alpes,1,0,Agent,0.01,2019-01-01,1.0,1708.0,1708.0,1.0,0.0,0.0,0.0,0.0,0.0,0.0,0.0,2,🔵 Risque modéré,2.6170752,11.101609
CLT03438,50,Normandie,9,0,Web,0.01,2019-11-19,1.0,597.0,597.0,1.0,0.0,0.0,0.0,0.0,0.0,0.0,0.0,2,🔵 Risque modéré,1.5182315,9.531481
CLT03439,47,Provence-Alpes-Côte d'Azur,5,1,Téléphone,0.1114,2019-03-27,1.0,1810.0,1810.0,1.0,2.0,9208.0,4604.0,0.0,2.0,0.0,5.087292817679558,3,🔴 Très haut risque,-0.9907745,5.3566375
CLT03440,43,Centre-Val de Loire,3,0,Web,0.01,2017-12-05,,,,,0.0,0.0,0.0,0.0,,0.0,,1,🟢 Bon risque fidèle,14.699567,6.8661814
CLT03441,25,Bretagne,2,1,Téléphone,0.2175,2020-03-03,3.0,5286.0,1762.0,2.0,0.0,0.0,0.0,0.0,0.0,0.0,0.0,2,🔵 Risque modéré,-3.1162732,2.7812757
CLT03442,34,Bretagne,1,0,Agent,0.2819,2020-05-28,1.0,919.0,919.0,1.0,0.0,0.0,0.0,0.0,0.0,0.0,0.0,2,🔵 Risque modéré,2.1132972,11.829379
CLT03443,37,Grand Est,4,1,Partenaire banque,0.1536,2018-06-15,1.0,468.0,468.0,1.0,0.0,0.0,0.0,0.0,0.0,0.0,0.0,1,🟢 Bon risque fidèle,1.4258472,0.92530286
CLT03444,33,Occitanie,1,1,Web,0.1524,2016-08-26,3.0,4878.0,1626.0,2.0,1.0,48780.0,48780.0,0.0,0.3333333333333333,0.0,10.0,3,🔴 Très haut risque,-2.1377523,6.5758834
CLT03445,18,Hauts-de-France,0,0,Web,0.3177,2016-07-03,1.0,558.0,558.0,1.0,0.0,0.0,0.0,0.0,0.0,0.0,0.0,1,🟢 Bon risque fidèle,2.6916785,11.810572
CLT03446,52,Provence-Alpes-Côte d'Azur,0,0,Agent,0.2485,2017-01-22,,,,,0.0,0.0,0.0,0.0,,0.0,,1,🟢 Bon risque fidèle,15.148893,8.809148
CLT03447,57,Auvergne-Rhône-Alpes,1,1,Courtier,0.2402,2016-09-19,2.0,2579.0,1289.5,1.0,1.0,243.0,243.0,0.0,0.5,0.0,0.09422256688639008,2,🔵 Risque modéré,0.6516241,2.191522
CLT03448,34,Provence-Alpes-Côte d'Azur,6,2,Partenaire banque,0.3803,2019-03-29,1.0,3083.0,3083.0,1.0,1.0,3639.0,3639.0,0.0,1.0,0.0,1.1803438209536166,3,🔴 Très haut risque,-0.45230234,3.9415312
CLT03449,53,Île-de-France,0,0,Web,0.1519,2019-04-25,2.0,2005.0,1002.5,1.0,1.0,343.0,343.0,0.0,0.5,0.0,0.171072319201995,2,🔵 Risque modéré,0.4412728,9.312766
CLT03450,38,Grand Est,3,0,Web,0.0863,2018-03-07,1.0,1654.0,1654.0,1.0,1.0,52.0,52.0,0.0,1.0,0.0,0.03143893591293833,2,🔵 Risque modéré,0.70367116,6.0719166
CLT03451,33,Bretagne,3,0,Web,0.0365,2018-01-19,2.0,1833.0,916.5,1.0,0.0,0.0,0.0,0.0,0.0,0.0,0.0,2,🔵 Risque modéré,1.7097869,10.720698
CLT03452,49,Nouvelle-Aquitaine,2,0,Courtier,0.0504,2019-05-19,1.0,2448.0,2448.0,1.0,2.0,3792.0,1896.0,0.0,2.0,0.0,1.5490196078431373,3,🔴 Très haut risque,-0.7371921,5.596732
CLT03453,48,Centre-Val de Loire,0,0,Web,0.1251,2018-03-22,,,,,0.0,0.0,0.0,0.0,,0.0,,1,🟢 Bon risque fidèle,15.004332,8.34141
CLT03454,19,Île-de-France,5,2,Courtier,0.3944,2018-08-03,,,,,0.0,0.0,0.0,0.0,,0.0,,1,🟢 Bon risque fidèle,12.435431,2.837902
CLT03455,21,Provence-Alpes-Côte d'Azur,4,0,Web,0.0716,2017-09-01,2.0,3561.0,1780.5,2.0,1.0,3381.0,3381.0,0.0,0.5,0.0,0.949452401010952,2,🔵 Risque modéré,-4.7585993,7.180821
CLT03456,50,Occitanie,0,0,Courtier,0.0643,2018-07-24,3.0,5116.0,1705.3333333333333,3.0,4.0,31651.0,7912.75,0.0,1.3333333333333333,0.0,6.1866692728694295,3,🔴 Très haut risque,-3.6394472,6.21558
CLT03457,51,Nouvelle-Aquitaine,0,0,Agent,0.01,2016-10-27,5.0,6961.0,1392.2,2.0,3.0,14809.0,4936.333333333333,0.0,0.6,0.0,2.1274242206579514,2,🔵 Risque modéré,-4.185198,5.926286
CLT03458,56,Île-de-France,1,1,Courtier,0.2274,2017-09-26,,,,,0.0,0.0,0.0,0.0,,0.0,,1,🟢 Bon risque fidèle,13.479488,1.0690651
CLT03459,31,Grand Est,0,1,Partenaire banque,0.3832,2016-09-11,,,,,0.0,0.0,0.0,0.0,,0.0,,1,🟢 Bon risque fidèle,14.816707,1.0087188
CLT03460,35,Hauts-de-France,4,0,Partenaire banque,0.01,2019-12-19,1.0,1988.0,1988.0,1.0,0.0,0.0,0.0,0.0,0.0,0.0,0.0,2,🔵 Risque modéré,2.1270208,10.298253
CLT03461,18,Centre-Val de Loire,1,0,Courtier,0.0449,2020-08-26,,,,,0.0,0.0,0.0,0.0,,0.0,,1,🟢 Bon risque fidèle,16.616205,6.854283
CLT03462,61,Occitanie,5,1,Courtier,0.1156,2019-12-15,,,,,0.0,0.0,0.0,0.0,,0.0,,1,🟢 Bon risque fidèle,13.41001,1.8921136
CLT03463,40,Bretagne,18,0,Web,0.0231,2020-07-19,1.0,2152.0,2152.0,1.0,0.0,0.0,0.0,0.0,0.0,0.0,0.0,2,🔵 Risque modéré,1.7987185,8.756129
CLT03464,18,Provence-Alpes-Côte d'Azur,1,3,Web,0.4039,2020-01-09,3.0,4763.0,1587.6666666666667,2.0,1.0,57.0,57.0,0.0,0.3333333333333333,0.0,0.011967247533067394,2,🔵 Risque modéré,-1.9786056,3.105997
CLT03465,29,Occitanie,20,1,Téléphone,0.0921,2020-07-19,,,,,0.0,0.0,0.0,0.0,,0.0,,1,🟢 Bon risque fidèle,14.550949,4.7859783
CLT03466,57,Occitanie,11,0,Agent,0.01,2016-04-19,2.0,3863.0,1931.5,2.0,1.0,18950.0,18950.0,0.0,0.5,0.0,4.905513849339891,3,🔴 Très haut risque,-1.7477297,6.5827355
CLT03467,30,Nouvelle-Aquitaine,6,0,Téléphone,0.01,2020-01-31,1.0,2392.0,2392.0,1.0,0.0,0.0,0.0,0.0,0.0,0.0,0.0,2,🔵 Risque modéré,2.590884,10.185304
CLT03468,38,Bretagne,2,0,Web,0.031,2020-07-29,3.0,4850.0,1616.6666666666667,3.0,0.0,0.0,0.0,0.0,0.0,0.0,0.0,2,🔵 Risque modéré,-4.8223743,5.01245
CLT03469,49,Nouvelle-Aquitaine,1,0,Partenaire banque,0.2502,2019-01-29,4.0,6134.0,1533.5,2.0,2.0,7577.0,3788.5,0.0,0.5,0.0,1.2352461688946854,2,🔵 Risque modéré,-4.675916,6.0250607
CLT03470,18,Bretagne,1,1,Web,0.2166,2019-10-22,3.0,3134.0,1044.6666666666667,2.0,2.0,5542.0,2771.0,0.0,0.6666666666666666,0.0,1.7683471601786853,2,🔵 Risque modéré,-2.7498248,3.3435345
CLT03471,26,Normandie,3,0,Partenaire banque,0.1239,2020-04-02,,,,,0.0,0.0,0.0,0.0,,0.0,,1,🟢 Bon risque fidèle,16.388884,7.1611433
CLT03472,63,Bretagne,5,0,Courtier,0.0642,2018-12-19,1.0,1545.0,1545.0,1.0,0.0,0.0,0.0,0.0,0.0,0.0,0.0,2,🔵 Risque modéré,0.65465176,10.449325
CLT03473,46,Hauts-de-France,3,0,Web,0.0854,2017-02-05,1.0,2053.0,2053.0,1.0,1.0,6684.0,6684.0,0.0,1.0,0.0,3.255723331709693,3,🔴 Très haut risque,0.023242824,5.9618835
CLT03474,32,Grand Est,8,0,Courtier,0.0511,2016-09-27,,,,,0.0,0.0,0.0,0.0,,0.0,,1,🟢 Bon risque fidèle,15.117589,5.8427577
CLT03475,33,Provence-Alpes-Côte d'Azur,1,1,Agent,0.1751,2019-04-05,5.0,6738.0,1347.6,3.0,3.0,623.0,207.66666666666666,0.0,0.6,0.0,0.09246067082220244,2,🔵 Risque modéré,-3.6827586,4.134172
CLT03476,52,Île-de-France,2,0,Téléphone,0.0755,2019-12-26,4.0,4898.0,1224.5,3.0,2.0,3607.0,1803.5,0.0,0.5,0.0,0.7364230298080849,2,🔵 Risque modéré,-4.7142487,5.184529
CLT03477,26,Hauts-de-France,0,0,Courtier,0.3393,2016-12-03,4.0,6380.0,1595.0,3.0,5.0,20258.0,4051.6,0.0,1.25,0.0,3.1752351097178684,3,🔴 Très haut risque,-3.9229918,5.313311
CLT03478,52,Centre-Val de Loire,0,0,Web,0.1189,2019-11-28,,,,,0.0,0.0,0.0,0.0,,0.0,,1,🟢 Bon risque fidèle,14.796557,8.514143
CLT03479,58,Normandie,1,1,Web,0.1409,2016-10-25,2.0,1849.0,924.5,1.0,0.0,0.0,0.0,0.0,0.0,0.0,0.0,2,🔵 Risque modéré,1.0957211,0.6054044
CLT03480,43,Occitanie,4,0,Web,0.1276,2020-03-14,,,,,0.0,0.0,0.0,0.0,,0.0,,1,🟢 Bon risque fidèle,15.173285,7.723885
CLT03481,34,Occitanie,0,0,Agent,0.1475,2016-01-21,1.0,441.0,441.0,1.0,0.0,0.0,0.0,0.0,0.0,0.0,0.0,1,🟢 Bon risque fidèle,2.025125,11.758447
CLT03482,48,Provence-Alpes-Côte d'Azur,2,1,Agent,0.2401,2019-03-26,1.0,705.0,705.0,1.0,0.0,0.0,0.0,0.0,0.0,0.0,0.0,2,🔵 Risque modéré,1.2829446,0.985188
CLT03483,48,Auvergne-Rhône-Alpes,4,0,Agent,0.112,2020-10-26,1.0,2972.0,2972.0,1.0,0.0,0.0,0.0,0.0,0.0,0.0,0.0,2,🔵 Risque modéré,2.9899557,10.10281
CLT03484,23,Nouvelle-Aquitaine,3,1,Courtier,0.3319,2018-05-26,,,,,0.0,0.0,0.0,0.0,,0.0,,1,🟢 Bon risque fidèle,14.944283,1.2557638
CLT03485,30,Nouvelle-Aquitaine,3,0,Partenaire banque,0.01,2016-07-17,1.0,2701.0,2701.0,1.0,0.0,0.0,0.0,0.0,0.0,0.0,0.0,2,🔵 Risque modéré,2.9852145,10.355144
CLT03486,54,Provence-Alpes-Côte d'Azur,3,0,Partenaire banque,0.01,2017-01-04,1.0,1470.0,1470.0,1.0,0.0,0.0,0.0,0.0,0.0,0.0,0.0,2,🔵 Risque modéré,0.73586965,10.557078
CLT03487,54,Île-de-France,5,0,Web,0.0206,2018-11-23,1.0,2362.0,2362.0,1.0,0.0,0.0,0.0,0.0,0.0,0.0,0.0,2,🔵 Risque modéré,2.3328016,9.95578
CLT03488,41,Provence-Alpes-Côte d'Azur,1,0,Courtier,0.0708,2016-11-02,1.0,1031.0,1031.0,1.0,0.0,0.0,0.0,0.0,0.0,0.0,0.0,2,🔵 Risque modéré,1.5887083,11.211292
CLT03489,48,Bretagne,2,0,Web,0.1211,2016-09-02,,,,,0.0,0.0,0.0,0.0,,0.0,,1,🟢 Bon risque fidèle,14.910979,8.1769085
CLT03490,34,Occitanie,5,0,Courtier,0.0683,2017-09-13,1.0,722.0,722.0,1.0,0.0,0.0,0.0,0.0,0.0,0.0,0.0,2,🔵 Risque modéré,1.9692184,10.834286
CLT03491,44,Centre-Val de Loire,0,0,Partenaire banque,0.01,2019-08-31,1.0,1135.0,1135.0,1.0,0.0,0.0,0.0,0.0,0.0,0.0,0.0,2,🔵 Risque modéré,1.366622,10.911389
CLT03492,39,Bretagne,0,1,Agent,0.3409,2020-06-18,3.0,3538.0,1179.3333333333333,2.0,2.0,9303.0,4651.5,0.0,0.6666666666666666,0.0,2.6294516676088184,2,🔵 Risque modéré,-2.463215,3.7382715
CLT03493,39,Auvergne-Rhône-Alpes,2,2,Agent,0.451,2020-11-08,1.0,2929.0,2929.0,1.0,1.0,12602.0,12602.0,0.0,1.0,0.0,4.302492318197337,3,🔴 Très haut risque,-0.88562536,4.2536025
CLT03494,52,Bretagne,0,0,Web,0.0607,2019-09-01,2.0,2869.0,1434.5,2.0,2.0,3523.0,1761.5,0.0,1.0,0.0,1.227953990937609,2,🔵 Risque modéré,-4.2133975,6.4021983
CLT03495,52,Normandie,5,1,Courtier,0.2933,2016-09-04,2.0,2569.0,1284.5,2.0,2.0,3655.0,1827.5,0.0,1.0,0.0,1.4227325807707278,2,🔵 Risque modéré,-2.6762486,3.6029477
CLT03496,48,Auvergne-Rhône-Alpes,2,0,Web,0.1875,2018-09-30,1.0,690.0,690.0,1.0,0.0,0.0,0.0,0.0,0.0,0.0,0.0,2,🔵 Risque modéré,1.1913811,11.548814
CLT03497,51,Grand Est,1,0,Web,0.1275,2019-04-18,,,,,0.0,0.0,0.0,0.0,,0.0,,1,🟢 Bon risque fidèle,14.818421,8.361181
CLT03498,43,Centre-Val de Loire,0,2,Partenaire banque,0.3717,2018-09-11,,,,,0.0,0.0,0.0,0.0,,0.0,,1,🟢 Bon risque fidèle,12.130721,2.5642862
CLT03499,30,Hauts-de-France,8,0,Agent,0.0869,2016-07-14,2.0,3821.0,1910.5,2.0,0.0,0.0,0.0,0.0,0.0,0.0,0.0,2,🔵 Risque modéré,-5.499591,6.560596
CLT03500,37,Centre-Val de Loire,0,0,Web,0.174,2018-09-20,2.0,2006.0,1003.0,1.0,1.0,303.0,303.0,0.0,0.5,0.0,0.1510468594217348,2,🔵 Risque modéré,0.42285416,8.973894
CLT03501,54,Bretagne,12,2,Web,0.1007,2016-09-15,2.0,3123.0,1561.5,2.0,0.0,0.0,0.0,0.0,0.0,0.0,0.0,2,🔵 Risque modéré,-4.450247,3.5609899
CLT03502,50,Auvergne-Rhône-Alpes,4,0,Web,0.1053,2020-01-03,2.0,3035.0,1517.5,2.0,1.0,1630.0,1630.0,0.0,0.5,0.0,0.5370675453047776,2,🔵 Risque modéré,-4.8705893,6.352961
CLT03503,62,Grand Est,1,2,Web,0.3819,2020-07-24,,,,,0.0,0.0,0.0,0.0,,0.0,,1,🟢 Bon risque fidèle,12.19858,2.3624773
CLT03504,56,Île-de-France,4,0,Courtier,0.1492,2020-08-03,1.0,1324.0,1324.0,1.0,0.0,0.0,0.0,0.0,0.0,0.0,0.0,2,🔵 Risque modéré,0.79104614,11.109485
CLT03505,40,Grand Est,0,2,Agent,0.4013,2018-12-23,3.0,3631.0,1210.3333333333333,2.0,2.0,7474.0,3737.0,0.0,0.6666666666666666,0.0,2.0583861195263013,2,🔵 Risque modéré,-1.9947327,3.5197444
CLT03506,48,Normandie,4,0,Web,0.106,2020-09-12,2.0,2593.0,1296.5,2.0,1.0,21284.0,21284.0,1.0,0.5,1.0,8.208252988816044,0,🟠 Risque élevé,-4.9454823,21.784435
CLT03507,52,Centre-Val de Loire,2,0,Courtier,0.1122,2020-08-05,1.0,2523.0,2523.0,1.0,1.0,22604.0,22604.0,0.0,1.0,0.0,8.959175584621482,3,🔴 Très haut risque,-1.7393955,6.391018
CLT03508,30,Auvergne-Rhône-Alpes,8,2,Agent,0.2088,2017-03-02,2.0,3031.0,1515.5,2.0,0.0,0.0,0.0,0.0,0.0,0.0,0.0,2,🔵 Risque modéré,-2.2930274,2.524041
CLT03509,31,Auvergne-Rhône-Alpes,4,2,Web,0.3246,2019-05-13,,,,,0.0,0.0,0.0,0.0,,0.0,,1,🟢 Bon risque fidèle,12.369728,2.7181537
CLT03510,46,Nouvelle-Aquitaine,1,0,Web,0.1984,2018-07-06,1.0,736.0,736.0,1.0,1.0,2129.0,2129.0,0.0,1.0,0.0,2.8926630434782608,2,🔵 Risque modéré,0.70145404,5.848033
CLT03511,25,Provence-Alpes-Côte d'Azur,2,2,Web,0.4007,2016-09-22,2.0,2451.0,1225.5,2.0,2.0,11911.0,5955.5,0.0,1.0,0.0,4.859649122807017,3,🔴 Très haut risque,-1.7923158,3.9011288
CLT03512,18,Centre-Val de Loire,1,0,Web,0.0505,2016-11-28,5.0,7033.0,1406.6,2.0,0.0,0.0,0.0,0.0,0.0,0.0,0.0,2,🔵 Risque modéré,-5.1717496,7.1276665
CLT03513,27,Auvergne-Rhône-Alpes,1,0,Courtier,0.1105,2020-10-11,,,,,0.0,0.0,0.0,0.0,,0.0,,1,🟢 Bon risque fidèle,16.44324,7.2811084
CLT03514,34,Île-de-France,12,0,Web,0.01,2016-09-14,4.0,7633.0,1908.25,3.0,1.0,177.0,177.0,0.0,0.25,0.0,0.02318878553648631,2,🔵 Risque modéré,-5.1678147,5.169071
CLT03515,27,Grand Est,0,0,Web,0.1236,2019-01-21,,,,,0.0,0.0,0.0,0.0,,0.0,,1,🟢 Bon risque fidèle,16.451946,7.4241104
CLT03516,29,Nouvelle-Aquitaine,1,0,Courtier,0.1173,2019-09-11,,,,,0.0,0.0,0.0,0.0,,0.0,,1,🟢 Bon risque fidèle,16.304785,7.4607196
CLT03517,42,Île-de-France,0,0,Web,0.01,2016-04-06,1.0,1806.0,1806.0,1.0,0.0,0.0,0.0,0.0,0.0,0.0,0.0,2,🔵 Risque modéré,2.0136683,10.728424
CLT03518,18,Grand Est,0,0,Téléphone,0.169,2017-08-25,1.0,922.0,922.0,1.0,1.0,21716.0,21716.0,0.0,1.0,0.0,23.553145336225597,3,🔴 Très haut risque,-1.6748805,6.138348
CLT03519,45,Grand Est,6,3,Courtier,0.3824,2019-03-29,2.0,2753.0,1376.5,2.0,1.0,35410.0,35410.0,0.0,0.5,0.0,12.86233200145296,3,🔴 Très haut risque,-2.1093934,6.3507066
CLT03520,26,Normandie,4,1,Agent,0.1127,2018-12-08,2.0,1885.0,942.5,1.0,0.0,0.0,0.0,0.0,0.0,0.0,0.0,2,🔵 Risque modéré,1.3780911,1.209237
CLT03521,41,Provence-Alpes-Côte d'Azur,2,0,Agent,0.2593,2018-11-13,4.0,5503.0,1375.75,3.0,5.0,3374.0,674.8,1.0,1.25,0.2,0.6131201163001999,2,🔵 Risque modéré,-3.660612,5.1698017
CLT03522,18,Occitanie,5,2,Agent,0.314,2019-09-21,3.0,3527.0,1175.6666666666667,3.0,4.0,3355.0,838.75,0.0,1.3333333333333333,0.0,0.9512333427842359,2,🔵 Risque modéré,-2.4600458,3.3727925
CLT03523,37,Île-de-France,1,1,Web,0.2641,2017-01-22,2.0,3064.0,1532.0,2.0,1.0,4379.0,4379.0,0.0,0.5,0.0,1.429177545691906,2,🔵 Risque modéré,-2.7906034,3.4231853
CLT03524,39,Nouvelle-Aquitaine,5,0,Web,0.01,2020-09-03,1.0,1950.0,1950.0,1.0,0.0,0.0,0.0,0.0,0.0,0.0,0.0,2,🔵 Risque modéré,2.0506608,10.145762
CLT03525,62,Occitanie,5,1,Partenaire banque,0.2685,2019-05-20,5.0,5666.0,1133.2,2.0,3.0,17757.0,5919.0,0.0,0.6,0.0,3.1339569361101307,3,🔴 Très haut risque,-3.4303505,4.157901
CLT03526,34,Grand Est,2,1,Web,0.0877,2018-01-07,,,,,0.0,0.0,0.0,0.0,,0.0,,1,🟢 Bon risque fidèle,14.657147,1.9003268
CLT03527,56,Hauts-de-France,4,2,Web,0.1904,2019-06-30,1.0,1802.0,1802.0,1.0,0.0,0.0,0.0,0.0,0.0,0.0,0.0,2,🔵 Risque modéré,-0.58305395,1.4074599
CLT03528,33,Bretagne,16,1,Web,0.2858,2017-06-08,3.0,7222.0,2407.3333333333335,3.0,1.0,4764.0,4764.0,0.0,0.3333333333333333,0.0,0.6596510661866519,2,🔵 Risque modéré,-4.3426094,3.8586066
CLT03529,56,Hauts-de-France,10,0,Courtier,0.01,2016-12-02,1.0,1337.0,1337.0,1.0,0.0,0.0,0.0,0.0,0.0,0.0,0.0,2,🔵 Risque modéré,1.4531729,9.509155
CLT03530,38,Bretagne,1,1,Courtier,0.2325,2017-06-06,,,,,0.0,0.0,0.0,0.0,,0.0,,1,🟢 Bon risque fidèle,14.555286,1.1219214
CLT03531,33,Bretagne,0,1,Partenaire banque,0.1661,2016-10-22,1.0,855.0,855.0,1.0,0.0,0.0,0.0,0.0,0.0,0.0,0.0,2,🔵 Risque modéré,1.6633347,1.1721905
CLT03532,38,Grand Est,4,0,Web,0.1314,2019-07-15,1.0,2854.0,2854.0,1.0,0.0,0.0,0.0,0.0,0.0,0.0,0.0,2,🔵 Risque modéré,3.0476196,10.295468
CLT03533,48,Hauts-de-France,3,2,Partenaire banque,0.1192,2019-11-30,1.0,1301.0,1301.0,1.0,2.0,569.0,284.5,0.0,2.0,0.0,0.43735588009223675,3,🔴 Très haut risque,-0.89606285,4.9726133
CLT03534,55,Occitanie,3,2,Agent,0.2574,2019-03-02,3.0,4355.0,1451.6666666666667,2.0,2.0,3114.0,1557.0,0.0,0.6666666666666666,0.0,0.7150401836969001,2,🔵 Risque modéré,-2.149862,3.2844489
CLT03535,52,Grand Est,5,1,Agent,0.01,2018-05-11,2.0,2128.0,1064.0,2.0,0.0,0.0,0.0,0.0,0.0,0.0,0.0,2,🔵 Risque modéré,-4.0866494,3.1567848
CLT03536,30,Nouvelle-Aquitaine,0,1,Web,0.1417,2020-06-03,3.0,5082.0,1694.0,1.0,2.0,19380.0,9690.0,0.0,0.6666666666666666,0.0,3.8134592680047223,3,🔴 Très haut risque,-2.3707783,5.4351788
CLT03537,56,Bretagne,0,0,Courtier,0.01,2019-05-23,2.0,1778.0,889.0,2.0,2.0,714.0,357.0,0.0,1.0,0.0,0.4015748031496063,2,🔵 Risque modéré,-4.414055,6.3306103
CLT03538,28,Occitanie,4,2,Web,0.403,2016-09-14,2.0,1997.0,998.5,1.0,2.0,4173.0,2086.5,0.0,1.0,0.0,2.0896344516775165,3,🔴 Très haut risque,-0.8065667,3.9457939
CLT03539,66,Grand Est,5,1,Web,0.1398,2019-01-30,4.0,5054.0,1263.5,3.0,2.0,452.0,226.0,0.0,0.5,0.0,0.08943411159477642,2,🔵 Risque modéré,-3.9124293,4.0563803
CLT03540,47,Bretagne,5,0,Web,0.01,2019-08-06,2.0,3591.0,1795.5,1.0,0.0,0.0,0.0,0.0,0.0,0.0,0.0,2,🔵 Risque modéré,1.4602288,10.043562
CLT03541,46,Auvergne-Rhône-Alpes,1,0,Courtier,0.0336,2017-11-16,6.0,7410.0,1235.0,2.0,4.0,13514.0,3378.5,1.0,0.6666666666666666,0.25,1.8237516869095816,2,🔵 Risque modéré,-4.0838118,5.564823
CLT03542,35,Hauts-de-France,3,0,Web,0.01,2020-06-24,2.0,2915.0,1457.5,1.0,0.0,0.0,0.0,0.0,0.0,0.0,0.0,2,🔵 Risque modéré,1.6876035,10.572073
CLT03543,55,Occitanie,0,1,Web,0.0727,2016-07-21,2.0,3087.0,1543.5,2.0,0.0,0.0,0.0,0.0,0.0,0.0,0.0,2,🔵 Risque modéré,-3.760651,3.1860359
CLT03544,34,Bretagne,0,1,Partenaire banque,0.1514,2017-04-02,2.0,2083.0,1041.5,2.0,1.0,25376.0,25376.0,0.0,0.5,0.0,12.182429188670188,3,🔴 Très haut risque,-2.170914,6.3930492
CLT03545,35,Bretagne,5,0,Partenaire banque,0.01,2020-05-24,,,,,0.0,0.0,0.0,0.0,,0.0,,1,🟢 Bon risque fidèle,15.246928,6.3891015
CLT03546,18,Auvergne-Rhône-Alpes,0,1,Web,0.1797,2020-02-02,2.0,3823.0,1911.5,2.0,0.0,0.0,0.0,0.0,0.0,0.0,0.0,2,🔵 Risque modéré,-3.088566,2.6908307
CLT03547,50,Hauts-de-France,2,0,Courtier,0.1936,2020-07-12,,,,,0.0,0.0,0.0,0.0,,0.0,,1,🟢 Bon risque fidèle,14.9691925,8.558159
CLT03548,27,Normandie,2,1,Web,0.2214,2017-12-17,,,,,0.0,0.0,0.0,0.0,,0.0,,1,🟢 Bon risque fidèle,14.997359,1.3853542
CLT03549,57,Centre-Val de Loire,0,0,Téléphone,0.2213,2019-02-05,,,,,0.0,0.0,0.0,0.0,,0.0,,1,🟢 Bon risque fidèle,14.893134,8.906242
CLT03550,41,Hauts-de-France,7,1,Agent,0.0427,2016-04-10,3.0,6164.0,2054.6666666666665,2.0,0.0,0.0,0.0,0.0,0.0,0.0,0.0,2,🔵 Risque modéré,-4.3293624,3.195203
CLT03551,18,Nouvelle-Aquitaine,2,2,Web,0.2543,2020-03-21,3.0,3236.0,1078.6666666666667,2.0,1.0,941.0,941.0,0.0,0.3333333333333333,0.0,0.29079110012360937,2,🔵 Risque modéré,-2.481179,2.8651054
CLT03552,52,Bretagne,0,0,Web,0.2329,2020-07-10,1.0,1455.0,1455.0,1.0,0.0,0.0,0.0,0.0,0.0,0.0,0.0,2,🔵 Risque modéré,0.89773154,11.738974
CLT03553,38,Grand Est,4,0,Courtier,0.1629,2020-12-13,2.0,5867.0,2933.5,1.0,0.0,0.0,0.0,0.0,0.0,0.0,0.0,2,🔵 Risque modéré,3.040344,10.338181
CLT03554,39,Bretagne,1,0,Courtier,0.2663,2016-09-20,,,,,0.0,0.0,0.0,0.0,,0.0,,1,🟢 Bon risque fidèle,15.788981,8.5391
CLT03555,40,Hauts-de-France,0,2,Web,0.4139,2018-11-19,2.0,3478.0,1739.0,1.0,2.0,24371.0,12185.5,1.0,1.0,0.5,7.007188039102933,0,🟠 Risque élevé,-2.6896093,4.988915
CLT03556,35,Nouvelle-Aquitaine,4,1,Agent,0.0983,2016-10-21,,,,,0.0,0.0,0.0,0.0,,0.0,,1,🟢 Bon risque fidèle,14.464431,2.2015972
CLT03557,29,Bretagne,3,0,Courtier,0.01,2017-07-03,2.0,2728.0,1364.0,2.0,0.0,0.0,0.0,0.0,0.0,0.0,0.0,2,🔵 Risque modéré,-5.7187247,7.202236
CLT03558,46,Île-de-France,6,0,Téléphone,0.01,2019-08-04,1.0,517.0,517.0,1.0,0.0,0.0,0.0,0.0,0.0,0.0,0.0,2,🔵 Risque modéré,1.5931752,10.081453
CLT03559,28,Provence-Alpes-Côte d'Azur,1,2,Agent,0.0948,2017-05-27,2.0,4059.0,2029.5,2.0,0.0,0.0,0.0,0.0,0.0,0.0,0.0,2,🔵 Risque modéré,-2.8177013,2.6817806
CLT03560,53,Centre-Val de Loire,3,0,Courtier,0.01,2018-07-28,2.0,4023.0,2011.5,2.0,0.0,0.0,0.0,0.0,0.0,0.0,0.0,2,🔵 Risque modéré,-6.435657,6.554165
CLT03561,50,Nouvelle-Aquitaine,2,2,Courtier,0.3476,2017-12-27,,,,,0.0,0.0,0.0,0.0,,0.0,,1,🟢 Bon risque fidèle,12.173418,2.5011158
CLT03562,49,Normandie,5,1,Courtier,0.1178,2017-07-20,3.0,4628.0,1542.6666666666667,3.0,1.0,1364.0,1364.0,0.0,0.3333333333333333,0.0,0.29472774416594644,2,🔵 Risque modéré,-3.9473317,3.8906422
CLT03563,28,Bretagne,2,0,Courtier,0.1158,2020-01-13,,,,,0.0,0.0,0.0,0.0,,0.0,,1,🟢 Bon risque fidèle,16.332706,7.313958
CLT03564,21,Occitanie,0,0,Web,0.2648,2020-10-25,1.0,1314.0,1314.0,1.0,0.0,0.0,0.0,0.0,0.0,0.0,0.0,2,🔵 Risque modéré,2.8288863,11.714149
CLT03565,25,Auvergne-Rhône-Alpes,7,1,Partenaire banque,0.01,2018-04-14,1.0,2301.0,2301.0,1.0,0.0,0.0,0.0,0.0,0.0,0.0,0.0,2,🔵 Risque modéré,0.2934787,1.0499495
CLT03566,49,Provence-Alpes-Côte d'Azur,0,2,Téléphone,0.3154,2019-07-25,4.0,5443.0,1360.75,2.0,0.0,0.0,0.0,0.0,0.0,0.0,0.0,2,🔵 Risque modéré,-2.1880531,3.0316956
CLT03567,59,Auvergne-Rhône-Alpes,0,0,Web,0.2335,2017-05-08,2.0,2413.0,1206.5,2.0,2.0,8800.0,4400.0,0.0,1.0,0.0,3.6469125569830085,3,🔴 Très haut risque,-3.9566631,6.274041
CLT03568,42,Auvergne-Rhône-Alpes,1,1,Web,0.2455,2016-04-29,2.0,3342.0,1671.0,2.0,2.0,4850.0,2425.0,0.0,1.0,0.0,1.4512268102932375,2,🔵 Risque modéré,-2.8126097,3.5884914
CLT03569,31,Auvergne-Rhône-Alpes,12,0,Agent,0.0516,2019-02-10,3.0,3680.0,1226.6666666666667,2.0,0.0,0.0,0.0,0.0,0.0,0.0,0.0,2,🔵 Risque modéré,-5.440026,5.5658545
CLT03570,27,Normandie,3,0,Téléphone,0.059,2016-01-24,,,,,0.0,0.0,0.0,0.0,,0.0,,1,🟢 Bon risque fidèle,16.146088,6.839398
CLT03571,56,Bretagne,0,1,Agent,0.1527,2020-02-07,5.0,5611.0,1122.2,2.0,2.0,30775.0,15387.5,0.0,0.4,0.0,5.484762074496524,3,🔴 Très haut risque,-2.974611,6.0363193
CLT03572,42,Nouvelle-Aquitaine,0,0,Courtier,0.1211,2018-11-22,,,,,0.0,0.0,0.0,0.0,,0.0,,1,🟢 Bon risque fidèle,15.399066,8.09719
CLT03573,58,Grand Est,2,5,Agent,0.2256,2018-04-12,2.0,4021.0,2010.5,1.0,0.0,0.0,0.0,0.0,0.0,0.0,0.0,2,🔵 Risque modéré,-1.2130115,2.0781484
CLT03574,49,Île-de-France,13,1,Agent,0.1837,2020-08-31,1.0,2254.0,2254.0,1.0,0.0,0.0,0.0,0.0,0.0,0.0,0.0,2,🔵 Risque modéré,-0.10127662,0.49407506
CLT03575,65,Île-de-France,0,0,Agent,0.1861,2019-12-11,1.0,1815.0,1815.0,1.0,0.0,0.0,0.0,0.0,0.0,0.0,0.0,2,🔵 Risque modéré,0.41876122,11.385818
CLT03576,18,Grand Est,1,0,Agent,0.2776,2017-05-17,2.0,3568.0,1784.0,2.0,2.0,17540.0,8770.0,0.0,1.0,0.0,4.915919282511211,3,🔴 Très haut risque,-4.1150446,7.11805
CLT03577,60,Grand Est,2,1,Agent,0.0186,2016-03-29,1.0,1053.0,1053.0,1.0,0.0,0.0,0.0,0.0,0.0,0.0,0.0,2,🔵 Risque modéré,1.0061796,0.31346253
CLT03578,53,Centre-Val de Loire,0,0,Courtier,0.01,2016-12-13,4.0,5114.0,1278.5,2.0,0.0,0.0,0.0,0.0,0.0,0.0,0.0,2,🔵 Risque modéré,-5.6120677,6.191373
CLT03579,23,Grand Est,2,0,Téléphone,0.0707,2016-12-26,1.0,1144.0,1144.0,1.0,0.0,0.0,0.0,0.0,0.0,0.0,0.0,2,🔵 Risque modéré,2.4766223,11.358629
CLT03580,69,Auvergne-Rhône-Alpes,0,1,Courtier,0.2697,2016-10-02,1.0,1097.0,1097.0,1.0,1.0,138.0,138.0,0.0,1.0,0.0,0.12579762989972654,2,🔵 Risque modéré,-0.30939525,4.4898314
CLT03581,51,Grand Est,2,0,Courtier,0.01,2016-04-16,3.0,4130.0,1376.6666666666667,1.0,0.0,0.0,0.0,0.0,0.0,0.0,0.0,2,🔵 Risque modéré,0.9131945,10.3547735
CLT03582,45,Bretagne,3,0,Courtier,0.0399,2016-12-17,,,,,0.0,0.0,0.0,0.0,,0.0,,1,🟢 Bon risque fidèle,14.629397,6.9497275
CLT03583,58,Provence-Alpes-Côte d'Azur,3,0,Partenaire banque,0.0224,2017-11-25,2.0,1967.0,983.5,1.0,2.0,275.0,137.5,0.0,1.0,0.0,0.13980681240467718,2,🔵 Risque modéré,0.42019376,6.459167
CLT03584,23,Occitanie,2,1,Téléphone,0.13,2020-10-10,2.0,1934.0,967.0,2.0,1.0,143.0,143.0,0.0,0.5,0.0,0.07394002068252327,2,🔵 Risque modéré,-2.9436228,3.0571835
CLT03585,54,Auvergne-Rhône-Alpes,3,1,Web,0.1556,2018-09-18,2.0,3981.0,1990.5,1.0,2.0,4475.0,2237.5,0.0,1.0,0.0,1.1240894247676463,2,🔵 Risque modéré,-0.072738215,4.7661576
CLT03586,60,Hauts-de-France,2,3,Web,0.5688,2016-01-07,4.0,7032.0,1758.0,2.0,6.0,24968.0,4161.333333333333,0.0,1.5,0.0,3.5506257110352673,3,🔴 Très haut risque,-1.827866,3.8158572
CLT03587,23,Centre-Val de Loire,1,1,Courtier,0.1899,2017-09-18,,,,,0.0,0.0,0.0,0.0,,0.0,,1,🟢 Bon risque fidèle,15.053977,1.4374995
CLT03588,72,Grand Est,2,2,Téléphone,0.2925,2016-03-15,3.0,4140.0,1380.0,2.0,1.0,1149.0,1149.0,0.0,0.3333333333333333,0.0,0.27753623188405796,2,🔵 Risque modéré,-2.1548557,3.1365185
CLT03589,27,Normandie,5,0,Téléphone,0.1977,2020-10-05,1.0,2434.0,2434.0,1.0,0.0,0.0,0.0,0.0,0.0,0.0,0.0,2,🔵 Risque modéré,3.2119865,10.828585
CLT03590,60,Normandie,3,0,Web,0.1314,2016-01-15,1.0,1281.0,1281.0,1.0,0.0,0.0,0.0,0.0,0.0,0.0,0.0,2,🔵 Risque modéré,0.67992514,11.080363
CLT03591,39,Centre-Val de Loire,3,0,Courtier,0.01,2017-09-05,,,,,0.0,0.0,0.0,0.0,,0.0,,1,🟢 Bon risque fidèle,15.081739,6.8088517
CLT03592,35,Provence-Alpes-Côte d'Azur,5,0,Web,0.1635,2017-12-19,1.0,1755.0,1755.0,1.0,0.0,0.0,0.0,0.0,0.0,0.0,0.0,2,🔵 Risque modéré,2.183124,10.802831
CLT03593,32,Nouvelle-Aquitaine,0,0,Courtier,0.01,2016-01-21,1.0,1265.0,1265.0,1.0,0.0,0.0,0.0,0.0,0.0,0.0,0.0,2,🔵 Risque modéré,2.373233,11.228534
CLT03594,50,Auvergne-Rhône-Alpes,1,1,Courtier,0.1849,2017-02-10,1.0,1215.0,1215.0,1.0,0.0,0.0,0.0,0.0,0.0,0.0,0.0,2,🔵 Risque modéré,1.2092994,0.9642634
CLT03595,43,Auvergne-Rhône-Alpes,4,0,Courtier,0.01,2016-11-12,1.0,1850.0,1850.0,1.0,0.0,0.0,0.0,0.0,0.0,0.0,0.0,2,🔵 Risque modéré,1.8572352,10.275354
CLT03596,38,Bretagne,1,1,Web,0.0407,2018-09-27,2.0,3147.0,1573.5,1.0,1.0,1273.0,1273.0,0.0,0.5,0.0,0.40451223387353036,2,🔵 Risque modéré,1.2115755,0.67972285
CLT03597,56,Île-de-France,6,1,Web,0.0478,2019-09-08,,,,,0.0,0.0,0.0,0.0,,0.0,,1,🟢 Bon risque fidèle,13.600328,2.1496158
CLT03598,20,Hauts-de-France,4,0,Web,0.2094,2018-03-22,1.0,1323.0,1323.0,1.0,1.0,26260.0,26260.0,0.0,1.0,0.0,19.848828420256993,3,🔴 Très haut risque,-1.744186,6.246232
CLT03599,57,Provence-Alpes-Côte d'Azur,0,2,Web,0.2803,2018-05-29,3.0,2489.0,829.6666666666666,2.0,0.0,0.0,0.0,0.0,0.0,0.0,0.0,2,🔵 Risque modéré,-2.1672027,2.9606435
CLT03600,18,Nouvelle-Aquitaine,20,0,Courtier,0.04,2017-07-07,,,,,0.0,0.0,0.0,0.0,,0.0,,1,🟢 Bon risque fidèle,14.594075,4.8611174
CLT03601,65,Auvergne-Rhône-Alpes,10,1,Partenaire banque,0.1845,2019-09-08,1.0,2025.0,2025.0,1.0,0.0,0.0,0.0,0.0,0.0,0.0,0.0,2,🔵 Risque modéré,0.14086647,0.3168542
CLT03602,37,Normandie,0,2,Web,0.212,2017-12-27,,,,,0.0,0.0,0.0,0.0,,0.0,,1,🟢 Bon risque fidèle,12.579083,2.450511
CLT03603,43,Bretagne,0,0,Web,0.3178,2020-12-16,3.0,4086.0,1362.0,2.0,2.0,9203.0,4601.5,1.0,0.6666666666666666,0.5,2.2523250122369065,0,🟠 Risque élevé,-3.040925,5.109486
CLT03604,47,Occitanie,0,1,Web,0.1325,2017-08-08,2.0,4162.0,2081.0,2.0,0.0,0.0,0.0,0.0,0.0,0.0,0.0,2,🔵 Risque modéré,-3.4725423,2.9748027
CLT03605,26,Île-de-France,1,0,Web,0.0777,2018-05-14,3.0,2946.0,982.0,2.0,0.0,0.0,0.0,0.0,0.0,0.0,0.0,2,🔵 Risque modéré,-5.359799,7.2361317
CLT03606,32,Provence-Alpes-Côte d'Azur,7,1,Téléphone,0.1643,2016-11-26,1.0,1490.0,1490.0,1.0,0.0,0.0,0.0,0.0,0.0,0.0,0.0,2,🔵 Risque modéré,0.4302058,0.9137379
CLT03607,55,Occitanie,5,0,Partenaire banque,0.172,2019-09-26,2.0,2070.0,1035.0,2.0,0.0,0.0,0.0,0.0,0.0,0.0,0.0,2,🔵 Risque modéré,-6.050717,6.570513
CLT03608,35,Hauts-de-France,1,2,Web,0.2294,2018-09-30,1.0,1431.0,1431.0,1.0,0.0,0.0,0.0,0.0,0.0,0.0,0.0,2,🔵 Risque modéré,-1.0004101,1.4534278
CLT03609,27,Grand Est,1,0,Courtier,0.1866,2019-10-30,2.0,2510.0,1255.0,2.0,1.0,252.0,252.0,0.0,0.5,0.0,0.100398406374502,2,🔵 Risque modéré,-4.889583,7.4508905
CLT03610,45,Nouvelle-Aquitaine,1,1,Web,0.1127,2020-04-16,2.0,3784.0,1892.0,2.0,1.0,2895.0,2895.0,0.0,0.5,0.0,0.7650634249471459,2,🔵 Risque modéré,-3.2711535,3.4280446
CLT03611,53,Bretagne,0,1,Courtier,0.2059,2020-03-01,1.0,953.0,953.0,1.0,1.0,522.0,522.0,0.0,1.0,0.0,0.5477439664218258,2,🔵 Risque modéré,-0.09299435,4.4400997
CLT03612,49,Bretagne,2,1,Web,0.316,2016-08-10,3.0,5600.0,1866.6666666666667,2.0,0.0,0.0,0.0,0.0,0.0,0.0,0.0,2,🔵 Risque modéré,-3.2191308,2.8667383
CLT03613,49,Île-de-France,3,0,Web,0.01,2017-12-07,3.0,2825.0,941.6666666666666,3.0,0.0,0.0,0.0,0.0,0.0,0.0,0.0,2,🔵 Risque modéré,-4.887344,5.0693226
CLT03614,50,Grand Est,5,0,Web,0.0483,2019-11-04,2.0,2761.0,1380.5,2.0,1.0,10574.0,10574.0,0.0,0.5,0.0,3.8297718218036945,3,🔴 Très haut risque,-3.2104354,6.406612
CLT03615,47,Occitanie,1,1,Web,0.2127,2020-08-28,,,,,0.0,0.0,0.0,0.0,,0.0,,1,🟢 Bon risque fidèle,13.918688,1.1502067
CLT03616,48,Provence-Alpes-Côte d'Azur,3,0,Courtier,0.01,2019-05-09,5.0,7481.0,1496.2,2.0,4.0,36845.0,9211.25,0.0,0.8,0.0,4.9251436973666625,3,🔴 Très haut risque,-3.4337075,6.122336
CLT03617,47,Île-de-France,7,1,Courtier,0.1668,2017-08-17,2.0,2293.0,1146.5,1.0,0.0,0.0,0.0,0.0,0.0,0.0,0.0,2,🔵 Risque modéré,0.41393661,0.46795675
CLT03618,57,Hauts-de-France,2,0,Courtier,0.0401,2020-04-09,1.0,1153.0,1153.0,1.0,0.0,0.0,0.0,0.0,0.0,0.0,0.0,2,🔵 Risque modéré,0.53471154,10.659616
CLT03619,25,Bretagne,4,0,Web,0.0624,2016-11-10,1.0,1443.0,1443.0,1.0,0.0,0.0,0.0,0.0,0.0,0.0,0.0,2,🔵 Risque modéré,2.4762223,10.8209095
CLT03620,51,Grand Est,3,2,Web,0.336,2017-07-31,1.0,820.0,820.0,1.0,0.0,0.0,0.0,0.0,0.0,0.0,0.0,2,🔵 Risque modéré,-0.7076465,1.6346138
CLT03621,40,Auvergne-Rhône-Alpes,3,0,Téléphone,0.1305,2019-12-08,3.0,6872.0,2290.6666666666665,2.0,1.0,1946.0,1946.0,0.0,0.3333333333333333,0.0,0.2831781140861467,2,🔵 Risque modéré,-5.102795,6.667846
CLT03622,73,Occitanie,20,2,Agent,0.2815,2018-05-30,4.0,6257.0,1564.25,2.0,0.0,0.0,0.0,0.0,0.0,0.0,0.0,2,🔵 Risque modéré,-4.473109,3.801305
CLT03623,41,Occitanie,7,0,Courtier,0.0532,2020-05-24,2.0,2053.0,1026.5,2.0,1.0,5768.0,5768.0,0.0,0.5,0.0,2.8095470043838287,2,🔵 Risque modéré,-4.0679407,6.3419952
CLT03624,49,Auvergne-Rhône-Alpes,11,1,Agent,0.1007,2018-10-27,3.0,4099.0,1366.3333333333333,2.0,0.0,0.0,0.0,0.0,0.0,0.0,0.0,2,🔵 Risque modéré,-4.613803,3.6187665
CLT03625,49,Centre-Val de Loire,3,0,Web,0.01,2020-10-18,2.0,4469.0,2234.5,1.0,0.0,0.0,0.0,0.0,0.0,0.0,0.0,2,🔵 Risque modéré,1.6765702,10.162763
CLT03626,32,Centre-Val de Loire,2,0,Agent,0.1235,2016-11-02,4.0,4228.0,1057.0,3.0,2.0,288.0,144.0,0.0,0.5,0.0,0.06811731315042574,2,🔵 Risque modéré,-4.5039,5.101664
CLT03627,67,Occitanie,4,0,Web,0.1039,2018-04-03,1.0,1354.0,1354.0,1.0,0.0,0.0,0.0,0.0,0.0,0.0,0.0,2,🔵 Risque modéré,0.5785679,10.966111
CLT03628,18,Île-de-France,7,0,Web,0.01,2017-01-30,2.0,2278.0,1139.0,2.0,0.0,0.0,0.0,0.0,0.0,0.0,0.0,2,🔵 Risque modéré,-5.3356447,6.800144
CLT03629,54,Nouvelle-Aquitaine,1,1,Courtier,0.1034,2019-06-18,2.0,4854.0,2427.0,2.0,1.0,303.0,303.0,0.0,0.5,0.0,0.06242274412855377,2,🔵 Risque modéré,-3.4860036,3.2739735
CLT03630,40,Occitanie,1,0,Web,0.0955,2016-04-16,1.0,646.0,646.0,1.0,0.0,0.0,0.0,0.0,0.0,0.0,0.0,2,🔵 Risque modéré,1.5640591,11.452326
CLT03631,60,Bretagne,4,2,Courtier,0.2444,2017-09-21,1.0,1388.0,1388.0,1.0,1.0,5380.0,5380.0,0.0,1.0,0.0,3.876080691642651,3,🔴 Très haut risque,-0.6526271,4.4047265
CLT03632,46,Occitanie,0,0,Web,0.2806,2018-05-24,1.0,1815.0,1815.0,1.0,0.0,0.0,0.0,0.0,0.0,0.0,0.0,2,🔵 Risque modéré,0.9588772,11.803766
CLT03633,40,Normandie,2,2,Web,0.2616,2018-05-26,,,,,0.0,0.0,0.0,0.0,,0.0,,1,🟢 Bon risque fidèle,12.442307,2.4411602
CLT03634,42,Île-de-France,8,0,Web,0.0988,2017-07-07,2.0,2908.0,1454.0,2.0,1.0,217.0,217.0,0.0,0.5,0.0,0.07462173314993123,2,🔵 Risque modéré,-4.915595,6.259161
CLT03635,47,Provence-Alpes-Côte d'Azur,1,0,Web,0.0675,2017-12-21,,,,,0.0,0.0,0.0,0.0,,0.0,,1,🟢 Bon risque fidèle,14.661327,7.8965616
CLT03636,58,Bretagne,20,0,Web,0.01,2016-04-09,1.0,1394.0,1394.0,1.0,1.0,2275.0,2275.0,0.0,1.0,0.0,1.6319942611190819,2,🔵 Risque modéré,-0.6812883,6.881534
CLT03637,27,Nouvelle-Aquitaine,5,0,Web,0.01,2016-04-18,2.0,3052.0,1526.0,1.0,1.0,292.0,292.0,0.0,0.5,0.0,0.09567496723460026,2,🔵 Risque modéré,1.0999055,9.642664
CLT03638,18,Provence-Alpes-Côte d'Azur,0,1,Web,0.3028,2018-08-26,,,,,0.0,0.0,0.0,0.0,,0.0,,1,🟢 Bon risque fidèle,15.1170025,1.1423732
CLT03639,31,Hauts-de-France,3,1,Téléphone,0.0797,2016-07-27,1.0,3188.0,3188.0,1.0,0.0,0.0,0.0,0.0,0.0,0.0,0.0,2,🔵 Risque modéré,0.46721134,1.433905
CLT03640,36,Bretagne,1,2,Web,0.1371,2018-10-05,3.0,3243.0,1081.0,2.0,1.0,2395.0,2395.0,0.0,0.3333333333333333,0.0,0.738513721862473,2,🔵 Risque modéré,-2.68864,3.2264416
CLT03641,59,Provence-Alpes-Côte d'Azur,7,1,Web,0.0278,2016-08-18,,,,,0.0,0.0,0.0,0.0,,0.0,,1,🟢 Bon risque fidèle,13.570708,2.1602314
CLT03642,48,Auvergne-Rhône-Alpes,1,1,Agent,0.3458,2019-11-01,1.0,1272.0,1272.0,1.0,0.0,0.0,0.0,0.0,0.0,0.0,0.0,2,🔵 Risque modéré,1.0210228,1.5925559
CLT03643,50,Grand Est,6,0,Agent,0.099,2016-09-25,3.0,4066.0,1355.3333333333333,3.0,3.0,7257.0,2419.0,0.0,1.0,0.0,1.7848007870142646,2,🔵 Risque modéré,-4.575206,5.4833913
CLT03644,49,Provence-Alpes-Côte d'Azur,4,0,Courtier,0.0922,2020-07-18,3.0,3145.0,1048.3333333333333,2.0,3.0,8152.0,2717.3333333333335,0.0,1.0,0.0,2.5920508744038155,2,🔵 Risque modéré,-4.335065,6.2522006
CLT03645,69,Provence-Alpes-Côte d'Azur,6,2,Agent,0.101,2019-04-23,2.0,3297.0,1648.5,2.0,0.0,0.0,0.0,0.0,0.0,0.0,0.0,2,🔵 Risque modéré,-3.825553,3.168703
CLT03646,66,Grand Est,8,2,Agent,0.2926,2017-05-04,2.0,4189.0,2094.5,1.0,1.0,261.0,261.0,0.0,0.5,0.0,0.06230603962759609,2,🔵 Risque modéré,-1.6534709,3.0486226
CLT03647,38,Hauts-de-France,2,0,Web,0.2019,2018-02-27,3.0,4194.0,1398.0,2.0,1.0,5105.0,5105.0,0.0,0.3333333333333333,0.0,1.2172150691463997,2,🔵 Risque modéré,-4.379347,6.567476
CLT03648,48,Auvergne-Rhône-Alpes,12,0,Téléphone,0.1171,2016-09-26,,,,,0.0,0.0,0.0,0.0,,0.0,,1,🟢 Bon risque fidèle,14.648663,5.6547346
CLT03649,41,Centre-Val de Loire,0,0,Web,0.0218,2019-04-18,,,,,0.0,0.0,0.0,0.0,,0.0,,1,🟢 Bon risque fidèle,14.963515,7.3545113
CLT03650,37,Occitanie,0,1,Web,0.1565,2018-07-03,1.0,969.0,969.0,1.0,0.0,0.0,0.0,0.0,0.0,0.0,0.0,2,🔵 Risque modéré,1.666076,1.0982808
CLT03651,54,Auvergne-Rhône-Alpes,4,1,Web,0.147,2019-01-26,,,,,0.0,0.0,0.0,0.0,,0.0,,1,🟢 Bon risque fidèle,13.512149,1.7513152
CLT03652,53,Centre-Val de Loire,3,0,Web,0.0996,2020-01-27,1.0,2052.0,2052.0,1.0,1.0,2588.0,2588.0,0.0,1.0,0.0,1.2612085769980508,2,🔵 Risque modéré,0.20936479,5.8859067
CLT03653,43,Normandie,9,0,Partenaire banque,0.113,2017-02-19,1.0,1119.0,1119.0,1.0,1.0,263.0,263.0,0.0,1.0,0.0,0.2350312779267203,2,🔵 Risque modéré,0.13855232,6.505206
CLT03654,49,Grand Est,1,3,Agent,0.377,2016-04-01,1.0,1433.0,1433.0,1.0,1.0,425.0,425.0,0.0,1.0,0.0,0.29658060013956733,2,🔵 Risque modéré,-0.82998025,3.8781376
CLT03655,54,Nouvelle-Aquitaine,5,2,Web,0.2853,2019-02-03,1.0,3751.0,3751.0,1.0,0.0,0.0,0.0,0.0,0.0,0.0,0.0,2,🔵 Risque modéré,0.060760975,1.8255953
CLT03656,39,Hauts-de-France,1,1,Téléphone,0.0785,2020-04-06,,,,,0.0,0.0,0.0,0.0,,0.0,,1,🟢 Bon risque fidèle,14.483283,1.7856545
CLT03657,18,Grand Est,3,0,Partenaire banque,0.0739,2018-01-21,1.0,1708.0,1708.0,1.0,0.0,0.0,0.0,0.0,0.0,0.0,0.0,2,🔵 Risque modéré,2.7730632,10.997803
CLT03658,48,Normandie,0,0,Agent,0.0354,2016-08-30,2.0,3150.0,1575.0,1.0,0.0,0.0,0.0,0.0,0.0,0.0,0.0,2,🔵 Risque modéré,0.8651963,10.493823
CLT03659,36,Bretagne,1,1,Web,0.1849,2018-05-10,1.0,1813.0,1813.0,1.0,1.0,8263.0,8263.0,0.0,1.0,0.0,4.5576392719249865,3,🔴 Très haut risque,-0.40916976,5.1164656
CLT03660,34,Grand Est,0,0,Partenaire banque,0.0756,2018-10-30,2.0,4609.0,2304.5,1.0,0.0,0.0,0.0,0.0,0.0,0.0,0.0,2,🔵 Risque modéré,2.8386254,10.592212
CLT03661,21,Île-de-France,7,1,Web,0.2753,2017-07-17,1.0,1126.0,1126.0,1.0,0.0,0.0,0.0,0.0,0.0,0.0,0.0,2,🔵 Risque modéré,0.9442457,1.6206629
CLT03662,43,Nouvelle-Aquitaine,0,0,Web,0.1043,2019-03-07,1.0,1526.0,1526.0,1.0,0.0,0.0,0.0,0.0,0.0,0.0,0.0,2,🔵 Risque modéré,1.6178981,11.398492
CLT03663,39,Île-de-France,3,0,Agent,0.01,2019-11-23,1.0,2867.0,2867.0,1.0,2.0,60037.0,30018.5,0.0,2.0,0.0,20.940704569236136,3,🔴 Très haut risque,-1.8349894,6.381579
CLT03664,58,Occitanie,3,0,Agent,0.2064,2018-03-27,3.0,4462.0,1487.3333333333333,3.0,0.0,0.0,0.0,0.0,0.0,0.0,0.0,2,🔵 Risque modéré,-4.804757,5.418386
CLT03665,18,Normandie,2,1,Agent,0.2009,2020-11-19,3.0,5201.0,1733.6666666666667,3.0,1.0,190.0,190.0,0.0,0.3333333333333333,0.0,0.03653143626225726,2,🔵 Risque modéré,-3.4711733,3.835278
CLT03666,41,Grand Est,6,1,Partenaire banque,0.1116,2016-12-06,1.0,1834.0,1834.0,1.0,0.0,0.0,0.0,0.0,0.0,0.0,0.0,2,🔵 Risque modéré,0.60298026,0.6741657
CLT03667,38,Normandie,3,2,Agent,0.1063,2018-02-27,,,,,0.0,0.0,0.0,0.0,,0.0,,1,🟢 Bon risque fidèle,12.730991,2.4385266
CLT03668,18,Grand Est,6,0,Agent,0.083,2018-04-02,2.0,2389.0,1194.5,2.0,0.0,0.0,0.0,0.0,0.0,0.0,0.0,2,🔵 Risque modéré,-5.334159,7.0195174
CLT03669,41,Centre-Val de Loire,0,1,Web,0.2166,2017-01-13,3.0,4890.0,1630.0,1.0,1.0,2250.0,2250.0,0.0,0.3333333333333333,0.0,0.4601226993865031,2,🔵 Risque modéré,0.17000395,3.2712739
CLT03670,31,Île-de-France,5,0,Web,0.01,2017-03-24,,,,,0.0,0.0,0.0,0.0,,0.0,,1,🟢 Bon risque fidèle,15.303629,6.314724
CLT03671,43,Centre-Val de Loire,2,1,Agent,0.1468,2020-12-07,2.0,5191.0,2595.5,2.0,1.0,283.0,283.0,0.0,0.5,0.0,0.05451743402041996,2,🔵 Risque modéré,-3.4060411,3.177795
CLT03672,28,Grand Est,5,2,Courtier,0.3212,2019-12-22,4.0,6400.0,1600.0,2.0,2.0,9852.0,4926.0,0.0,0.5,0.0,1.539375,2,🔵 Risque modéré,-2.264254,3.4165766
CLT03673,68,Grand Est,0,0,Web,0.0442,2020-10-13,2.0,2020.0,1010.0,2.0,1.0,137.0,137.0,0.0,0.5,0.0,0.06782178217821783,2,🔵 Risque modéré,-5.5671344,6.104755
CLT03674,40,Occitanie,16,0,Web,0.0664,2017-07-05,1.0,917.0,917.0,1.0,0.0,0.0,0.0,0.0,0.0,0.0,0.0,2,🔵 Risque modéré,1.7514224,8.767858
CLT03675,50,Grand Est,2,1,Web,0.3441,2017-04-05,,,,,0.0,0.0,0.0,0.0,,0.0,,1,🟢 Bon risque fidèle,13.867389,0.77383196
CLT03676,46,Île-de-France,1,1,Courtier,0.2545,2017-08-22,,,,,0.0,0.0,0.0,0.0,,0.0,,1,🟢 Bon risque fidèle,13.98941,0.94610155
CLT03677,36,Île-de-France,7,1,Agent,0.2501,2020-12-16,2.0,1969.0,984.5,1.0,1.0,517.0,517.0,0.0,0.5,0.0,0.26256983240223464,2,🔵 Risque modéré,0.4532669,1.574832
CLT03678,26,Hauts-de-France,2,0,Partenaire banque,0.1336,2017-07-09,1.0,1573.0,1573.0,1.0,2.0,14470.0,7235.0,0.0,2.0,0.0,9.198982835346472,3,🔴 Très haut risque,-1.158044,5.6376243
CLT03679,21,Île-de-France,2,0,Agent,0.3944,2017-05-26,3.0,4051.0,1350.3333333333333,3.0,1.0,269.0,269.0,0.0,0.3333333333333333,0.0,0.06640335719575413,2,🔵 Risque modéré,-5.0415454,7.6643496
CLT03680,58,Occitanie,1,2,Courtier,0.3936,2016-01-05,,,,,0.0,0.0,0.0,0.0,,0.0,,1,🟢 Bon risque fidèle,12.123387,2.3974922
CLT03681,44,Provence-Alpes-Côte d'Azur,0,0,Agent,0.1241,2018-01-27,2.0,1731.0,865.5,1.0,0.0,0.0,0.0,0.0,0.0,0.0,0.0,2,🔵 Risque modéré,1.4344035,11.302729
CLT03682,59,Provence-Alpes-Côte d'Azur,7,0,Web,0.1612,2019-12-17,3.0,5608.0,1869.3333333333333,2.0,0.0,0.0,0.0,0.0,0.0,0.0,0.0,2,🔵 Risque modéré,-6.02742,6.2143173
CLT03683,29,Grand Est,1,0,Web,0.0746,2016-10-02,1.0,1509.0,1509.0,1.0,0.0,0.0,0.0,0.0,0.0,0.0,0.0,2,🔵 Risque modéré,2.610364,11.225267
CLT03684,42,Bretagne,7,0,Téléphone,0.1247,2017-08-28,,,,,0.0,0.0,0.0,0.0,,0.0,,1,🟢 Bon risque fidèle,14.922591,6.2369423
CLT03685,31,Provence-Alpes-Côte d'Azur,1,1,Partenaire banque,0.1054,2019-07-07,4.0,8664.0,2166.0,2.0,0.0,0.0,0.0,0.0,0.0,0.0,0.0,2,🔵 Risque modéré,-3.590867,2.8259888
CLT03686,43,Île-de-France,2,1,Téléphone,0.162,2017-03-27,,,,,0.0,0.0,0.0,0.0,,0.0,,1,🟢 Bon risque fidèle,14.19552,1.5041314
CLT03687,53,Hauts-de-France,1,0,Web,0.1846,2016-02-04,,,,,0.0,0.0,0.0,0.0,,0.0,,1,🟢 Bon risque fidèle,14.940538,8.822226
CLT03688,28,Grand Est,0,1,Agent,0.179,2020-11-14,,,,,0.0,0.0,0.0,0.0,,0.0,,1,🟢 Bon risque fidèle,15.079484,1.5056187
CLT03689,39,Centre-Val de Loire,4,0,Web,0.1137,2020-03-09,,,,,0.0,0.0,0.0,0.0,,0.0,,1,🟢 Bon risque fidèle,15.252093,7.5697784
CLT03690,28,Bretagne,0,1,Partenaire banque,0.2305,2017-06-13,,,,,0.0,0.0,0.0,0.0,,0.0,,1,🟢 Bon risque fidèle,14.985272,1.3149679
CLT03691,38,Centre-Val de Loire,1,0,Courtier,0.1451,2020-08-01,2.0,1529.0,764.5,2.0,0.0,0.0,0.0,0.0,0.0,0.0,0.0,2,🔵 Risque modéré,-5.8311377,7.3897896
CLT03692,49,Normandie,10,0,Web,0.1744,2017-07-06,,,,,0.0,0.0,0.0,0.0,,0.0,,1,🟢 Bon risque fidèle,14.862451,6.05497
CLT03693,28,Occitanie,0,0,Courtier,0.2222,2020-07-14,1.0,2724.0,2724.0,1.0,2.0,26354.0,13177.0,0.0,2.0,0.0,9.67474302496329,3,🔴 Très haut risque,-1.3393939,5.716098
CLT03694,26,Bretagne,0,0,Web,0.1016,2017-04-21,3.0,4431.0,1477.0,1.0,3.0,6380.0,2126.6666666666665,0.0,1.0,0.0,1.4398555630783119,2,🔵 Risque modéré,0.2515738,8.705651
CLT03695,18,Bretagne,0,0,Courtier,0.0713,2018-09-10,,,,,0.0,0.0,0.0,0.0,,0.0,,1,🟢 Bon risque fidèle,16.67454,7.040443
CLT03696,44,Auvergne-Rhône-Alpes,4,0,Courtier,0.0594,2018-07-31,2.0,3278.0,1639.0,2.0,0.0,0.0,0.0,0.0,0.0,0.0,0.0,2,🔵 Risque modéré,-6.193688,6.693435
CLT03697,56,Nouvelle-Aquitaine,9,0,Téléphone,0.0494,2016-12-28,,,,,0.0,0.0,0.0,0.0,,0.0,,1,🟢 Bon risque fidèle,14.30763,5.639336
CLT03698,28,Occitanie,0,0,Courtier,0.0775,2020-02-04,1.0,1403.0,1403.0,1.0,0.0,0.0,0.0,0.0,0.0,0.0,0.0,2,🔵 Risque modéré,2.5202203,11.404366
CLT03699,36,Nouvelle-Aquitaine,2,2,Agent,0.0725,2016-02-15,2.0,1366.0,683.0,2.0,1.0,6085.0,6085.0,0.0,0.5,0.0,4.454612005856515,3,🔴 Très haut risque,-2.6991363,3.7755332
CLT03700,64,Hauts-de-France,0,2,Web,0.3038,2016-12-31,1.0,1370.0,1370.0,1.0,0.0,0.0,0.0,0.0,0.0,0.0,0.0,2,🔵 Risque modéré,-0.57204574,1.7207532
CLT03701,51,Bretagne,0,1,Agent,0.2775,2017-01-21,3.0,4518.0,1506.0,3.0,0.0,0.0,0.0,0.0,0.0,0.0,0.0,2,🔵 Risque modéré,-3.7111394,3.7942376
CLT03702,47,Auvergne-Rhône-Alpes,1,1,Web,0.0469,2018-05-25,4.0,5440.0,1360.0,2.0,3.0,2892.0,964.0,0.0,0.75,0.0,0.5316176470588235,2,🔵 Risque modéré,-3.6440334,3.5528069
CLT03703,46,Occitanie,10,0,Courtier,0.01,2019-08-16,2.0,3273.0,1636.5,1.0,0.0,0.0,0.0,0.0,0.0,0.0,0.0,2,🔵 Risque modéré,1.5377581,9.335983
CLT03704,18,Bretagne,2,0,Web,0.2402,2018-12-16,,,,,0.0,0.0,0.0,0.0,,0.0,,1,🟢 Bon risque fidèle,16.69765,7.6622963
CLT03705,38,Nouvelle-Aquitaine,15,1,Agent,0.0931,2020-07-14,,,,,0.0,0.0,0.0,0.0,,0.0,,1,🟢 Bon risque fidèle,14.494819,4.75677
CLT03706,52,Île-de-France,1,0,Agent,0.01,2018-02-14,3.0,4446.0,1482.0,2.0,2.0,3038.0,1519.0,0.0,0.6666666666666666,0.0,0.6833108412055781,2,🔵 Risque modéré,-4.557731,6.2576737
CLT03707,18,Bretagne,0,1,Web,0.2278,2020-08-21,1.0,2418.0,2418.0,1.0,0.0,0.0,0.0,0.0,0.0,0.0,0.0,2,🔵 Risque modéré,0.88863146,1.8832444
CLT03708,46,Île-de-France,10,0,Agent,0.1181,2019-08-14,2.0,2143.0,1071.5,2.0,2.0,5659.0,2829.5,1.0,1.0,0.5,2.640690620625292,0,🟠 Risque élevé,-3.1258361,5.1589746
CLT03709,51,Île-de-France,1,1,Web,0.0614,2020-04-28,1.0,1727.0,1727.0,1.0,0.0,0.0,0.0,0.0,0.0,0.0,0.0,2,🔵 Risque modéré,0.9504378,0.7033516
CLT03710,21,Auvergne-Rhône-Alpes,0,4,Web,0.5087,2019-07-10,,,,,0.0,0.0,0.0,0.0,,0.0,,1,🟢 Bon risque fidèle,12.078015,2.946272
CLT03711,27,Centre-Val de Loire,0,0,Web,0.1164,2016-01-22,1.0,2183.0,2183.0,1.0,0.0,0.0,0.0,0.0,0.0,0.0,0.0,2,🔵 Risque modéré,2.963423,10.836947
CLT03712,42,Auvergne-Rhône-Alpes,5,0,Courtier,0.1314,2020-08-04,2.0,2884.0,1442.0,2.0,0.0,0.0,0.0,0.0,0.0,0.0,0.0,2,🔵 Risque modéré,-6.0401473,6.745131
CLT03713,29,Provence-Alpes-Côte d'Azur,0,0,Téléphone,0.01,2016-06-25,2.0,5743.0,2871.5,1.0,0.0,0.0,0.0,0.0,0.0,0.0,0.0,2,🔵 Risque modéré,3.0889847,10.473813
CLT03714,51,Occitanie,2,1,Web,0.0548,2020-04-06,,,,,0.0,0.0,0.0,0.0,,0.0,,1,🟢 Bon risque fidèle,13.923885,1.7715223
CLT03715,50,Centre-Val de Loire,0,0,Téléphone,0.163,2020-07-30,1.0,945.0,945.0,1.0,1.0,2325.0,2325.0,0.0,1.0,0.0,2.4603174603174605,2,🔵 Risque modéré,0.6232923,5.907624
CLT03716,48,Nouvelle-Aquitaine,1,0,Web,0.1167,2018-09-09,,,,,0.0,0.0,0.0,0.0,,0.0,,1,🟢 Bon risque fidèle,14.925092,8.259819
CLT03717,35,Nouvelle-Aquitaine,2,0,Web,0.01,2019-01-20,6.0,8200.0,1366.6666666666667,2.0,3.0,9172.0,3057.3333333333335,0.0,0.5,0.0,1.1185365853658538,2,🔵 Risque modéré,-4.3374124,5.75093
CLT03718,47,Hauts-de-France,7,0,Agent,0.208,2016-09-11,1.0,1754.0,1754.0,1.0,0.0,0.0,0.0,0.0,0.0,0.0,0.0,2,🔵 Risque modéré,1.4941714,10.387591
CLT03719,46,Île-de-France,0,1,Téléphone,0.3296,2016-07-31,3.0,5909.0,1969.6666666666667,2.0,1.0,12582.0,12582.0,0.0,0.3333333333333333,0.0,2.129294296835336,3,🔴 Très haut risque,-2.375334,5.0685415
CLT03720,42,Grand Est,1,2,Web,0.3222,2018-11-15,,,,,0.0,0.0,0.0,0.0,,0.0,,1,🟢 Bon risque fidèle,12.2320385,2.549411
CLT03721,48,Bretagne,0,0,Web,0.01,2017-04-06,,,,,0.0,0.0,0.0,0.0,,0.0,,1,🟢 Bon risque fidèle,14.498368,7.4589033
CLT03722,54,Île-de-France,0,0,Web,0.0615,2018-03-02,1.0,1497.0,1497.0,1.0,0.0,0.0,0.0,0.0,0.0,0.0,0.0,2,🔵 Risque modéré,0.40832677,10.922758
CLT03723,41,Nouvelle-Aquitaine,12,0,Courtier,0.0255,2017-08-12,2.0,3076.0,1538.0,1.0,1.0,3260.0,3260.0,0.0,0.5,0.0,1.0598179453836152,2,🔵 Risque modéré,-0.8408105,6.864121
CLT03724,52,Occitanie,1,0,Partenaire banque,0.22,2019-11-04,,,,,0.0,0.0,0.0,0.0,,0.0,,1,🟢 Bon risque fidèle,15.071254,8.823788
CLT03725,60,Bretagne,0,0,Agent,0.01,2020-01-06,2.0,4491.0,2245.5,1.0,0.0,0.0,0.0,0.0,0.0,0.0,0.0,2,🔵 Risque modéré,0.6096785,10.608345
CLT03726,42,Auvergne-Rhône-Alpes,2,0,Courtier,0.01,2016-08-15,3.0,4200.0,1400.0,2.0,2.0,8510.0,4255.0,0.0,0.6666666666666666,0.0,2.026190476190476,2,🔵 Risque modéré,-4.2666264,6.4074955
CLT03727,30,Occitanie,0,0,Web,0.2346,2017-08-02,2.0,3176.0,1588.0,1.0,3.0,9483.0,3161.0,1.0,1.5,0.3333333333333333,2.985831234256927,3,🔴 Très haut risque,-2.8096623,5.1079683
CLT03728,65,Provence-Alpes-Côte d'Azur,2,0,Web,0.127,2017-11-16,4.0,5910.0,1477.5,3.0,0.0,0.0,0.0,0.0,0.0,0.0,0.0,2,🔵 Risque modéré,-4.9263015,5.3509026
CLT03729,44,Auvergne-Rhône-Alpes,0,0,Courtier,0.1486,2016-06-24,,,,,0.0,0.0,0.0,0.0,,0.0,,1,🟢 Bon risque fidèle,15.380171,8.224271
CLT03730,59,Île-de-France,2,0,Agent,0.1266,2017-01-01,1.0,1244.0,1244.0,1.0,1.0,3591.0,3591.0,0.0,1.0,0.0,2.8866559485530545,2,🔵 Risque modéré,0.30929062,6.0340424
CLT03731,25,Bretagne,1,1,Courtier,0.1779,2019-05-15,,,,,0.0,0.0,0.0,0.0,,0.0,,1,🟢 Bon risque fidèle,15.053319,1.4696558
CLT03732,38,Nouvelle-Aquitaine,9,1,Agent,0.0841,2016-11-05,2.0,2092.0,1046.0,2.0,0.0,0.0,0.0,0.0,0.0,0.0,0.0,2,🔵 Risque modéré,-4.5240464,3.4149418
CLT03733,52,Hauts-de-France,5,0,Agent,0.1733,2017-08-12,1.0,1883.0,1883.0,1.0,0.0,0.0,0.0,0.0,0.0,0.0,0.0,2,🔵 Risque modéré,1.0174907,11.129068
CLT03734,34,Provence-Alpes-Côte d'Azur,2,1,Téléphone,0.0403,2017-07-11,,,,,0.0,0.0,0.0,0.0,,0.0,,1,🟢 Bon risque fidèle,14.62769,1.9534041
CLT03735,40,Normandie,2,2,Agent,0.2265,2017-06-29,1.0,1755.0,1755.0,1.0,1.0,4093.0,4093.0,0.0,1.0,0.0,2.332193732193732,3,🔴 Très haut risque,-0.62641126,3.9552197
CLT03736,55,Auvergne-Rhône-Alpes,4,0,Agent,0.1358,2020-11-01,,,,,0.0,0.0,0.0,0.0,,0.0,,1,🟢 Bon risque fidèle,14.517759,8.317903
CLT03737,47,Nouvelle-Aquitaine,5,4,Agent,0.4106,2016-10-29,2.0,2779.0,1389.5,1.0,0.0,0.0,0.0,0.0,0.0,0.0,0.0,2,🔵 Risque modéré,-1.2183715,2.060245
CLT03738,79,Provence-Alpes-Côte d'Azur,1,2,Web,0.2824,2018-07-05,4.0,4277.0,1069.25,3.0,4.0,21935.0,5483.75,0.0,1.0,0.0,5.1285948094458735,3,🔴 Très haut risque,-2.767275,4.0771165
CLT03739,47,Normandie,1,0,Téléphone,0.2569,2016-08-21,1.0,2500.0,2500.0,1.0,0.0,0.0,0.0,0.0,0.0,0.0,0.0,2,🔵 Risque modéré,0.98667014,11.787063
CLT03740,44,Centre-Val de Loire,6,0,Courtier,0.1281,2020-01-30,,,,,0.0,0.0,0.0,0.0,,0.0,,1,🟢 Bon risque fidèle,14.915966,6.4171653
CLT03741,32,Hauts-de-France,1,1,Web,0.0759,2017-10-25,2.0,2039.0,1019.5,2.0,0.0,0.0,0.0,0.0,0.0,0.0,0.0,2,🔵 Risque modéré,-3.781941,2.6771057
CLT03742,41,Nouvelle-Aquitaine,13,0,Web,0.0162,2018-03-01,2.0,5268.0,2634.0,1.0,0.0,0.0,0.0,0.0,0.0,0.0,0.0,2,🔵 Risque modéré,2.3681688,9.451116
CLT03743,30,Provence-Alpes-Côte d'Azur,1,0,Web,0.0986,2018-05-20,1.0,895.0,895.0,1.0,2.0,18612.0,9306.0,0.0,2.0,0.0,20.795530726256985,3,🔴 Très haut risque,-1.5149001,5.9368773
CLT03744,45,Normandie,9,2,Agent,0.316,2018-04-29,1.0,1233.0,1233.0,1.0,0.0,0.0,0.0,0.0,0.0,0.0,0.0,2,🔵 Risque modéré,-0.8336036,1.2216389
CLT03745,56,Centre-Val de Loire,2,1,Agent,0.3679,2017-11-15,,,,,0.0,0.0,0.0,0.0,,0.0,,1,🟢 Bon risque fidèle,13.816349,0.8075955
CLT03746,50,Nouvelle-Aquitaine,0,1,Téléphone,0.2623,2019-09-03,1.0,1604.0,1604.0,1.0,1.0,13828.0,13828.0,0.0,1.0,0.0,8.620947630922693,3,🔴 Très haut risque,-1.5273075,5.656834
CLT03747,66,Occitanie,20,0,Courtier,0.0823,2019-02-01,,,,,0.0,0.0,0.0,0.0,,0.0,,1,🟢 Bon risque fidèle,14.341672,5.164424
CLT03748,58,Normandie,7,2,Courtier,0.1922,2018-10-07,2.0,1767.0,883.5,1.0,1.0,19188.0,19188.0,0.0,0.5,0.0,10.859083191850594,3,🔴 Très haut risque,-1.846875,5.8319044
CLT03749,48,Grand Est,4,0,Courtier,0.1295,2017-04-18,,,,,0.0,0.0,0.0,0.0,,0.0,,1,🟢 Bon risque fidèle,14.738417,7.949156
CLT03750,48,Bretagne,0,1,Web,0.1882,2020-01-06,3.0,5650.0,1883.3333333333333,2.0,1.0,4826.0,4826.0,0.0,0.3333333333333333,0.0,0.8541592920353982,2,🔵 Risque modéré,-3.1463444,3.749528
CLT03751,59,Bretagne,4,0,Courtier,0.01,2020-05-11,4.0,4342.0,1085.5,2.0,1.0,15188.0,15188.0,0.0,0.25,0.0,3.4979272224781206,3,🔴 Très haut risque,-3.0447836,6.2539263
CLT03752,47,Occitanie,1,1,Agent,0.3322,2017-04-28,1.0,604.0,604.0,1.0,2.0,1108.0,554.0,0.0,2.0,0.0,1.8344370860927153,3,🔴 Très haut risque,-0.90975225,4.908891
CLT03753,57,Provence-Alpes-Côte d'Azur,8,0,Web,0.0334,2020-10-10,1.0,1203.0,1203.0,1.0,0.0,0.0,0.0,0.0,0.0,0.0,0.0,2,🔵 Risque modéré,1.4452058,9.608929
CLT03754,18,Île-de-France,2,2,Courtier,0.3601,2018-08-30,,,,,0.0,0.0,0.0,0.0,,0.0,,1,🟢 Bon risque fidèle,12.409707,2.815752
CLT03755,60,Nouvelle-Aquitaine,5,0,Partenaire banque,0.0951,2016-05-04,1.0,1309.0,1309.0,1.0,0.0,0.0,0.0,0.0,0.0,0.0,0.0,2,🔵 Risque modéré,0.80216974,10.71023
CLT03756,61,Provence-Alpes-Côte d'Azur,2,1,Courtier,0.0993,2020-10-07,1.0,688.0,688.0,1.0,0.0,0.0,0.0,0.0,0.0,0.0,0.0,2,🔵 Risque modéré,0.91087914,0.32666782
CLT03757,31,Nouvelle-Aquitaine,0,0,Web,0.1887,2016-10-24,2.0,3416.0,1708.0,1.0,1.0,617.0,617.0,0.0,0.5,0.0,0.18062060889929743,2,🔵 Risque modéré,0.40448582,8.9093275
CLT03758,18,Grand Est,3,0,Partenaire banque,0.1362,2018-05-14,,,,,0.0,0.0,0.0,0.0,,0.0,,1,🟢 Bon risque fidèle,16.579187,7.2416606
CLT03759,18,Occitanie,3,0,Web,0.143,2017-04-06,,,,,0.0,0.0,0.0,0.0,,0.0,,1,🟢 Bon risque fidèle,16.609138,7.2541227
CLT03760,49,Île-de-France,0,2,Agent,0.2721,2016-08-30,1.0,624.0,624.0,1.0,2.0,1208.0,604.0,0.0,2.0,0.0,1.935897435897436,3,🔴 Très haut risque,-1.0106603,4.7609067
CLT03761,18,Nouvelle-Aquitaine,0,0,Courtier,0.1113,2016-02-25,1.0,1278.0,1278.0,1.0,0.0,0.0,0.0,0.0,0.0,0.0,0.0,2,🔵 Risque modéré,2.6738968,11.607908
CLT03762,62,Bretagne,11,0,Courtier,0.01,2019-12-09,1.0,809.0,809.0,1.0,0.0,0.0,0.0,0.0,0.0,0.0,0.0,2,🔵 Risque modéré,1.4961131,9.392713
CLT03763,33,Auvergne-Rhône-Alpes,2,1,Agent,0.01,2016-06-02,2.0,2098.0,1049.0,2.0,1.0,6843.0,6843.0,1.0,0.5,1.0,3.261677788369876,0,🟠 Risque élevé,-4.8379693,21.935656
CLT03764,42,Normandie,3,0,Téléphone,0.1721,2020-11-19,2.0,4422.0,2211.0,2.0,4.0,20618.0,5154.5,0.0,2.0,0.0,4.662596110357304,3,🔴 Très haut risque,-1.2436212,5.603924
CLT03765,32,Nouvelle-Aquitaine,2,1,Web,0.1058,2018-01-20,1.0,1800.0,1800.0,1.0,0.0,0.0,0.0,0.0,0.0,0.0,0.0,2,🔵 Risque modéré,1.1701851,1.2532605
CLT03766,33,Nouvelle-Aquitaine,1,1,Web,0.1093,2016-06-08,3.0,3115.0,1038.3333333333333,3.0,0.0,0.0,0.0,0.0,0.0,0.0,0.0,2,🔵 Risque modéré,-3.809117,3.7257442
CLT03767,58,Île-de-France,1,0,Courtier,0.01,2020-07-26,1.0,1577.0,1577.0,1.0,0.0,0.0,0.0,0.0,0.0,0.0,0.0,2,🔵 Risque modéré,0.35622594,10.709785
CLT03768,38,Bretagne,5,1,Web,0.0836,2017-01-10,1.0,1574.0,1574.0,1.0,0.0,0.0,0.0,0.0,0.0,0.0,0.0,2,🔵 Risque modéré,0.82814467,0.6707795
CLT03769,35,Normandie,8,0,Agent,0.0937,2020-03-14,1.0,1804.0,1804.0,1.0,1.0,8700.0,8700.0,0.0,1.0,0.0,4.822616407982261,3,🔴 Très haut risque,-0.29916176,6.185609
CLT03770,19,Grand Est,0,1,Agent,0.0834,2017-09-07,1.0,2090.0,2090.0,1.0,0.0,0.0,0.0,0.0,0.0,0.0,0.0,2,🔵 Risque modéré,1.1670189,1.4705589
CLT03771,24,Normandie,0,0,Courtier,0.01,2017-11-23,3.0,4685.0,1561.6666666666667,2.0,2.0,3619.0,1809.5,0.0,0.6666666666666666,0.0,0.7724653148345785,2,🔵 Risque modéré,-4.8250675,7.175755
CLT03772,36,Normandie,0,2,Agent,0.3864,2019-11-26,2.0,4206.0,2103.0,2.0,2.0,31063.0,15531.5,0.0,1.0,0.0,7.385401806942463,3,🔴 Très haut risque,-1.8379151,5.0652256
CLT03773,42,Île-de-France,1,3,Web,0.2571,2016-11-17,1.0,4172.0,4172.0,1.0,0.0,0.0,0.0,0.0,0.0,0.0,0.0,2,🔵 Risque modéré,0.079894274,1.8285892
CLT03774,21,Île-de-France,8,1,Téléphone,0.0978,2016-03-08,1.0,1561.0,1561.0,1.0,0.0,0.0,0.0,0.0,0.0,0.0,0.0,2,🔵 Risque modéré,0.24804345,0.92114484
CLT03775,28,Centre-Val de Loire,2,1,Agent,0.2267,2018-10-29,5.0,7866.0,1573.2,3.0,2.0,9339.0,4669.5,0.0,0.4,0.0,1.1872616323417238,2,🔵 Risque modéré,-3.5563831,4.193644
CLT03776,44,Nouvelle-Aquitaine,13,1,Web,0.1134,2020-09-03,2.0,2062.0,1031.0,2.0,0.0,0.0,0.0,0.0,0.0,0.0,0.0,2,🔵 Risque modéré,-4.5770826,3.5606856
CLT03777,65,Bretagne,4,1,Agent,0.2445,2020-11-30,2.0,1273.0,636.5,2.0,0.0,0.0,0.0,0.0,0.0,0.0,0.0,2,🔵 Risque modéré,-3.660914,3.2232828
CLT03778,51,Normandie,9,1,Courtier,0.01,2020-08-27,3.0,4693.0,1564.3333333333333,2.0,0.0,0.0,0.0,0.0,0.0,0.0,0.0,2,🔵 Risque modéré,-4.4711185,3.532341
CLT03779,60,Hauts-de-France,5,1,Téléphone,0.0723,2018-10-26,3.0,3891.0,1297.0,1.0,1.0,497.0,497.0,0.0,0.3333333333333333,0.0,0.12773066049858647,2,🔵 Risque modéré,0.72724205,0.46466184
CLT03780,43,Hauts-de-France,6,0,Agent,0.1181,2018-05-19,2.0,3515.0,1757.5,2.0,2.0,4463.0,2231.5,0.0,1.0,0.0,1.269701280227596,2,🔵 Risque modéré,-4.4141703,6.404063
CLT03781,53,Nouvelle-Aquitaine,0,0,Web,0.0649,2016-07-09,3.0,3550.0,1183.3333333333333,2.0,2.0,3942.0,1971.0,0.0,0.6666666666666666,0.0,1.1104225352112675,2,🔵 Risque modéré,-4.559647,6.298202
CLT03782,65,Grand Est,1,0,Courtier,0.078,2016-09-15,,,,,0.0,0.0,0.0,0.0,,0.0,,1,🟢 Bon risque fidèle,13.998491,8.620258
CLT03783,43,Occitanie,0,0,Courtier,0.1753,2016-04-26,1.0,810.0,810.0,1.0,0.0,0.0,0.0,0.0,0.0,0.0,0.0,2,🔵 Risque modéré,1.4370745,11.624841
CLT03784,23,Occitanie,8,1,Courtier,0.3208,2020-08-13,2.0,2373.0,1186.5,2.0,0.0,0.0,0.0,0.0,0.0,0.0,0.0,2,🔵 Risque modéré,-2.7924664,2.7417593
CLT03785,52,Grand Est,2,1,Agent,0.1705,2016-06-09,3.0,4835.0,1611.6666666666667,2.0,1.0,811.0,811.0,0.0,0.3333333333333333,0.0,0.16773526370217168,2,🔵 Risque modéré,-3.3498738,3.4089305
CLT03786,30,Normandie,1,0,Courtier,0.2117,2019-08-31,,,,,0.0,0.0,0.0,0.0,,0.0,,1,🟢 Bon risque fidèle,16.36374,7.8805156
CLT03787,37,Bretagne,1,1,Téléphone,0.1546,2016-12-05,1.0,1410.0,1410.0,1.0,0.0,0.0,0.0,0.0,0.0,0.0,0.0,2,🔵 Risque modéré,1.4685906,1.1581165
CLT03788,36,Île-de-France,3,0,Téléphone,0.092,2019-08-19,2.0,3328.0,1664.0,2.0,2.0,3426.0,1713.0,0.0,1.0,0.0,1.0294471153846154,2,🔵 Risque modéré,-4.364519,6.8907337
CLT03789,63,Bretagne,0,1,Web,0.1752,2016-08-12,2.0,2376.0,1188.0,2.0,4.0,9518.0,2379.5,1.0,2.0,0.25,4.005892255892256,3,🔴 Très haut risque,-2.5068917,4.938138
CLT03790,25,Auvergne-Rhône-Alpes,5,0,Web,0.01,2019-05-22,1.0,2009.0,2009.0,1.0,0.0,0.0,0.0,0.0,0.0,0.0,0.0,2,🔵 Risque modéré,2.536121,10.494426
CLT03791,43,Provence-Alpes-Côte d'Azur,0,3,Web,0.5655,2017-08-02,2.0,1517.0,758.5,2.0,1.0,4059.0,4059.0,0.0,0.5,0.0,2.675675675675676,3,🔴 Très haut risque,-1.7996624,3.3296936
CLT03792,53,Nouvelle-Aquitaine,0,0,Courtier,0.1821,2016-05-15,,,,,0.0,0.0,0.0,0.0,,0.0,,1,🟢 Bon risque fidèle,14.940572,8.819708
CLT03793,39,Occitanie,2,1,Courtier,0.1306,2020-03-31,3.0,2917.0,972.3333333333334,3.0,2.0,4428.0,2214.0,1.0,0.6666666666666666,0.5,1.5179979430922181,0,🟠 Risque élevé,-3.0997972,5.069322
CLT03794,55,Hauts-de-France,0,0,Web,0.2095,2017-02-19,4.0,6410.0,1602.5,2.0,1.0,1847.0,1847.0,0.0,0.25,0.0,0.28814352574102964,2,🔵 Risque modéré,-4.814426,5.951456
CLT03795,67,Île-de-France,20,0,Web,0.0422,2016-06-25,,,,,0.0,0.0,0.0,0.0,,0.0,,1,🟢 Bon risque fidèle,14.393624,5.118357
CLT03796,38,Centre-Val de Loire,4,1,Courtier,0.2435,2019-03-02,1.0,3745.0,3745.0,1.0,0.0,0.0,0.0,0.0,0.0,0.0,0.0,2,🔵 Risque modéré,0.4132971,1.7348082
CLT03797,61,Normandie,0,1,Web,0.1286,2017-10-08,2.0,3192.0,1596.0,2.0,2.0,4902.0,2451.0,0.0,1.0,0.0,1.5357142857142858,2,🔵 Risque modéré,-2.954541,4.0467296
CLT03798,50,Auvergne-Rhône-Alpes,5,0,Partenaire banque,0.1085,2016-01-20,3.0,4556.0,1518.6666666666667,1.0,1.0,537.0,537.0,0.0,0.3333333333333333,0.0,0.11786654960491659,2,🔵 Risque modéré,0.8998216,9.80822
CLT03799,54,Provence-Alpes-Côte d'Azur,0,0,Agent,0.0393,2018-03-28,2.0,2176.0,1088.0,2.0,0.0,0.0,0.0,0.0,0.0,0.0,0.0,2,🔵 Risque modéré,-6.0539393,6.505927
CLT03800,49,Grand Est,4,1,Web,0.06,2020-03-21,3.0,4149.0,1383.0,3.0,1.0,450.0,450.0,0.0,0.3333333333333333,0.0,0.10845986984815618,2,🔵 Risque modéré,-3.9901047,3.884837
CLT03801,18,Bretagne,3,0,Agent,0.1475,2016-09-24,1.0,1575.0,1575.0,1.0,0.0,0.0,0.0,0.0,0.0,0.0,0.0,2,🔵 Risque modéré,2.9646077,11.297351
CLT03802,38,Auvergne-Rhône-Alpes,1,0,Web,0.01,2020-02-29,1.0,1252.0,1252.0,1.0,0.0,0.0,0.0,0.0,0.0,0.0,0.0,2,🔵 Risque modéré,1.8517792,11.014153
CLT03803,43,Grand Est,2,2,Web,0.3775,2020-07-13,,,,,0.0,0.0,0.0,0.0,,0.0,,1,🟢 Bon risque fidèle,12.189345,2.5931308
CLT03804,46,Nouvelle-Aquitaine,0,0,Web,0.2186,2020-06-20,,,,,0.0,0.0,0.0,0.0,,0.0,,1,🟢 Bon risque fidèle,15.556962,8.597704
CLT03805,69,Bretagne,1,0,Courtier,0.072,2020-11-16,3.0,3448.0,1149.3333333333333,2.0,0.0,0.0,0.0,0.0,0.0,0.0,0.0,2,🔵 Risque modéré,-5.915037,6.0901823
CLT03806,34,Île-de-France,7,1,Web,0.3187,2016-11-08,1.0,2745.0,2745.0,1.0,0.0,0.0,0.0,0.0,0.0,0.0,0.0,2,🔵 Risque modéré,0.5223446,1.7788738
CLT03807,65,Normandie,2,0,Web,0.2101,2019-07-07,2.0,2582.0,1291.0,1.0,1.0,1914.0,1914.0,0.0,0.5,0.0,0.7412858249419055,2,🔵 Risque modéré,0.41822517,9.572216
CLT03808,45,Auvergne-Rhône-Alpes,8,1,Partenaire banque,0.094,2017-04-21,,,,,0.0,0.0,0.0,0.0,,0.0,,1,🟢 Bon risque fidèle,13.998056,2.4795706
CLT03809,23,Occitanie,2,1,Téléphone,0.2388,2019-09-03,1.0,2795.0,2795.0,1.0,0.0,0.0,0.0,0.0,0.0,0.0,0.0,2,🔵 Risque modéré,0.659499,1.8992944
CLT03810,35,Nouvelle-Aquitaine,3,1,Agent,0.2387,2016-11-27,3.0,3416.0,1138.6666666666667,3.0,0.0,0.0,0.0,0.0,0.0,0.0,0.0,2,🔵 Risque modéré,-3.6298096,3.8166249
CLT03811,18,Grand Est,2,1,Courtier,0.2575,2020-02-03,,,,,0.0,0.0,0.0,0.0,,0.0,,1,🟢 Bon risque fidèle,15.093322,1.2823575
CLT03812,40,Centre-Val de Loire,5,0,Agent,0.01,2020-04-25,1.0,3244.0,3244.0,1.0,0.0,0.0,0.0,0.0,0.0,0.0,0.0,2,🔵 Risque modéré,2.8929524,9.98117
CLT03813,61,Provence-Alpes-Côte d'Azur,1,1,Courtier,0.2963,2016-09-27,4.0,8634.0,2158.5,2.0,3.0,21276.0,7092.0,0.0,0.75,0.0,2.464211257817929,3,🔴 Très haut risque,-2.867437,4.1235127
CLT03814,18,Provence-Alpes-Côte d'Azur,3,1,Web,0.184,2019-07-02,2.0,1924.0,962.0,2.0,2.0,1846.0,923.0,0.0,1.0,0.0,0.9594594594594594,2,🔵 Risque modéré,-2.754727,3.2348557
CLT03815,31,Bretagne,0,1,Web,0.01,2020-01-01,2.0,2307.0,1153.5,2.0,0.0,0.0,0.0,0.0,0.0,0.0,0.0,2,🔵 Risque modéré,-3.8173025,2.687948
CLT03816,40,Bretagne,0,0,Web,0.01,2019-06-06,,,,,0.0,0.0,0.0,0.0,,0.0,,1,🟢 Bon risque fidèle,15.016084,7.2938414
CLT03817,44,Centre-Val de Loire,1,0,Web,0.01,2016-11-10,,,,,0.0,0.0,0.0,0.0,,0.0,,1,🟢 Bon risque fidèle,14.80242,7.2881227
CLT03818,18,Centre-Val de Loire,4,0,Agent,0.0706,2018-10-17,1.0,1280.0,1280.0,1.0,1.0,2021.0,2021.0,0.0,1.0,0.0,1.57890625,2,🔵 Risque modéré,0.68948835,6.015629
CLT03819,41,Auvergne-Rhône-Alpes,2,0,Téléphone,0.29,2016-10-21,,,,,0.0,0.0,0.0,0.0,,0.0,,1,🟢 Bon risque fidèle,15.702175,8.581697
CLT03820,18,Hauts-de-France,2,0,Courtier,0.0164,2020-06-23,,,,,0.0,0.0,0.0,0.0,,0.0,,1,🟢 Bon risque fidèle,16.526014,6.711853
CLT03821,57,Auvergne-Rhône-Alpes,1,0,Courtier,0.1907,2018-07-22,,,,,0.0,0.0,0.0,0.0,,0.0,,1,🟢 Bon risque fidèle,14.8271475,8.834865
CLT03822,50,Provence-Alpes-Côte d'Azur,2,3,Web,0.158,2017-08-30,2.0,2789.0,1394.5,2.0,3.0,70125.0,23375.0,0.0,1.5,0.0,25.143420580853352,3,🔴 Très haut risque,-1.6741054,6.091964
CLT03823,43,Nouvelle-Aquitaine,13,0,Web,0.0271,2019-03-28,2.0,2089.0,1044.5,2.0,1.0,1313.0,1313.0,0.0,0.5,0.0,0.6285303973192915,2,🔵 Risque modéré,-5.2729187,5.6812572
CLT03824,43,Provence-Alpes-Côte d'Azur,16,0,Courtier,0.01,2016-05-27,,,,,0.0,0.0,0.0,0.0,,0.0,,1,🟢 Bon risque fidèle,14.551194,5.06674
CLT03825,43,Nouvelle-Aquitaine,4,0,Agent,0.01,2018-08-03,1.0,1175.0,1175.0,1.0,0.0,0.0,0.0,0.0,0.0,0.0,0.0,2,🔵 Risque modéré,1.5992856,10.328292
CLT03826,37,Hauts-de-France,1,0,Partenaire banque,0.1485,2017-06-10,2.0,2733.0,1366.5,1.0,1.0,5673.0,5673.0,0.0,0.5,0.0,2.075740944017563,2,🔵 Risque modéré,0.2180579,8.585609
CLT03827,30,Normandie,5,0,Agent,0.0277,2016-10-16,2.0,3850.0,1925.0,2.0,0.0,0.0,0.0,0.0,0.0,0.0,0.0,2,🔵 Risque modéré,-5.656015,6.9017954
CLT03828,44,Auvergne-Rhône-Alpes,1,0,Partenaire banque,0.2749,2018-09-28,2.0,3341.0,1670.5,1.0,2.0,3918.0,1959.0,0.0,1.0,0.0,1.1727027835977253,2,🔵 Risque modéré,0.59109837,5.793431
CLT03829,56,Île-de-France,0,1,Courtier,0.049,2017-08-12,3.0,3240.0,1080.0,2.0,1.0,279.0,279.0,0.0,0.3333333333333333,0.0,0.08611111111111111,2,🔵 Risque modéré,-3.7326403,3.3644443
CLT03830,42,Bretagne,3,0,Courtier,0.0356,2019-06-25,3.0,3811.0,1270.3333333333333,2.0,1.0,450.0,450.0,0.0,0.3333333333333333,0.0,0.11807924429283653,2,🔵 Risque modéré,-5.194881,6.709223
CLT03831,29,Nouvelle-Aquitaine,2,0,Courtier,0.1063,2018-11-17,1.0,1755.0,1755.0,1.0,1.0,5587.0,5587.0,0.0,1.0,0.0,3.1834757834757834,2,🔵 Risque modéré,0.17243588,5.9217653
CLT03832,44,Centre-Val de Loire,6,1,Partenaire banque,0.0785,2018-02-06,2.0,2429.0,1214.5,2.0,5.0,18624.0,3724.8,0.0,2.5,0.0,7.6673528200905725,3,🔴 Très haut risque,-1.0857618,5.4180145
CLT03833,36,Auvergne-Rhône-Alpes,11,0,Agent,0.089,2018-11-04,1.0,1652.0,1652.0,1.0,0.0,0.0,0.0,0.0,0.0,0.0,0.0,2,🔵 Risque modéré,2.0204523,9.354025
CLT03834,77,Normandie,1,1,Web,0.1541,2020-11-30,3.0,2590.0,863.3333333333334,2.0,0.0,0.0,0.0,0.0,0.0,0.0,0.0,2,🔵 Risque modéré,-3.5586452,3.4404175
CLT03835,42,Île-de-France,2,0,Agent,0.0584,2019-08-13,3.0,2042.0,680.6666666666666,2.0,0.0,0.0,0.0,0.0,0.0,0.0,0.0,2,🔵 Risque modéré,-5.6070247,6.680479
CLT03836,47,Île-de-France,1,2,Agent,0.108,2017-05-18,,,,,0.0,0.0,0.0,0.0,,0.0,,1,🟢 Bon risque fidèle,12.699338,2.355826
CLT03837,41,Grand Est,2,1,Web,0.3203,2020-10-15,1.0,856.0,856.0,1.0,0.0,0.0,0.0,0.0,0.0,0.0,0.0,2,🔵 Risque modéré,1.3231546,1.6491945
CLT03838,70,Auvergne-Rhône-Alpes,1,0,Web,0.052,2016-11-22,1.0,1984.0,1984.0,1.0,2.0,5490.0,2745.0,0.0,2.0,0.0,2.7671370967741935,3,🔴 Très haut risque,-0.6025971,5.596197
CLT03839,44,Centre-Val de Loire,7,0,Courtier,0.0779,2016-05-31,2.0,2131.0,1065.5,1.0,1.0,20611.0,20611.0,0.0,0.5,0.0,9.671984983575786,3,🔴 Très haut risque,-1.8829758,6.5111494
CLT03840,48,Occitanie,1,0,Courtier,0.0943,2018-08-06,4.0,6041.0,1510.25,3.0,0.0,0.0,0.0,0.0,0.0,0.0,0.0,2,🔵 Risque modéré,-4.8113885,5.031003
CLT03841,18,Auvergne-Rhône-Alpes,0,2,Web,0.3796,2018-08-19,2.0,3337.0,1668.5,1.0,0.0,0.0,0.0,0.0,0.0,0.0,0.0,2,🔵 Risque modéré,-1.0436884,1.8315549
CLT03842,49,Grand Est,4,0,Téléphone,0.0986,2018-08-12,,,,,0.0,0.0,0.0,0.0,,0.0,,1,🟢 Bon risque fidèle,14.588585,7.9291906
CLT03843,22,Auvergne-Rhône-Alpes,0,0,Web,0.0656,2020-02-09,2.0,2646.0,1323.0,2.0,1.0,4390.0,4390.0,0.0,0.5,0.0,1.6591080876795163,2,🔵 Risque modéré,-4.5602965,7.3053493
CLT03844,54,Auvergne-Rhône-Alpes,0,3,Téléphone,0.3341,2018-03-25,2.0,3473.0,1736.5,1.0,1.0,15146.0,15146.0,0.0,0.5,0.0,4.361071120069105,3,🔴 Très haut risque,-2.0317786,4.831991
CLT03845,30,Bretagne,3,1,Web,0.3055,2017-11-06,4.0,5001.0,1250.25,2.0,2.0,308.0,154.0,0.0,0.5,0.0,0.0615876824635073,2,🔵 Risque modéré,-3.0478616,3.3985844
CLT03846,35,Auvergne-Rhône-Alpes,1,0,Web,0.1137,2019-05-24,,,,,0.0,0.0,0.0,0.0,,0.0,,1,🟢 Bon risque fidèle,15.94903,7.698895
CLT03847,31,Normandie,0,0,Web,0.046,2020-02-29,,,,,0.0,0.0,0.0,0.0,,0.0,,1,🟢 Bon risque fidèle,15.85703,7.2042966
CLT03848,31,Normandie,11,2,Web,0.1989,2018-07-21,1.0,1085.0,1085.0,1.0,0.0,0.0,0.0,0.0,0.0,0.0,0.0,2,🔵 Risque modéré,-0.6992267,1.0262197
CLT03849,51,Île-de-France,16,1,Courtier,0.338,2018-08-22,5.0,6040.0,1208.0,3.0,3.0,1657.0,552.3333333333334,1.0,0.6,0.3333333333333333,0.27433774834437086,0,🟠 Risque élevé,-4.088273,4.253062
CLT03850,39,Nouvelle-Aquitaine,0,1,Agent,0.2182,2017-10-19,2.0,2459.0,1229.5,2.0,0.0,0.0,0.0,0.0,0.0,0.0,0.0,2,🔵 Risque modéré,-3.2440815,2.6716962
CLT03851,46,Centre-Val de Loire,1,2,Web,0.2387,2019-05-18,1.0,808.0,808.0,1.0,1.0,1339.0,1339.0,0.0,1.0,0.0,1.6571782178217822,2,🔵 Risque modéré,-0.63791126,4.0981917
CLT03852,37,Bretagne,0,0,Web,0.0793,2020-07-15,3.0,3309.0,1103.0,2.0,0.0,0.0,0.0,0.0,0.0,0.0,0.0,2,🔵 Risque modéré,-5.5104036,6.970704
CLT03853,40,Provence-Alpes-Côte d'Azur,1,2,Agent,0.2064,2018-08-29,2.0,3069.0,1534.5,2.0,2.0,301.0,150.5,1.0,1.0,0.5,0.09807754969045292,0,🟠 Risque élevé,-2.9685218,4.9557676
CLT03854,28,Occitanie,4,0,Web,0.0673,2020-11-14,5.0,8641.0,1728.2,2.0,1.0,7917.0,7917.0,1.0,0.2,1.0,0.9162134012267099,0,🟠 Risque élevé,-4.8305774,21.94635
CLT03855,26,Île-de-France,8,1,Partenaire banque,0.0546,2019-11-03,,,,,0.0,0.0,0.0,0.0,,0.0,,1,🟢 Bon risque fidèle,14.340175,2.7055552
CLT03856,56,Bretagne,5,0,Web,0.01,2019-07-27,1.0,1126.0,1126.0,1.0,1.0,3959.0,3959.0,0.0,1.0,0.0,3.515985790408526,2,🔵 Risque modéré,0.22644123,6.3126497
CLT03857,49,Nouvelle-Aquitaine,1,2,Web,0.3013,2016-05-23,2.0,2395.0,1197.5,2.0,2.0,18542.0,9271.0,0.0,1.0,0.0,7.7419624217119,3,🔴 Très haut risque,-1.8783863,4.937263
CLT03858,30,Hauts-de-France,5,1,Courtier,0.2284,2017-09-04,3.0,5638.0,1879.3333333333333,2.0,1.0,12590.0,12590.0,0.0,0.3333333333333333,0.0,2.2330613692798864,3,🔴 Très haut risque,-2.4659405,5.657131
CLT03859,54,Normandie,1,0,Téléphone,0.1497,2018-12-12,2.0,2106.0,1053.0,2.0,0.0,0.0,0.0,0.0,0.0,0.0,0.0,2,🔵 Risque modéré,-6.051493,6.650809
CLT03860,44,Occitanie,15,1,Agent,0.0151,2017-06-17,,,,,0.0,0.0,0.0,0.0,,0.0,,1,🟢 Bon risque fidèle,14.489601,4.8835645
CLT03861,18,Nouvelle-Aquitaine,0,0,Téléphone,0.1854,2016-07-10,,,,,0.0,0.0,0.0,0.0,,0.0,,1,🟢 Bon risque fidèle,16.751106,7.6080136
CLT03862,64,Bretagne,12,1,Web,0.01,2020-03-24,,,,,0.0,0.0,0.0,0.0,,0.0,,1,🟢 Bon risque fidèle,14.243553,5.295585
CLT03863,48,Hauts-de-France,2,0,Web,0.1113,2017-12-18,1.0,3377.0,3377.0,1.0,2.0,25449.0,12724.5,1.0,2.0,0.5,7.535978679301155,0,🟠 Risque élevé,-2.7184305,5.190336
CLT03864,22,Bretagne,4,1,Courtier,0.1941,2019-01-03,2.0,4898.0,2449.0,2.0,1.0,62228.0,62228.0,0.0,0.5,0.0,12.704777460187831,3,🔴 Très haut risque,-2.0478225,6.5558543
CLT03865,45,Nouvelle-Aquitaine,1,1,Partenaire banque,0.1527,2018-06-15,,,,,0.0,0.0,0.0,0.0,,0.0,,1,🟢 Bon risque fidèle,14.167427,1.4487793
CLT03866,55,Provence-Alpes-Côte d'Azur,3,3,Téléphone,0.3141,2019-03-16,2.0,3982.0,1991.0,2.0,0.0,0.0,0.0,0.0,0.0,0.0,0.0,2,🔵 Risque modéré,-1.7523752,2.5944207
CLT03867,37,Bretagne,2,1,Téléphone,0.1606,2019-02-24,,,,,0.0,0.0,0.0,0.0,,0.0,,1,🟢 Bon risque fidèle,14.543189,1.553582
CLT03868,35,Centre-Val de Loire,1,1,Web,0.2793,2020-01-22,,,,,0.0,0.0,0.0,0.0,,0.0,,1,🟢 Bon risque fidèle,14.616979,1.0833095
CLT03869,32,Centre-Val de Loire,11,1,Agent,0.1732,2017-10-27,,,,,0.0,0.0,0.0,0.0,,0.0,,1,🟢 Bon risque fidèle,14.0469055,2.704024
CLT03870,41,Provence-Alpes-Côte d'Azur,9,1,Web,0.0212,2018-07-30,1.0,2499.0,2499.0,1.0,0.0,0.0,0.0,0.0,0.0,0.0,0.0,2,🔵 Risque modéré,0.18081874,0.9839998
CLT03871,34,Nouvelle-Aquitaine,0,1,Courtier,0.0182,2017-10-12,3.0,2497.0,832.3333333333334,3.0,1.0,7555.0,7555.0,0.0,0.3333333333333333,0.0,3.02563075690829,2,🔵 Risque modéré,-3.558019,3.9801028
CLT03872,60,Auvergne-Rhône-Alpes,2,2,Agent,0.1573,2019-10-14,3.0,2377.0,792.3333333333334,2.0,1.0,6511.0,6511.0,0.0,0.3333333333333333,0.0,2.739167017248633,2,🔵 Risque modéré,-3.0443664,3.7539647
CLT03873,28,Bretagne,2,0,Web,0.1558,2020-01-21,1.0,614.0,614.0,1.0,0.0,0.0,0.0,0.0,0.0,0.0,0.0,2,🔵 Risque modéré,2.2207656,11.776391
CLT03874,36,Île-de-France,1,3,Partenaire banque,0.3083,2020-09-02,1.0,1447.0,1447.0,1.0,1.0,2055.0,2055.0,0.0,1.0,0.0,1.4201796821008985,2,🔵 Risque modéré,-0.7429577,3.8820841
CLT03875,31,Nouvelle-Aquitaine,1,0,Agent,0.01,2019-08-03,,,,,0.0,0.0,0.0,0.0,,0.0,,1,🟢 Bon risque fidèle,15.836094,6.913878
CLT03876,47,Centre-Val de Loire,1,0,Web,0.2914,2017-03-25,2.0,4494.0,2247.0,1.0,0.0,0.0,0.0,0.0,0.0,0.0,0.0,2,🔵 Risque modéré,0.9499519,11.809709
CLT03877,44,Occitanie,0,1,Courtier,0.1721,2019-01-25,,,,,0.0,0.0,0.0,0.0,,0.0,,1,🟢 Bon risque fidèle,14.235317,1.3555753
CLT03878,21,Nouvelle-Aquitaine,9,0,Agent,0.0865,2017-03-20,,,,,0.0,0.0,0.0,0.0,,0.0,,1,🟢 Bon risque fidèle,15.514381,5.9574003
CLT03879,50,Provence-Alpes-Côte d'Azur,4,0,Web,0.01,2017-01-28,1.0,1763.0,1763.0,1.0,0.0,0.0,0.0,0.0,0.0,0.0,0.0,2,🔵 Risque modéré,1.6138109,10.368651
CLT03880,28,Centre-Val de Loire,2,1,Partenaire banque,0.1193,2018-01-30,2.0,2920.0,1460.0,2.0,0.0,0.0,0.0,0.0,0.0,0.0,0.0,2,🔵 Risque modéré,-3.4343011,2.6362393
CLT03881,47,Provence-Alpes-Côte d'Azur,2,2,Web,0.429,2017-09-22,2.0,4269.0,2134.5,1.0,1.0,9428.0,9428.0,1.0,0.5,1.0,2.208479737643476,0,🟠 Risque élevé,-4.6823864,22.041224
CLT03882,32,Grand Est,3,2,Téléphone,0.4598,2016-09-14,,,,,0.0,0.0,0.0,0.0,,0.0,,1,🟢 Bon risque fidèle,12.182795,2.8154998
CLT03883,18,Normandie,4,0,Agent,0.0554,2018-07-24,1.0,1222.0,1222.0,1.0,0.0,0.0,0.0,0.0,0.0,0.0,0.0,2,🔵 Risque modéré,2.4411278,10.971139
CLT03884,20,Bretagne,0,0,Courtier,0.3204,2017-12-24,1.0,1269.0,1269.0,1.0,0.0,0.0,0.0,0.0,0.0,0.0,0.0,2,🔵 Risque modéré,2.7592468,11.771211
CLT03885,55,Grand Est,2,0,Courtier,0.1429,2020-04-17,3.0,3012.0,1004.0,2.0,0.0,0.0,0.0,0.0,0.0,0.0,0.0,2,🔵 Risque modéré,-5.689165,6.347818
CLT03886,61,Provence-Alpes-Côte d'Azur,2,1,Web,0.139,2016-12-28,1.0,1001.0,1001.0,1.0,0.0,0.0,0.0,0.0,0.0,0.0,0.0,2,🔵 Risque modéré,0.97520006,0.41479775
CLT03887,52,Normandie,0,0,Courtier,0.0355,2016-12-30,1.0,505.0,505.0,1.0,0.0,0.0,0.0,0.0,0.0,0.0,0.0,2,🔵 Risque modéré,0.98781955,10.871924
CLT03888,32,Grand Est,4,1,Courtier,0.6079,2019-01-18,2.0,5826.0,2913.0,2.0,0.0,0.0,0.0,0.0,0.0,0.0,0.0,2,🔵 Risque modéré,-1.6206584,2.3389673
CLT03889,66,Bretagne,3,0,Courtier,0.01,2020-09-28,,,,,0.0,0.0,0.0,0.0,,0.0,,1,🟢 Bon risque fidèle,13.72479,8.282733
CLT03890,50,Bretagne,0,1,Agent,0.2126,2019-12-10,1.0,881.0,881.0,1.0,0.0,0.0,0.0,0.0,0.0,0.0,0.0,2,🔵 Risque modéré,1.3006916,0.9121369
CLT03891,26,Centre-Val de Loire,3,0,Partenaire banque,0.01,2020-10-23,2.0,2792.0,1396.0,2.0,0.0,0.0,0.0,0.0,0.0,0.0,0.0,2,🔵 Risque modéré,-5.629756,7.209868
CLT03892,34,Auvergne-Rhône-Alpes,10,1,Partenaire banque,0.3073,2020-07-10,2.0,4599.0,2299.5,2.0,2.0,20156.0,10078.0,0.0,1.0,0.0,4.382691889541205,3,🔴 Très haut risque,-1.3616965,4.9742503
CLT03893,50,Auvergne-Rhône-Alpes,3,0,Web,0.2455,2016-02-05,1.0,2906.0,2906.0,1.0,1.0,233.0,233.0,1.0,1.0,1.0,0.08017894012388162,0,🟠 Risque élevé,-4.6533585,22.127197
CLT03894,30,Centre-Val de Loire,1,3,Partenaire banque,0.3827,2016-08-02,,,,,0.0,0.0,0.0,0.0,,0.0,,1,🟢 Bon risque fidèle,12.143896,2.93315
CLT03895,25,Normandie,4,0,Agent,0.1011,2019-07-03,1.0,854.0,854.0,1.0,1.0,89.0,89.0,0.0,1.0,0.0,0.10421545667447307,2,🔵 Risque modéré,0.76480454,6.047633
CLT03896,55,Grand Est,1,0,Web,0.01,2018-06-30,1.0,1508.0,1508.0,1.0,0.0,0.0,0.0,0.0,0.0,0.0,0.0,2,🔵 Risque modéré,0.3943643,10.73931
CLT03897,34,Grand Est,0,0,Courtier,0.19,2016-03-09,3.0,4872.0,1624.0,3.0,0.0,0.0,0.0,0.0,0.0,0.0,0.0,2,🔵 Risque modéré,-4.6395965,5.1119637
CLT03898,31,Hauts-de-France,5,0,Téléphone,0.01,2017-03-11,1.0,913.0,913.0,1.0,0.0,0.0,0.0,0.0,0.0,0.0,0.0,2,🔵 Risque modéré,2.1004145,10.650411
CLT03899,35,Occitanie,2,1,Agent,0.226,2019-02-05,,,,,0.0,0.0,0.0,0.0,,0.0,,1,🟢 Bon risque fidèle,14.652296,1.2455842
CLT03900,52,Bretagne,1,0,Web,0.107,2020-10-21,1.0,1006.0,1006.0,1.0,0.0,0.0,0.0,0.0,0.0,0.0,0.0,2,🔵 Risque modéré,0.9669813,11.383277
CLT03901,23,Normandie,0,0,Partenaire banque,0.191,2017-12-21,2.0,2772.0,1386.0,2.0,0.0,0.0,0.0,0.0,0.0,0.0,0.0,2,🔵 Risque modéré,-5.401574,7.5932674
CLT03902,22,Normandie,1,2,Courtier,0.3775,2020-08-09,1.0,2514.0,2514.0,1.0,0.0,0.0,0.0,0.0,0.0,0.0,0.0,2,🔵 Risque modéré,-0.79344344,1.8646538
CLT03903,33,Bretagne,1,0,Web,0.214,2018-02-08,4.0,6966.0,1741.5,1.0,1.0,12980.0,12980.0,0.0,0.25,0.0,1.8633362044214759,3,🔴 Très haut risque,-2.8114643,6.047352
CLT03904,39,Occitanie,7,1,Courtier,0.2668,2017-07-04,,,,,0.0,0.0,0.0,0.0,,0.0,,1,🟢 Bon risque fidèle,14.134576,2.1965506
CLT03905,28,Hauts-de-France,8,0,Web,0.01,2020-06-18,2.0,2732.0,1366.0,2.0,2.0,18577.0,9288.5,0.0,1.0,0.0,6.799780380673499,3,🔴 Très haut risque,-2.9680514,6.3999157
CLT03906,28,Bretagne,10,3,Agent,0.2434,2016-01-11,2.0,3382.0,1691.0,2.0,1.0,3851.0,3851.0,0.0,0.5,0.0,1.1386753400354819,2,🔵 Risque modéré,-2.086538,2.487237
CLT03907,32,Bretagne,1,1,Web,0.13,2016-02-25,2.0,2920.0,1460.0,2.0,1.0,21418.0,21418.0,0.0,0.5,0.0,7.3349315068493155,3,🔴 Très haut risque,-2.395782,6.2866745
CLT03908,43,Nouvelle-Aquitaine,4,1,Agent,0.105,2020-09-19,1.0,1353.0,1353.0,1.0,0.0,0.0,0.0,0.0,0.0,0.0,0.0,2,🔵 Risque modéré,0.9701755,0.4951087
CLT03909,44,Grand Est,0,2,Téléphone,0.4385,2019-05-15,1.0,2354.0,2354.0,1.0,0.0,0.0,0.0,0.0,0.0,0.0,0.0,2,🔵 Risque modéré,-0.76307374,1.9399902
CLT03910,38,Provence-Alpes-Côte d'Azur,0,1,Web,0.01,2019-03-19,2.0,1991.0,995.5,2.0,1.0,453.0,453.0,1.0,0.5,1.0,0.2275238573581115,0,🟠 Risque élevé,-4.771937,22.016068
CLT03911,51,Bretagne,3,0,Web,0.1801,2018-03-14,1.0,965.0,965.0,1.0,0.0,0.0,0.0,0.0,0.0,0.0,0.0,2,🔵 Risque modéré,1.1615988,11.426871
CLT03912,31,Occitanie,7,0,Agent,0.01,2018-03-18,3.0,3634.0,1211.3333333333333,1.0,1.0,3251.0,3251.0,0.0,0.3333333333333333,0.0,0.8946064942212438,2,🔵 Risque modéré,0.9897368,9.576791
CLT03913,36,Île-de-France,6,1,Téléphone,0.2965,2019-03-31,2.0,3004.0,1502.0,1.0,0.0,0.0,0.0,0.0,0.0,0.0,0.0,2,🔵 Risque modéré,0.8493903,1.5387388
CLT03914,46,Bretagne,6,1,Web,0.2382,2019-07-29,,,,,0.0,0.0,0.0,0.0,,0.0,,1,🟢 Bon risque fidèle,13.917858,2.0017874
CLT03915,45,Bretagne,5,0,Partenaire banque,0.0519,2016-12-23,2.0,2240.0,1120.0,2.0,1.0,3652.0,3652.0,0.0,0.5,0.0,1.6303571428571428,2,🔵 Risque modéré,-4.6419096,6.3911495
CLT03916,49,Bretagne,1,0,Téléphone,0.1529,2018-11-27,1.0,808.0,808.0,1.0,1.0,287.0,287.0,1.0,1.0,1.0,0.3551980198019802,0,🟠 Risque élevé,-4.6622477,22.128305
CLT03917,34,Nouvelle-Aquitaine,1,3,Courtier,0.4734,2016-07-24,,,,,0.0,0.0,0.0,0.0,,0.0,,1,🟢 Bon risque fidèle,12.095802,2.873697
CLT03918,44,Nouvelle-Aquitaine,1,1,Courtier,0.0284,2019-07-19,4.0,5080.0,1270.0,3.0,0.0,0.0,0.0,0.0,0.0,0.0,0.0,2,🔵 Risque modéré,-3.9726403,3.9679692
CLT03919,36,Centre-Val de Loire,6,0,Agent,0.1507,2020-09-24,3.0,4470.0,1490.0,2.0,1.0,221.0,221.0,0.0,0.3333333333333333,0.0,0.049440715883668905,2,🔵 Risque modéré,-5.0586214,6.5905952
CLT03920,70,Hauts-de-France,0,1,Téléphone,0.0932,2016-11-23,2.0,2000.0,1000.0,2.0,3.0,13307.0,4435.666666666667,0.0,1.5,0.0,6.6535,3,🔴 Très haut risque,-2.1795623,5.014645
CLT03921,59,Provence-Alpes-Côte d'Azur,8,0,Web,0.0229,2016-07-12,1.0,861.0,861.0,1.0,0.0,0.0,0.0,0.0,0.0,0.0,0.0,2,🔵 Risque modéré,1.3883766,9.634029
CLT03922,45,Île-de-France,1,0,Courtier,0.01,2019-07-13,6.0,9337.0,1556.1666666666667,2.0,1.0,22871.0,22871.0,0.0,0.16666666666666666,0.0,2.449501981364464,3,🔴 Très haut risque,-2.913361,6.2271
CLT03923,28,Centre-Val de Loire,6,2,Web,0.071,2019-06-21,3.0,3209.0,1069.6666666666667,2.0,1.0,172.0,172.0,0.0,0.3333333333333333,0.0,0.05359925210345902,2,🔵 Risque modéré,-3.1735594,2.844338
CLT03924,28,Grand Est,1,1,Partenaire banque,0.0996,2016-06-12,1.0,1315.0,1315.0,1.0,0.0,0.0,0.0,0.0,0.0,0.0,0.0,2,🔵 Risque modéré,1.598831,1.1822222
CLT03925,45,Centre-Val de Loire,4,0,Courtier,0.0417,2020-03-02,,,,,0.0,0.0,0.0,0.0,,0.0,,1,🟢 Bon risque fidèle,14.627192,6.678956
CLT03926,48,Nouvelle-Aquitaine,8,0,Partenaire banque,0.01,2019-07-25,4.0,5181.0,1295.25,2.0,3.0,26745.0,8915.0,0.0,0.75,0.0,5.162130862767805,3,🔴 Très haut risque,-3.3474967,6.2022967
CLT03927,58,Provence-Alpes-Côte d'Azur,5,1,Web,0.1217,2019-08-31,,,,,0.0,0.0,0.0,0.0,,0.0,,1,🟢 Bon risque fidèle,13.440864,1.8994309
CLT03928,38,Occitanie,0,1,Web,0.2618,2019-01-03,1.0,884.0,884.0,1.0,0.0,0.0,0.0,0.0,0.0,0.0,0.0,2,🔵 Risque modéré,1.4248036,1.5901772
CLT03929,35,Occitanie,4,0,Agent,0.1405,2020-07-12,3.0,2996.0,998.6666666666666,1.0,0.0,0.0,0.0,0.0,0.0,0.0,0.0,2,🔵 Risque modéré,1.4700427,10.717921
CLT03930,63,Bretagne,1,0,Agent,0.1664,2019-09-14,,,,,0.0,0.0,0.0,0.0,,0.0,,1,🟢 Bon risque fidèle,14.424804,8.871741
CLT03931,59,Île-de-France,1,0,Web,0.1042,2016-10-23,,,,,0.0,0.0,0.0,0.0,,0.0,,1,🟢 Bon risque fidèle,14.266086,8.510142
CLT03932,51,Île-de-France,0,2,Agent,0.3994,2019-04-03,1.0,1377.0,1377.0,1.0,1.0,5035.0,5035.0,0.0,1.0,0.0,3.6564996368917937,3,🔴 Très haut risque,-0.80821425,4.1057873
CLT03933,53,Auvergne-Rhône-Alpes,1,0,Web,0.0657,2019-05-07,3.0,4354.0,1451.3333333333333,2.0,4.0,19856.0,4964.0,0.0,1.3333333333333333,0.0,4.560404225999081,3,🔴 Très haut risque,-3.7979548,6.2882743
CLT03934,46,Auvergne-Rhône-Alpes,3,1,Web,0.1211,2017-08-03,1.0,1436.0,1436.0,1.0,0.0,0.0,0.0,0.0,0.0,0.0,0.0,2,🔵 Risque modéré,1.0596209,0.6088357
CLT03935,59,Hauts-de-France,1,1,Téléphone,0.2595,2016-07-11,2.0,4516.0,2258.0,2.0,1.0,7715.0,7715.0,0.0,0.5,0.0,1.70837023914969,2,🔵 Risque modéré,-2.7134423,4.1706986
CLT03936,48,Auvergne-Rhône-Alpes,15,0,Courtier,0.01,2018-01-12,3.0,4508.0,1502.6666666666667,3.0,3.0,14888.0,4962.666666666667,0.0,1.0,0.0,3.302573203194321,2,🔵 Risque modéré,-3.5911613,5.88884
CLT03937,32,Occitanie,8,1,Courtier,0.1106,2018-10-04,,,,,0.0,0.0,0.0,0.0,,0.0,,1,🟢 Bon risque fidèle,14.237038,2.6454632
CLT03938,18,Île-de-France,1,0,Courtier,0.171,2018-09-25,1.0,1721.0,1721.0,1.0,0.0,0.0,0.0,0.0,0.0,0.0,0.0,2,🔵 Risque modéré,3.0386972,11.343554
CLT03939,51,Auvergne-Rhône-Alpes,7,0,Web,0.0462,2018-05-11,2.0,3551.0,1775.5,1.0,1.0,11875.0,11875.0,0.0,0.5,0.0,3.344128414531118,3,🔴 Très haut risque,-1.5777413,6.705879
CLT03940,37,Bretagne,1,1,Téléphone,0.313,2019-07-23,1.0,1334.0,1334.0,1.0,1.0,8382.0,8382.0,0.0,1.0,0.0,6.2833583208395805,3,🔴 Très haut risque,-0.64911354,4.8866754
CLT03941,47,Normandie,10,0,Téléphone,0.01,2017-01-05,,,,,0.0,0.0,0.0,0.0,,0.0,,1,🟢 Bon risque fidèle,14.497214,5.55788
CLT03942,39,Hauts-de-France,6,0,Web,0.01,2017-01-02,1.0,1216.0,1216.0,1.0,0.0,0.0,0.0,0.0,0.0,0.0,0.0,2,🔵 Risque modéré,1.7610106,10.078102
CLT03943,65,Centre-Val de Loire,3,1,Agent,0.01,2020-10-18,3.0,3954.0,1318.0,2.0,0.0,0.0,0.0,0.0,0.0,0.0,0.0,2,🔵 Risque modéré,-3.8979905,3.337693
CLT03944,45,Île-de-France,1,0,Web,0.2171,2017-12-05,1.0,1358.0,1358.0,1.0,2.0,11982.0,5991.0,0.0,2.0,0.0,8.823269513991164,3,🔴 Très haut risque,-1.2062176,5.538796
CLT03945,60,Provence-Alpes-Côte d'Azur,1,1,Courtier,0.0407,2019-06-13,,,,,0.0,0.0,0.0,0.0,,0.0,,1,🟢 Bon risque fidèle,13.45611,1.7640461
CLT03946,51,Centre-Val de Loire,0,0,Courtier,0.0579,2016-11-22,3.0,2641.0,880.3333333333334,2.0,1.0,1549.0,1549.0,0.0,0.3333333333333333,0.0,0.5865202574782279,2,🔵 Risque modéré,-5.4075246,6.2979746
CLT03947,39,Grand Est,7,1,Agent,0.0333,2016-09-08,,,,,0.0,0.0,0.0,0.0,,0.0,,1,🟢 Bon risque fidèle,14.220479,2.5832827
CLT03948,48,Occitanie,4,0,Agent,0.0438,2019-01-04,,,,,0.0,0.0,0.0,0.0,,0.0,,1,🟢 Bon risque fidèle,14.541862,6.6742406
CLT03949,53,Île-de-France,3,1,Courtier,0.1561,2020-04-09,1.0,1061.0,1061.0,1.0,0.0,0.0,0.0,0.0,0.0,0.0,0.0,2,🔵 Risque modéré,0.9202838,0.55723536
CLT03950,52,Nouvelle-Aquitaine,3,0,Web,0.01,2018-01-19,2.0,3723.0,1861.5,2.0,0.0,0.0,0.0,0.0,0.0,0.0,0.0,2,🔵 Risque modéré,-6.433896,6.5615697
CLT03951,24,Auvergne-Rhône-Alpes,6,2,Téléphone,0.3008,2016-03-03,2.0,2368.0,1184.0,2.0,0.0,0.0,0.0,0.0,0.0,0.0,0.0,2,🔵 Risque modéré,-2.3354738,2.6005254
CLT03952,59,Provence-Alpes-Côte d'Azur,3,0,Web,0.0314,2016-06-21,1.0,1473.0,1473.0,1.0,0.0,0.0,0.0,0.0,0.0,0.0,0.0,2,🔵 Risque modéré,0.56600535,10.489906
CLT03953,42,Nouvelle-Aquitaine,2,0,Web,0.1585,2018-09-15,1.0,2390.0,2390.0,1.0,0.0,0.0,0.0,0.0,0.0,0.0,0.0,2,🔵 Risque modéré,2.834554,10.51655
CLT03954,39,Occitanie,2,1,Partenaire banque,0.2597,2017-12-16,,,,,0.0,0.0,0.0,0.0,,0.0,,1,🟢 Bon risque fidèle,14.509897,1.1580777
CLT03955,20,Grand Est,7,0,Agent,0.1533,2018-08-16,,,,,0.0,0.0,0.0,0.0,,0.0,,1,🟢 Bon risque fidèle,16.002111,6.4301977
CLT03956,29,Normandie,4,0,Courtier,0.01,2018-04-01,1.0,1224.0,1224.0,1.0,0.0,0.0,0.0,0.0,0.0,0.0,0.0,2,🔵 Risque modéré,2.2691262,10.797248
CLT03957,33,Occitanie,0,0,Web,0.127,2017-02-11,1.0,2172.0,2172.0,1.0,0.0,0.0,0.0,0.0,0.0,0.0,0.0,2,🔵 Risque modéré,2.8219612,10.740384
CLT03958,43,Hauts-de-France,4,1,Partenaire banque,0.1837,2016-07-31,,,,,0.0,0.0,0.0,0.0,,0.0,,1,🟢 Bon risque fidèle,14.031377,1.8369387
CLT03959,44,Centre-Val de Loire,1,0,Agent,0.01,2019-04-20,2.0,2671.0,1335.5,2.0,1.0,1252.0,1252.0,1.0,0.5,1.0,0.46873830026207414,0,🟠 Risque élevé,-4.7055974,22.035015
CLT03960,26,Hauts-de-France,1,0,Web,0.0969,2017-02-27,,,,,0.0,0.0,0.0,0.0,,0.0,,1,🟢 Bon risque fidèle,16.498465,7.2409153
CLT03961,48,Normandie,2,0,Courtier,0.0496,2018-07-04,1.0,1420.0,1420.0,1.0,0.0,0.0,0.0,0.0,0.0,0.0,0.0,2,🔵 Risque modéré,1.2684127,10.713037
CLT03962,29,Bretagne,0,0,Courtier,0.0729,2017-07-12,1.0,1318.0,1318.0,1.0,0.0,0.0,0.0,0.0,0.0,0.0,0.0,2,🔵 Risque modéré,2.514919,11.399423
CLT03963,60,Provence-Alpes-Côte d'Azur,3,1,Agent,0.1429,2019-05-30,5.0,5017.0,1003.4,3.0,4.0,10769.0,2692.25,0.0,0.8,0.0,2.1465018935618896,2,🔵 Risque modéré,-3.7666218,4.2744145
CLT03964,55,Bretagne,0,1,Courtier,0.1566,2019-03-09,1.0,737.0,737.0,1.0,0.0,0.0,0.0,0.0,0.0,0.0,0.0,2,🔵 Risque modéré,1.1384313,0.65331894
CLT03965,35,Provence-Alpes-Côte d'Azur,1,2,Courtier,0.3808,2019-07-21,,,,,0.0,0.0,0.0,0.0,,0.0,,1,🟢 Bon risque fidèle,12.259863,2.6709194
CLT03966,44,Auvergne-Rhône-Alpes,5,1,Courtier,0.0814,2020-12-28,1.0,1072.0,1072.0,1.0,0.0,0.0,0.0,0.0,0.0,0.0,0.0,2,🔵 Risque modéré,0.7996759,0.44155422
CLT03967,43,Île-de-France,1,0,Partenaire banque,0.0567,2017-06-04,1.0,1315.0,1315.0,1.0,0.0,0.0,0.0,0.0,0.0,0.0,0.0,2,🔵 Risque modéré,1.5896194,11.071489
CLT03968,31,Centre-Val de Loire,2,0,Courtier,0.078,2019-05-23,1.0,1679.0,1679.0,1.0,1.0,805.0,805.0,0.0,1.0,0.0,0.4794520547945205,2,🔵 Risque modéré,0.77560997,6.0599966
CLT03969,54,Grand Est,0,0,Courtier,0.2343,2016-03-04,3.0,2748.0,916.0,2.0,1.0,878.0,878.0,0.0,0.3333333333333333,0.0,0.3195050946142649,2,🔵 Risque modéré,-5.0596385,6.444715
CLT03970,31,Auvergne-Rhône-Alpes,4,2,Web,0.2042,2017-10-24,4.0,6189.0,1547.25,3.0,3.0,3212.0,1070.6666666666667,1.0,0.75,0.3333333333333333,0.5189852964937793,0,🟠 Risque élevé,-3.031125,4.8521023
CLT03971,18,Bretagne,9,1,Agent,0.0849,2018-01-04,1.0,497.0,497.0,1.0,0.0,0.0,0.0,0.0,0.0,0.0,0.0,1,🟢 Bon risque fidèle,0.07601606,0.7980718
CLT03972,55,Occitanie,0,2,Web,0.2244,2019-09-09,,,,,0.0,0.0,0.0,0.0,,0.0,,1,🟢 Bon risque fidèle,12.550977,2.2415776
CLT03973,41,Provence-Alpes-Côte d'Azur,1,1,Courtier,0.2636,2020-05-17,1.0,2160.0,2160.0,1.0,0.0,0.0,0.0,0.0,0.0,0.0,0.0,2,🔵 Risque modéré,0.79136544,1.6805613
CLT03974,37,Provence-Alpes-Côte d'Azur,4,0,Web,0.01,2017-10-16,,,,,0.0,0.0,0.0,0.0,,0.0,,1,🟢 Bon risque fidèle,15.144166,6.5863867
CLT03975,52,Île-de-France,0,1,Agent,0.33,2017-03-15,,,,,0.0,0.0,0.0,0.0,,0.0,,1,🟢 Bon risque fidèle,13.824862,0.81532145
CLT03976,61,Normandie,6,0,Courtier,0.0856,2017-10-22,2.0,3941.0,1970.5,2.0,0.0,0.0,0.0,0.0,0.0,0.0,0.0,2,🔵 Risque modéré,-6.2067847,6.199667
CLT03977,30,Occitanie,0,1,Courtier,0.4753,2018-03-02,1.0,2448.0,2448.0,1.0,0.0,0.0,0.0,0.0,0.0,0.0,0.0,2,🔵 Risque modéré,-0.37158662,1.9680014
CLT03978,35,Hauts-de-France,4,0,Agent,0.1996,2018-12-17,2.0,1838.0,919.0,2.0,1.0,19557.0,19557.0,0.0,0.5,0.0,10.640369967355822,3,🔴 Très haut risque,-2.3024118,6.3265977
CLT03979,42,Occitanie,6,1,Web,0.0798,2017-07-25,,,,,0.0,0.0,0.0,0.0,,0.0,,1,🟢 Bon risque fidèle,14.120902,2.3932133
CLT03980,26,Centre-Val de Loire,1,0,Partenaire banque,0.2176,2020-07-13,,,,,0.0,0.0,0.0,0.0,,0.0,,1,🟢 Bon risque fidèle,16.605356,7.7635016
CLT03981,30,Auvergne-Rhône-Alpes,0,2,Courtier,0.3504,2019-08-18,2.0,2678.0,1339.0,2.0,1.0,15172.0,15172.0,0.0,0.5,0.0,5.665421956684092,3,🔴 Très haut risque,-1.9654033,5.0835953
CLT03982,51,Bretagne,2,2,Agent,0.3894,2018-06-12,2.0,2166.0,1083.0,2.0,1.0,7173.0,7173.0,0.0,0.5,0.0,3.311634349030471,3,🔴 Très haut risque,-1.8997505,3.5831676
CLT03983,25,Provence-Alpes-Côte d'Azur,2,1,Téléphone,0.1121,2017-02-11,2.0,2642.0,1321.0,1.0,1.0,1769.0,1769.0,0.0,0.5,0.0,0.6695685087055261,2,🔵 Risque modéré,0.26179814,3.6361709
CLT03984,55,Occitanie,2,0,Web,0.0458,2018-10-10,2.0,3027.0,1513.5,2.0,0.0,0.0,0.0,0.0,0.0,0.0,0.0,2,🔵 Risque modéré,-6.227117,6.352106
CLT03985,41,Normandie,4,0,Web,0.1741,2017-07-18,,,,,0.0,0.0,0.0,0.0,,0.0,,1,🟢 Bon risque fidèle,15.368485,7.847459
CLT03986,36,Bretagne,2,3,Web,0.2588,2018-07-18,,,,,0.0,0.0,0.0,0.0,,0.0,,1,🟢 Bon risque fidèle,12.334665,2.6829987
CLT03987,63,Nouvelle-Aquitaine,0,0,Agent,0.017,2019-04-27,1.0,1159.0,1159.0,1.0,0.0,0.0,0.0,0.0,0.0,0.0,0.0,2,🔵 Risque modéré,0.36705872,10.732588
CLT03988,48,Bretagne,1,0,Web,0.1947,2016-02-15,2.0,3389.0,1694.5,1.0,1.0,3311.0,3311.0,0.0,0.5,0.0,0.9769843611684863,2,🔵 Risque modéré,0.34781468,8.842145
CLT03989,45,Hauts-de-France,2,0,Web,0.1561,2020-05-25,2.0,2639.0,1319.5,1.0,1.0,110.0,110.0,0.0,0.5,0.0,0.041682455475558926,2,🔵 Risque modéré,0.45326018,9.135795
CLT03990,25,Centre-Val de Loire,2,1,Partenaire banque,0.01,2018-08-05,,,,,0.0,0.0,0.0,0.0,,0.0,,1,🟢 Bon risque fidèle,14.812503,1.9365556
CLT03991,29,Hauts-de-France,0,5,Web,0.5561,2018-04-06,,,,,0.0,0.0,0.0,0.0,,0.0,,1,🟢 Bon risque fidèle,12.017327,2.9594889
CLT03992,46,Île-de-France,0,0,Téléphone,0.2106,2018-12-18,2.0,3011.0,1505.5,1.0,1.0,192.0,192.0,0.0,0.5,0.0,0.06376619063434075,2,🔵 Risque modéré,0.40329045,9.005636
CLT03993,41,Île-de-France,8,0,Web,0.0405,2016-02-05,3.0,4492.0,1497.3333333333333,1.0,1.0,1889.0,1889.0,1.0,0.3333333333333333,1.0,0.4205253784505788,0,🟠 Risque élevé,-4.76139,22.027922
CLT03994,25,Auvergne-Rhône-Alpes,0,0,Courtier,0.01,2020-08-28,,,,,0.0,0.0,0.0,0.0,,0.0,,1,🟢 Bon risque fidèle,16.441946,6.7840104
CLT03995,48,Bretagne,0,0,Agent,0.0594,2017-07-18,2.0,2177.0,1088.5,2.0,0.0,0.0,0.0,0.0,0.0,0.0,0.0,2,🔵 Risque modéré,-6.153807,6.72202
CLT03996,63,Provence-Alpes-Côte d'Azur,1,0,Agent,0.2162,2018-04-01,1.0,1193.0,1193.0,1.0,0.0,0.0,0.0,0.0,0.0,0.0,0.0,2,🔵 Risque modéré,0.5481493,11.498513
CLT03997,53,Auvergne-Rhône-Alpes,0,0,Courtier,0.1602,2017-10-05,3.0,4464.0,1488.0,2.0,3.0,21686.0,7228.666666666667,0.0,1.0,0.0,4.857974910394265,3,🔴 Très haut risque,-3.6504116,6.265553
CLT03998,32,Normandie,5,0,Agent,0.01,2018-03-18,1.0,3409.0,3409.0,1.0,0.0,0.0,0.0,0.0,0.0,0.0,0.0,2,🔵 Risque modéré,2.8756046,10.040179
CLT03999,32,Hauts-de-France,13,2,Agent,0.0974,2018-07-21,1.0,1126.0,1126.0,1.0,0.0,0.0,0.0,0.0,0.0,0.0,0.0,2,🔵 Risque modéré,-0.5355932,0.86819845
CLT04000,21,Normandie,0,0,Téléphone,0.2774,2016-09-07,,,,,0.0,0.0,0.0,0.0,,0.0,,1,🟢 Bon risque fidèle,16.638098,7.7902393
CLT04001,19,Provence-Alpes-Côte d'Azur,7,0,Partenaire banque,0.1487,2016-07-31,2.0,2985.0,1492.5,2.0,0.0,0.0,0.0,0.0,0.0,0.0,0.0,2,🔵 Risque modéré,-5.3365974,7.0116453
CLT04002,29,Île-de-France,2,0,Web,0.0481,2020-08-19,,,,,0.0,0.0,0.0,0.0,,0.0,,1,🟢 Bon risque fidèle,15.956968,6.874861
CLT04003,32,Île-de-France,2,0,Web,0.01,2017-10-25,4.0,5779.0,1444.75,2.0,0.0,0.0,0.0,0.0,0.0,0.0,0.0,2,🔵 Risque modéré,-5.3548026,6.940284
CLT04004,44,Bretagne,2,0,Web,0.01,2016-07-01,,,,,0.0,0.0,0.0,0.0,,0.0,,1,🟢 Bon risque fidèle,14.728668,7.1214957
CLT04005,44,Occitanie,1,3,Agent,0.5161,2020-07-23,4.0,5929.0,1482.25,2.0,3.0,10058.0,3352.6666666666665,1.0,0.75,0.3333333333333333,1.696407488615281,0,🟠 Risque élevé,-2.246548,4.062953
CLT04006,21,Provence-Alpes-Côte d'Azur,4,2,Téléphone,0.2113,2019-01-07,1.0,1543.0,1543.0,1.0,0.0,0.0,0.0,0.0,0.0,0.0,0.0,2,🔵 Risque modéré,-0.9862845,1.4454812
CLT04007,28,Île-de-France,9,3,Partenaire banque,0.1394,2020-11-14,1.0,1033.0,1033.0,1.0,0.0,0.0,0.0,0.0,0.0,0.0,0.0,2,🔵 Risque modéré,-0.7075823,1.014904
CLT04008,55,Île-de-France,3,0,Web,0.0772,2020-05-28,2.0,4248.0,2124.0,2.0,0.0,0.0,0.0,0.0,0.0,0.0,0.0,2,🔵 Risque modéré,-6.40382,6.494277
CLT04009,51,Île-de-France,0,1,Web,0.01,2017-09-17,,,,,0.0,0.0,0.0,0.0,,0.0,,1,🟢 Bon risque fidèle,14.143165,1.7452983
CLT04010,59,Auvergne-Rhône-Alpes,2,1,Web,0.1401,2019-11-11,,,,,0.0,0.0,0.0,0.0,,0.0,,1,🟢 Bon risque fidèle,13.367134,1.5206294
CLT04011,30,Centre-Val de Loire,16,0,Agent,0.0759,2018-02-18,1.0,809.0,809.0,1.0,0.0,0.0,0.0,0.0,0.0,0.0,0.0,2,🔵 Risque modéré,1.815789,8.826639
CLT04012,42,Hauts-de-France,2,0,Agent,0.1442,2016-10-11,,,,,0.0,0.0,0.0,0.0,,0.0,,1,🟢 Bon risque fidèle,15.47511,8.059481
CLT04013,47,Centre-Val de Loire,2,0,Courtier,0.01,2016-09-17,1.0,2014.0,2014.0,1.0,0.0,0.0,0.0,0.0,0.0,0.0,0.0,2,🔵 Risque modéré,1.7916152,10.441015
CLT04014,30,Provence-Alpes-Côte d'Azur,8,1,Téléphone,0.0508,2020-03-24,2.0,3910.0,1955.0,1.0,0.0,0.0,0.0,0.0,0.0,0.0,0.0,2,🔵 Risque modéré,0.15513228,0.9463176
CLT04015,43,Centre-Val de Loire,16,0,Téléphone,0.0395,2018-04-28,6.0,6580.0,1096.6666666666667,3.0,1.0,939.0,939.0,0.0,0.16666666666666666,0.0,0.14270516717325227,2,🔵 Risque modéré,-5.145283,5.0666533
CLT04016,36,Normandie,2,1,Agent,0.056,2018-12-06,,,,,0.0,0.0,0.0,0.0,,0.0,,1,🟢 Bon risque fidèle,14.614069,1.996424
CLT04017,56,Grand Est,2,0,Web,0.01,2018-09-07,3.0,4790.0,1596.6666666666667,3.0,1.0,381.0,381.0,0.0,0.3333333333333333,0.0,0.07954070981210856,2,🔵 Risque modéré,-4.892174,5.1119704
CLT04018,53,Normandie,7,1,Partenaire banque,0.1455,2017-10-23,1.0,1339.0,1339.0,1.0,0.0,0.0,0.0,0.0,0.0,0.0,0.0,2,🔵 Risque modéré,0.42345184,0.4024739
CLT04019,41,Normandie,5,0,Web,0.01,2017-06-26,2.0,1872.0,936.0,1.0,1.0,473.0,473.0,0.0,0.5,0.0,0.25267094017094016,2,🔵 Risque modéré,0.9604807,9.637023
CLT04020,48,Hauts-de-France,0,0,Agent,0.2097,2017-12-25,2.0,3615.0,1807.5,2.0,2.0,13601.0,6800.5,0.0,1.0,0.0,3.7623789764868603,3,🔴 Très haut risque,-3.7154045,6.455358
CLT04021,45,Grand Est,0,2,Téléphone,0.2163,2017-05-13,3.0,3822.0,1274.0,2.0,3.0,1713.0,571.0,0.0,1.0,0.0,0.44819466248037676,2,🔵 Risque modéré,-2.210924,3.4528875
CLT04022,67,Occitanie,11,1,Agent,0.0609,2016-06-04,3.0,4346.0,1448.6666666666667,2.0,0.0,0.0,0.0,0.0,0.0,0.0,0.0,2,🔵 Risque modéré,-4.674592,3.8019686
CLT04023,49,Normandie,4,0,Web,0.01,2016-01-29,2.0,1343.0,671.5,1.0,2.0,530.0,265.0,1.0,1.0,0.5,0.39463886820551003,0,🟠 Risque élevé,-3.064064,5.1680923
CLT04024,63,Occitanie,0,1,Courtier,0.2011,2018-03-01,,,,,0.0,0.0,0.0,0.0,,0.0,,1,🟢 Bon risque fidèle,13.264418,1.3336836
CLT04025,49,Occitanie,1,2,Courtier,0.4201,2017-11-30,,,,,0.0,0.0,0.0,0.0,,0.0,,1,🟢 Bon risque fidèle,12.1071,2.5027807
CLT04026,62,Occitanie,3,0,Téléphone,0.01,2020-04-10,2.0,2606.0,1303.0,2.0,0.0,0.0,0.0,0.0,0.0,0.0,0.0,2,🔵 Risque modéré,-6.108521,6.0868936
CLT04027,46,Grand Est,0,2,Courtier,0.1221,2017-10-05,3.0,6151.0,2050.3333333333335,2.0,1.0,123.0,123.0,0.0,0.3333333333333333,0.0,0.019996748496179485,2,🔵 Risque modéré,-2.8958247,3.4045413
CLT04028,39,Hauts-de-France,3,0,Agent,0.2027,2019-09-06,,,,,0.0,0.0,0.0,0.0,,0.0,,1,🟢 Bon risque fidèle,15.712499,8.123154
CLT04029,28,Nouvelle-Aquitaine,4,0,Téléphone,0.0244,2016-08-06,1.0,1043.0,1043.0,1.0,0.0,0.0,0.0,0.0,0.0,0.0,0.0,2,🔵 Risque modéré,2.1588886,10.852075
CLT04030,37,Nouvelle-Aquitaine,0,1,Web,0.0115,2018-01-16,1.0,434.0,434.0,1.0,1.0,1747.0,1747.0,0.0,1.0,0.0,4.025345622119816,2,🔵 Risque modéré,0.14064561,4.8322625
CLT04031,42,Bretagne,3,0,Partenaire banque,0.1819,2020-11-14,2.0,2962.0,1481.0,1.0,2.0,3495.0,1747.5,0.0,1.0,0.0,1.1799459824442944,2,🔵 Risque modéré,0.5827383,5.9621053
CLT04032,43,Centre-Val de Loire,18,1,Courtier,0.2029,2020-05-18,1.0,2512.0,2512.0,1.0,2.0,15728.0,7864.0,0.0,2.0,0.0,6.261146496815287,3,🔴 Très haut risque,-0.89759845,6.4153037
CLT04033,18,Bretagne,1,1,Web,0.1487,2017-07-25,1.0,1804.0,1804.0,1.0,0.0,0.0,0.0,0.0,0.0,0.0,0.0,2,🔵 Risque modéré,1.1594114,1.7120844
CLT04034,34,Bretagne,3,0,Web,0.1329,2017-09-23,,,,,0.0,0.0,0.0,0.0,,0.0,,1,🟢 Bon risque fidèle,16.023457,7.623583
CLT04035,51,Centre-Val de Loire,0,2,Agent,0.1552,2016-10-30,2.0,4043.0,2021.5,1.0,0.0,0.0,0.0,0.0,0.0,0.0,0.0,2,🔵 Risque modéré,-0.5900716,1.5341761
CLT04036,18,Normandie,8,1,Téléphone,0.3095,2020-03-07,,,,,0.0,0.0,0.0,0.0,,0.0,,1,🟢 Bon risque fidèle,14.437784,2.214941
CLT04037,18,Auvergne-Rhône-Alpes,12,0,Web,0.01,2018-08-03,2.0,3909.0,1954.5,1.0,0.0,0.0,0.0,0.0,0.0,0.0,0.0,2,🔵 Risque modéré,2.05797,9.246985
CLT04038,71,Nouvelle-Aquitaine,3,0,Web,0.0846,2018-09-04,,,,,0.0,0.0,0.0,0.0,,0.0,,1,🟢 Bon risque fidèle,14.032678,8.614783
CLT04039,39,Grand Est,1,1,Courtier,0.1936,2017-06-29,2.0,2054.0,1027.0,1.0,2.0,876.0,438.0,0.0,1.0,0.0,0.42648490749756574,2,🔵 Risque modéré,0.12649012,4.144747
CLT04040,56,Auvergne-Rhône-Alpes,5,0,Partenaire banque,0.01,2016-06-23,1.0,1094.0,1094.0,1.0,1.0,238.0,238.0,0.0,1.0,0.0,0.21755027422303475,2,🔵 Risque modéré,0.3670754,6.4158587
CLT04041,38,Provence-Alpes-Côte d'Azur,7,1,Courtier,0.2231,2016-11-06,1.0,1583.0,1583.0,1.0,0.0,0.0,0.0,0.0,0.0,0.0,0.0,2,🔵 Risque modéré,0.4461869,0.8027011
CLT04042,39,Bretagne,1,1,Courtier,0.215,2018-11-08,1.0,1616.0,1616.0,1.0,0.0,0.0,0.0,0.0,0.0,0.0,0.0,2,🔵 Risque modéré,1.3048428,1.4803046
CLT04043,42,Provence-Alpes-Côte d'Azur,7,0,Web,0.01,2017-07-14,1.0,2743.0,2743.0,1.0,2.0,28034.0,14017.0,0.0,2.0,0.0,10.220196864746628,3,🔴 Très haut risque,-1.6842467,6.4561596
CLT04044,66,Provence-Alpes-Côte d'Azur,7,2,Web,0.2703,2019-08-23,1.0,1070.0,1070.0,1.0,2.0,2454.0,1227.0,0.0,2.0,0.0,2.2934579439252336,3,🔴 Très haut risque,-0.8774685,4.715778
CLT04045,28,Bretagne,4,2,Agent,0.2435,2018-05-17,1.0,3039.0,3039.0,1.0,1.0,240.0,240.0,0.0,1.0,0.0,0.07897334649555775,2,🔵 Risque modéré,-0.17887227,3.9544888
CLT04046,75,Occitanie,4,1,Web,0.1521,2018-04-06,2.0,6323.0,3161.5,1.0,3.0,21186.0,7062.0,0.0,1.5,0.0,3.350624703463546,3,🔴 Très haut risque,-0.097219616,5.1680913
CLT04047,27,Nouvelle-Aquitaine,1,2,Courtier,0.3676,2018-12-22,,,,,0.0,0.0,0.0,0.0,,0.0,,1,🟢 Bon risque fidèle,12.318854,2.7660606
CLT04048,53,Centre-Val de Loire,3,1,Courtier,0.0278,2018-06-08,2.0,1029.0,514.5,1.0,0.0,0.0,0.0,0.0,0.0,0.0,0.0,2,🔵 Risque modéré,1.0978265,0.3768434
CLT04049,27,Auvergne-Rhône-Alpes,0,1,Agent,0.1591,2019-08-18,,,,,0.0,0.0,0.0,0.0,,0.0,,1,🟢 Bon risque fidèle,15.017568,1.5866405
CLT04050,52,Occitanie,4,1,Partenaire banque,0.2171,2017-03-27,1.0,912.0,912.0,1.0,0.0,0.0,0.0,0.0,0.0,0.0,0.0,2,🔵 Risque modéré,0.9448602,0.70422095
CLT04051,32,Auvergne-Rhône-Alpes,14,2,Web,0.1059,2016-03-16,2.0,3090.0,1545.0,2.0,0.0,0.0,0.0,0.0,0.0,0.0,0.0,2,🔵 Risque modéré,-4.490625,3.5887055
CLT04052,48,Centre-Val de Loire,4,1,Web,0.1621,2016-05-16,3.0,6256.0,2085.3333333333335,2.0,1.0,13363.0,13363.0,0.0,0.3333333333333333,0.0,2.136029411764706,3,🔴 Très haut risque,-2.577888,5.5414047
CLT04053,54,Grand Est,0,1,Web,0.1581,2017-04-10,3.0,7258.0,2419.3333333333335,2.0,1.0,453.0,453.0,1.0,0.3333333333333333,1.0,0.06241388812344999,0,🟠 Risque élevé,-4.7331576,22.048914
CLT04054,38,Centre-Val de Loire,5,0,Agent,0.1063,2018-04-10,1.0,3380.0,3380.0,1.0,1.0,10306.0,10306.0,0.0,1.0,0.0,3.049112426035503,3,🔴 Très haut risque,-0.080349,5.65161
CLT04055,43,Bretagne,13,1,Courtier,0.3341,2017-03-28,2.0,2994.0,1497.0,1.0,2.0,11687.0,5843.5,0.0,1.0,0.0,3.9034736138944557,3,🔴 Très haut risque,-0.8647236,4.7039003
CLT04056,38,Hauts-de-France,1,0,Courtier,0.1426,2016-12-18,1.0,1530.0,1530.0,1.0,0.0,0.0,0.0,0.0,0.0,0.0,0.0,2,🔵 Risque modéré,2.0590923,11.356636
CLT04057,37,Occitanie,1,2,Web,0.3451,2017-08-14,1.0,1825.0,1825.0,1.0,1.0,4693.0,4693.0,0.0,1.0,0.0,2.5715068493150683,3,🔴 Très haut risque,-0.7922295,4.0301595
CLT04058,44,Centre-Val de Loire,0,1,Web,0.2129,2016-01-09,4.0,4511.0,1127.75,2.0,1.0,4579.0,4579.0,1.0,0.25,1.0,1.0150742629128797,0,🟠 Risque élevé,-4.788636,21.982891
CLT04059,40,Auvergne-Rhône-Alpes,4,0,Web,0.2679,2019-12-07,1.0,1197.0,1197.0,1.0,2.0,3472.0,1736.0,0.0,2.0,0.0,2.9005847953216373,3,🔴 Très haut risque,-0.88302743,5.4370246
CLT04060,25,Centre-Val de Loire,6,0,Courtier,0.0249,2017-09-19,1.0,1696.0,1696.0,1.0,2.0,12744.0,6372.0,0.0,2.0,0.0,7.514150943396227,3,🔴 Très haut risque,-0.9526463,5.710854
CLT04061,18,Occitanie,5,0,Web,0.01,2019-10-29,,,,,0.0,0.0,0.0,0.0,,0.0,,1,🟢 Bon risque fidèle,16.225668,6.3029103
CLT04062,45,Auvergne-Rhône-Alpes,11,0,Web,0.01,2017-11-13,4.0,7394.0,1848.5,2.0,3.0,6259.0,2086.3333333333335,0.0,0.75,0.0,0.8464971598593454,2,🔵 Risque modéré,-5.19622,5.3600597
CLT04063,25,Normandie,6,0,Web,0.2073,2016-01-29,1.0,3000.0,3000.0,1.0,0.0,0.0,0.0,0.0,0.0,0.0,0.0,2,🔵 Risque modéré,3.291653,10.737339
CLT04064,33,Normandie,3,1,Courtier,0.0757,2016-02-14,3.0,4569.0,1523.0,2.0,2.0,8253.0,4126.5,0.0,0.6666666666666666,0.0,1.8063033486539724,2,🔵 Risque modéré,-3.4231763,3.70539
CLT04065,39,Nouvelle-Aquitaine,4,0,Partenaire banque,0.1057,2020-12-11,1.0,996.0,996.0,1.0,0.0,0.0,0.0,0.0,0.0,0.0,0.0,2,🔵 Risque modéré,1.6854914,11.116777
CLT04066,49,Auvergne-Rhône-Alpes,6,0,Web,0.01,2020-04-08,,,,,0.0,0.0,0.0,0.0,,0.0,,1,🟢 Bon risque fidèle,14.459424,6.2451644
CLT04067,20,Île-de-France,4,0,Courtier,0.1559,2018-08-30,2.0,5561.0,2780.5,1.0,0.0,0.0,0.0,0.0,0.0,0.0,0.0,2,🔵 Risque modéré,3.2572718,10.779036
CLT04068,35,Centre-Val de Loire,0,0,Web,0.1526,2020-11-25,3.0,6947.0,2315.6666666666665,2.0,1.0,23727.0,23727.0,0.0,0.3333333333333333,0.0,3.415431121347344,3,🔴 Très haut risque,-2.4884875,6.3780007
CLT04069,42,Occitanie,0,1,Courtier,0.0613,2016-04-04,2.0,1932.0,966.0,2.0,0.0,0.0,0.0,0.0,0.0,0.0,0.0,2,🔵 Risque modéré,-3.8276,2.6879694
CLT04070,50,Île-de-France,17,3,Courtier,0.4688,2017-08-20,1.0,765.0,765.0,1.0,2.0,1037.0,518.5,0.0,2.0,0.0,1.3555555555555556,3,🔴 Très haut risque,-1.0034448,4.3616085
CLT04071,42,Occitanie,0,1,Courtier,0.1578,2016-12-10,2.0,2263.0,1131.5,2.0,1.0,2666.0,2666.0,0.0,0.5,0.0,1.178082191780822,2,🔵 Risque modéré,-3.1204097,3.3703227
CLT04072,62,Nouvelle-Aquitaine,12,1,Agent,0.3164,2016-07-25,1.0,823.0,823.0,1.0,0.0,0.0,0.0,0.0,0.0,0.0,0.0,2,🔵 Risque modéré,0.16864868,0.34114242
CLT04073,33,Hauts-de-France,2,0,Téléphone,0.01,2017-11-20,,,,,0.0,0.0,0.0,0.0,,0.0,,1,🟢 Bon risque fidèle,15.669179,6.8331413
CLT04074,61,Normandie,3,1,Courtier,0.01,2017-12-21,2.0,4814.0,2407.0,2.0,1.0,5051.0,5051.0,0.0,0.5,0.0,1.0492314083921894,2,🔵 Risque modéré,-3.655069,3.5198064
CLT04075,55,Grand Est,0,0,Web,0.01,2018-09-25,1.0,1420.0,1420.0,1.0,0.0,0.0,0.0,0.0,0.0,0.0,0.0,2,🔵 Risque modéré,0.3809057,10.756603
CLT04076,52,Hauts-de-France,0,0,Courtier,0.01,2016-01-30,,,,,0.0,0.0,0.0,0.0,,0.0,,1,🟢 Bon risque fidèle,14.256881,7.660588
CLT04077,48,Provence-Alpes-Côte d'Azur,1,0,Web,0.0683,2017-11-16,,,,,0.0,0.0,0.0,0.0,,0.0,,1,🟢 Bon risque fidèle,14.644436,7.9771047
CLT04078,70,Grand Est,4,0,Agent,0.0183,2020-10-23,2.0,3727.0,1863.5,2.0,1.0,2102.0,2102.0,0.0,0.5,0.0,0.563992487255165,2,🔵 Risque modéré,-5.25407,6.1449723
CLT04079,39,Centre-Val de Loire,9,0,Courtier,0.01,2017-07-08,1.0,1701.0,1701.0,1.0,0.0,0.0,0.0,0.0,0.0,0.0,0.0,2,🔵 Risque modéré,2.0440364,9.608308
CLT04080,73,Grand Est,4,0,Agent,0.0248,2016-02-14,3.0,3417.0,1139.0,2.0,1.0,1182.0,1182.0,0.0,0.3333333333333333,0.0,0.34591747146619845,2,🔵 Risque modéré,-5.8420696,6.0558724
CLT04081,66,Nouvelle-Aquitaine,0,0,Partenaire banque,0.01,2020-10-21,1.0,966.0,966.0,1.0,2.0,4623.0,2311.5,0.0,2.0,0.0,4.785714285714286,3,🔴 Très haut risque,-0.61103135,5.6538734
CLT04082,45,Occitanie,0,0,Agent,0.3087,2016-10-19,,,,,0.0,0.0,0.0,0.0,,0.0,,1,🟢 Bon risque fidèle,15.598856,8.669076
CLT04083,33,Provence-Alpes-Côte d'Azur,0,0,Courtier,0.1207,2017-05-17,,,,,0.0,0.0,0.0,0.0,,0.0,,1,🟢 Bon risque fidèle,16.012566,7.6842337
CLT04084,60,Centre-Val de Loire,1,1,Agent,0.1561,2018-06-03,3.0,4060.0,1353.3333333333333,3.0,1.0,16269.0,16269.0,1.0,0.3333333333333333,1.0,4.007142857142857,0,🟠 Risque élevé,-4.888189,21.85841
CLT04085,43,Provence-Alpes-Côte d'Azur,6,2,Web,0.0814,2016-07-03,,,,,0.0,0.0,0.0,0.0,,0.0,,1,🟢 Bon risque fidèle,13.09494,2.4505055
CLT04086,33,Occitanie,5,1,Partenaire banque,0.2132,2018-02-14,4.0,6292.0,1573.0,3.0,2.0,2963.0,1481.5,0.0,0.5,0.0,0.47091544818817543,2,🔵 Risque modéré,-3.6774464,4.0414786
CLT04087,69,Auvergne-Rhône-Alpes,4,0,Partenaire banque,0.01,2020-12-03,1.0,2310.0,2310.0,1.0,1.0,41435.0,41435.0,0.0,1.0,0.0,17.937229437229437,3,🔴 Très haut risque,-1.9710225,6.5188093
CLT04088,43,Grand Est,0,0,Téléphone,0.1327,2018-07-11,2.0,2396.0,1198.0,2.0,1.0,2807.0,2807.0,0.0,0.5,0.0,1.1715358931552589,2,🔵 Risque modéré,-4.5401564,6.7499337
CLT04089,45,Grand Est,3,1,Web,0.061,2019-10-24,1.0,1250.0,1250.0,1.0,1.0,3411.0,3411.0,0.0,1.0,0.0,2.7288,2,🔵 Risque modéré,-0.015702259,4.9370604
CLT04090,55,Provence-Alpes-Côte d'Azur,10,1,Téléphone,0.01,2018-03-13,2.0,2975.0,1487.5,2.0,1.0,286.0,286.0,0.0,0.5,0.0,0.0961344537815126,2,🔵 Risque modéré,-4.525067,3.6282928
CLT04091,44,Centre-Val de Loire,3,2,Courtier,0.1182,2017-07-21,1.0,1239.0,1239.0,1.0,1.0,9828.0,9828.0,0.0,1.0,0.0,7.932203389830509,3,🔴 Très haut risque,-0.7483708,5.309132
CLT04092,33,Hauts-de-France,3,0,Web,0.1107,2019-04-03,2.0,1736.0,868.0,1.0,1.0,474.0,474.0,0.0,0.5,0.0,0.2730414746543779,2,🔵 Risque modéré,0.6964502,9.251984
CLT04093,21,Grand Est,8,2,Agent,0.2299,2020-09-06,2.0,3075.0,1537.5,2.0,0.0,0.0,0.0,0.0,0.0,0.0,0.0,2,🔵 Risque modéré,-2.2967994,2.50678
CLT04094,41,Centre-Val de Loire,18,1,Web,0.0968,2020-06-18,2.0,2720.0,1360.0,1.0,0.0,0.0,0.0,0.0,0.0,0.0,0.0,2,🔵 Risque modéré,1.6455595,8.5083065
CLT04095,32,Normandie,1,0,Courtier,0.2555,2020-06-13,2.0,2849.0,1424.5,2.0,2.0,8186.0,4093.0,0.0,1.0,0.0,2.8732888732888733,3,🔴 Très haut risque,-4.1383624,7.01635
CLT04096,27,Provence-Alpes-Côte d'Azur,0,0,Web,0.01,2016-01-20,,,,,0.0,0.0,0.0,0.0,,0.0,,1,🟢 Bon risque fidèle,16.392624,6.814933
CLT04097,39,Normandie,1,0,Partenaire banque,0.133,2016-10-30,,,,,0.0,0.0,0.0,0.0,,0.0,,1,🟢 Bon risque fidèle,15.667975,7.977916
CLT04098,60,Normandie,0,2,Agent,0.3267,2018-12-09,3.0,3335.0,1111.6666666666667,2.0,1.0,2006.0,2006.0,0.0,0.3333333333333333,0.0,0.6014992503748126,2,🔵 Risque modéré,-2.0770617,3.1784737
CLT04099,56,Hauts-de-France,3,0,Agent,0.0969,2019-09-24,,,,,0.0,0.0,0.0,0.0,,0.0,,1,🟢 Bon risque fidèle,14.313667,8.207165
CLT04100,45,Nouvelle-Aquitaine,5,0,Web,0.01,2017-08-15,2.0,3738.0,1869.0,2.0,0.0,0.0,0.0,0.0,0.0,0.0,0.0,2,🔵 Risque modéré,-6.3913026,6.632308
CLT04101,40,Auvergne-Rhône-Alpes,3,2,Agent,0.231,2016-02-03,3.0,3348.0,1116.0,2.0,1.0,1291.0,1291.0,0.0,0.3333333333333333,0.0,0.3856033452807646,2,🔵 Risque modéré,-2.2387018,2.9659922
CLT04102,46,Normandie,16,2,Web,0.1296,2017-08-04,3.0,4701.0,1567.0,2.0,1.0,2372.0,2372.0,0.0,0.3333333333333333,0.0,0.5045734950010636,2,🔵 Risque modéré,-4.456778,3.741283
CLT04103,50,Centre-Val de Loire,4,0,Web,0.1046,2018-09-29,,,,,0.0,0.0,0.0,0.0,,0.0,,1,🟢 Bon risque fidèle,14.6017685,7.9787583
CLT04104,41,Hauts-de-France,0,0,Web,0.16,2017-12-24,2.0,4624.0,2312.0,1.0,0.0,0.0,0.0,0.0,0.0,0.0,0.0,2,🔵 Risque modéré,2.852671,10.636582
CLT04105,30,Île-de-France,0,2,Web,0.4966,2016-10-11,2.0,4690.0,2345.0,2.0,2.0,6723.0,3361.5,1.0,1.0,0.5,1.4334754797441365,0,🟠 Risque élevé,-2.7274916,4.8249483
CLT04106,50,Provence-Alpes-Côte d'Azur,0,0,Téléphone,0.01,2020-05-29,1.0,3232.0,3232.0,1.0,0.0,0.0,0.0,0.0,0.0,0.0,0.0,2,🔵 Risque modéré,3.0870254,10.147004
CLT04107,57,Grand Est,1,0,Agent,0.0555,2020-04-25,1.0,771.0,771.0,1.0,0.0,0.0,0.0,0.0,0.0,0.0,0.0,2,🔵 Risque modéré,0.6142233,10.791516
CLT04108,41,Grand Est,11,1,Web,0.01,2016-06-27,1.0,954.0,954.0,1.0,0.0,0.0,0.0,0.0,0.0,0.0,0.0,2,🔵 Risque modéré,0.08535772,0.59904224
CLT04109,36,Hauts-de-France,6,0,Web,0.01,2020-02-12,1.0,1743.0,1743.0,1.0,2.0,5620.0,2810.0,0.0,2.0,0.0,3.2243258749282844,3,🔴 Très haut risque,-0.82142794,5.7681007
CLT04110,43,Occitanie,1,0,Courtier,0.01,2016-06-16,2.0,4090.0,2045.0,1.0,1.0,1581.0,1581.0,0.0,0.5,0.0,0.3865525672371638,2,🔵 Risque modéré,0.7608753,9.607667
CLT04111,23,Hauts-de-France,2,1,Web,0.1122,2018-08-29,,,,,0.0,0.0,0.0,0.0,,0.0,,1,🟢 Bon risque fidèle,14.938027,1.8942091
CLT04112,50,Provence-Alpes-Côte d'Azur,8,0,Web,0.01,2019-10-23,,,,,0.0,0.0,0.0,0.0,,0.0,,1,🟢 Bon risque fidèle,14.416239,5.738505
CLT04113,34,Bretagne,4,1,Courtier,0.1859,2016-07-21,1.0,1377.0,1377.0,1.0,0.0,0.0,0.0,0.0,0.0,0.0,0.0,2,🔵 Risque modéré,1.1819454,1.2891811
CLT04114,22,Hauts-de-France,4,1,Partenaire banque,0.1833,2019-05-09,1.0,1089.0,1089.0,1.0,0.0,0.0,0.0,0.0,0.0,0.0,0.0,2,🔵 Risque modéré,1.3158896,1.5373604
CLT04115,42,Hauts-de-France,3,0,Web,0.0263,2018-06-13,1.0,766.0,766.0,1.0,1.0,625.0,625.0,0.0,1.0,0.0,0.8159268929503917,2,🔵 Risque modéré,0.57759464,6.2778707
CLT04116,32,Provence-Alpes-Côte d'Azur,4,1,Téléphone,0.072,2016-10-14,7.0,10189.0,1455.5714285714287,3.0,1.0,618.0,618.0,0.0,0.14285714285714285,0.0,0.060653646088919426,2,🔵 Risque modéré,-4.4987984,4.900233
CLT04117,49,Occitanie,5,0,Web,0.0243,2018-05-04,,,,,0.0,0.0,0.0,0.0,,0.0,,1,🟢 Bon risque fidèle,14.447135,6.3660197
CLT04118,38,Grand Est,12,0,Web,0.01,2017-09-18,1.0,728.0,728.0,1.0,1.0,41051.0,41051.0,0.0,1.0,0.0,56.38873626373626,3,🔴 Très haut risque,-1.6807959,6.2342844
CLT04119,27,Auvergne-Rhône-Alpes,6,0,Web,0.01,2019-07-12,3.0,3059.0,1019.6666666666666,2.0,0.0,0.0,0.0,0.0,0.0,0.0,0.0,2,🔵 Risque modéré,-5.4264174,6.800101
CLT04120,29,Normandie,2,0,Courtier,0.01,2018-02-10,2.0,2560.0,1280.0,2.0,0.0,0.0,0.0,0.0,0.0,0.0,0.0,2,🔵 Risque modéré,-5.739734,7.2704353
CLT04121,61,Bretagne,6,1,Web,0.1416,2018-12-16,2.0,1197.0,598.5,1.0,1.0,160.0,160.0,0.0,0.5,0.0,0.1336675020885547,2,🔵 Risque modéré,0.45842806,0.3073539
CLT04122,38,Normandie,0,2,Agent,0.3225,2018-10-30,,,,,0.0,0.0,0.0,0.0,,0.0,,1,🟢 Bon risque fidèle,12.208317,2.5739274
CLT04123,63,Provence-Alpes-Côte d'Azur,5,0,Courtier,0.2002,2018-05-27,1.0,1869.0,1869.0,1.0,0.0,0.0,0.0,0.0,0.0,0.0,0.0,2,🔵 Risque modéré,0.6768452,11.234462
CLT04124,49,Normandie,1,0,Courtier,0.0251,2018-04-22,4.0,4289.0,1072.25,3.0,1.0,2531.0,2531.0,0.0,0.25,0.0,0.5901142457449289,2,🔵 Risque modéré,-4.8185735,5.014155
CLT04125,27,Normandie,13,1,Web,0.01,2019-02-20,2.0,3231.0,1615.5,2.0,0.0,0.0,0.0,0.0,0.0,0.0,0.0,2,🔵 Risque modéré,-4.639571,3.443826
CLT04126,54,Île-de-France,2,0,Partenaire banque,0.0827,2018-05-14,,,,,0.0,0.0,0.0,0.0,,0.0,,1,🟢 Bon risque fidèle,14.3332815,8.223052
CLT04127,51,Auvergne-Rhône-Alpes,2,1,Agent,0.0629,2019-06-15,1.0,2960.0,2960.0,1.0,1.0,2681.0,2681.0,0.0,1.0,0.0,0.9057432432432433,2,🔵 Risque modéré,0.0836686,4.8884554
CLT04128,22,Hauts-de-France,4,1,Agent,0.1985,2019-04-05,2.0,3691.0,1845.5,2.0,1.0,11534.0,11534.0,1.0,0.5,1.0,3.124898401517204,0,🟠 Risque élevé,-4.8133388,21.930216
CLT04129,55,Grand Est,7,2,Courtier,0.091,2019-06-27,2.0,3767.0,1883.5,2.0,1.0,8490.0,8490.0,0.0,0.5,0.0,2.253782851075126,2,🔵 Risque modéré,-2.717093,4.3194666
CLT04130,50,Grand Est,11,0,Téléphone,0.01,2020-12-04,1.0,2932.0,2932.0,1.0,0.0,0.0,0.0,0.0,0.0,0.0,0.0,2,🔵 Risque modéré,2.4557495,9.48683
CLT04131,32,Hauts-de-France,5,0,Web,0.01,2020-09-28,2.0,3699.0,1849.5,1.0,1.0,15758.0,15758.0,0.0,0.5,0.0,4.26007028926737,3,🔴 Très haut risque,-1.9624083,6.6330824
CLT04132,18,Bretagne,1,0,Web,0.2116,2019-10-06,,,,,0.0,0.0,0.0,0.0,,0.0,,1,🟢 Bon risque fidèle,16.735273,7.6374464
CLT04133,18,Île-de-France,3,1,Courtier,0.1711,2020-04-13,1.0,1816.0,1816.0,1.0,1.0,1225.0,1225.0,0.0,1.0,0.0,0.6745594713656388,2,🔵 Risque modéré,0.038027678,4.1988344
CLT04134,45,Grand Est,7,0,Courtier,0.01,2016-04-23,,,,,0.0,0.0,0.0,0.0,,0.0,,1,🟢 Bon risque fidèle,14.631926,6.040441
CLT04135,43,Auvergne-Rhône-Alpes,4,0,Web,0.01,2020-08-28,2.0,3969.0,1984.5,1.0,0.0,0.0,0.0,0.0,0.0,0.0,0.0,2,🔵 Risque modéré,1.6629486,10.199708
CLT04136,52,Auvergne-Rhône-Alpes,10,0,Web,0.1286,2016-07-20,2.0,1458.0,729.0,2.0,0.0,0.0,0.0,0.0,0.0,0.0,0.0,2,🔵 Risque modéré,-5.9243565,5.6720634
CLT04137,38,Hauts-de-France,3,1,Courtier,0.1872,2019-11-17,2.0,4027.0,2013.5,2.0,1.0,2540.0,2540.0,0.0,0.5,0.0,0.6307424882046189,2,🔵 Risque modéré,-3.250116,3.3862922
CLT04138,20,Provence-Alpes-Côte d'Azur,5,0,Téléphone,0.1007,2016-09-07,2.0,1943.0,971.5,2.0,2.0,18937.0,9468.5,0.0,1.0,0.0,9.746268656716419,3,🔴 Très haut risque,-2.54283,6.2664704
CLT04139,46,Centre-Val de Loire,7,0,Agent,0.0627,2020-02-25,,,,,0.0,0.0,0.0,0.0,,0.0,,1,🟢 Bon risque fidèle,14.674301,6.124808
CLT04140,48,Île-de-France,3,1,Agent,0.2435,2018-11-25,1.0,1667.0,1667.0,1.0,2.0,324.0,162.0,1.0,2.0,0.5,0.1943611277744451,0,🟠 Risque élevé,-2.7903078,5.0950246
CLT04141,18,Nouvelle-Aquitaine,14,3,Courtier,0.3813,2018-10-13,,,,,0.0,0.0,0.0,0.0,,0.0,,1,🟢 Bon risque fidèle,12.899362,2.9103873
CLT04142,37,Nouvelle-Aquitaine,5,1,Web,0.2171,2019-10-17,4.0,6999.0,1749.75,3.0,3.0,8095.0,2698.3333333333335,0.0,0.75,0.0,1.1565937991141593,2,🔵 Risque modéré,-3.6933382,4.094632
CLT04143,62,Nouvelle-Aquitaine,0,0,Web,0.1213,2017-09-30,1.0,1214.0,1214.0,1.0,1.0,4297.0,4297.0,0.0,1.0,0.0,3.539538714991763,2,🔵 Risque modéré,0.26036036,6.0425553
CLT04144,26,Île-de-France,6,0,Téléphone,0.0751,2019-07-03,1.0,1349.0,1349.0,1.0,0.0,0.0,0.0,0.0,0.0,0.0,0.0,2,🔵 Risque modéré,2.370678,10.458876
CLT04145,46,Occitanie,2,2,Web,0.1375,2016-01-03,,,,,0.0,0.0,0.0,0.0,,0.0,,1,🟢 Bon risque fidèle,12.7206335,2.3559449
CLT04146,22,Nouvelle-Aquitaine,1,0,Agent,0.01,2016-09-06,1.0,1768.0,1768.0,1.0,0.0,0.0,0.0,0.0,0.0,0.0,0.0,2,🔵 Risque modéré,2.7770007,11.040058
CLT04147,33,Grand Est,0,0,Web,0.1978,2017-02-24,3.0,3592.0,1197.3333333333333,2.0,4.0,11072.0,2768.0,1.0,1.3333333333333333,0.25,3.082405345211581,3,🔴 Très haut risque,-3.194653,5.2571154
CLT04148,44,Auvergne-Rhône-Alpes,2,0,Courtier,0.0395,2020-09-03,1.0,1165.0,1165.0,1.0,1.0,4526.0,4526.0,0.0,1.0,0.0,3.8849785407725324,2,🔵 Risque modéré,0.045874394,6.1138124
CLT04149,50,Grand Est,0,1,Courtier,0.1717,2016-04-25,,,,,0.0,0.0,0.0,0.0,,0.0,,1,🟢 Bon risque fidèle,13.824393,1.3168331
CLT04150,46,Auvergne-Rhône-Alpes,0,2,Web,0.359,2018-09-19,2.0,3970.0,1985.0,2.0,0.0,0.0,0.0,0.0,0.0,0.0,0.0,2,🔵 Risque modéré,-2.0477273,2.8422444
CLT04151,46,Nouvelle-Aquitaine,4,1,Téléphone,0.0668,2020-09-21,,,,,0.0,0.0,0.0,0.0,,0.0,,1,🟢 Bon risque fidèle,14.041401,2.1515818
CLT04152,58,Grand Est,3,0,Web,0.141,2019-06-10,,,,,0.0,0.0,0.0,0.0,,0.0,,1,🟢 Bon risque fidèle,14.436381,8.505425
CLT04153,61,Normandie,2,0,Téléphone,0.01,2019-06-19,,,,,0.0,0.0,0.0,0.0,,0.0,,1,🟢 Bon risque fidèle,13.716592,8.24792
CLT04154,44,Auvergne-Rhône-Alpes,13,1,Courtier,0.0445,2019-07-28,3.0,4922.0,1640.6666666666667,2.0,4.0,13266.0,3316.5,1.0,1.3333333333333333,0.25,2.695245835026412,3,🔴 Très haut risque,-3.4762995,5.0485044
CLT04155,26,Île-de-France,0,0,Web,0.0155,2020-08-05,2.0,2230.0,1115.0,2.0,0.0,0.0,0.0,0.0,0.0,0.0,0.0,2,🔵 Risque modéré,-5.707156,7.429234
CLT04156,22,Occitanie,0,3,Web,0.4007,2020-02-29,1.0,1671.0,1671.0,1.0,0.0,0.0,0.0,0.0,0.0,0.0,0.0,2,🔵 Risque modéré,-1.1361599,1.8447334
CLT04157,46,Grand Est,6,2,Web,0.1662,2018-09-12,2.0,1821.0,910.5,2.0,0.0,0.0,0.0,0.0,0.0,0.0,0.0,2,🔵 Risque modéré,-2.3498816,2.5631022
CLT04158,26,Hauts-de-France,10,0,Web,0.0881,2016-07-25,4.0,8622.0,2155.5,2.0,1.0,3873.0,3873.0,0.0,0.25,0.0,0.44919972164231037,2,🔵 Risque modéré,-5.1903033,5.82547
CLT04159,38,Centre-Val de Loire,0,1,Courtier,0.2613,2019-10-01,,,,,0.0,0.0,0.0,0.0,,0.0,,1,🟢 Bon risque fidèle,14.502054,1.0398135
CLT04160,34,Hauts-de-France,8,1,Courtier,0.1932,2019-12-01,2.0,6259.0,3129.5,2.0,1.0,144.0,144.0,0.0,0.5,0.0,0.023006870107045854,2,🔵 Risque modéré,-4.1153955,2.982871
CLT04161,34,Auvergne-Rhône-Alpes,7,0,Courtier,0.0133,2020-07-26,1.0,1449.0,1449.0,1.0,0.0,0.0,0.0,0.0,0.0,0.0,0.0,2,🔵 Risque modéré,2.0036566,9.922099
CLT04162,60,Bretagne,2,0,Web,0.01,2017-08-05,,,,,0.0,0.0,0.0,0.0,,0.0,,1,🟢 Bon risque fidèle,13.723217,8.197745
CLT04163,44,Normandie,0,1,Web,0.1059,2018-03-10,1.0,1817.0,1817.0,1.0,3.0,16558.0,5519.333333333333,0.0,3.0,0.0,9.112823335167858,3,🔴 Très haut risque,-1.2636043,5.31725
CLT04164,26,Île-de-France,0,1,Courtier,0.1656,2016-03-12,3.0,5792.0,1930.6666666666667,2.0,2.0,5673.0,2836.5,1.0,0.6666666666666666,0.5,0.9794544198895028,0,🟠 Risque élevé,-3.077498,5.064742
CLT04165,43,Centre-Val de Loire,0,0,Courtier,0.2092,2017-12-29,2.0,2843.0,1421.5,2.0,1.0,2054.0,2054.0,0.0,0.5,0.0,0.7224762574744987,2,🔵 Risque modéré,-4.5184336,6.723671
CLT04166,50,Nouvelle-Aquitaine,2,1,Courtier,0.2613,2020-01-22,1.0,598.0,598.0,1.0,1.0,312.0,312.0,1.0,1.0,1.0,0.5217391304347826,0,🟠 Risque élevé,-4.6702147,22.112423
CLT04167,54,Normandie,3,1,Web,0.2274,2016-11-22,,,,,0.0,0.0,0.0,0.0,,0.0,,1,🟢 Bon risque fidèle,13.4842415,1.3059808
CLT04168,54,Provence-Alpes-Côte d'Azur,1,0,Courtier,0.01,2020-10-31,4.0,5754.0,1438.5,2.0,0.0,0.0,0.0,0.0,0.0,0.0,0.0,2,🔵 Risque modéré,-5.653504,6.129224
CLT04169,33,Grand Est,1,1,Web,0.1529,2019-12-19,1.0,1284.0,1284.0,1.0,0.0,0.0,0.0,0.0,0.0,0.0,0.0,2,🔵 Risque modéré,1.5994111,1.224652
CLT04170,32,Grand Est,2,0,Courtier,0.1345,2016-05-10,,,,,0.0,0.0,0.0,0.0,,0.0,,1,🟢 Bon risque fidèle,16.07153,7.644462
CLT04171,46,Nouvelle-Aquitaine,3,0,Agent,0.01,2017-12-23,2.0,2662.0,1331.0,2.0,0.0,0.0,0.0,0.0,0.0,0.0,0.0,2,🔵 Risque modéré,-6.343187,6.592178
CLT04172,57,Centre-Val de Loire,0,0,Web,0.0921,2020-01-06,1.0,871.0,871.0,1.0,1.0,6267.0,6267.0,0.0,1.0,0.0,7.195177956371986,3,🔴 Très haut risque,-0.2024685,5.981057
CLT04173,35,Nouvelle-Aquitaine,15,1,Web,0.1156,2020-04-12,,,,,0.0,0.0,0.0,0.0,,0.0,,1,🟢 Bon risque fidèle,14.48335,4.7125072
CLT04174,67,Hauts-de-France,0,2,Partenaire banque,0.1251,2016-05-21,2.0,2468.0,1234.0,2.0,0.0,0.0,0.0,0.0,0.0,0.0,0.0,2,🔵 Risque modéré,-3.3248441,3.2245874
CLT04175,26,Normandie,0,1,Courtier,0.2183,2018-08-26,,,,,0.0,0.0,0.0,0.0,,0.0,,1,🟢 Bon risque fidèle,15.063324,1.3707925
CLT04176,24,Centre-Val de Loire,3,0,Agent,0.1113,2019-03-27,,,,,0.0,0.0,0.0,0.0,,0.0,,1,🟢 Bon risque fidèle,16.420702,7.1524973
CLT04177,56,Grand Est,4,5,Agent,0.573,2018-12-14,2.0,2381.0,1190.5,1.0,2.0,66180.0,33090.0,0.0,1.0,0.0,27.795044099118016,3,🔴 Très haut risque,-1.7015969,6.1480803
CLT04178,47,Hauts-de-France,0,0,Web,0.165,2017-10-27,3.0,2567.0,855.6666666666666,2.0,1.0,262.0,262.0,0.0,0.3333333333333333,0.0,0.1020646669263732,2,🔵 Risque modéré,-5.012454,6.4516406
CLT04179,41,Centre-Val de Loire,6,0,Partenaire banque,0.1652,2017-12-15,2.0,5669.0,2834.5,2.0,0.0,0.0,0.0,0.0,0.0,0.0,0.0,2,🔵 Risque modéré,-6.2330613,6.466568
CLT04180,64,Centre-Val de Loire,9,0,Agent,0.01,2018-04-08,1.0,2564.0,2564.0,1.0,0.0,0.0,0.0,0.0,0.0,0.0,0.0,2,🔵 Risque modéré,2.280641,9.593532
CLT04181,46,Auvergne-Rhône-Alpes,1,0,Web,0.1317,2020-10-12,,,,,0.0,0.0,0.0,0.0,,0.0,,1,🟢 Bon risque fidèle,15.229141,8.173444
CLT04182,29,Nouvelle-Aquitaine,0,1,Web,0.1948,2019-09-26,2.0,3638.0,1819.0,1.0,2.0,3247.0,1623.5,0.0,1.0,0.0,0.8925233644859814,2,🔵 Risque modéré,0.12054229,3.9559383
CLT04183,26,Auvergne-Rhône-Alpes,7,1,Courtier,0.1789,2019-10-25,1.0,1419.0,1419.0,1.0,0.0,0.0,0.0,0.0,0.0,0.0,0.0,2,🔵 Risque modéré,0.4414934,0.9925933
CLT04184,54,Normandie,0,0,Web,0.1909,2017-04-21,,,,,0.0,0.0,0.0,0.0,,0.0,,1,🟢 Bon risque fidèle,14.9062,8.849312
CLT04185,22,Occitanie,2,0,Web,0.1569,2020-12-10,1.0,3064.0,3064.0,1.0,1.0,10989.0,10989.0,0.0,1.0,0.0,3.5864882506527413,3,🔴 Très haut risque,-0.08925575,5.6841803
CLT04186,36,Nouvelle-Aquitaine,4,1,Agent,0.1822,2018-02-27,3.0,3615.0,1205.0,2.0,1.0,219.0,219.0,0.0,0.3333333333333333,0.0,0.06058091286307054,2,🔵 Risque modéré,-3.4336932,3.0085092
CLT04187,38,Bretagne,2,0,Partenaire banque,0.0971,2016-05-08,4.0,5431.0,1357.75,3.0,0.0,0.0,0.0,0.0,0.0,0.0,0.0,2,🔵 Risque modéré,-4.708158,4.987746
CLT04188,35,Centre-Val de Loire,0,1,Web,0.1032,2016-03-19,3.0,2720.0,906.6666666666666,2.0,1.0,404.0,404.0,0.0,0.3333333333333333,0.0,0.14852941176470588,2,🔵 Risque modéré,-3.5875087,2.797497
CLT04189,27,Auvergne-Rhône-Alpes,1,0,Courtier,0.1558,2018-02-07,1.0,462.0,462.0,1.0,0.0,0.0,0.0,0.0,0.0,0.0,0.0,1,🟢 Bon risque fidèle,2.2487082,11.828719
CLT04190,64,Centre-Val de Loire,3,0,Agent,0.1713,2016-03-03,3.0,4936.0,1645.3333333333333,2.0,3.0,5584.0,1861.3333333333333,0.0,1.0,0.0,1.1312803889789302,2,🔵 Risque modéré,-4.2765026,6.199158
CLT04191,63,Nouvelle-Aquitaine,0,2,Web,0.2814,2019-12-03,,,,,0.0,0.0,0.0,0.0,,0.0,,1,🟢 Bon risque fidèle,12.471766,2.134493
CLT04192,25,Normandie,13,1,Courtier,0.0294,2019-07-31,,,,,0.0,0.0,0.0,0.0,,0.0,,1,🟢 Bon risque fidèle,14.503938,4.6180396
CLT04193,43,Centre-Val de Loire,1,0,Courtier,0.1115,2017-02-06,1.0,1206.0,1206.0,1.0,2.0,2137.0,1068.5,1.0,2.0,0.5,1.7719734660033168,0,🟠 Risque élevé,-2.7603478,5.12679
CLT04194,55,Hauts-de-France,1,1,Courtier,0.1942,2019-10-24,2.0,3488.0,1744.0,1.0,2.0,35760.0,17880.0,0.0,1.0,0.0,10.252293577981652,3,🔴 Très haut risque,-1.7527968,5.8516545
CLT04195,59,Hauts-de-France,5,1,Web,0.0877,2020-03-01,,,,,0.0,0.0,0.0,0.0,,0.0,,1,🟢 Bon risque fidèle,13.4235935,1.9951574
CLT04196,57,Nouvelle-Aquitaine,6,0,Courtier,0.0295,2018-12-20,2.0,1430.0,715.0,2.0,2.0,756.0,378.0,0.0,1.0,0.0,0.5286713286713287,2,🔵 Risque modéré,-4.9358296,6.1389556
CLT04197,32,Occitanie,1,0,Web,0.1529,2016-02-21,2.0,2500.0,1250.0,2.0,0.0,0.0,0.0,0.0,0.0,0.0,0.0,2,🔵 Risque modéré,-5.649883,7.493945
CLT04198,57,Auvergne-Rhône-Alpes,3,0,Web,0.01,2020-07-18,,,,,0.0,0.0,0.0,0.0,,0.0,,1,🟢 Bon risque fidèle,13.806026,8.060161
CLT04199,49,Nouvelle-Aquitaine,2,0,Téléphone,0.0162,2018-01-08,,,,,0.0,0.0,0.0,0.0,,0.0,,1,🟢 Bon risque fidèle,14.289378,7.4974294
CLT04200,51,Bretagne,4,0,Courtier,0.085,2020-11-07,2.0,1845.0,922.5,2.0,1.0,8386.0,8386.0,0.0,0.5,0.0,4.545257452574526,3,🔴 Très haut risque,-3.5952942,6.45063
CLT04201,48,Auvergne-Rhône-Alpes,3,0,Web,0.0671,2019-10-31,,,,,0.0,0.0,0.0,0.0,,0.0,,1,🟢 Bon risque fidèle,14.552815,7.6432633
CLT04202,58,Grand Est,1,0,Courtier,0.01,2020-09-02,1.0,1932.0,1932.0,1.0,0.0,0.0,0.0,0.0,0.0,0.0,0.0,2,🔵 Risque modéré,0.41203228,10.774666
CLT04203,57,Occitanie,1,1,Courtier,0.01,2018-08-30,2.0,4401.0,2200.5,1.0,0.0,0.0,0.0,0.0,0.0,0.0,0.0,2,🔵 Risque modéré,0.89723665,0.8480997
CLT04204,28,Grand Est,1,0,Courtier,0.0762,2019-06-22,1.0,1644.0,1644.0,1.0,0.0,0.0,0.0,0.0,0.0,0.0,0.0,2,🔵 Risque modéré,2.6961076,11.203627
CLT04205,64,Grand Est,0,0,Téléphone,0.1375,2020-07-01,1.0,1914.0,1914.0,1.0,0.0,0.0,0.0,0.0,0.0,0.0,0.0,2,🔵 Risque modéré,0.34150106,11.272383
CLT04206,48,Auvergne-Rhône-Alpes,1,0,Courtier,0.0771,2019-07-06,1.0,2734.0,2734.0,1.0,1.0,4527.0,4527.0,0.0,1.0,0.0,1.6558156547183613,2,🔵 Risque modéré,0.17616944,5.7287765
CLT04207,57,Bretagne,15,2,Téléphone,0.0287,2019-03-13,1.0,1309.0,1309.0,1.0,0.0,0.0,0.0,0.0,0.0,0.0,0.0,2,🔵 Risque modéré,-0.22426419,0.5092569
CLT04208,18,Auvergne-Rhône-Alpes,16,1,Web,0.1473,2018-11-27,2.0,2722.0,1361.0,2.0,0.0,0.0,0.0,0.0,0.0,0.0,0.0,2,🔵 Risque modéré,-4.587034,3.6015294
CLT04209,42,Hauts-de-France,16,0,Web,0.01,2018-10-20,2.0,2324.0,1162.0,2.0,0.0,0.0,0.0,0.0,0.0,0.0,0.0,2,🔵 Risque modéré,-5.496777,5.400605
CLT04210,51,Occitanie,20,2,Web,0.1771,2019-01-14,1.0,919.0,919.0,1.0,0.0,0.0,0.0,0.0,0.0,0.0,0.0,2,🔵 Risque modéré,-0.4035321,0.71827036
CLT04211,56,Provence-Alpes-Côte d'Azur,4,0,Web,0.294,2020-08-11,,,,,0.0,0.0,0.0,0.0,,0.0,,1,🟢 Bon risque fidèle,14.83215,8.634743
CLT04212,30,Hauts-de-France,1,2,Partenaire banque,0.3254,2017-05-31,1.0,2244.0,2244.0,1.0,0.0,0.0,0.0,0.0,0.0,0.0,0.0,2,🔵 Risque modéré,-0.8865876,1.7608712
CLT04213,32,Bretagne,3,0,Agent,0.2369,2016-05-21,1.0,879.0,879.0,1.0,0.0,0.0,0.0,0.0,0.0,0.0,0.0,2,🔵 Risque modéré,2.0418026,11.790101
CLT04214,56,Nouvelle-Aquitaine,0,0,Partenaire banque,0.091,2016-06-04,2.0,1745.0,872.5,2.0,2.0,13040.0,6520.0,0.0,1.0,0.0,7.472779369627507,3,🔴 Très haut risque,-3.298984,6.2246423
CLT04215,36,Grand Est,0,0,Courtier,0.0493,2020-10-15,,,,,0.0,0.0,0.0,0.0,,0.0,,1,🟢 Bon risque fidèle,15.647393,7.3060646
CLT04216,40,Grand Est,3,1,Partenaire banque,0.1652,2018-10-23,1.0,1505.0,1505.0,1.0,0.0,0.0,0.0,0.0,0.0,0.0,0.0,2,🔵 Risque modéré,1.1842048,1.1792439
CLT04217,33,Hauts-de-France,0,0,Courtier,0.2157,2016-04-28,3.0,4336.0,1445.3333333333333,2.0,2.0,5145.0,2572.5,0.0,0.6666666666666666,0.0,1.1865774907749078,2,🔵 Risque modéré,-4.3582797,6.7234545
CLT04218,45,Grand Est,4,1,Agent,0.01,2016-08-17,3.0,4413.0,1471.0,2.0,1.0,3794.0,3794.0,0.0,0.3333333333333333,0.0,0.8597326082030364,2,🔵 Risque modéré,-3.8524354,3.4150937
CLT04219,25,Centre-Val de Loire,1,3,Courtier,0.2804,2017-06-24,1.0,1593.0,1593.0,1.0,2.0,4934.0,2467.0,1.0,2.0,0.5,3.0973006905210294,0,🟠 Risque élevé,-2.7253294,4.9239225
CLT04220,18,Île-de-France,2,0,Web,0.01,2018-05-15,1.0,2258.0,2258.0,1.0,0.0,0.0,0.0,0.0,0.0,0.0,0.0,2,🔵 Risque modéré,2.938757,10.909558
CLT04221,40,Hauts-de-France,1,2,Web,0.4181,2020-12-25,3.0,4592.0,1530.6666666666667,2.0,3.0,20243.0,6747.666666666667,0.0,1.0,0.0,4.40831881533101,3,🔴 Très haut risque,-1.9350957,3.877195
CLT04222,35,Île-de-France,3,0,Web,0.0871,2019-01-27,2.0,2815.0,1407.5,2.0,1.0,8616.0,8616.0,0.0,0.5,0.0,3.060746003552398,2,🔵 Risque modéré,-3.7342253,6.751025
CLT04223,43,Provence-Alpes-Côte d'Azur,1,2,Partenaire banque,0.2551,2019-09-22,2.0,3010.0,1505.0,1.0,1.0,1816.0,1816.0,1.0,0.5,1.0,0.6033222591362126,0,🟠 Risque élevé,-4.655646,22.11292
CLT04224,43,Île-de-France,0,1,Web,0.3784,2016-05-31,,,,,0.0,0.0,0.0,0.0,,0.0,,1,🟢 Bon risque fidèle,14.046348,0.7632988
CLT04225,53,Centre-Val de Loire,2,1,Téléphone,0.1829,2019-12-12,,,,,0.0,0.0,0.0,0.0,,0.0,,1,🟢 Bon risque fidèle,13.530693,1.4177426
CLT04226,40,Île-de-France,0,1,Web,0.0982,2016-05-26,,,,,0.0,0.0,0.0,0.0,,0.0,,1,🟢 Bon risque fidèle,14.405615,1.7082418
CLT04227,29,Bretagne,2,0,Courtier,0.0728,2019-06-10,2.0,1653.0,826.5,2.0,1.0,327.0,327.0,0.0,0.5,0.0,0.19782214156079855,2,🔵 Risque modéré,-4.872281,7.3189955
CLT04228,56,Auvergne-Rhône-Alpes,13,0,Téléphone,0.0653,2018-09-09,1.0,2714.0,2714.0,1.0,0.0,0.0,0.0,0.0,0.0,0.0,0.0,2,🔵 Risque modéré,2.379886,9.484363
CLT04229,76,Nouvelle-Aquitaine,10,1,Web,0.2192,2016-03-28,3.0,4553.0,1517.6666666666667,3.0,2.0,286.0,143.0,0.0,0.6666666666666666,0.0,0.06281572589501427,2,🔵 Risque modéré,-4.029339,4.0622096
CLT04230,69,Auvergne-Rhône-Alpes,4,1,Web,0.0804,2018-11-07,1.0,743.0,743.0,1.0,1.0,1072.0,1072.0,0.0,1.0,0.0,1.442799461641992,2,🔵 Risque modéré,-0.049165167,4.9744906
CLT04231,59,Occitanie,0,0,Agent,0.1846,2018-06-04,1.0,1399.0,1399.0,1.0,1.0,174.0,174.0,0.0,1.0,0.0,0.12437455325232309,2,🔵 Risque modéré,0.53029114,5.7917876
CLT04232,21,Normandie,7,0,Web,0.0864,2020-10-08,,,,,0.0,0.0,0.0,0.0,,0.0,,1,🟢 Bon risque fidèle,15.941019,6.2798047
CLT04233,56,Occitanie,1,0,Web,0.2219,2016-04-25,1.0,1564.0,1564.0,1.0,1.0,9494.0,9494.0,0.0,1.0,0.0,6.070332480818414,3,🔴 Très haut risque,-0.8944263,5.835072
CLT04234,57,Île-de-France,3,0,Agent,0.0108,2020-07-21,2.0,3052.0,1526.0,1.0,1.0,1801.0,1801.0,0.0,0.5,0.0,0.5901048492791612,2,🔵 Risque modéré,0.59370494,9.742206
CLT04235,34,Occitanie,5,2,Courtier,0.429,2020-10-29,1.0,1372.0,1372.0,1.0,1.0,16855.0,16855.0,0.0,1.0,0.0,12.284985422740524,3,🔴 Très haut risque,-1.7369968,5.5245757
CLT04236,47,Bretagne,2,0,Agent,0.0392,2020-02-22,4.0,7282.0,1820.5,2.0,2.0,12300.0,6150.0,0.0,0.5,0.0,1.6890964020873387,2,🔵 Risque modéré,-4.032057,6.143015
CLT04237,28,Île-de-France,0,1,Courtier,0.3029,2016-04-18,1.0,1993.0,1993.0,1.0,1.0,415.0,415.0,0.0,1.0,0.0,0.20822880080280984,2,🔵 Risque modéré,-0.060878858,4.069991
CLT04238,55,Bretagne,8,0,Agent,0.01,2019-11-27,1.0,2535.0,2535.0,1.0,1.0,18289.0,18289.0,0.0,1.0,0.0,7.214595660749507,3,🔴 Très haut risque,-1.6846535,6.49416
CLT04239,56,Nouvelle-Aquitaine,0,0,Courtier,0.1751,2018-05-26,,,,,0.0,0.0,0.0,0.0,,0.0,,1,🟢 Bon risque fidèle,14.866397,8.862019
CLT04240,44,Grand Est,7,0,Web,0.01,2018-06-17,2.0,2730.0,1365.0,2.0,1.0,1060.0,1060.0,0.0,0.5,0.0,0.3882783882783883,2,🔵 Risque modéré,-4.935298,6.1346354
CLT04241,49,Auvergne-Rhône-Alpes,1,1,Téléphone,0.2547,2018-01-25,1.0,1233.0,1233.0,1.0,0.0,0.0,0.0,0.0,0.0,0.0,0.0,2,🔵 Risque modéré,1.1734434,1.3292973
CLT04242,43,Provence-Alpes-Côte d'Azur,3,1,Web,0.2443,2018-06-15,1.0,1569.0,1569.0,1.0,0.0,0.0,0.0,0.0,0.0,0.0,0.0,2,🔵 Risque modéré,1.0969024,1.40475
CLT04243,46,Île-de-France,9,1,Web,0.2134,2016-07-09,1.0,815.0,815.0,1.0,0.0,0.0,0.0,0.0,0.0,0.0,0.0,2,🔵 Risque modéré,0.3812709,0.6048319
CLT04244,45,Centre-Val de Loire,4,1,Web,0.2184,2018-04-27,1.0,2805.0,2805.0,1.0,0.0,0.0,0.0,0.0,0.0,0.0,0.0,2,🔵 Risque modéré,0.4557866,1.6797607
CLT04245,20,Grand Est,3,2,Courtier,0.2686,2020-07-02,1.0,1139.0,1139.0,1.0,0.0,0.0,0.0,0.0,0.0,0.0,0.0,2,🔵 Risque modéré,-1.0420288,1.4509499
CLT04246,26,Île-de-France,3,3,Téléphone,0.4486,2017-05-28,1.0,1853.0,1853.0,1.0,1.0,5166.0,5166.0,0.0,1.0,0.0,2.7879114948731787,3,🔴 Très haut risque,-0.9335622,3.8596213
CLT04247,33,Île-de-France,12,0,Web,0.01,2016-09-18,1.0,1613.0,1613.0,1.0,1.0,2352.0,2352.0,0.0,1.0,0.0,1.458152510849349,2,🔵 Risque modéré,-0.4751693,6.6934648
CLT04248,37,Normandie,3,1,Web,0.0401,2016-04-01,1.0,1223.0,1223.0,1.0,1.0,154.0,154.0,0.0,1.0,0.0,0.1259198691741619,2,🔵 Risque modéré,0.13955994,4.691364
CLT04249,24,Provence-Alpes-Côte d'Azur,4,1,Web,0.01,2019-09-05,3.0,4344.0,1448.0,2.0,0.0,0.0,0.0,0.0,0.0,0.0,0.0,2,🔵 Risque modéré,-3.9904068,2.7727692
CLT04250,18,Occitanie,1,0,Partenaire banque,0.0451,2016-09-24,,,,,0.0,0.0,0.0,0.0,,0.0,,1,🟢 Bon risque fidèle,16.62404,6.857644
CLT04251,57,Centre-Val de Loire,6,0,Courtier,0.1257,2019-09-10,2.0,3751.0,1875.5,2.0,2.0,11051.0,5525.5,1.0,1.0,0.5,2.9461476939482805,0,🟠 Risque élevé,-3.0509005,5.16995
CLT04252,62,Auvergne-Rhône-Alpes,3,0,Agent,0.0587,2016-06-07,2.0,1748.0,874.0,2.0,1.0,6293.0,6293.0,0.0,0.5,0.0,3.6001144164759724,2,🔵 Risque modéré,-4.3309093,6.2915096
CLT04253,52,Hauts-de-France,3,3,Partenaire banque,0.3956,2017-02-27,2.0,2939.0,1469.5,1.0,5.0,28578.0,5715.6,0.0,2.5,0.0,9.723715549506634,3,🔴 Très haut risque,-1.2769287,4.8664446
CLT04254,40,Normandie,3,1,Agent,0.1303,2020-07-25,2.0,2893.0,1446.5,2.0,0.0,0.0,0.0,0.0,0.0,0.0,0.0,2,🔵 Risque modéré,-3.7525086,2.7666721
CLT04255,34,Provence-Alpes-Côte d'Azur,2,1,Téléphone,0.3346,2020-10-26,5.0,9902.0,1980.4,2.0,3.0,14497.0,4832.333333333333,1.0,0.6,0.3333333333333333,1.4640476671379519,0,🟠 Risque élevé,-3.0430753,4.818757
CLT04256,42,Occitanie,3,2,Courtier,0.1776,2017-09-13,2.0,5047.0,2523.5,2.0,0.0,0.0,0.0,0.0,0.0,0.0,0.0,2,🔵 Risque modéré,-2.664833,2.7388728
CLT04257,65,Provence-Alpes-Côte d'Azur,17,2,Agent,0.2857,2017-08-24,,,,,0.0,0.0,0.0,0.0,,0.0,,1,🟢 Bon risque fidèle,13.430984,2.804816
CLT04258,36,Occitanie,3,1,Courtier,0.0605,2017-07-03,1.0,1450.0,1450.0,1.0,0.0,0.0,0.0,0.0,0.0,0.0,0.0,2,🔵 Risque modéré,1.2093295,0.65022504
CLT04259,34,Provence-Alpes-Côte d'Azur,5,0,Agent,0.2194,2018-10-30,3.0,5230.0,1743.3333333333333,1.0,0.0,0.0,0.0,0.0,0.0,0.0,0.0,2,🔵 Risque modéré,1.4518826,10.72345
CLT04260,37,Auvergne-Rhône-Alpes,8,0,Web,0.01,2018-04-23,3.0,5104.0,1701.3333333333333,2.0,0.0,0.0,0.0,0.0,0.0,0.0,0.0,2,🔵 Risque modéré,-5.5690985,6.070414
CLT04261,33,Centre-Val de Loire,2,1,Courtier,0.2499,2016-06-11,1.0,860.0,860.0,1.0,0.0,0.0,0.0,0.0,0.0,0.0,0.0,2,🔵 Risque modéré,1.448931,1.6130639
CLT04262,32,Occitanie,10,0,Téléphone,0.01,2020-09-21,3.0,4852.0,1617.3333333333333,2.0,0.0,0.0,0.0,0.0,0.0,0.0,0.0,2,🔵 Risque modéré,-5.380843,5.774965
CLT04263,26,Grand Est,1,0,Web,0.3235,2020-03-01,,,,,0.0,0.0,0.0,0.0,,0.0,,1,🟢 Bon risque fidèle,16.59415,7.8786726
CLT04264,57,Grand Est,1,3,Web,0.4868,2018-02-03,3.0,5204.0,1734.6666666666667,1.0,3.0,26533.0,8844.333333333334,0.0,1.0,0.0,5.09857801691007,3,🔴 Très haut risque,-1.6918738,3.9731052
CLT04265,52,Nouvelle-Aquitaine,0,0,Web,0.0575,2017-04-28,,,,,0.0,0.0,0.0,0.0,,0.0,,1,🟢 Bon risque fidèle,14.436428,8.073615
CLT04266,36,Normandie,2,0,Agent,0.161,2018-07-20,2.0,1127.0,563.5,1.0,0.0,0.0,0.0,0.0,0.0,0.0,0.0,2,🔵 Risque modéré,1.7430469,11.546312
CLT04267,35,Auvergne-Rhône-Alpes,8,1,Web,0.2131,2020-09-10,2.0,5080.0,2540.0,1.0,1.0,12527.0,12527.0,0.0,0.5,0.0,2.465944881889764,3,🔴 Très haut risque,-1.8186466,5.5708194
CLT04268,25,Île-de-France,3,0,Web,0.01,2019-04-21,,,,,0.0,0.0,0.0,0.0,,0.0,,1,🟢 Bon risque fidèle,16.06089,6.6494026
CLT04269,41,Bretagne,2,0,Web,0.1687,2016-06-24,1.0,855.0,855.0,1.0,0.0,0.0,0.0,0.0,0.0,0.0,0.0,2,🔵 Risque modéré,1.5031334,11.545813
CLT04270,36,Île-de-France,1,1,Web,0.3289,2019-06-04,2.0,3515.0,1757.5,1.0,3.0,11499.0,3833.0,1.0,1.5,0.3333333333333333,3.271408250355619,3,🔴 Très haut risque,-2.7281237,4.979184
CLT04271,66,Bretagne,5,0,Courtier,0.1922,2020-11-03,,,,,0.0,0.0,0.0,0.0,,0.0,,1,🟢 Bon risque fidèle,14.351858,8.6917305
CLT04272,47,Bretagne,0,0,Courtier,0.0345,2016-04-02,,,,,0.0,0.0,0.0,0.0,,0.0,,1,🟢 Bon risque fidèle,14.565697,7.4518013
CLT04273,42,Occitanie,4,0,Web,0.01,2017-01-14,,,,,0.0,0.0,0.0,0.0,,0.0,,1,🟢 Bon risque fidèle,14.767959,6.684722
CLT04274,50,Bretagne,2,4,Courtier,0.3612,2019-09-16,1.0,1850.0,1850.0,1.0,0.0,0.0,0.0,0.0,0.0,0.0,0.0,2,🔵 Risque modéré,-1.1989325,2.082805
CLT04275,40,Hauts-de-France,1,1,Web,0.1985,2020-04-13,4.0,7161.0,1790.25,3.0,1.0,2964.0,2964.0,0.0,0.25,0.0,0.4139086719731881,2,🔵 Risque modéré,-3.6897767,3.9908001
CLT04276,57,Provence-Alpes-Côte d'Azur,0,0,Partenaire banque,0.0663,2019-06-02,1.0,1784.0,1784.0,1.0,0.0,0.0,0.0,0.0,0.0,0.0,0.0,2,🔵 Risque modéré,0.37524766,10.962701
CLT04277,21,Provence-Alpes-Côte d'Azur,1,0,Partenaire banque,0.01,2017-06-23,2.0,3768.0,1884.0,2.0,2.0,2690.0,1345.0,0.0,1.0,0.0,0.7139065817409767,2,🔵 Risque modéré,-4.631652,7.2182665
CLT04278,48,Centre-Val de Loire,10,0,Web,0.01,2016-02-28,,,,,0.0,0.0,0.0,0.0,,0.0,,1,🟢 Bon risque fidèle,14.482403,5.5666776
CLT04279,30,Provence-Alpes-Côte d'Azur,7,1,Agent,0.0808,2019-06-28,1.0,1206.0,1206.0,1.0,0.0,0.0,0.0,0.0,0.0,0.0,0.0,2,🔵 Risque modéré,0.32258177,0.7933718
CLT04280,52,Bretagne,5,0,Téléphone,0.01,2020-05-23,3.0,4001.0,1333.6666666666667,2.0,1.0,684.0,684.0,0.0,0.3333333333333333,0.0,0.1709572606848288,2,🔵 Risque modéré,-5.7382946,5.8672576
CLT04281,61,Île-de-France,12,0,Téléphone,0.0851,2019-02-09,1.0,738.0,738.0,1.0,0.0,0.0,0.0,0.0,0.0,0.0,0.0,2,🔵 Risque modéré,1.5274315,9.305095
CLT04282,49,Bretagne,2,1,Partenaire banque,0.3455,2019-10-22,3.0,5717.0,1905.6666666666667,2.0,4.0,47290.0,11822.5,0.0,1.3333333333333333,0.0,8.271820885079586,3,🔴 Très haut risque,-1.8893039,5.298318
CLT04283,41,Hauts-de-France,2,0,Téléphone,0.01,2019-01-02,1.0,796.0,796.0,1.0,1.0,117.0,117.0,0.0,1.0,0.0,0.14698492462311558,2,🔵 Risque modéré,0.62316644,6.23034
CLT04284,26,Normandie,3,0,Courtier,0.0404,2020-01-14,,,,,0.0,0.0,0.0,0.0,,0.0,,1,🟢 Bon risque fidèle,16.12025,6.7422853
CLT04285,20,Centre-Val de Loire,0,1,Agent,0.234,2017-06-18,1.0,1622.0,1622.0,1.0,0.0,0.0,0.0,0.0,0.0,0.0,0.0,2,🔵 Risque modéré,1.3000801,1.912191
CLT04286,36,Nouvelle-Aquitaine,8,0,Partenaire banque,0.01,2018-08-17,,,,,0.0,0.0,0.0,0.0,,0.0,,1,🟢 Bon risque fidèle,14.983026,5.7702575
CLT04287,41,Occitanie,1,2,Web,0.3668,2016-02-03,1.0,1934.0,1934.0,1.0,0.0,0.0,0.0,0.0,0.0,0.0,0.0,2,🔵 Risque modéré,-0.83317965,1.8416971
CLT04288,22,Hauts-de-France,10,1,Agent,0.01,2017-07-17,,,,,0.0,0.0,0.0,0.0,,0.0,,1,🟢 Bon risque fidèle,14.379737,2.8416
CLT04289,34,Auvergne-Rhône-Alpes,1,0,Partenaire banque,0.0243,2020-04-30,2.0,1090.0,545.0,1.0,0.0,0.0,0.0,0.0,0.0,0.0,0.0,2,🔵 Risque modéré,1.7394279,11.014249
CLT04290,30,Grand Est,1,1,Web,0.2228,2019-03-17,2.0,2308.0,1154.0,1.0,1.0,5360.0,5360.0,0.0,0.5,0.0,2.3223570190641247,2,🔵 Risque modéré,0.09863941,3.566867
CLT04291,34,Bretagne,1,0,Web,0.1088,2017-07-17,,,,,0.0,0.0,0.0,0.0,,0.0,,1,🟢 Bon risque fidèle,15.97079,7.6509414
CLT04292,52,Provence-Alpes-Côte d'Azur,2,0,Web,0.3387,2017-05-30,1.0,1553.0,1553.0,1.0,2.0,1337.0,668.5,0.0,2.0,0.0,0.8609143593045718,3,🔴 Très haut risque,-0.79477054,5.2658176
CLT04293,47,Centre-Val de Loire,8,1,Web,0.0584,2017-09-22,3.0,5137.0,1712.3333333333333,3.0,1.0,193.0,193.0,0.0,0.3333333333333333,0.0,0.037570566478489394,2,🔵 Risque modéré,-4.285759,3.7985773
CLT04294,54,Centre-Val de Loire,11,0,Agent,0.0938,2020-09-10,1.0,1547.0,1547.0,1.0,1.0,4472.0,4472.0,0.0,1.0,0.0,2.8907563025210083,2,🔵 Risque modéré,-0.5751117,6.649311
CLT04295,21,Hauts-de-France,5,1,Téléphone,0.3089,2018-06-29,2.0,2459.0,1229.5,2.0,1.0,3209.0,3209.0,0.0,0.5,0.0,1.305002033346889,2,🔵 Risque modéré,-2.7826931,3.0577776
CLT04296,27,Normandie,2,0,Web,0.0869,2016-01-21,,,,,0.0,0.0,0.0,0.0,,0.0,,1,🟢 Bon risque fidèle,16.35093,7.2050166
CLT04297,47,Normandie,8,2,Web,0.1209,2018-01-06,5.0,8564.0,1712.8,2.0,3.0,7313.0,2437.6666666666665,0.0,0.6,0.0,0.8539234002802428,2,🔵 Risque modéré,-3.8220189,4.0503683
CLT04298,33,Normandie,10,2,Agent,0.2823,2019-02-15,2.0,2956.0,1478.0,2.0,0.0,0.0,0.0,0.0,0.0,0.0,0.0,2,🔵 Risque modéré,-2.1876595,2.4667013
CLT04299,59,Occitanie,7,0,Courtier,0.062,2019-04-03,3.0,5194.0,1731.3333333333333,2.0,3.0,86148.0,28716.0,0.0,1.0,0.0,16.58606083943011,3,🔴 Très haut risque,-1.9806416,6.4588923
CLT04300,63,Auvergne-Rhône-Alpes,0,0,Web,0.1911,2019-06-05,1.0,2053.0,2053.0,1.0,3.0,7935.0,2645.0,1.0,3.0,0.3333333333333333,3.865075499269362,3,🔴 Très haut risque,-1.6254826,5.2126102
CLT04301,34,Grand Est,0,2,Web,0.4293,2016-05-13,1.0,1975.0,1975.0,1.0,0.0,0.0,0.0,0.0,0.0,0.0,0.0,2,🔵 Risque modéré,-0.81093067,1.9272579
CLT04302,48,Normandie,4,1,Web,0.3422,2020-04-19,1.0,1837.0,1837.0,1.0,0.0,0.0,0.0,0.0,0.0,0.0,0.0,2,🔵 Risque modéré,0.77563417,1.5228221
CLT04303,72,Hauts-de-France,10,1,Web,0.1863,2018-10-12,3.0,3848.0,1282.6666666666667,2.0,4.0,2574.0,643.5,0.0,1.3333333333333333,0.0,0.668918918918919,2,🔵 Risque modéré,-4.0629287,4.1210785
CLT04304,29,Nouvelle-Aquitaine,3,0,Web,0.2396,2016-12-25,4.0,5292.0,1323.0,3.0,3.0,5626.0,1875.3333333333333,0.0,0.75,0.0,1.063114134542706,2,🔵 Risque modéré,-4.159595,5.200538
CLT04305,41,Nouvelle-Aquitaine,6,2,Téléphone,0.3403,2019-09-07,,,,,0.0,0.0,0.0,0.0,,0.0,,1,🟢 Bon risque fidèle,12.401734,2.643442
CLT04306,37,Île-de-France,0,1,Web,0.3035,2019-09-04,,,,,0.0,0.0,0.0,0.0,,0.0,,1,🟢 Bon risque fidèle,14.540577,0.9827596
CLT04307,48,Île-de-France,4,0,Web,0.01,2018-11-05,,,,,0.0,0.0,0.0,0.0,,0.0,,1,🟢 Bon risque fidèle,14.495612,6.5786276
CLT04308,35,Normandie,6,0,Courtier,0.1153,2016-03-28,2.0,2954.0,1477.0,2.0,2.0,2669.0,1334.5,1.0,1.0,0.5,0.9035206499661476,0,🟠 Risque élevé,-3.1282158,5.1258035
CLT04309,31,Grand Est,1,1,Agent,0.3339,2016-05-06,2.0,2659.0,1329.5,2.0,0.0,0.0,0.0,0.0,0.0,0.0,0.0,2,🔵 Risque modéré,-2.9135613,2.6365864
CLT04310,42,Hauts-de-France,2,1,Partenaire banque,0.194,2016-02-05,,,,,0.0,0.0,0.0,0.0,,0.0,,1,🟢 Bon risque fidèle,14.343269,1.3633202
CLT04311,46,Provence-Alpes-Côte d'Azur,1,1,Courtier,0.191,2016-04-03,1.0,1050.0,1050.0,1.0,0.0,0.0,0.0,0.0,0.0,0.0,0.0,2,🔵 Risque modéré,1.3961096,1.0259807
CLT04312,26,Centre-Val de Loire,2,1,Web,0.2387,2016-08-13,4.0,4205.0,1051.25,2.0,2.0,4650.0,2325.0,0.0,0.5,0.0,1.1058263971462545,2,🔵 Risque modéré,-2.9494684,3.3154995
CLT04313,56,Auvergne-Rhône-Alpes,3,1,Courtier,0.3588,2016-08-21,1.0,1101.0,1101.0,1.0,1.0,5124.0,5124.0,0.0,1.0,0.0,4.653950953678474,3,🔴 Très haut risque,-0.48557058,4.6777377
CLT04314,36,Grand Est,2,4,Web,0.42,2017-02-23,2.0,2363.0,1181.5,2.0,0.0,0.0,0.0,0.0,0.0,0.0,0.0,2,🔵 Risque modéré,-1.4296118,2.3805408
CLT04315,22,Provence-Alpes-Côte d'Azur,2,1,Courtier,0.0428,2020-08-27,,,,,0.0,0.0,0.0,0.0,,0.0,,1,🟢 Bon risque fidèle,14.898112,1.9360014
CLT04316,18,Bretagne,5,0,Web,0.0588,2018-05-25,3.0,4332.0,1444.0,3.0,1.0,12764.0,12764.0,0.0,0.3333333333333333,0.0,2.9464450600184673,3,🔴 Très haut risque,-3.0729165,6.34387
CLT04317,45,Hauts-de-France,0,0,Web,0.14,2017-11-01,1.0,1610.0,1610.0,1.0,0.0,0.0,0.0,0.0,0.0,0.0,0.0,2,🔵 Risque modéré,1.3201767,11.477154
CLT04318,54,Centre-Val de Loire,6,2,Agent,0.0636,2017-11-19,1.0,709.0,709.0,1.0,0.0,0.0,0.0,0.0,0.0,0.0,0.0,2,🔵 Risque modéré,-0.23028857,0.8372631
CLT04319,74,Bretagne,0,1,Téléphone,0.1246,2018-02-08,2.0,3021.0,1510.5,2.0,2.0,7249.0,3624.5,0.0,1.0,0.0,2.399536577292287,2,🔵 Risque modéré,-2.891726,4.1475906
CLT04320,57,Normandie,7,1,Partenaire banque,0.1268,2017-08-27,2.0,2228.0,1114.0,2.0,0.0,0.0,0.0,0.0,0.0,0.0,0.0,2,🔵 Risque modéré,-3.988392,3.1667304
CLT04321,49,Centre-Val de Loire,9,0,Web,0.01,2018-01-26,,,,,0.0,0.0,0.0,0.0,,0.0,,1,🟢 Bon risque fidèle,14.403629,5.6586747
CLT04322,24,Île-de-France,13,0,Web,0.01,2016-11-05,1.0,994.0,994.0,1.0,0.0,0.0,0.0,0.0,0.0,0.0,0.0,2,🔵 Risque modéré,1.9285278,9.052974
CLT04323,49,Centre-Val de Loire,1,1,Web,0.0833,2019-06-03,1.0,1961.0,1961.0,1.0,0.0,0.0,0.0,0.0,0.0,0.0,0.0,2,🔵 Risque modéré,0.8356187,0.9731881
CLT04324,42,Occitanie,2,0,Téléphone,0.0585,2018-11-14,,,,,0.0,0.0,0.0,0.0,,0.0,,1,🟢 Bon risque fidèle,15.117643,7.36043
CLT04325,18,Grand Est,8,0,Agent,0.0597,2020-01-01,2.0,4364.0,2182.0,2.0,0.0,0.0,0.0,0.0,0.0,0.0,0.0,2,🔵 Risque modéré,-5.532362,6.833984
CLT04326,42,Provence-Alpes-Côte d'Azur,0,0,Partenaire banque,0.1242,2018-02-16,,,,,0.0,0.0,0.0,0.0,,0.0,,1,🟢 Bon risque fidèle,15.386834,8.133725
CLT04327,20,Centre-Val de Loire,1,0,Web,0.1525,2020-01-29,1.0,926.0,926.0,1.0,1.0,4138.0,4138.0,0.0,1.0,0.0,4.468682505399568,3,🔴 Très haut risque,0.32967612,5.8380585
CLT04328,52,Nouvelle-Aquitaine,0,0,Courtier,0.3014,2019-08-24,,,,,0.0,0.0,0.0,0.0,,0.0,,1,🟢 Bon risque fidèle,15.371692,8.753668
CLT04329,44,Auvergne-Rhône-Alpes,12,0,Partenaire banque,0.0939,2017-04-06,6.0,9634.0,1605.6666666666667,3.0,3.0,1528.0,509.3333333333333,0.0,0.5,0.0,0.15860494083454432,2,🔵 Risque modéré,-5.0142293,5.026921
CLT04330,50,Centre-Val de Loire,0,2,Courtier,0.5743,2019-03-24,,,,,0.0,0.0,0.0,0.0,,0.0,,1,🟢 Bon risque fidèle,12.089906,2.5140505
CLT04331,63,Grand Est,2,0,Agent,0.2286,2019-01-10,2.0,3364.0,1682.0,1.0,0.0,0.0,0.0,0.0,0.0,0.0,0.0,2,🔵 Risque modéré,0.5659377,11.523564
CLT04332,62,Auvergne-Rhône-Alpes,0,0,Téléphone,0.3891,2018-12-18,2.0,3629.0,1814.5,1.0,1.0,3958.0,3958.0,0.0,0.5,0.0,1.0906585836318545,2,🔵 Risque modéré,0.557362,5.3962197
CLT04333,51,Île-de-France,3,0,Agent,0.0332,2019-09-14,1.0,3584.0,3584.0,1.0,0.0,0.0,0.0,0.0,0.0,0.0,0.0,2,🔵 Risque modéré,3.0576828,10.070544
CLT04334,52,Grand Est,9,0,Courtier,0.01,2017-10-13,,,,,0.0,0.0,0.0,0.0,,0.0,,1,🟢 Bon risque fidèle,14.365362,5.6245747
CLT04335,49,Hauts-de-France,15,1,Web,0.01,2019-03-26,1.0,2605.0,2605.0,1.0,2.0,436.0,218.0,0.0,2.0,0.0,0.1673704414587332,2,🔵 Risque modéré,-0.6707748,6.3844776
CLT04336,18,Hauts-de-France,7,1,Téléphone,0.0578,2017-11-06,2.0,1486.0,743.0,2.0,0.0,0.0,0.0,0.0,0.0,0.0,0.0,2,🔵 Risque modéré,-4.1353316,2.8042972
CLT04337,45,Occitanie,4,2,Agent,0.2487,2018-01-13,3.0,4555.0,1518.3333333333333,2.0,0.0,0.0,0.0,0.0,0.0,0.0,0.0,2,🔵 Risque modéré,-2.2109857,2.8860414
CLT04338,34,Occitanie,13,0,Courtier,0.1048,2020-03-14,,,,,0.0,0.0,0.0,0.0,,0.0,,1,🟢 Bon risque fidèle,14.724696,5.242971
CLT04339,59,Auvergne-Rhône-Alpes,3,2,Agent,0.1362,2018-07-02,4.0,6123.0,1530.75,2.0,4.0,9339.0,2334.75,1.0,1.0,0.25,1.525232729054385,2,🔵 Risque modéré,-3.0643797,4.6190696
CLT04340,34,Bretagne,1,0,Courtier,0.1854,2017-12-23,1.0,854.0,854.0,1.0,0.0,0.0,0.0,0.0,0.0,0.0,0.0,2,🔵 Risque modéré,2.0853293,11.849664
CLT04341,28,Grand Est,4,0,Courtier,0.1167,2018-01-13,3.0,5540.0,1846.6666666666667,2.0,0.0,0.0,0.0,0.0,0.0,0.0,0.0,2,🔵 Risque modéré,-5.4542384,7.10036
CLT04342,58,Normandie,11,2,Agent,0.3333,2018-07-10,,,,,0.0,0.0,0.0,0.0,,0.0,,1,🟢 Bon risque fidèle,13.300254,2.6935413
CLT04343,25,Bretagne,8,1,Web,0.2196,2020-08-24,2.0,2241.0,1120.5,1.0,1.0,1894.0,1894.0,0.0,0.5,0.0,0.8451584114234717,2,🔵 Risque modéré,-0.0060845893,3.0489106
CLT04344,51,Nouvelle-Aquitaine,14,1,Partenaire banque,0.1404,2017-05-18,1.0,1526.0,1526.0,1.0,0.0,0.0,0.0,0.0,0.0,0.0,0.0,2,🔵 Risque modéré,-0.12798786,0.49566692
CLT04345,28,Bretagne,1,1,Agent,0.1712,2019-09-27,2.0,4074.0,2037.0,2.0,1.0,14324.0,14324.0,0.0,0.5,0.0,3.5159548355424644,3,🔴 Très haut risque,-2.423687,5.7911773
CLT04346,63,Nouvelle-Aquitaine,6,0,Agent,0.1509,2020-06-19,1.0,1424.0,1424.0,1.0,0.0,0.0,0.0,0.0,0.0,0.0,0.0,2,🔵 Risque modéré,0.70931506,11.019123
CLT04347,35,Hauts-de-France,1,2,Web,0.1059,2016-08-31,3.0,6053.0,2017.6666666666667,2.0,3.0,18111.0,6037.0,0.0,1.0,0.0,2.9920700479101274,3,🔴 Très haut risque,-2.622904,3.788233
CLT04348,37,Auvergne-Rhône-Alpes,6,0,Courtier,0.1233,2018-11-02,2.0,3009.0,1504.5,1.0,1.0,666.0,666.0,0.0,0.5,0.0,0.2213359920239282,2,🔵 Risque modéré,0.98160607,9.617878
CLT04349,38,Nouvelle-Aquitaine,0,0,Courtier,0.2523,2019-07-21,2.0,3720.0,1860.0,2.0,3.0,7420.0,2473.3333333333335,0.0,1.5,0.0,1.9946236559139785,3,🔴 Très haut risque,-3.815609,6.6814876
CLT04350,62,Occitanie,0,1,Téléphone,0.1423,2020-12-01,3.0,4022.0,1340.6666666666667,2.0,1.0,2182.0,2182.0,0.0,0.3333333333333333,0.0,0.5425161611138737,2,🔵 Risque modéré,-3.3786218,3.5417914
CLT04351,59,Normandie,0,2,Web,0.372,2016-09-06,2.0,2620.0,1310.0,1.0,0.0,0.0,0.0,0.0,0.0,0.0,0.0,2,🔵 Risque modéré,-0.63600194,1.7876052
CLT04352,62,Bretagne,1,2,Web,0.3586,2019-02-11,2.0,2135.0,1067.5,1.0,2.0,22182.0,11091.0,1.0,1.0,0.5,10.389695550351288,0,🟠 Risque élevé,-2.695494,5.075116
CLT04353,37,Normandie,2,4,Agent,0.4229,2016-09-17,1.0,1433.0,1433.0,1.0,0.0,0.0,0.0,0.0,0.0,0.0,0.0,2,🔵 Risque modéré,-1.2216686,2.0872884
CLT04354,26,Île-de-France,1,0,Téléphone,0.2507,2016-02-21,2.0,2285.0,1142.5,2.0,1.0,1344.0,1344.0,0.0,0.5,0.0,0.5881838074398249,2,🔵 Risque modéré,-4.834897,7.5425997
CLT04355,42,Nouvelle-Aquitaine,6,1,Partenaire banque,0.3098,2016-09-30,1.0,1642.0,1642.0,1.0,0.0,0.0,0.0,0.0,0.0,0.0,0.0,2,🔵 Risque modéré,0.79046965,1.3122259
CLT04356,28,Grand Est,2,1,Téléphone,0.3801,2018-03-07,1.0,622.0,622.0,1.0,0.0,0.0,0.0,0.0,0.0,0.0,0.0,1,🟢 Bon risque fidèle,1.3681892,1.9875516
CLT04357,46,Bretagne,3,1,Courtier,0.2324,2018-04-05,1.0,1182.0,1182.0,1.0,1.0,13620.0,13620.0,0.0,1.0,0.0,11.52284263959391,3,🔴 Très haut risque,-1.677898,5.753304
CLT04358,20,Grand Est,16,0,Web,0.01,2017-08-25,3.0,6108.0,2036.0,2.0,0.0,0.0,0.0,0.0,0.0,0.0,0.0,2,🔵 Risque modéré,-5.4122725,5.4513435
CLT04359,24,Auvergne-Rhône-Alpes,1,0,Web,0.1897,2020-08-18,,,,,0.0,0.0,0.0,0.0,,0.0,,1,🟢 Bon risque fidèle,16.653315,7.622391
CLT04360,38,Provence-Alpes-Côte d'Azur,2,1,Courtier,0.3696,2019-06-18,2.0,3383.0,1691.5,1.0,3.0,15232.0,5077.333333333333,1.0,1.5,0.3333333333333333,4.50251256281407,3,🔴 Très haut risque,-2.6343358,4.9410114
CLT04361,43,Auvergne-Rhône-Alpes,3,1,Partenaire banque,0.1525,2016-04-04,3.0,4653.0,1551.0,2.0,0.0,0.0,0.0,0.0,0.0,0.0,0.0,2,🔵 Risque modéré,-3.585348,2.9190845
CLT04362,22,Auvergne-Rhône-Alpes,15,0,Agent,0.01,2017-12-29,,,,,0.0,0.0,0.0,0.0,,0.0,,1,🟢 Bon risque fidèle,14.637524,4.9467
CLT04363,41,Normandie,0,0,Téléphone,0.1175,2019-07-17,3.0,3910.0,1303.3333333333333,3.0,2.0,8787.0,4393.5,0.0,0.6666666666666666,0.0,2.247314578005115,2,🔵 Risque modéré,-4.2523837,5.5645137
CLT04364,50,Normandie,3,2,Agent,0.3511,2018-06-13,1.0,1319.0,1319.0,1.0,0.0,0.0,0.0,0.0,0.0,0.0,0.0,2,🔵 Risque modéré,-0.7405089,1.7534646
CLT04365,47,Hauts-de-France,14,2,Agent,0.3412,2019-12-06,1.0,1195.0,1195.0,1.0,1.0,2497.0,2497.0,1.0,1.0,1.0,2.089539748953975,0,🟠 Risque élevé,-4.6388183,22.13353
CLT04366,42,Nouvelle-Aquitaine,4,1,Agent,0.015,2020-01-24,1.0,884.0,884.0,1.0,2.0,12227.0,6113.5,0.0,2.0,0.0,13.831447963800905,3,🔴 Très haut risque,-1.2944702,5.6427865
CLT04367,19,Centre-Val de Loire,8,0,Téléphone,0.071,2018-11-11,2.0,2808.0,1404.0,2.0,1.0,283.0,283.0,0.0,0.5,0.0,0.10078347578347578,2,🔵 Risque modéré,-5.1376333,6.7915063
CLT04368,25,Auvergne-Rhône-Alpes,1,1,Web,0.2764,2016-01-18,2.0,3556.0,1778.0,2.0,0.0,0.0,0.0,0.0,0.0,0.0,0.0,2,🔵 Risque modéré,-2.982139,2.6793032
CLT04369,73,Centre-Val de Loire,1,1,Courtier,0.1973,2019-10-14,1.0,437.0,437.0,1.0,0.0,0.0,0.0,0.0,0.0,0.0,0.0,1,🟢 Bon risque fidèle,0.92465925,0.41167843
CLT04370,45,Normandie,16,1,Courtier,0.1322,2018-06-19,4.0,5374.0,1343.5,3.0,4.0,13725.0,3431.25,0.0,1.0,0.0,2.553963528098251,2,🔵 Risque modéré,-4.3183136,4.1903167
CLT04371,62,Nouvelle-Aquitaine,0,0,Courtier,0.0398,2019-04-21,1.0,701.0,701.0,1.0,0.0,0.0,0.0,0.0,0.0,0.0,0.0,2,🔵 Risque modéré,0.47694853,10.7864485
CLT04372,40,Hauts-de-France,3,0,Partenaire banque,0.01,2016-07-19,2.0,3628.0,1814.0,1.0,1.0,6829.0,6829.0,0.0,0.5,0.0,1.8823042998897463,2,🔵 Risque modéré,0.20376956,8.476955
CLT04373,51,Occitanie,2,0,Web,0.01,2017-12-01,1.0,574.0,574.0,1.0,2.0,654.0,327.0,0.0,2.0,0.0,1.1393728222996515,2,🔵 Risque modéré,-0.6612523,5.6523814
CLT04374,65,Île-de-France,7,1,Courtier,0.01,2018-12-13,2.0,3461.0,1730.5,2.0,0.0,0.0,0.0,0.0,0.0,0.0,0.0,2,🔵 Risque modéré,-4.145502,3.2842016
CLT04375,32,Centre-Val de Loire,0,0,Courtier,0.01,2018-05-25,2.0,3404.0,1702.0,2.0,1.0,7581.0,7581.0,0.0,0.5,0.0,2.2270857814336074,2,🔵 Risque modéré,-3.9766028,6.785355
CLT04376,42,Hauts-de-France,5,2,Web,0.2854,2017-10-16,2.0,2001.0,1000.5,2.0,0.0,0.0,0.0,0.0,0.0,0.0,0.0,2,🔵 Risque modéré,-2.1275628,2.6795402
CLT04377,48,Nouvelle-Aquitaine,0,0,Partenaire banque,0.1328,2016-03-28,,,,,0.0,0.0,0.0,0.0,,0.0,,1,🟢 Bon risque fidèle,14.991213,8.384752
CLT04378,49,Occitanie,2,0,Courtier,0.01,2017-07-25,,,,,0.0,0.0,0.0,0.0,,0.0,,1,🟢 Bon risque fidèle,14.286283,7.50908
CLT04379,23,Centre-Val de Loire,4,2,Téléphone,0.1883,2017-10-07,1.0,1269.0,1269.0,1.0,0.0,0.0,0.0,0.0,0.0,0.0,0.0,2,🔵 Risque modéré,-0.95110327,1.3847322
CLT04380,34,Auvergne-Rhône-Alpes,2,1,Web,0.2529,2016-12-07,1.0,762.0,762.0,1.0,1.0,96.0,96.0,0.0,1.0,0.0,0.12598425196850394,2,🔵 Risque modéré,-0.043247458,4.2366753
CLT04381,35,Auvergne-Rhône-Alpes,2,3,Web,0.3394,2018-09-25,1.0,1638.0,1638.0,1.0,0.0,0.0,0.0,0.0,0.0,0.0,0.0,2,🔵 Risque modéré,-1.1146455,1.7850062
CLT04382,48,Normandie,0,1,Web,0.2279,2016-12-14,1.0,2310.0,2310.0,1.0,0.0,0.0,0.0,0.0,0.0,0.0,0.0,2,🔵 Risque modéré,0.67540056,1.517055
CLT04383,55,Hauts-de-France,20,1,Partenaire banque,0.1904,2017-06-17,2.0,4062.0,2031.0,2.0,2.0,570.0,285.0,0.0,1.0,0.0,0.14032496307237813,2,🔵 Risque modéré,-0.8376441,6.8770957
CLT04384,18,Centre-Val de Loire,0,0,Agent,0.2437,2017-04-21,2.0,4225.0,2112.5,2.0,1.0,4378.0,4378.0,0.0,0.5,0.0,1.0362130177514792,2,🔵 Risque modéré,-4.346312,7.218743
CLT04385,45,Hauts-de-France,9,1,Web,0.01,2017-03-01,3.0,4246.0,1415.3333333333333,2.0,1.0,2114.0,2114.0,0.0,0.3333333333333333,0.0,0.49788035798398494,2,🔵 Risque modéré,-4.4095345,3.5695028
CLT04386,40,Grand Est,1,0,Téléphone,0.0674,2020-03-27,1.0,3261.0,3261.0,1.0,0.0,0.0,0.0,0.0,0.0,0.0,0.0,2,🔵 Risque modéré,3.0868819,10.210871
CLT04387,61,Nouvelle-Aquitaine,3,0,Web,0.01,2016-03-24,2.0,3970.0,1985.0,2.0,1.0,3604.0,3604.0,0.0,0.5,0.0,0.9078085642317381,2,🔵 Risque modéré,-5.00264,6.2246146
CLT04388,59,Grand Est,7,0,Courtier,0.01,2017-02-05,2.0,3094.0,1547.0,2.0,0.0,0.0,0.0,0.0,0.0,0.0,0.0,2,🔵 Risque modéré,-6.0235577,5.731529
CLT04389,38,Île-de-France,0,0,Courtier,0.0494,2020-08-13,1.0,617.0,617.0,1.0,1.0,178.0,178.0,1.0,1.0,1.0,0.2884927066450567,0,🟠 Risque élevé,-4.6525383,22.142418
CLT04390,40,Île-de-France,0,1,Courtier,0.0794,2017-08-02,1.0,601.0,601.0,1.0,0.0,0.0,0.0,0.0,0.0,0.0,0.0,2,🔵 Risque modéré,1.5559676,0.65624
CLT04391,24,Centre-Val de Loire,0,2,Courtier,0.3287,2018-07-02,2.0,1769.0,884.5,2.0,0.0,0.0,0.0,0.0,0.0,0.0,0.0,2,🔵 Risque modéré,-2.2560453,2.6924472
CLT04392,57,Grand Est,2,0,Web,0.2389,2018-07-20,1.0,596.0,596.0,1.0,1.0,344.0,344.0,0.0,1.0,0.0,0.5771812080536913,2,🔵 Risque modéré,0.6515224,5.820352
CLT04393,37,Hauts-de-France,2,0,Téléphone,0.126,2020-01-08,1.0,1024.0,1024.0,1.0,0.0,0.0,0.0,0.0,0.0,0.0,0.0,2,🔵 Risque modéré,1.7502749,11.48396
CLT04394,43,Auvergne-Rhône-Alpes,7,2,Courtier,0.2385,2018-06-06,2.0,2671.0,1335.5,2.0,1.0,2302.0,2302.0,0.0,0.5,0.0,0.8618494945713217,2,🔵 Risque modéré,-2.1339536,2.8815596
CLT04395,46,Normandie,8,2,Web,0.2394,2020-11-07,1.0,565.0,565.0,1.0,1.0,1008.0,1008.0,0.0,1.0,0.0,1.784070796460177,2,🔵 Risque modéré,-0.391186,4.5162497
CLT04396,18,Nouvelle-Aquitaine,2,0,Partenaire banque,0.2904,2020-02-09,1.0,1593.0,1593.0,1.0,0.0,0.0,0.0,0.0,0.0,0.0,0.0,2,🔵 Risque modéré,2.9557242,11.569521
CLT04397,38,Auvergne-Rhône-Alpes,7,1,Partenaire banque,0.1973,2020-07-05,,,,,0.0,0.0,0.0,0.0,,0.0,,1,🟢 Bon risque fidèle,14.109766,2.4204977
CLT04398,63,Auvergne-Rhône-Alpes,4,0,Agent,0.0284,2017-04-02,,,,,0.0,0.0,0.0,0.0,,0.0,,1,🟢 Bon risque fidèle,13.78037,8.182835
CLT04399,37,Auvergne-Rhône-Alpes,0,0,Web,0.0515,2018-11-06,1.0,2672.0,2672.0,1.0,0.0,0.0,0.0,0.0,0.0,0.0,0.0,2,🔵 Risque modéré,3.0176997,10.373853
CLT04400,52,Provence-Alpes-Côte d'Azur,12,2,Web,0.0662,2019-07-17,2.0,1570.0,785.0,2.0,3.0,1688.0,562.6666666666666,0.0,1.5,0.0,1.0751592356687898,2,🔵 Risque modéré,-4.179158,3.9020903
CLT04401,33,Grand Est,1,2,Agent,0.4487,2016-06-02,2.0,4834.0,2417.0,1.0,0.0,0.0,0.0,0.0,0.0,0.0,0.0,2,🔵 Risque modéré,-0.77882457,1.9696826
CLT04402,43,Provence-Alpes-Côte d'Azur,4,1,Téléphone,0.3002,2016-03-21,3.0,5035.0,1678.3333333333333,3.0,0.0,0.0,0.0,0.0,0.0,0.0,0.0,2,🔵 Risque modéré,-3.646192,3.7561095
CLT04403,18,Bretagne,1,1,Web,0.2488,2019-12-17,3.0,7623.0,2541.0,2.0,1.0,6356.0,6356.0,0.0,0.3333333333333333,0.0,0.8337924701561065,2,🔵 Risque modéré,-2.8852205,3.189031
CLT04404,18,Grand Est,4,0,Web,0.01,2020-09-21,1.0,1759.0,1759.0,1.0,0.0,0.0,0.0,0.0,0.0,0.0,0.0,2,🔵 Risque modéré,2.6434672,10.783998
CLT04405,42,Grand Est,9,0,Agent,0.01,2020-12-04,,,,,0.0,0.0,0.0,0.0,,0.0,,1,🟢 Bon risque fidèle,14.76286,5.670731
CLT04406,53,Île-de-France,5,0,Partenaire banque,0.2162,2019-07-10,3.0,5011.0,1670.3333333333333,3.0,2.0,4680.0,2340.0,0.0,0.6666666666666666,0.0,0.9339453202953503,2,🔵 Risque modéré,-4.5993204,5.5068283
CLT04407,44,Île-de-France,7,0,Web,0.0872,2019-04-17,1.0,1462.0,1462.0,1.0,0.0,0.0,0.0,0.0,0.0,0.0,0.0,2,🔵 Risque modéré,1.6404421,9.957048
CLT04408,53,Bretagne,2,0,Téléphone,0.1514,2017-03-28,1.0,2736.0,2736.0,1.0,1.0,2848.0,2848.0,0.0,1.0,0.0,1.04093567251462,2,🔵 Risque modéré,0.25952786,5.7173276
CLT04409,32,Occitanie,5,0,Web,0.0767,2016-11-08,,,,,0.0,0.0,0.0,0.0,,0.0,,1,🟢 Bon risque fidèle,15.363964,6.452751
CLT04410,49,Normandie,0,2,Téléphone,0.1946,2020-02-13,2.0,3985.0,1992.5,1.0,1.0,14362.0,14362.0,0.0,0.5,0.0,3.6040150564617317,3,🔴 Très haut risque,-2.1983013,5.012956
CLT04411,51,Normandie,0,0,Web,0.054,2017-02-12,2.0,2733.0,1366.5,2.0,3.0,1947.0,649.0,0.0,1.5,0.0,0.712403951701427,2,🔵 Risque modéré,-4.040595,6.3867793
CLT04412,66,Auvergne-Rhône-Alpes,0,0,Partenaire banque,0.1474,2020-10-23,2.0,4641.0,2320.5,1.0,0.0,0.0,0.0,0.0,0.0,0.0,0.0,2,🔵 Risque modéré,0.2968253,11.386908
CLT04413,19,Occitanie,5,1,Web,0.3207,2016-05-19,1.0,2631.0,2631.0,1.0,0.0,0.0,0.0,0.0,0.0,0.0,0.0,2,🔵 Risque modéré,0.8325934,1.9287559
CLT04414,47,Normandie,2,0,Courtier,0.01,2017-03-05,3.0,5217.0,1739.0,2.0,0.0,0.0,0.0,0.0,0.0,0.0,0.0,2,🔵 Risque modéré,-5.717825,6.5803237
CLT04415,25,Nouvelle-Aquitaine,0,0,Web,0.01,2019-11-11,,,,,0.0,0.0,0.0,0.0,,0.0,,1,🟢 Bon risque fidèle,16.472265,6.8098187
CLT04416,47,Hauts-de-France,7,0,Agent,0.179,2019-07-18,2.0,2960.0,1480.0,2.0,0.0,0.0,0.0,0.0,0.0,0.0,0.0,2,🔵 Risque modéré,-6.0486646,6.547256
CLT04417,70,Centre-Val de Loire,4,1,Web,0.0412,2017-12-17,,,,,0.0,0.0,0.0,0.0,,0.0,,1,🟢 Bon risque fidèle,13.365314,1.8716595
CLT04418,32,Normandie,4,2,Courtier,0.2865,2017-01-05,,,,,0.0,0.0,0.0,0.0,,0.0,,1,🟢 Bon risque fidèle,12.512896,2.7442021
CLT04419,44,Hauts-de-France,8,2,Téléphone,0.4175,2020-11-29,2.0,3610.0,1805.0,2.0,1.0,4203.0,4203.0,0.0,0.5,0.0,1.1642659279778393,2,🔵 Risque modéré,-1.9182471,3.234163
CLT04420,44,Hauts-de-France,4,1,Agent,0.1228,2018-10-02,,,,,0.0,0.0,0.0,0.0,,0.0,,1,🟢 Bon risque fidèle,14.019098,1.9841756
CLT04421,23,Bretagne,5,0,Courtier,0.1645,2019-01-19,2.0,2228.0,1114.0,2.0,1.0,198.0,198.0,0.0,0.5,0.0,0.08886894075403949,2,🔵 Risque modéré,-4.8560624,7.2585554
CLT04422,25,Normandie,0,1,Web,0.3031,2017-03-26,2.0,2976.0,1488.0,2.0,0.0,0.0,0.0,0.0,0.0,0.0,0.0,2,🔵 Risque modéré,-2.9108183,2.6318364
CLT04423,50,Auvergne-Rhône-Alpes,13,0,Partenaire banque,0.0217,2020-03-28,4.0,5462.0,1365.5,3.0,3.0,4026.0,1342.0,0.0,0.75,0.0,0.7370926400585865,2,🔵 Risque modéré,-5.072657,5.128688
CLT04424,34,Hauts-de-France,9,1,Courtier,0.2213,2018-07-06,1.0,830.0,830.0,1.0,0.0,0.0,0.0,0.0,0.0,0.0,0.0,2,🔵 Risque modéré,0.3282805,0.77815676
CLT04425,18,Provence-Alpes-Côte d'Azur,6,0,Web,0.01,2018-05-22,,,,,0.0,0.0,0.0,0.0,,0.0,,1,🟢 Bon risque fidèle,16.218197,6.2966466
CLT04426,54,Auvergne-Rhône-Alpes,14,1,Web,0.2624,2017-10-17,3.0,3070.0,1023.3333333333334,2.0,2.0,6076.0,3038.0,0.0,0.6666666666666666,0.0,1.9791530944625406,2,🔵 Risque modéré,-4.3204813,3.9531271
CLT04427,53,Auvergne-Rhône-Alpes,9,0,Web,0.0636,2018-03-28,1.0,2474.0,2474.0,1.0,1.0,19035.0,19035.0,0.0,1.0,0.0,7.694017784963622,3,🔴 Très haut risque,-1.6894096,6.508055
CLT04428,27,Nouvelle-Aquitaine,2,0,Agent,0.01,2018-09-19,,,,,0.0,0.0,0.0,0.0,,0.0,,1,🟢 Bon risque fidèle,15.960399,6.751001
CLT04429,71,Normandie,2,1,Agent,0.1751,2019-11-10,3.0,3908.0,1302.6666666666667,2.0,1.0,5974.0,5974.0,0.0,0.3333333333333333,0.0,1.5286591606960083,2,🔵 Risque modéré,-3.1180208,3.878796
CLT04430,54,Occitanie,0,1,Web,0.228,2017-07-04,,,,,0.0,0.0,0.0,0.0,,0.0,,1,🟢 Bon risque fidèle,13.509324,1.0378797
CLT04431,18,Grand Est,3,0,Web,0.0371,2020-10-10,,,,,0.0,0.0,0.0,0.0,,0.0,,1,🟢 Bon risque fidèle,16.438995,6.60441
CLT04432,22,Bretagne,7,1,Web,0.2952,2020-05-01,1.0,1939.0,1939.0,1.0,1.0,254.0,254.0,0.0,1.0,0.0,0.13099535843218155,2,🔵 Risque modéré,-0.050255876,4.045915
CLT04433,55,Provence-Alpes-Côte d'Azur,1,0,Web,0.0462,2017-10-14,4.0,6491.0,1622.75,2.0,3.0,27641.0,9213.666666666666,0.0,0.75,0.0,4.258357726082267,3,🔴 Très haut risque,-3.435622,6.2020197
CLT04434,23,Bretagne,1,0,Courtier,0.2352,2018-06-26,2.0,3069.0,1534.5,2.0,3.0,24910.0,8303.333333333334,0.0,1.5,0.0,8.11665037471489,3,🔴 Très haut risque,-1.4811107,5.5556445
CLT04435,32,Bretagne,0,0,Courtier,0.01,2016-04-23,1.0,2903.0,2903.0,1.0,0.0,0.0,0.0,0.0,0.0,0.0,0.0,2,🔵 Risque modéré,3.1008494,10.324588
CLT04436,44,Hauts-de-France,3,1,Courtier,0.1631,2017-03-26,3.0,3715.0,1238.3333333333333,2.0,3.0,1314.0,438.0,0.0,1.0,0.0,0.3537012113055182,2,🔵 Risque modéré,-3.2897718,3.643726
CLT04437,25,Provence-Alpes-Côte d'Azur,2,0,Agent,0.1274,2016-04-05,,,,,0.0,0.0,0.0,0.0,,0.0,,1,🟢 Bon risque fidèle,16.498077,7.3245177
CLT04438,64,Hauts-de-France,15,1,Courtier,0.1702,2017-03-31,1.0,2710.0,2710.0,1.0,0.0,0.0,0.0,0.0,0.0,0.0,0.0,2,🔵 Risque modéré,-0.0597967,0.3979682
CLT04439,55,Centre-Val de Loire,5,2,Téléphone,0.3284,2019-01-04,3.0,5941.0,1980.3333333333333,2.0,2.0,6681.0,3340.5,0.0,0.6666666666666666,0.0,1.1245581551927284,2,🔵 Risque modéré,-1.9835936,3.38829
CLT04440,43,Occitanie,1,0,Agent,0.0725,2016-08-15,,,,,0.0,0.0,0.0,0.0,,0.0,,1,🟢 Bon risque fidèle,15.103827,7.6498632
CLT04441,58,Centre-Val de Loire,0,1,Agent,0.1626,2016-09-23,2.0,2896.0,1448.0,2.0,2.0,15058.0,7529.0,0.0,1.0,0.0,5.199585635359116,3,🔴 Très haut risque,-2.1839979,4.840492
CLT04442,37,Centre-Val de Loire,0,3,Courtier,0.3208,2020-01-21,2.0,1840.0,920.0,2.0,2.0,25525.0,12762.5,0.0,1.0,0.0,13.872282608695652,3,🔴 Très haut risque,-1.7566235,5.1692615
CLT04443,23,Île-de-France,1,0,Téléphone,0.1159,2016-07-05,2.0,3620.0,1810.0,1.0,0.0,0.0,0.0,0.0,0.0,0.0,0.0,2,🔵 Risque modéré,2.835176,11.264942
CLT04444,35,Provence-Alpes-Côte d'Azur,1,1,Téléphone,0.2156,2020-04-21,1.0,1705.0,1705.0,1.0,0.0,0.0,0.0,0.0,0.0,0.0,0.0,2,🔵 Risque modéré,1.253009,1.5501903
CLT04445,18,Grand Est,6,0,Web,0.119,2016-04-12,1.0,3125.0,3125.0,1.0,0.0,0.0,0.0,0.0,0.0,0.0,0.0,2,🔵 Risque modéré,3.2600298,10.722173
CLT04446,53,Grand Est,2,0,Web,0.0104,2019-01-03,2.0,1862.0,931.0,2.0,1.0,713.0,713.0,0.0,0.5,0.0,0.382921589688507,2,🔵 Risque modéré,-5.002411,6.280758
CLT04447,60,Occitanie,0,0,Partenaire banque,0.1836,2020-09-14,2.0,2864.0,1432.0,2.0,1.0,6916.0,6916.0,0.0,0.5,0.0,2.414804469273743,2,🔵 Risque modéré,-4.125087,6.314353
CLT04448,34,Grand Est,5,1,Courtier,0.0202,2020-01-12,1.0,2592.0,2592.0,1.0,0.0,0.0,0.0,0.0,0.0,0.0,0.0,2,🔵 Risque modéré,0.39310023,1.1809478
CLT04449,31,Occitanie,0,0,Web,0.011,2016-11-28,3.0,7559.0,2519.6666666666665,2.0,0.0,0.0,0.0,0.0,0.0,0.0,0.0,2,🔵 Risque modéré,-5.534183,7.070136
CLT04450,43,Provence-Alpes-Côte d'Azur,6,1,Web,0.1194,2017-03-19,1.0,1087.0,1087.0,1.0,0.0,0.0,0.0,0.0,0.0,0.0,0.0,2,🔵 Risque modéré,0.5535535,0.4679959
CLT04451,51,Grand Est,7,0,Agent,0.01,2016-01-30,1.0,771.0,771.0,1.0,1.0,238.0,238.0,0.0,1.0,0.0,0.3086900129701686,2,🔵 Risque modéré,0.36076742,6.477357
CLT04452,38,Île-de-France,2,0,Téléphone,0.01,2020-03-28,,,,,0.0,0.0,0.0,0.0,,0.0,,1,🟢 Bon risque fidèle,15.234272,6.9644947
CLT04453,43,Grand Est,1,1,Web,0.2088,2018-03-27,1.0,875.0,875.0,1.0,1.0,323.0,323.0,0.0,1.0,0.0,0.36914285714285716,2,🔵 Risque modéré,0.024765775,4.39465
CLT04454,36,Normandie,9,1,Web,0.0157,2017-08-04,,,,,0.0,0.0,0.0,0.0,,0.0,,1,🟢 Bon risque fidèle,14.276582,2.700533
CLT04455,42,Hauts-de-France,3,0,Web,0.01,2019-07-19,1.0,1854.0,1854.0,1.0,0.0,0.0,0.0,0.0,0.0,0.0,0.0,2,🔵 Risque modéré,1.8433689,10.350991
CLT04456,33,Occitanie,0,0,Web,0.1187,2020-03-17,,,,,0.0,0.0,0.0,0.0,,0.0,,1,🟢 Bon risque fidèle,15.999801,7.6961184
CLT04457,47,Auvergne-Rhône-Alpes,1,0,Téléphone,0.01,2018-02-14,1.0,901.0,901.0,1.0,0.0,0.0,0.0,0.0,0.0,0.0,0.0,2,🔵 Risque modéré,1.1918067,10.910841
CLT04458,41,Bretagne,5,0,Web,0.2094,2020-02-27,,,,,0.0,0.0,0.0,0.0,,0.0,,1,🟢 Bon risque fidèle,15.376606,7.8165164
CLT04459,62,Hauts-de-France,3,1,Téléphone,0.2216,2016-06-07,,,,,0.0,0.0,0.0,0.0,,0.0,,1,🟢 Bon risque fidèle,13.318393,1.4064939
CLT04460,40,Auvergne-Rhône-Alpes,3,0,Courtier,0.1214,2019-12-13,1.0,1605.0,1605.0,1.0,1.0,7339.0,7339.0,0.0,1.0,0.0,4.572585669781931,3,🔴 Très haut risque,-0.13864462,5.985301
CLT04461,26,Bretagne,7,0,Web,0.01,2020-03-02,2.0,2939.0,1469.5,2.0,2.0,11660.0,5830.0,0.0,1.0,0.0,3.9673358285130997,3,🔴 Très haut risque,-3.3719194,6.475399
CLT04462,54,Grand Est,1,0,Agent,0.0818,2016-11-08,1.0,1640.0,1640.0,1.0,0.0,0.0,0.0,0.0,0.0,0.0,0.0,2,🔵 Risque modéré,0.42525077,11.024983
CLT04463,66,Auvergne-Rhône-Alpes,2,0,Agent,0.0231,2020-06-13,,,,,0.0,0.0,0.0,0.0,,0.0,,1,🟢 Bon risque fidèle,13.741427,8.405514
CLT04464,25,Bretagne,5,0,Web,0.1317,2019-05-27,1.0,1557.0,1557.0,1.0,0.0,0.0,0.0,0.0,0.0,0.0,0.0,2,🔵 Risque modéré,2.5482533,10.873852
CLT04465,65,Hauts-de-France,7,2,Agent,0.12,2018-05-22,1.0,1590.0,1590.0,1.0,0.0,0.0,0.0,0.0,0.0,0.0,0.0,2,🔵 Risque modéré,-0.4137491,1.0878752
CLT04466,37,Grand Est,8,2,Agent,0.1816,2017-09-12,1.0,2747.0,2747.0,1.0,0.0,0.0,0.0,0.0,0.0,0.0,0.0,2,🔵 Risque modéré,0.031207826,1.4652542
CLT04467,71,Hauts-de-France,4,1,Courtier,0.2123,2016-07-25,,,,,0.0,0.0,0.0,0.0,,0.0,,1,🟢 Bon risque fidèle,13.234936,1.5323162
CLT04468,26,Hauts-de-France,0,0,Partenaire banque,0.052,2019-03-28,1.0,555.0,555.0,1.0,0.0,0.0,0.0,0.0,0.0,0.0,0.0,2,🔵 Risque modéré,2.2557259,11.52012
CLT04469,32,Normandie,1,2,Courtier,0.2643,2018-05-31,2.0,2131.0,1065.5,2.0,2.0,11636.0,5818.0,0.0,1.0,0.0,5.460347254809949,3,🔴 Très haut risque,-1.915814,4.011756
CLT04470,33,Auvergne-Rhône-Alpes,0,1,Web,0.1606,2018-04-14,,,,,0.0,0.0,0.0,0.0,,0.0,,1,🟢 Bon risque fidèle,14.927413,1.5606943
CLT04471,47,Grand Est,2,1,Web,0.1437,2017-08-07,5.0,6401.0,1280.2,3.0,0.0,0.0,0.0,0.0,0.0,0.0,0.0,2,🔵 Risque modéré,-3.9182057,4.171797
CLT04472,43,Grand Est,8,1,Courtier,0.01,2018-02-24,1.0,1715.0,1715.0,1.0,0.0,0.0,0.0,0.0,0.0,0.0,0.0,2,🔵 Risque modéré,0.2767224,0.5985027
CLT04473,35,Île-de-France,14,1,Partenaire banque,0.01,2020-02-01,2.0,2674.0,1337.0,1.0,1.0,1243.0,1243.0,0.0,0.5,0.0,0.4648466716529544,2,🔵 Risque modéré,-0.14394186,0.9414789
CLT04474,63,Bretagne,2,2,Partenaire banque,0.034,2020-04-13,2.0,3096.0,1548.0,2.0,1.0,3797.0,3797.0,0.0,0.5,0.0,1.226421188630491,2,🔵 Risque modéré,-3.223822,3.6173985
CLT04475,18,Grand Est,0,1,Agent,0.2307,2018-07-17,,,,,0.0,0.0,0.0,0.0,,0.0,,1,🟢 Bon risque fidèle,15.1020975,1.2449864
CLT04476,50,Occitanie,6,2,Courtier,0.3293,2016-02-22,2.0,2981.0,1490.5,2.0,2.0,3404.0,1702.0,0.0,1.0,0.0,1.1418986917141898,2,🔵 Risque modéré,-1.8429129,3.47362
CLT04477,47,Bretagne,5,0,Agent,0.01,2018-07-06,,,,,0.0,0.0,0.0,0.0,,0.0,,1,🟢 Bon risque fidèle,14.470262,6.3698783
CLT04478,53,Provence-Alpes-Côte d'Azur,7,0,Courtier,0.1024,2016-08-13,2.0,4854.0,2427.0,2.0,0.0,0.0,0.0,0.0,0.0,0.0,0.0,2,🔵 Risque modéré,-6.2826385,6.314571
CLT04479,25,Hauts-de-France,5,0,Web,0.1577,2020-07-18,4.0,7252.0,1813.0,3.0,5.0,24582.0,4916.4,0.0,1.25,0.0,3.3896856039713184,3,🔴 Très haut risque,-4.0961127,5.524371
CLT04480,20,Auvergne-Rhône-Alpes,0,0,Web,0.3163,2016-12-14,1.0,2367.0,2367.0,1.0,0.0,0.0,0.0,0.0,0.0,0.0,0.0,2,🔵 Risque modéré,3.1205595,11.262346
CLT04481,44,Occitanie,7,0,Téléphone,0.01,2018-10-02,1.0,536.0,536.0,1.0,1.0,202.0,202.0,0.0,1.0,0.0,0.376865671641791,2,🔵 Risque modéré,0.3659034,6.4899983
CLT04482,40,Centre-Val de Loire,5,0,Web,0.01,2016-10-18,3.0,3682.0,1227.3333333333333,2.0,2.0,3741.0,1870.5,0.0,0.6666666666666666,0.0,1.0160239000543183,2,🔵 Risque modéré,-4.666011,6.3546786
CLT04483,29,Bretagne,2,0,Agent,0.01,2018-08-29,,,,,0.0,0.0,0.0,0.0,,0.0,,1,🟢 Bon risque fidèle,15.9453745,6.721232
CLT04484,60,Grand Est,3,0,Agent,0.01,2019-03-08,,,,,0.0,0.0,0.0,0.0,,0.0,,1,🟢 Bon risque fidèle,13.7316475,8.179708
CLT04485,36,Occitanie,10,0,Web,0.2228,2018-10-09,1.0,2115.0,2115.0,1.0,0.0,0.0,0.0,0.0,0.0,0.0,0.0,2,🔵 Risque modéré,2.2701058,9.907355
CLT04486,55,Hauts-de-France,1,1,Courtier,0.2825,2020-02-27,3.0,5538.0,1846.0,2.0,2.0,18750.0,9375.0,0.0,0.6666666666666666,0.0,3.3856988082340194,3,🔴 Très haut risque,-2.515661,4.5186934
CLT04487,29,Provence-Alpes-Côte d'Azur,1,1,Téléphone,0.2334,2016-03-17,1.0,3061.0,3061.0,1.0,0.0,0.0,0.0,0.0,0.0,0.0,0.0,2,🔵 Risque modéré,0.4930882,1.8512399
CLT04488,18,Provence-Alpes-Côte d'Azur,4,0,Agent,0.1154,2019-05-13,,,,,0.0,0.0,0.0,0.0,,0.0,,1,🟢 Bon risque fidèle,16.483498,7.083505
CLT04489,18,Bretagne,0,0,Téléphone,0.0659,2017-07-05,1.0,871.0,871.0,1.0,0.0,0.0,0.0,0.0,0.0,0.0,0.0,2,🔵 Risque modéré,2.5170693,11.534524
CLT04490,34,Occitanie,0,0,Agent,0.0919,2020-06-17,4.0,5305.0,1326.25,2.0,4.0,20379.0,5094.75,0.0,1.0,0.0,3.8414703110273325,3,🔴 Très haut risque,-3.9461539,6.033418
CLT04491,24,Normandie,2,0,Courtier,0.1237,2017-10-05,1.0,953.0,953.0,1.0,0.0,0.0,0.0,0.0,0.0,0.0,0.0,2,🔵 Risque modéré,2.436882,11.648757
CLT04492,33,Occitanie,2,1,Web,0.2816,2019-12-24,2.0,2973.0,1486.5,1.0,0.0,0.0,0.0,0.0,0.0,0.0,0.0,2,🔵 Risque modéré,1.085652,1.9455094
CLT04493,50,Normandie,2,0,Courtier,0.1909,2020-10-26,1.0,1724.0,1724.0,1.0,0.0,0.0,0.0,0.0,0.0,0.0,0.0,2,🔵 Risque modéré,0.98244023,11.590359
CLT04494,42,Auvergne-Rhône-Alpes,9,0,Partenaire banque,0.0301,2018-05-23,2.0,2422.0,1211.0,1.0,0.0,0.0,0.0,0.0,0.0,0.0,0.0,2,🔵 Risque modéré,1.5109048,9.423569
CLT04495,54,Auvergne-Rhône-Alpes,1,1,Courtier,0.1863,2020-04-01,,,,,0.0,0.0,0.0,0.0,,0.0,,1,🟢 Bon risque fidèle,13.543304,1.2459228
CLT04496,40,Île-de-France,0,1,Web,0.2902,2020-03-14,3.0,3819.0,1273.0,2.0,1.0,1486.0,1486.0,0.0,0.3333333333333333,0.0,0.3891070960984551,2,🔵 Risque modéré,-3.0942507,3.0583992
CLT04497,40,Auvergne-Rhône-Alpes,0,1,Web,0.101,2018-06-17,2.0,2279.0,1139.5,1.0,0.0,0.0,0.0,0.0,0.0,0.0,0.0,2,🔵 Risque modéré,1.4294168,0.8267557
CLT04498,31,Auvergne-Rhône-Alpes,3,1,Web,0.1085,2018-05-20,1.0,2210.0,2210.0,1.0,1.0,8428.0,8428.0,0.0,1.0,0.0,3.8135746606334844,3,🔴 Très haut risque,-0.18598513,5.31794
CLT04499,43,Normandie,6,0,Web,0.01,2020-07-04,,,,,0.0,0.0,0.0,0.0,,0.0,,1,🟢 Bon risque fidèle,14.634923,6.2263584
CLT04500,49,Grand Est,3,0,Courtier,0.2204,2020-03-15,,,,,0.0,0.0,0.0,0.0,,0.0,,1,🟢 Bon risque fidèle,15.032285,8.441026
CLT04501,44,Grand Est,1,1,Courtier,0.1833,2016-01-21,2.0,1674.0,837.0,1.0,0.0,0.0,0.0,0.0,0.0,0.0,0.0,2,🔵 Risque modéré,1.3493944,0.88952625
CLT04502,40,Hauts-de-France,11,0,Web,0.01,2017-08-27,,,,,0.0,0.0,0.0,0.0,,0.0,,1,🟢 Bon risque fidèle,14.747726,5.5001945
CLT04503,36,Hauts-de-France,3,2,Courtier,0.3307,2019-06-15,3.0,5131.0,1710.3333333333333,3.0,1.0,517.0,517.0,0.0,0.3333333333333333,0.0,0.10076008575326446,2,🔵 Risque modéré,-2.346262,3.179956
CLT04504,30,Provence-Alpes-Côte d'Azur,0,0,Courtier,0.01,2016-12-07,2.0,2282.0,1141.0,2.0,1.0,2606.0,2606.0,0.0,0.5,0.0,1.1419807186678352,2,🔵 Risque modéré,-4.735354,7.2397223
CLT04505,30,Nouvelle-Aquitaine,17,0,Web,0.183,2019-11-05,,,,,0.0,0.0,0.0,0.0,,0.0,,1,🟢 Bon risque fidèle,14.568338,4.864313
CLT04506,72,Occitanie,0,1,Téléphone,0.1646,2020-01-05,2.0,2852.0,1426.0,1.0,1.0,3216.0,3216.0,0.0,0.5,0.0,1.1276297335203367,2,🔵 Risque modéré,-0.4315834,4.5727153
CLT04507,40,Provence-Alpes-Côte d'Azur,10,1,Courtier,0.0857,2017-05-31,2.0,2945.0,1472.5,1.0,1.0,9501.0,9501.0,0.0,0.5,0.0,3.226146010186757,3,🔴 Très haut risque,-1.0733954,6.2837567
CLT04508,18,Normandie,3,0,Courtier,0.1736,2017-11-09,3.0,5390.0,1796.6666666666667,2.0,2.0,61412.0,30706.0,1.0,0.6666666666666666,0.5,11.393692022263451,3,🔴 Très haut risque,-2.1795466,6.474516
CLT04509,48,Nouvelle-Aquitaine,0,0,Web,0.0177,2020-01-06,1.0,1244.0,1244.0,1.0,0.0,0.0,0.0,0.0,0.0,0.0,0.0,2,🔵 Risque modéré,1.0607479,10.883802
CLT04510,49,Normandie,3,0,Web,0.1742,2018-05-04,3.0,5245.0,1748.3333333333333,1.0,3.0,23351.0,7783.666666666667,0.0,1.0,0.0,4.452049571020019,3,🔴 Très haut risque,-0.28401604,6.194578
CLT04511,64,Nouvelle-Aquitaine,5,0,Web,0.01,2016-05-19,4.0,6026.0,1506.5,3.0,1.0,279.0,279.0,0.0,0.25,0.0,0.04629936939926983,2,🔵 Risque modéré,-4.9808064,5.150552
CLT04512,59,Île-de-France,3,0,Web,0.0363,2017-01-21,1.0,950.0,950.0,1.0,1.0,2509.0,2509.0,0.0,1.0,0.0,2.6410526315789475,2,🔵 Risque modéré,0.3102652,6.331687
CLT04513,43,Occitanie,9,2,Agent,0.1467,2019-01-08,2.0,2614.0,1307.0,2.0,0.0,0.0,0.0,0.0,0.0,0.0,0.0,2,🔵 Risque modéré,-2.2996023,2.5396512
CLT04514,24,Normandie,1,1,Web,0.1314,2016-05-07,1.0,2842.0,2842.0,1.0,0.0,0.0,0.0,0.0,0.0,0.0,0.0,2,🔵 Risque modéré,0.6702521,1.6750752
CLT04515,18,Centre-Val de Loire,1,0,Courtier,0.3321,2016-11-18,,,,,0.0,0.0,0.0,0.0,,0.0,,1,🟢 Bon risque fidèle,16.659073,7.8170366
CLT04516,20,Auvergne-Rhône-Alpes,0,0,Courtier,0.1785,2019-02-21,,,,,0.0,0.0,0.0,0.0,,0.0,,1,🟢 Bon risque fidèle,16.727024,7.612201
CLT04517,38,Occitanie,20,0,Web,0.01,2016-01-31,1.0,475.0,475.0,1.0,0.0,0.0,0.0,0.0,0.0,0.0,0.0,2,🔵 Risque modéré,1.7577716,8.705309
CLT04518,30,Occitanie,3,0,Web,0.1181,2020-08-09,3.0,5819.0,1939.6666666666667,2.0,0.0,0.0,0.0,0.0,0.0,0.0,0.0,2,🔵 Risque modéré,-5.4697366,7.0726933
CLT04519,48,Bretagne,0,1,Courtier,0.3451,2017-09-20,3.0,5628.0,1876.0,1.0,1.0,17256.0,17256.0,0.0,0.3333333333333333,0.0,3.066098081023454,3,🔴 Très haut risque,-2.29612,5.230205
CLT04520,19,Provence-Alpes-Côte d'Azur,5,0,Agent,0.0904,2018-04-07,2.0,3427.0,1713.5,2.0,0.0,0.0,0.0,0.0,0.0,0.0,0.0,2,🔵 Risque modéré,-5.3989043,7.018987
CLT04521,52,Hauts-de-France,6,0,Courtier,0.0908,2019-08-08,3.0,4393.0,1464.3333333333333,1.0,1.0,4239.0,4239.0,0.0,0.3333333333333333,0.0,0.9649442294559527,2,🔵 Risque modéré,0.7648226,9.645675
CLT04522,20,Occitanie,2,0,Web,0.01,2016-11-10,,,,,0.0,0.0,0.0,0.0,,0.0,,1,🟢 Bon risque fidèle,16.51944,6.6935854
CLT04523,51,Auvergne-Rhône-Alpes,3,1,Agent,0.01,2017-07-29,2.0,2920.0,1460.0,1.0,1.0,3106.0,3106.0,0.0,0.5,0.0,1.0636986301369864,2,🔵 Risque modéré,1.0869114,0.45733836
CLT04524,51,Nouvelle-Aquitaine,6,0,Web,0.01,2016-07-30,1.0,1160.0,1160.0,1.0,1.0,225.0,225.0,0.0,1.0,0.0,0.1939655172413793,2,🔵 Risque modéré,0.3739008,6.4734817
CLT04525,28,Nouvelle-Aquitaine,1,2,Agent,0.3295,2019-04-19,2.0,3015.0,1507.5,2.0,1.0,7282.0,7282.0,0.0,0.5,0.0,2.415257048092869,3,🔴 Très haut risque,-1.9509016,3.6190972
CLT04526,52,Bretagne,12,0,Web,0.0448,2020-05-02,2.0,2732.0,1366.0,1.0,2.0,11147.0,5573.5,0.0,1.0,0.0,4.080161054172767,3,🔴 Très haut risque,-0.76888037,6.689487
CLT04527,18,Centre-Val de Loire,0,0,Agent,0.3036,2020-07-13,2.0,1844.0,922.0,2.0,2.0,799.0,399.5,0.0,1.0,0.0,0.43329718004338397,2,🔵 Risque modéré,-4.4582877,7.3631816
CLT04528,50,Centre-Val de Loire,8,0,Agent,0.0771,2018-08-29,1.0,1052.0,1052.0,1.0,2.0,697.0,348.5,0.0,2.0,0.0,0.6625475285171103,2,🔵 Risque modéré,-0.67107254,5.903683
CLT04529,28,Occitanie,0,1,Web,0.2068,2020-05-25,4.0,6212.0,1553.0,3.0,1.0,281.0,281.0,0.0,0.25,0.0,0.045235028976175144,2,🔵 Risque modéré,-3.5230324,3.9216301
CLT04530,66,Occitanie,0,0,Partenaire banque,0.016,2016-07-08,,,,,0.0,0.0,0.0,0.0,,0.0,,1,🟢 Bon risque fidèle,13.798552,8.490156
CLT04531,44,Centre-Val de Loire,14,4,Web,0.2462,2016-12-05,2.0,2781.0,1390.5,1.0,1.0,305.0,305.0,0.0,0.5,0.0,0.1096727795756922,2,🔵 Risque modéré,-1.1083645,1.4728994
CLT04532,18,Normandie,6,0,Téléphone,0.1452,2017-10-26,,,,,0.0,0.0,0.0,0.0,,0.0,,1,🟢 Bon risque fidèle,16.144512,6.5619864
CLT04533,29,Auvergne-Rhône-Alpes,4,1,Téléphone,0.2796,2016-04-18,1.0,1663.0,1663.0,1.0,0.0,0.0,0.0,0.0,0.0,0.0,0.0,2,🔵 Risque modéré,1.1430535,1.8978653
CLT04534,51,Nouvelle-Aquitaine,1,0,Courtier,0.1502,2018-06-21,1.0,1085.0,1085.0,1.0,0.0,0.0,0.0,0.0,0.0,0.0,0.0,2,🔵 Risque modéré,0.9848579,11.546668
CLT04535,33,Bretagne,0,1,Agent,0.1417,2017-11-02,1.0,900.0,900.0,1.0,0.0,0.0,0.0,0.0,0.0,0.0,0.0,2,🔵 Risque modéré,1.6631395,1.1364622
CLT04536,37,Hauts-de-France,2,2,Courtier,0.3302,2016-08-30,2.0,3268.0,1634.0,2.0,2.0,1834.0,917.0,0.0,1.0,0.0,0.5611995104039168,2,🔵 Risque modéré,-1.8652388,3.5206707
CLT04537,55,Occitanie,1,0,Courtier,0.0572,2018-02-13,4.0,5208.0,1302.0,2.0,2.0,17431.0,8715.5,1.0,0.5,0.5,3.3469662058371736,0,🟠 Risque élevé,-3.1202,5.2012424
CLT04538,62,Bretagne,0,1,Agent,0.1721,2017-12-30,2.0,1700.0,850.0,2.0,0.0,0.0,0.0,0.0,0.0,0.0,0.0,2,🔵 Risque modéré,-3.5151806,3.262408
CLT04539,39,Hauts-de-France,1,0,Téléphone,0.1273,2017-10-13,1.0,389.0,389.0,1.0,1.0,89.0,89.0,1.0,1.0,1.0,0.22879177377892032,0,🟠 Risque élevé,-4.6356616,22.160275
CLT04540,60,Grand Est,4,3,Web,0.2802,2019-05-26,1.0,1031.0,1031.0,1.0,0.0,0.0,0.0,0.0,0.0,0.0,0.0,2,🔵 Risque modéré,-0.8635333,1.8207959
CLT04541,46,Occitanie,6,0,Partenaire banque,0.2204,2019-07-23,,,,,0.0,0.0,0.0,0.0,,0.0,,1,🟢 Bon risque fidèle,14.992005,6.6617355
CLT04542,54,Hauts-de-France,0,0,Agent,0.1735,2020-09-18,,,,,0.0,0.0,0.0,0.0,,0.0,,1,🟢 Bon risque fidèle,14.896678,8.807815
CLT04543,18,Bretagne,0,0,Courtier,0.2489,2018-10-02,1.0,844.0,844.0,1.0,0.0,0.0,0.0,0.0,0.0,0.0,0.0,2,🔵 Risque modéré,2.7272263,11.802307
CLT04544,21,Hauts-de-France,0,0,Agent,0.1314,2019-02-18,,,,,0.0,0.0,0.0,0.0,,0.0,,1,🟢 Bon risque fidèle,16.693398,7.3170605
CLT04545,21,Bretagne,3,1,Agent,0.2507,2017-01-01,3.0,4239.0,1413.0,2.0,3.0,16559.0,5519.666666666667,0.0,1.0,0.0,3.906345836282142,3,🔴 Très haut risque,-2.5842886,3.7516422
CLT04546,77,Île-de-France,2,0,Téléphone,0.0116,2020-10-19,1.0,900.0,900.0,1.0,1.0,443.0,443.0,0.0,1.0,0.0,0.4922222222222222,2,🔵 Risque modéré,0.3636637,6.4108305
CLT04547,31,Normandie,20,0,Agent,0.01,2017-12-11,,,,,0.0,0.0,0.0,0.0,,0.0,,1,🟢 Bon risque fidèle,14.565956,4.874352
CLT04548,54,Bretagne,4,0,Web,0.0943,2019-02-22,,,,,0.0,0.0,0.0,0.0,,0.0,,1,🟢 Bon risque fidèle,14.423107,8.088424
CLT04549,68,Occitanie,13,1,Courtier,0.01,2017-01-03,3.0,4797.0,1599.0,2.0,0.0,0.0,0.0,0.0,0.0,0.0,0.0,2,🔵 Risque modéré,-4.7594604,3.9006176
CLT04550,35,Île-de-France,1,0,Web,0.1722,2018-01-11,,,,,0.0,0.0,0.0,0.0,,0.0,,1,🟢 Bon risque fidèle,15.998618,7.9753685
CLT04551,50,Grand Est,2,0,Web,0.01,2019-04-17,1.0,994.0,994.0,1.0,0.0,0.0,0.0,0.0,0.0,0.0,0.0,2,🔵 Risque modéré,0.977861,10.747877
CLT04552,18,Hauts-de-France,17,1,Web,0.0261,2018-01-27,1.0,1873.0,1873.0,1.0,0.0,0.0,0.0,0.0,0.0,0.0,0.0,2,🔵 Risque modéré,1.9925712,8.837757
CLT04553,38,Hauts-de-France,4,1,Courtier,0.2251,2016-01-29,3.0,3890.0,1296.6666666666667,1.0,3.0,3902.0,1300.6666666666667,1.0,1.0,0.3333333333333333,1.0030848329048843,0,🟠 Risque élevé,-2.9376621,4.9392343
CLT04554,25,Centre-Val de Loire,1,2,Web,0.3932,2019-08-20,1.0,1130.0,1130.0,1.0,1.0,572.0,572.0,0.0,1.0,0.0,0.5061946902654867,2,🔵 Risque modéré,-0.71563846,3.975682
CLT04555,33,Hauts-de-France,4,0,Agent,0.01,2018-03-28,2.0,1529.0,764.5,1.0,1.0,928.0,928.0,0.0,0.5,0.0,0.6069326357096141,2,🔵 Risque modéré,0.9908437,9.618141
CLT04556,36,Île-de-France,3,0,Partenaire banque,0.2269,2019-12-15,2.0,3497.0,1748.5,2.0,1.0,25012.0,25012.0,0.0,0.5,0.0,7.152416356877324,3,🔴 Très haut risque,-2.3176286,6.418912
CLT04557,52,Hauts-de-France,9,0,Web,0.01,2016-04-29,,,,,0.0,0.0,0.0,0.0,,0.0,,1,🟢 Bon risque fidèle,14.359824,5.617285
CLT04558,68,Centre-Val de Loire,1,0,Téléphone,0.1201,2020-11-04,1.0,2067.0,2067.0,1.0,0.0,0.0,0.0,0.0,0.0,0.0,0.0,2,🔵 Risque modéré,0.30848807,11.297836
CLT04559,77,Normandie,0,0,Partenaire banque,0.1135,2019-07-20,,,,,0.0,0.0,0.0,0.0,,0.0,,1,🟢 Bon risque fidèle,13.995863,8.730784
CLT04560,33,Normandie,3,0,Courtier,0.01,2018-08-29,1.0,1024.0,1024.0,1.0,0.0,0.0,0.0,0.0,0.0,0.0,0.0,2,🔵 Risque modéré,2.0798101,10.93911
CLT04561,51,Grand Est,0,0,Téléphone,0.0603,2016-03-21,3.0,5345.0,1781.6666666666667,1.0,0.0,0.0,0.0,0.0,0.0,0.0,0.0,2,🔵 Risque modéré,0.8924614,10.437132
CLT04562,43,Provence-Alpes-Côte d'Azur,5,0,Web,0.0981,2020-01-02,2.0,3058.0,1529.0,1.0,2.0,56716.0,28358.0,1.0,1.0,0.5,18.546762589928058,3,🔴 Très haut risque,-1.9702487,6.4246125
CLT04563,30,Nouvelle-Aquitaine,2,1,Agent,0.2083,2016-12-30,2.0,3431.0,1715.5,1.0,1.0,8158.0,8158.0,0.0,0.5,0.0,2.3777324395220054,2,🔵 Risque modéré,0.0079343,3.619887
CLT04564,18,Nouvelle-Aquitaine,6,2,Web,0.0859,2020-09-06,3.0,6582.0,2194.0,1.0,0.0,0.0,0.0,0.0,0.0,0.0,0.0,2,🔵 Risque modéré,-0.16317034,1.3770692
CLT04565,39,Auvergne-Rhône-Alpes,4,2,Web,0.2012,2019-07-31,1.0,2201.0,2201.0,1.0,4.0,26790.0,6697.5,0.0,4.0,0.0,12.171740118128124,3,🔴 Très haut risque,-1.3642983,5.314401
CLT04566,51,Île-de-France,0,0,Web,0.3175,2020-10-24,2.0,5055.0,2527.5,2.0,3.0,37008.0,12336.0,0.0,1.5,0.0,7.32106824925816,3,🔴 Très haut risque,-1.7441194,5.558556
CLT04567,50,Grand Est,1,1,Web,0.1962,2020-10-14,2.0,2681.0,1340.5,2.0,1.0,5808.0,5808.0,0.0,0.5,0.0,2.1663558373741143,2,🔵 Risque modéré,-2.9257333,3.855845
CLT04568,31,Occitanie,0,0,Agent,0.04,2020-02-21,,,,,0.0,0.0,0.0,0.0,,0.0,,1,🟢 Bon risque fidèle,15.882877,7.112815
CLT04569,41,Île-de-France,17,1,Web,0.0611,2019-10-10,1.0,1389.0,1389.0,1.0,1.0,3711.0,3711.0,0.0,1.0,0.0,2.67170626349892,2,🔵 Risque modéré,-0.663351,6.777949
CLT04570,40,Provence-Alpes-Côte d'Azur,1,1,Téléphone,0.0865,2016-12-14,,,,,0.0,0.0,0.0,0.0,,0.0,,1,🟢 Bon risque fidèle,14.417374,1.8034431
CLT04571,74,Centre-Val de Loire,2,1,Agent,0.0714,2018-01-22,1.0,1174.0,1174.0,1.0,0.0,0.0,0.0,0.0,0.0,0.0,0.0,2,🔵 Risque modéré,0.875512,0.3429299
CLT04572,59,Grand Est,3,0,Web,0.0177,2019-09-24,1.0,1731.0,1731.0,1.0,0.0,0.0,0.0,0.0,0.0,0.0,0.0,2,🔵 Risque modéré,0.56352955,10.466899
CLT04573,43,Bretagne,7,0,Courtier,0.0611,2019-10-01,1.0,3129.0,3129.0,1.0,0.0,0.0,0.0,0.0,0.0,0.0,0.0,2,🔵 Risque modéré,2.7242532,9.784962
CLT04574,40,Île-de-France,6,2,Web,0.4571,2020-08-18,1.0,1270.0,1270.0,1.0,2.0,1189.0,594.5,1.0,2.0,0.5,0.9362204724409449,0,🟠 Risque élevé,-2.707924,4.9372735
CLT04575,18,Grand Est,2,1,Web,0.1783,2017-07-02,1.0,976.0,976.0,1.0,1.0,6720.0,6720.0,0.0,1.0,0.0,6.885245901639344,3,🔴 Très haut risque,-0.35233462,5.283926
CLT04576,18,Auvergne-Rhône-Alpes,1,0,Web,0.2435,2016-04-03,1.0,1745.0,1745.0,1.0,0.0,0.0,0.0,0.0,0.0,0.0,0.0,2,🔵 Risque modéré,2.9899814,11.563756
CLT04577,41,Hauts-de-France,0,1,Agent,0.1356,2019-11-13,1.0,1476.0,1476.0,1.0,2.0,4133.0,2066.5,0.0,2.0,0.0,2.8001355013550135,3,🔴 Très haut risque,-0.88573194,5.367415
CLT04578,44,Grand Est,14,1,Courtier,0.01,2019-07-27,2.0,3535.0,1767.5,2.0,2.0,29936.0,14968.0,0.0,1.0,0.0,8.468458274398868,3,🔴 Très haut risque,-1.4903562,6.5313478
CLT04579,52,Île-de-France,8,0,Web,0.1052,2019-02-24,1.0,1769.0,1769.0,1.0,0.0,0.0,0.0,0.0,0.0,0.0,0.0,2,🔵 Risque modéré,1.5188311,9.924269
CLT04580,35,Provence-Alpes-Côte d'Azur,11,0,Web,0.0778,2018-08-14,,,,,0.0,0.0,0.0,0.0,,0.0,,1,🟢 Bon risque fidèle,14.878205,5.496765
CLT04581,44,Centre-Val de Loire,2,1,Téléphone,0.1782,2016-06-27,,,,,0.0,0.0,0.0,0.0,,0.0,,1,🟢 Bon risque fidèle,14.184735,1.4497027
CLT04582,31,Centre-Val de Loire,0,1,Partenaire banque,0.0985,2016-07-01,2.0,4417.0,2208.5,2.0,0.0,0.0,0.0,0.0,0.0,0.0,0.0,2,🔵 Risque modéré,-3.4733016,2.6533258
CLT04583,49,Auvergne-Rhône-Alpes,1,1,Téléphone,0.1585,2017-01-10,1.0,1337.0,1337.0,1.0,0.0,0.0,0.0,0.0,0.0,0.0,0.0,2,🔵 Risque modéré,1.1924495,0.9087682
CLT04584,39,Auvergne-Rhône-Alpes,2,1,Web,0.1166,2019-04-27,1.0,2795.0,2795.0,1.0,0.0,0.0,0.0,0.0,0.0,0.0,0.0,2,🔵 Risque modéré,0.5498369,1.5177209
CLT04585,59,Île-de-France,5,3,Agent,0.2953,2020-06-05,2.0,3554.0,1777.0,2.0,0.0,0.0,0.0,0.0,0.0,0.0,0.0,2,🔵 Risque modéré,-1.8063258,2.6340535
CLT04586,42,Île-de-France,1,0,Web,0.2228,2018-02-08,,,,,0.0,0.0,0.0,0.0,,0.0,,1,🟢 Bon risque fidèle,15.714269,8.465595
CLT04587,34,Normandie,0,0,Web,0.06,2020-01-25,,,,,0.0,0.0,0.0,0.0,,0.0,,1,🟢 Bon risque fidèle,15.754629,7.324897
CLT04588,58,Occitanie,0,1,Web,0.2293,2019-10-28,1.0,697.0,697.0,1.0,0.0,0.0,0.0,0.0,0.0,0.0,0.0,2,🔵 Risque modéré,1.1974622,0.7467066
CLT04589,39,Occitanie,1,0,Agent,0.0821,2020-02-22,2.0,2800.0,1400.0,2.0,1.0,3643.0,3643.0,0.0,0.5,0.0,1.3010714285714287,2,🔵 Risque modéré,-4.4363937,6.8863587
CLT04590,31,Nouvelle-Aquitaine,20,0,Web,0.01,2018-02-17,1.0,1764.0,1764.0,1.0,1.0,2163.0,2163.0,0.0,1.0,0.0,1.2261904761904763,2,🔵 Risque modéré,-0.62731606,6.845168
CLT04591,52,Hauts-de-France,7,0,Web,0.01,2016-10-16,1.0,891.0,891.0,1.0,0.0,0.0,0.0,0.0,0.0,0.0,0.0,2,🔵 Risque modéré,1.4534678,9.748504
CLT04592,37,Centre-Val de Loire,0,0,Web,0.1829,2017-04-09,,,,,0.0,0.0,0.0,0.0,,0.0,,1,🟢 Bon risque fidèle,15.924887,8.070965
CLT04593,19,Occitanie,4,0,Web,0.2393,2017-02-14,1.0,2344.0,2344.0,1.0,0.0,0.0,0.0,0.0,0.0,0.0,0.0,2,🔵 Risque modéré,3.2478964,10.949955
CLT04594,28,Nouvelle-Aquitaine,2,1,Partenaire banque,0.3117,2017-06-17,1.0,1213.0,1213.0,1.0,0.0,0.0,0.0,0.0,0.0,0.0,0.0,2,🔵 Risque modéré,1.2804322,1.9084401
CLT04595,50,Normandie,5,0,Web,0.01,2018-10-02,2.0,1979.0,989.5,2.0,0.0,0.0,0.0,0.0,0.0,0.0,0.0,2,🔵 Risque modéré,-6.2855124,6.352749
CLT04596,25,Provence-Alpes-Côte d'Azur,3,0,Courtier,0.0533,2017-12-17,1.0,1598.0,1598.0,1.0,0.0,0.0,0.0,0.0,0.0,0.0,0.0,2,🔵 Risque modéré,2.584133,10.880063
CLT04597,18,Grand Est,5,0,Courtier,0.01,2019-07-18,,,,,0.0,0.0,0.0,0.0,,0.0,,1,🟢 Bon risque fidèle,16.22192,6.294313
CLT04598,34,Nouvelle-Aquitaine,2,1,Web,0.2784,2020-09-07,2.0,1740.0,870.0,2.0,0.0,0.0,0.0,0.0,0.0,0.0,0.0,2,🔵 Risque modéré,-3.0002913,2.6567492
CLT04599,29,Centre-Val de Loire,1,1,Courtier,0.0355,2019-01-08,1.0,866.0,866.0,1.0,0.0,0.0,0.0,0.0,0.0,0.0,0.0,2,🔵 Risque modéré,1.6902969,0.76852936
CLT04600,50,Centre-Val de Loire,0,0,Web,0.2618,2019-12-11,2.0,3137.0,1568.5,2.0,2.0,17702.0,8851.0,1.0,1.0,0.5,5.64297099139305,0,🟠 Risque élevé,-2.9819114,5.1443715
CLT04601,34,Bretagne,2,0,Web,0.01,2020-07-20,3.0,5032.0,1677.3333333333333,2.0,1.0,2803.0,2803.0,0.0,0.3333333333333333,0.0,0.5570349761526232,2,🔵 Risque modéré,-4.8770742,6.9374065
CLT04602,31,Hauts-de-France,11,0,Web,0.0593,2019-12-05,1.0,1921.0,1921.0,1.0,1.0,5350.0,5350.0,0.0,1.0,0.0,2.785007808433108,2,🔵 Risque modéré,-0.4199147,6.483781
CLT04603,56,Grand Est,6,0,Courtier,0.01,2020-03-03,3.0,2749.0,916.3333333333334,2.0,1.0,32440.0,32440.0,0.0,0.3333333333333333,0.0,11.800654783557658,3,🔴 Très haut risque,-2.1486022,6.5655804
CLT04604,49,Hauts-de-France,5,0,Web,0.0827,2020-05-04,2.0,3250.0,1625.0,2.0,1.0,2354.0,2354.0,0.0,0.5,0.0,0.7243076923076923,2,🔵 Risque modéré,-4.874038,6.335473
CLT04605,49,Occitanie,4,2,Web,0.3208,2018-08-17,1.0,1428.0,1428.0,1.0,0.0,0.0,0.0,0.0,0.0,0.0,0.0,2,🔵 Risque modéré,-0.76922727,1.6203406
CLT04606,41,Hauts-de-France,0,0,Web,0.0254,2016-08-26,1.0,1148.0,1148.0,1.0,0.0,0.0,0.0,0.0,0.0,0.0,0.0,2,🔵 Risque modéré,1.6396681,10.999117
CLT04607,18,Grand Est,4,1,Agent,0.2935,2017-01-18,1.0,1508.0,1508.0,1.0,0.0,0.0,0.0,0.0,0.0,0.0,0.0,2,🔵 Risque modéré,1.1769532,1.9730698
CLT04608,46,Normandie,1,0,Web,0.124,2019-04-18,4.0,3749.0,937.25,2.0,0.0,0.0,0.0,0.0,0.0,0.0,0.0,2,🔵 Risque modéré,-5.485038,6.4513407
CLT04609,55,Provence-Alpes-Côte d'Azur,7,0,Courtier,0.01,2018-02-14,4.0,6205.0,1551.25,3.0,0.0,0.0,0.0,0.0,0.0,0.0,0.0,2,🔵 Risque modéré,-5.035862,5.1351523
CLT04610,27,Centre-Val de Loire,2,1,Téléphone,0.2069,2017-10-24,1.0,1232.0,1232.0,1.0,0.0,0.0,0.0,0.0,0.0,0.0,0.0,2,🔵 Risque modéré,1.4423212,1.6848915
CLT04611,53,Auvergne-Rhône-Alpes,0,1,Agent,0.3334,2020-11-17,3.0,6612.0,2204.0,2.0,5.0,7728.0,1545.6,0.0,1.6666666666666667,0.0,1.1687840290381126,3,🔴 Très haut risque,-2.4251559,4.161725
CLT04612,38,Île-de-France,0,0,Web,0.01,2018-09-02,2.0,4088.0,2044.0,2.0,1.0,2124.0,2124.0,0.0,0.5,0.0,0.5195694716242661,2,🔵 Risque modéré,-4.637808,6.987314
CLT04613,56,Provence-Alpes-Côte d'Azur,6,0,Web,0.01,2016-07-26,,,,,0.0,0.0,0.0,0.0,,0.0,,1,🟢 Bon risque fidèle,14.25086,5.937859
CLT04614,49,Nouvelle-Aquitaine,1,1,Téléphone,0.3563,2017-09-21,1.0,1661.0,1661.0,1.0,0.0,0.0,0.0,0.0,0.0,0.0,0.0,2,🔵 Risque modéré,0.9119686,1.6539031
CLT04615,62,Nouvelle-Aquitaine,4,0,Courtier,0.2086,2017-01-18,,,,,0.0,0.0,0.0,0.0,,0.0,,1,🟢 Bon risque fidèle,14.487362,8.655986
CLT04616,37,Île-de-France,0,1,Courtier,0.2798,2019-06-18,1.0,1217.0,1217.0,1.0,2.0,8220.0,4110.0,0.0,2.0,0.0,6.754313886606409,3,🔴 Très haut risque,-1.1828289,5.2161703
CLT04617,38,Normandie,4,0,Courtier,0.1891,2019-11-25,4.0,3870.0,967.5,3.0,2.0,799.0,399.5,0.0,0.5,0.0,0.20645994832041345,2,🔵 Risque modéré,-4.4529133,5.116302
CLT04618,35,Bretagne,3,1,Agent,0.0416,2018-08-29,2.0,3181.0,1590.5,2.0,0.0,0.0,0.0,0.0,0.0,0.0,0.0,2,🔵 Risque modéré,-3.9526384,2.685363
CLT04619,39,Occitanie,0,0,Web,0.0607,2018-02-05,1.0,1818.0,1818.0,1.0,0.0,0.0,0.0,0.0,0.0,0.0,0.0,2,🔵 Risque modéré,2.522079,10.768901
CLT04620,79,Centre-Val de Loire,5,2,Web,0.317,2019-10-23,2.0,1933.0,966.5,1.0,1.0,572.0,572.0,0.0,0.5,0.0,0.2959130884635282,2,🔵 Risque modéré,-1.6451367,2.978251
CLT04621,24,Bretagne,0,0,Web,0.0273,2020-12-03,2.0,1987.0,993.5,2.0,1.0,315.0,315.0,0.0,0.5,0.0,0.15853044791142426,2,🔵 Risque modéré,-4.882265,7.30695
CLT04622,20,Occitanie,4,1,Agent,0.2294,2018-11-06,,,,,0.0,0.0,0.0,0.0,,0.0,,1,🟢 Bon risque fidèle,14.85807,1.8628578
CLT04623,54,Auvergne-Rhône-Alpes,2,0,Courtier,0.0561,2020-05-06,1.0,603.0,603.0,1.0,1.0,137.0,137.0,0.0,1.0,0.0,0.22719734660033167,2,🔵 Risque modéré,0.4894485,6.3007855
CLT04624,30,Hauts-de-France,0,1,Partenaire banque,0.1192,2018-04-02,1.0,1146.0,1146.0,1.0,1.0,102.0,102.0,0.0,1.0,0.0,0.08900523560209424,2,🔵 Risque modéré,0.19228706,4.5150657
CLT04625,41,Centre-Val de Loire,6,0,Web,0.0375,2018-11-16,3.0,6131.0,2043.6666666666667,2.0,2.0,7516.0,3758.0,0.0,0.6666666666666666,0.0,1.2259011580492578,2,🔵 Risque modéré,-4.4901257,6.3143783
CLT04626,51,Nouvelle-Aquitaine,2,0,Partenaire banque,0.01,2020-12-22,,,,,0.0,0.0,0.0,0.0,,0.0,,1,🟢 Bon risque fidèle,14.125023,7.6897902
CLT04627,54,Centre-Val de Loire,14,0,Partenaire banque,0.01,2018-12-11,1.0,909.0,909.0,1.0,0.0,0.0,0.0,0.0,0.0,0.0,0.0,2,🔵 Risque modéré,1.5761687,9.04041
CLT04628,46,Occitanie,6,3,Partenaire banque,0.4965,2019-03-11,,,,,0.0,0.0,0.0,0.0,,0.0,,1,🟢 Bon risque fidèle,12.073705,2.8256118
CLT04629,18,Nouvelle-Aquitaine,2,0,Web,0.111,2017-11-15,1.0,1088.0,1088.0,1.0,0.0,0.0,0.0,0.0,0.0,0.0,0.0,2,🔵 Risque modéré,2.5685391,11.581261
CLT04630,25,Île-de-France,4,0,Partenaire banque,0.1023,2017-09-27,1.0,1325.0,1325.0,1.0,0.0,0.0,0.0,0.0,0.0,0.0,0.0,2,🔵 Risque modéré,2.4795654,10.89194
CLT04631,23,Nouvelle-Aquitaine,2,0,Téléphone,0.1585,2018-07-30,,,,,0.0,0.0,0.0,0.0,,0.0,,1,🟢 Bon risque fidèle,16.59154,7.467028
CLT04632,41,Bretagne,1,0,Web,0.197,2016-01-04,,,,,0.0,0.0,0.0,0.0,,0.0,,1,🟢 Bon risque fidèle,15.742419,8.35419
CLT04633,26,Nouvelle-Aquitaine,18,0,Web,0.0663,2016-12-20,,,,,0.0,0.0,0.0,0.0,,0.0,,1,🟢 Bon risque fidèle,14.627895,4.835038
CLT04634,55,Hauts-de-France,1,1,Web,0.0617,2017-01-15,2.0,2071.0,1035.5,2.0,0.0,0.0,0.0,0.0,0.0,0.0,0.0,2,🔵 Risque modéré,-3.8652287,3.1729286
CLT04635,42,Occitanie,7,0,Téléphone,0.0365,2018-06-15,1.0,1038.0,1038.0,1.0,1.0,881.0,881.0,0.0,1.0,0.0,0.848747591522158,2,🔵 Risque modéré,0.2783345,6.497419
CLT04636,59,Auvergne-Rhône-Alpes,4,0,Agent,0.01,2016-11-13,1.0,1392.0,1392.0,1.0,1.0,401.0,401.0,0.0,1.0,0.0,0.2880747126436782,2,🔵 Risque modéré,0.34397382,6.425828
CLT04637,23,Grand Est,3,0,Téléphone,0.01,2018-02-07,1.0,2256.0,2256.0,1.0,0.0,0.0,0.0,0.0,0.0,0.0,0.0,2,🔵 Risque modéré,2.8532717,10.817187
CLT04638,27,Île-de-France,2,0,Courtier,0.0146,2017-12-08,1.0,1685.0,1685.0,1.0,0.0,0.0,0.0,0.0,0.0,0.0,0.0,2,🔵 Risque modéré,2.634593,11.021464
CLT04639,39,Auvergne-Rhône-Alpes,1,0,Courtier,0.1726,2019-11-09,1.0,3263.0,3263.0,1.0,0.0,0.0,0.0,0.0,0.0,0.0,0.0,2,🔵 Risque modéré,3.1207035,10.359267
CLT04640,61,Bretagne,2,0,Agent,0.1841,2018-08-27,,,,,0.0,0.0,0.0,0.0,,0.0,,1,🟢 Bon risque fidèle,14.434967,8.782938
CLT04641,69,Bretagne,2,0,Téléphone,0.01,2019-12-19,2.0,2342.0,1171.0,1.0,1.0,95.0,95.0,0.0,0.5,0.0,0.040563620836891544,2,🔵 Risque modéré,0.43738863,9.99244
CLT04642,40,Occitanie,6,0,Agent,0.01,2016-07-17,2.0,1569.0,784.5,2.0,0.0,0.0,0.0,0.0,0.0,0.0,0.0,2,🔵 Risque modéré,-6.136347,6.5030093
CLT04643,55,Bretagne,0,0,Web,0.1211,2020-04-13,,,,,0.0,0.0,0.0,0.0,,0.0,,1,🟢 Bon risque fidèle,14.667013,8.585839
CLT04644,31,Nouvelle-Aquitaine,0,0,Courtier,0.183,2017-11-02,1.0,956.0,956.0,1.0,0.0,0.0,0.0,0.0,0.0,0.0,0.0,2,🔵 Risque modéré,2.174116,11.850038
CLT04645,55,Hauts-de-France,3,0,Téléphone,0.0424,2020-02-06,,,,,0.0,0.0,0.0,0.0,,0.0,,1,🟢 Bon risque fidèle,13.904452,8.031621
CLT04646,50,Bretagne,0,0,Courtier,0.1046,2018-12-31,,,,,0.0,0.0,0.0,0.0,,0.0,,1,🟢 Bon risque fidèle,14.821363,8.343796
CLT04647,37,Auvergne-Rhône-Alpes,2,0,Web,0.0526,2019-10-05,2.0,3769.0,1884.5,2.0,1.0,2575.0,2575.0,0.0,0.5,0.0,0.6832050941894402,2,🔵 Risque modéré,-4.5986075,6.950528
CLT04648,33,Centre-Val de Loire,0,0,Web,0.1223,2020-12-20,,,,,0.0,0.0,0.0,0.0,,0.0,,1,🟢 Bon risque fidèle,16.011934,7.7197466
CLT04649,40,Centre-Val de Loire,1,1,Web,0.2443,2017-04-28,2.0,3089.0,1544.5,1.0,3.0,21398.0,7132.666666666667,0.0,1.5,0.0,6.92716089349304,3,🔴 Très haut risque,-1.2402985,5.252961
CLT04650,22,Provence-Alpes-Côte d'Azur,0,0,Courtier,0.01,2018-10-25,,,,,0.0,0.0,0.0,0.0,,0.0,,1,🟢 Bon risque fidèle,16.556679,6.7928905
CLT04651,18,Île-de-France,0,0,Agent,0.1115,2020-03-21,2.0,3628.0,1814.0,2.0,0.0,0.0,0.0,0.0,0.0,0.0,0.0,2,🔵 Risque modéré,-5.361381,7.515324
CLT04652,32,Bretagne,0,1,Téléphone,0.2014,2019-08-17,2.0,3635.0,1817.5,1.0,1.0,3997.0,3997.0,0.0,0.5,0.0,1.0995873452544704,2,🔵 Risque modéré,0.08945091,3.5271914
CLT04653,44,Occitanie,0,2,Web,0.2606,2017-01-21,1.0,3082.0,3082.0,1.0,0.0,0.0,0.0,0.0,0.0,0.0,0.0,2,🔵 Risque modéré,0.15847224,1.8371738
CLT04654,36,Île-de-France,5,0,Web,0.0732,2018-06-12,2.0,1778.0,889.0,2.0,0.0,0.0,0.0,0.0,0.0,0.0,0.0,2,🔵 Risque modéré,-5.9152393,6.819163
CLT04655,48,Auvergne-Rhône-Alpes,2,1,Web,0.1633,2019-09-03,2.0,2668.0,1334.0,2.0,1.0,148.0,148.0,0.0,0.5,0.0,0.05547226386806597,2,🔵 Risque modéré,-3.290099,3.3193412
CLT04656,31,Nouvelle-Aquitaine,3,0,Courtier,0.0663,2017-08-08,1.0,2177.0,2177.0,1.0,0.0,0.0,0.0,0.0,0.0,0.0,0.0,2,🔵 Risque modéré,2.8385398,10.580252
CLT04657,34,Hauts-de-France,5,0,Courtier,0.01,2020-08-10,2.0,3358.0,1679.0,2.0,0.0,0.0,0.0,0.0,0.0,0.0,0.0,2,🔵 Risque modéré,-5.7469134,6.874086
CLT04658,40,Normandie,15,0,Web,0.01,2018-05-15,1.0,1346.0,1346.0,1.0,1.0,2613.0,2613.0,0.0,1.0,0.0,1.9413075780089153,2,🔵 Risque modéré,-0.57271326,6.791948
CLT04659,45,Nouvelle-Aquitaine,1,1,Web,0.1485,2019-10-31,1.0,1742.0,1742.0,1.0,1.0,1380.0,1380.0,0.0,1.0,0.0,0.7921928817451206,2,🔵 Risque modéré,0.04514799,4.5117474
CLT04660,18,Grand Est,2,2,Téléphone,0.3071,2018-08-12,3.0,7007.0,2335.6666666666665,2.0,1.0,602.0,602.0,0.0,0.3333333333333333,0.0,0.08591408591408592,2,🔵 Risque modéré,-2.3499818,2.930395
CLT04661,40,Auvergne-Rhône-Alpes,1,1,Web,0.2159,2020-02-11,1.0,1153.0,1153.0,1.0,0.0,0.0,0.0,0.0,0.0,0.0,0.0,2,🔵 Risque modéré,1.4287821,1.3325738
CLT04662,43,Auvergne-Rhône-Alpes,1,2,Agent,0.2384,2018-04-10,2.0,2683.0,1341.5,1.0,1.0,3032.0,3032.0,0.0,0.5,0.0,1.1300782705926202,2,🔵 Risque modéré,-0.6636127,3.365407
CLT04663,30,Île-de-France,2,1,Web,0.2629,2016-09-22,,,,,0.0,0.0,0.0,0.0,,0.0,,1,🟢 Bon risque fidèle,14.793427,1.2099202
CLT04664,32,Centre-Val de Loire,3,2,Courtier,0.2048,2019-11-08,,,,,0.0,0.0,0.0,0.0,,0.0,,1,🟢 Bon risque fidèle,12.593625,2.6717224
CLT04665,60,Normandie,3,0,Web,0.2176,2019-09-03,2.0,2420.0,1210.0,1.0,1.0,127.0,127.0,0.0,0.5,0.0,0.052479338842975204,2,🔵 Risque modéré,0.44910663,9.569485
CLT04666,27,Bretagne,0,0,Courtier,0.2939,2016-04-23,2.0,5115.0,2557.5,2.0,2.0,5159.0,2579.5,1.0,1.0,0.5,1.0086021505376344,0,🟠 Risque élevé,-3.0337358,5.1042285
CLT04667,34,Hauts-de-France,1,1,Courtier,0.2234,2020-03-01,,,,,0.0,0.0,0.0,0.0,,0.0,,1,🟢 Bon risque fidèle,14.653869,1.2238334
CLT04668,49,Auvergne-Rhône-Alpes,3,1,Agent,0.3025,2020-07-03,2.0,3023.0,1511.5,2.0,3.0,45872.0,15290.666666666666,0.0,1.5,0.0,15.17433013562686,3,🔴 Très haut risque,-1.7885232,5.803506
CLT04669,33,Normandie,2,1,Courtier,0.1332,2020-05-20,2.0,4854.0,2427.0,1.0,2.0,2510.0,1255.0,1.0,1.0,0.5,0.5170992995467656,0,🟠 Risque élevé,-2.9804363,5.1038656
CLT04670,21,Normandie,0,1,Agent,0.2813,2020-09-26,2.0,1886.0,943.0,1.0,1.0,276.0,276.0,0.0,0.5,0.0,0.14634146341463414,2,🔵 Risque modéré,1.1268226,2.3977952
CLT04671,53,Grand Est,0,1,Partenaire banque,0.0193,2016-08-18,1.0,1047.0,1047.0,1.0,1.0,23142.0,23142.0,0.0,1.0,0.0,22.103151862464184,3,🔴 Très haut risque,-1.7434298,6.18541
CLT04672,30,Nouvelle-Aquitaine,9,2,Partenaire banque,0.219,2018-12-26,1.0,1131.0,1131.0,1.0,0.0,0.0,0.0,0.0,0.0,0.0,0.0,2,🔵 Risque modéré,-0.76880854,1.0739633
CLT04673,72,Bretagne,1,0,Téléphone,0.3461,2016-06-14,,,,,0.0,0.0,0.0,0.0,,0.0,,1,🟢 Bon risque fidèle,14.589433,8.8994875
CLT04674,50,Nouvelle-Aquitaine,3,2,Web,0.2886,2019-12-22,1.0,1376.0,1376.0,1.0,1.0,132.0,132.0,0.0,1.0,0.0,0.09593023255813954,2,🔵 Risque modéré,-0.6898253,4.0631666
CLT04675,59,Centre-Val de Loire,2,0,Web,0.01,2018-11-22,3.0,4636.0,1545.3333333333333,2.0,0.0,0.0,0.0,0.0,0.0,0.0,0.0,2,🔵 Risque modéré,-5.8487406,6.1036444
CLT04676,43,Centre-Val de Loire,7,1,Agent,0.1074,2018-07-22,1.0,1500.0,1500.0,1.0,1.0,337.0,337.0,0.0,1.0,0.0,0.22466666666666665,2,🔵 Risque modéré,-0.059054617,4.763834
CLT04677,33,Bretagne,0,1,Web,0.3719,2017-08-01,1.0,1706.0,1706.0,1.0,0.0,0.0,0.0,0.0,0.0,0.0,0.0,2,🔵 Risque modéré,1.0988224,1.8850036
CLT04678,47,Île-de-France,0,2,Web,0.505,2018-10-01,2.0,2823.0,1411.5,1.0,0.0,0.0,0.0,0.0,0.0,0.0,0.0,2,🔵 Risque modéré,-0.7718137,1.9626365
CLT04679,74,Normandie,0,1,Courtier,0.1415,2020-12-28,,,,,0.0,0.0,0.0,0.0,,0.0,,1,🟢 Bon risque fidèle,13.196755,1.435433
CLT04680,71,Centre-Val de Loire,8,1,Agent,0.3023,2017-06-02,2.0,4913.0,2456.5,2.0,1.0,407.0,407.0,0.0,0.5,0.0,0.08284144107469978,2,🔵 Risque modéré,-2.8568227,3.7106917
CLT04681,44,Bretagne,3,0,Web,0.1653,2017-08-31,1.0,2015.0,2015.0,1.0,1.0,645.0,645.0,0.0,1.0,0.0,0.3200992555831266,2,🔵 Risque modéré,0.5409254,5.8982587
CLT04682,52,Île-de-France,2,0,Courtier,0.0377,2017-01-03,,,,,0.0,0.0,0.0,0.0,,0.0,,1,🟢 Bon risque fidèle,14.108307,7.817491
CLT04683,59,Hauts-de-France,1,0,Courtier,0.2026,2016-02-07,3.0,5255.0,1751.6666666666667,2.0,1.0,313.0,313.0,0.0,0.3333333333333333,0.0,0.05956232159847764,2,🔵 Risque modéré,-5.2077837,6.171888
CLT04684,36,Normandie,0,0,Web,0.01,2019-07-28,,,,,0.0,0.0,0.0,0.0,,0.0,,1,🟢 Bon risque fidèle,15.488514,7.1628385
CLT04685,48,Île-de-France,5,0,Courtier,0.0395,2018-01-03,1.0,1006.0,1006.0,1.0,1.0,1483.0,1483.0,0.0,1.0,0.0,1.474155069582505,2,🔵 Risque modéré,0.39480782,6.413259
CLT04686,43,Île-de-France,2,0,Courtier,0.1235,2018-03-24,,,,,0.0,0.0,0.0,0.0,,0.0,,1,🟢 Bon risque fidèle,15.375345,8.049272
CLT04687,21,Occitanie,1,0,Web,0.0739,2019-01-02,2.0,2346.0,1173.0,1.0,0.0,0.0,0.0,0.0,0.0,0.0,0.0,2,🔵 Risque modéré,2.624995,11.406422
CLT04688,64,Auvergne-Rhône-Alpes,1,1,Web,0.2071,2016-10-25,2.0,5059.0,2529.5,2.0,0.0,0.0,0.0,0.0,0.0,0.0,0.0,2,🔵 Risque modéré,-3.4134657,3.1911685
CLT04689,40,Normandie,9,1,Courtier,0.1532,2017-07-18,1.0,559.0,559.0,1.0,1.0,261.0,261.0,0.0,1.0,0.0,0.4669051878354204,2,🔵 Risque modéré,-0.08509812,4.650862
CLT04690,32,Provence-Alpes-Côte d'Azur,12,0,Partenaire banque,0.0242,2019-11-14,1.0,1768.0,1768.0,1.0,1.0,279.0,279.0,0.0,1.0,0.0,0.1578054298642534,2,🔵 Risque modéré,-0.45289367,6.6971073
CLT04691,18,Centre-Val de Loire,2,2,Web,0.4063,2020-08-19,1.0,2547.0,2547.0,1.0,0.0,0.0,0.0,0.0,0.0,0.0,0.0,2,🔵 Risque modéré,-0.7875008,1.9303718
CLT04692,42,Grand Est,0,0,Courtier,0.1165,2016-03-26,1.0,1722.0,1722.0,1.0,1.0,540.0,540.0,0.0,1.0,0.0,0.313588850174216,2,🔵 Risque modéré,0.666968,5.9425936
CLT04693,40,Auvergne-Rhône-Alpes,2,0,Web,0.0842,2016-03-21,2.0,2773.0,1386.5,2.0,0.0,0.0,0.0,0.0,0.0,0.0,0.0,2,🔵 Risque modéré,-6.068378,7.0843143
CLT04694,63,Nouvelle-Aquitaine,2,0,Agent,0.0381,2020-01-24,1.0,1139.0,1139.0,1.0,0.0,0.0,0.0,0.0,0.0,0.0,0.0,2,🔵 Risque modéré,0.4950794,10.694264
CLT04695,31,Auvergne-Rhône-Alpes,0,1,Courtier,0.0662,2020-01-27,,,,,0.0,0.0,0.0,0.0,,0.0,,1,🟢 Bon risque fidèle,14.752863,1.8473269
CLT04696,39,Auvergne-Rhône-Alpes,2,0,Web,0.0157,2019-07-30,2.0,3714.0,1857.0,1.0,2.0,11884.0,5942.0,0.0,1.0,0.0,3.1997845988152935,2,🔵 Risque modéré,0.059118487,6.132412
CLT04697,18,Hauts-de-France,2,1,Courtier,0.31,2016-02-17,3.0,3780.0,1260.0,2.0,1.0,1347.0,1347.0,0.0,0.3333333333333333,0.0,0.35634920634920636,2,🔵 Risque modéré,-2.7798088,3.0525472
CLT04698,43,Nouvelle-Aquitaine,1,1,Partenaire banque,0.4292,2017-06-12,1.0,1930.0,1930.0,1.0,0.0,0.0,0.0,0.0,0.0,0.0,0.0,2,🔵 Risque modéré,0.57511455,1.871022
CLT04699,70,Auvergne-Rhône-Alpes,6,2,Téléphone,0.2121,2018-06-08,3.0,3245.0,1081.6666666666667,3.0,1.0,591.0,591.0,1.0,0.3333333333333333,1.0,0.18212634822804313,0,🟠 Risque élevé,-4.8476653,21.946846
CLT04700,42,Auvergne-Rhône-Alpes,0,0,Agent,0.0963,2019-03-17,1.0,1832.0,1832.0,1.0,0.0,0.0,0.0,0.0,0.0,0.0,0.0,2,🔵 Risque modéré,2.5177352,10.771964
CLT04701,65,Hauts-de-France,2,1,Partenaire banque,0.2015,2019-06-16,2.0,2711.0,1355.5,2.0,2.0,20606.0,10303.0,0.0,1.0,0.0,7.600885282183696,3,🔴 Très haut risque,-1.943799,5.2495413
CLT04702,18,Grand Est,1,0,Courtier,0.0938,2020-06-15,1.0,1719.0,1719.0,1.0,0.0,0.0,0.0,0.0,0.0,0.0,0.0,2,🔵 Risque modéré,2.9955547,11.1944
CLT04703,30,Occitanie,0,1,Agent,0.2315,2016-04-12,4.0,4318.0,1079.5,3.0,5.0,10859.0,2171.8,3.0,1.25,0.6,2.514821676702177,0,🟠 Risque élevé,-3.1034544,5.0807285
CLT04704,25,Provence-Alpes-Côte d'Azur,2,2,Courtier,0.2569,2017-03-18,3.0,3406.0,1135.3333333333333,2.0,0.0,0.0,0.0,0.0,0.0,0.0,0.0,2,🔵 Risque modéré,-2.419745,2.8019938
CLT04705,44,Bretagne,1,0,Web,0.0452,2019-11-13,2.0,3623.0,1811.5,2.0,0.0,0.0,0.0,0.0,0.0,0.0,0.0,2,🔵 Risque modéré,-6.3371253,6.864449
CLT04706,50,Nouvelle-Aquitaine,4,1,Web,0.0942,2019-10-09,2.0,4765.0,2382.5,2.0,0.0,0.0,0.0,0.0,0.0,0.0,0.0,2,🔵 Risque modéré,-3.9773574,3.0258183
CLT04707,37,Île-de-France,4,1,Agent,0.01,2017-01-08,1.0,791.0,791.0,1.0,0.0,0.0,0.0,0.0,0.0,0.0,0.0,2,🔵 Risque modéré,1.2641103,0.5004598
CLT04708,55,Hauts-de-France,2,1,Web,0.1044,2018-04-15,2.0,2281.0,1140.5,1.0,0.0,0.0,0.0,0.0,0.0,0.0,0.0,2,🔵 Risque modéré,1.1157836,0.43259692
CLT04709,53,Occitanie,0,0,Web,0.2798,2018-04-30,1.0,1062.0,1062.0,1.0,0.0,0.0,0.0,0.0,0.0,0.0,0.0,2,🔵 Risque modéré,0.9480606,11.779941
CLT04710,35,Nouvelle-Aquitaine,0,2,Web,0.3405,2018-08-07,3.0,5206.0,1735.3333333333333,2.0,1.0,118.0,118.0,0.0,0.3333333333333333,0.0,0.02266615443718786,2,🔵 Risque modéré,-2.1374505,3.1091988
CLT04711,54,Centre-Val de Loire,7,2,Agent,0.4697,2019-07-26,2.0,4751.0,2375.5,2.0,4.0,10122.0,2530.5,0.0,2.0,0.0,2.1304988423489792,3,🔴 Très haut risque,-1.5139432,4.239218
CLT04712,36,Provence-Alpes-Côte d'Azur,0,1,Web,0.2116,2017-04-07,3.0,5318.0,1772.6666666666667,2.0,0.0,0.0,0.0,0.0,0.0,0.0,0.0,2,🔵 Risque modéré,-3.2246318,2.777908
CLT04713,58,Île-de-France,1,0,Agent,0.1173,2017-03-30,3.0,4698.0,1566.0,2.0,1.0,1108.0,1108.0,0.0,0.3333333333333333,0.0,0.2358450404427416,2,🔵 Risque modéré,-5.264517,6.1893005
CLT04714,47,Auvergne-Rhône-Alpes,5,1,Agent,0.168,2020-02-02,1.0,1024.0,1024.0,1.0,1.0,475.0,475.0,0.0,1.0,0.0,0.4638671875,2,🔵 Risque modéré,-0.02247556,4.6091228
CLT04715,49,Centre-Val de Loire,2,0,Téléphone,0.0402,2019-04-21,5.0,5338.0,1067.6,3.0,3.0,5660.0,1886.6666666666667,0.0,0.6,0.0,1.0603222180591982,2,🔵 Risque modéré,-4.669534,5.1071444
CLT04716,52,Bretagne,4,4,Agent,0.4313,2017-11-06,1.0,2879.0,2879.0,1.0,0.0,0.0,0.0,0.0,0.0,0.0,0.0,2,🔵 Risque modéré,-1.1502116,2.1235728
CLT04717,31,Grand Est,1,0,Courtier,0.1199,2019-02-18,3.0,4231.0,1410.3333333333333,2.0,1.0,194.0,194.0,0.0,0.3333333333333333,0.0,0.04585204443393997,2,🔵 Risque modéré,-5.0316463,7.1367702
CLT04718,39,Île-de-France,0,2,Web,0.1906,2017-10-18,1.0,742.0,742.0,1.0,0.0,0.0,0.0,0.0,0.0,0.0,0.0,2,🔵 Risque modéré,-0.96630216,1.4024472
CLT04719,52,Provence-Alpes-Côte d'Azur,6,3,Téléphone,0.2836,2016-11-08,1.0,1732.0,1732.0,1.0,1.0,4242.0,4242.0,0.0,1.0,0.0,2.4491916859122402,3,🔴 Très haut risque,-0.8927625,4.0324597
CLT04720,53,Normandie,1,1,Téléphone,0.1101,2018-10-20,1.0,1945.0,1945.0,1.0,1.0,979.0,979.0,0.0,1.0,0.0,0.5033419023136246,2,🔵 Risque modéré,0.050092977,4.753216
CLT04721,32,Occitanie,2,1,Courtier,0.2674,2016-12-16,2.0,2357.0,1178.5,2.0,0.0,0.0,0.0,0.0,0.0,0.0,0.0,2,🔵 Risque modéré,-3.0048835,2.643869
CLT04722,44,Bretagne,6,2,Web,0.2307,2016-03-09,2.0,3052.0,1526.0,1.0,0.0,0.0,0.0,0.0,0.0,0.0,0.0,2,🔵 Risque modéré,-0.8052132,1.3657389
CLT04723,31,Centre-Val de Loire,8,1,Partenaire banque,0.0607,2019-07-19,1.0,1602.0,1602.0,1.0,1.0,5925.0,5925.0,0.0,1.0,0.0,3.698501872659176,3,🔴 Très haut risque,-0.14419375,5.1489205
CLT04724,28,Normandie,0,0,Courtier,0.3134,2017-12-10,7.0,10766.0,1538.0,2.0,5.0,37373.0,7474.6,0.0,0.7142857142857143,0.0,3.4713914174252274,3,🔴 Très haut risque,-3.984624,5.1421247
CLT04725,34,Auvergne-Rhône-Alpes,2,1,Web,0.1522,2018-12-22,1.0,771.0,771.0,1.0,0.0,0.0,0.0,0.0,0.0,0.0,0.0,2,🔵 Risque modéré,1.6409067,1.1250185
CLT04726,21,Provence-Alpes-Côte d'Azur,0,0,Web,0.0717,2020-03-19,2.0,3740.0,1870.0,1.0,1.0,396.0,396.0,0.0,0.5,0.0,0.10588235294117647,2,🔵 Risque modéré,0.6897322,9.144221
CLT04727,38,Provence-Alpes-Côte d'Azur,6,0,Courtier,0.01,2018-08-17,1.0,1834.0,1834.0,1.0,0.0,0.0,0.0,0.0,0.0,0.0,0.0,2,🔵 Risque modéré,2.0459595,9.966858
CLT04728,55,Île-de-France,1,0,Web,0.0257,2019-04-14,,,,,0.0,0.0,0.0,0.0,,0.0,,1,🟢 Bon risque fidèle,13.980571,7.986084
CLT04729,59,Nouvelle-Aquitaine,0,1,Agent,0.01,2019-03-04,3.0,4866.0,1622.0,2.0,0.0,0.0,0.0,0.0,0.0,0.0,0.0,2,🔵 Risque modéré,-3.7712083,3.2797108
CLT04730,54,Bretagne,1,0,Courtier,0.233,2020-04-17,1.0,2256.0,2256.0,1.0,0.0,0.0,0.0,0.0,0.0,0.0,0.0,2,🔵 Risque modéré,0.8978108,11.74086
CLT04731,63,Île-de-France,3,0,Agent,0.01,2017-08-06,,,,,0.0,0.0,0.0,0.0,,0.0,,1,🟢 Bon risque fidèle,13.726329,8.217327
CLT04732,61,Grand Est,1,2,Agent,0.3953,2017-04-27,,,,,0.0,0.0,0.0,0.0,,0.0,,1,🟢 Bon risque fidèle,12.142265,2.378092
CLT04733,40,Bretagne,5,1,Partenaire banque,0.2389,2016-09-28,1.0,2411.0,2411.0,1.0,1.0,207.0,207.0,0.0,1.0,0.0,0.08585649108253837,2,🔵 Risque modéré,0.044655398,4.3312736
CLT04734,52,Bretagne,1,0,Agent,0.0713,2020-10-08,2.0,3842.0,1921.0,1.0,2.0,6766.0,3383.0,0.0,1.0,0.0,1.761061946902655,2,🔵 Risque modéré,0.24844846,5.9838543
CLT04735,55,Auvergne-Rhône-Alpes,11,0,Web,0.01,2017-03-25,2.0,3901.0,1950.5,2.0,1.0,2308.0,2308.0,0.0,0.5,0.0,0.5916431684183543,2,🔵 Risque modéré,-5.7407165,5.502273
CLT04736,36,Occitanie,14,1,Partenaire banque,0.1612,2019-03-16,3.0,4345.0,1448.3333333333333,3.0,3.0,18183.0,6061.0,0.0,1.0,0.0,4.184810126582279,3,🔴 Très haut risque,-4.2800508,4.191596
CLT04737,50,Hauts-de-France,1,2,Web,0.2229,2016-11-23,,,,,0.0,0.0,0.0,0.0,,0.0,,1,🟢 Bon risque fidèle,12.5657425,2.3177285
CLT04738,46,Bretagne,4,2,Courtier,0.2387,2017-12-23,,,,,0.0,0.0,0.0,0.0,,0.0,,1,🟢 Bon risque fidèle,12.532424,2.3901176
CLT04739,45,Occitanie,1,1,Courtier,0.2943,2019-05-14,2.0,3790.0,1895.0,1.0,0.0,0.0,0.0,0.0,0.0,0.0,0.0,2,🔵 Risque modéré,0.804273,1.7575002
CLT04740,40,Hauts-de-France,0,0,Web,0.01,2018-01-15,2.0,3333.0,1666.5,2.0,0.0,0.0,0.0,0.0,0.0,0.0,0.0,2,🔵 Risque modéré,-6.190297,7.029135
CLT04741,57,Auvergne-Rhône-Alpes,10,2,Agent,0.1484,2019-11-09,4.0,4829.0,1207.25,2.0,1.0,12710.0,12710.0,0.0,0.25,0.0,2.632014909919238,3,🔴 Très haut risque,-3.024102,5.511732
CLT04742,41,Provence-Alpes-Côte d'Azur,7,0,Courtier,0.082,2018-12-28,,,,,0.0,0.0,0.0,0.0,,0.0,,1,🟢 Bon risque fidèle,14.883569,6.148807
CLT04743,36,Bretagne,3,0,Web,0.01,2018-04-09,,,,,0.0,0.0,0.0,0.0,,0.0,,1,🟢 Bon risque fidèle,15.26043,6.766987
CLT04744,32,Normandie,6,0,Agent,0.1683,2017-08-11,1.0,1806.0,1806.0,1.0,1.0,13811.0,13811.0,0.0,1.0,0.0,7.647286821705427,3,🔴 Très haut risque,-1.4734772,6.3300943
CLT04745,25,Normandie,6,0,Web,0.1418,2020-11-25,4.0,5793.0,1448.25,2.0,3.0,18194.0,6064.666666666667,0.0,0.75,0.0,3.1406870360780252,2,🔵 Risque modéré,-4.026262,5.8630576
CLT04746,49,Nouvelle-Aquitaine,0,0,Courtier,0.1193,2016-01-09,2.0,2196.0,1098.0,2.0,1.0,390.0,390.0,0.0,0.5,0.0,0.17759562841530055,2,🔵 Risque modéré,-4.822156,6.6504874
CLT04747,51,Grand Est,1,0,Téléphone,0.2127,2020-04-13,2.0,2498.0,1249.0,2.0,0.0,0.0,0.0,0.0,0.0,0.0,0.0,2,🔵 Risque modéré,-6.034768,6.8087296
CLT04748,58,Normandie,2,1,Agent,0.1529,2019-11-02,,,,,0.0,0.0,0.0,0.0,,0.0,,1,🟢 Bon risque fidèle,13.405172,1.5358915
CLT04749,57,Auvergne-Rhône-Alpes,7,0,Courtier,0.01,2019-09-01,4.0,6969.0,1742.25,2.0,1.0,37774.0,37774.0,0.0,0.25,0.0,5.420289855072464,3,🔴 Très haut risque,-2.2352068,6.5744367
CLT04750,40,Bretagne,2,0,Partenaire banque,0.0553,2018-04-22,1.0,1837.0,1837.0,1.0,0.0,0.0,0.0,0.0,0.0,0.0,0.0,2,🔵 Risque modéré,2.2110472,10.669695
CLT04751,53,Occitanie,1,1,Agent,0.2143,2019-06-23,,,,,0.0,0.0,0.0,0.0,,0.0,,1,🟢 Bon risque fidèle,13.485952,1.107417
CLT04752,42,Occitanie,0,0,Web,0.0409,2019-06-25,1.0,1030.0,1030.0,1.0,1.0,6340.0,6340.0,0.0,1.0,0.0,6.155339805825243,3,🔴 Très haut risque,-0.0815882,6.070671
CLT04753,38,Grand Est,4,0,Partenaire banque,0.0991,2019-05-14,4.0,4655.0,1163.75,2.0,2.0,13074.0,6537.0,0.0,0.5,0.0,2.80859291084855,2,🔵 Risque modéré,-4.0053368,6.107232
CLT04754,43,Centre-Val de Loire,7,0,Agent,0.01,2016-02-18,2.0,2803.0,1401.5,2.0,1.0,3974.0,3974.0,0.0,0.5,0.0,1.417766678558687,2,🔵 Risque modéré,-4.7860394,6.1630044
CLT04755,53,Provence-Alpes-Côte d'Azur,6,0,Agent,0.064,2016-12-08,,,,,0.0,0.0,0.0,0.0,,0.0,,1,🟢 Bon risque fidèle,14.358823,6.233405
CLT04756,42,Centre-Val de Loire,5,0,Agent,0.2246,2019-11-04,2.0,2324.0,1162.0,1.0,0.0,0.0,0.0,0.0,0.0,0.0,0.0,2,🔵 Risque modéré,1.4169298,11.302709
CLT04757,44,Auvergne-Rhône-Alpes,2,0,Partenaire banque,0.01,2016-02-18,1.0,1729.0,1729.0,1.0,0.0,0.0,0.0,0.0,0.0,0.0,0.0,2,🔵 Risque modéré,1.8042521,10.467352
CLT04758,18,Centre-Val de Loire,2,0,Téléphone,0.01,2019-09-03,1.0,1099.0,1099.0,1.0,0.0,0.0,0.0,0.0,0.0,0.0,0.0,2,🔵 Risque modéré,2.4635804,11.129947
CLT04759,44,Bretagne,1,0,Courtier,0.1334,2020-11-05,1.0,1757.0,1757.0,1.0,1.0,15445.0,15445.0,0.0,1.0,0.0,8.790552077404667,3,🔴 Très haut risque,-1.558401,6.1948776
CLT04760,62,Occitanie,3,0,Téléphone,0.2028,2016-11-28,2.0,2793.0,1396.5,2.0,1.0,265.0,265.0,0.0,0.5,0.0,0.09488005728607232,2,🔵 Risque modéré,-5.233014,6.1329265
CLT04761,40,Normandie,2,0,Courtier,0.0589,2020-11-28,,,,,0.0,0.0,0.0,0.0,,0.0,,1,🟢 Bon risque fidèle,15.252949,7.301836
CLT04762,34,Occitanie,9,0,Web,0.1164,2020-01-01,,,,,0.0,0.0,0.0,0.0,,0.0,,1,🟢 Bon risque fidèle,15.107118,5.8936086
CLT04763,41,Occitanie,0,1,Web,0.1307,2017-08-25,,,,,0.0,0.0,0.0,0.0,,0.0,,1,🟢 Bon risque fidèle,14.329176,1.5604802
CLT04764,52,Auvergne-Rhône-Alpes,1,0,Téléphone,0.0751,2017-03-01,3.0,3232.0,1077.3333333333333,2.0,1.0,162.0,162.0,0.0,0.3333333333333333,0.0,0.05012376237623763,2,🔵 Risque modéré,-5.408674,6.2790565
CLT04765,41,Centre-Val de Loire,0,0,Courtier,0.01,2017-05-18,3.0,4022.0,1340.6666666666667,3.0,0.0,0.0,0.0,0.0,0.0,0.0,0.0,2,🔵 Risque modéré,-4.835858,5.0272765
CLT04766,51,Centre-Val de Loire,1,2,Courtier,0.1339,2017-05-12,,,,,0.0,0.0,0.0,0.0,,0.0,,1,🟢 Bon risque fidèle,12.701383,2.3122823
CLT04767,29,Nouvelle-Aquitaine,1,0,Partenaire banque,0.1179,2018-10-23,1.0,1350.0,1350.0,1.0,0.0,0.0,0.0,0.0,0.0,0.0,0.0,2,🔵 Risque modéré,2.517895,11.444085
CLT04768,47,Auvergne-Rhône-Alpes,3,0,Téléphone,0.01,2020-09-13,1.0,749.0,749.0,1.0,1.0,349.0,349.0,1.0,1.0,1.0,0.465954606141522,0,🟠 Risque élevé,-4.6870303,22.157583
CLT04769,41,Provence-Alpes-Côte d'Azur,0,0,Téléphone,0.1169,2016-11-24,3.0,5758.0,1919.3333333333333,3.0,1.0,5539.0,5539.0,0.0,0.3333333333333333,0.0,0.9619659604029177,2,🔵 Risque modéré,-4.289015,5.603911
CLT04770,46,Occitanie,3,1,Courtier,0.1757,2016-05-25,1.0,1808.0,1808.0,1.0,3.0,18257.0,6085.666666666667,1.0,3.0,0.3333333333333333,10.097898230088495,3,🔴 Très haut risque,-1.525247,5.3371353
CLT04771,42,Île-de-France,4,0,Agent,0.01,2019-10-30,1.0,1564.0,1564.0,1.0,0.0,0.0,0.0,0.0,0.0,0.0,0.0,2,🔵 Risque modéré,1.7748414,10.264185
CLT04772,49,Bretagne,3,0,Téléphone,0.01,2018-08-22,1.0,3143.0,3143.0,1.0,1.0,8210.0,8210.0,0.0,1.0,0.0,2.612153993000318,3,🔴 Très haut risque,0.061806213,5.790874
CLT04773,33,Bretagne,4,2,Web,0.01,2018-05-06,4.0,4994.0,1248.5,3.0,1.0,429.0,429.0,0.0,0.25,0.0,0.08590308370044053,2,🔵 Risque modéré,-3.8350956,3.9211686
CLT04774,30,Hauts-de-France,1,0,Téléphone,0.0277,2019-01-07,3.0,4579.0,1526.3333333333333,2.0,2.0,29712.0,14856.0,1.0,0.6666666666666666,0.5,6.488753002839048,0,🟠 Risque élevé,-3.0624108,5.2041745
CLT04775,47,Auvergne-Rhône-Alpes,7,0,Agent,0.082,2019-05-30,3.0,3344.0,1114.6666666666667,1.0,1.0,7834.0,7834.0,0.0,0.3333333333333333,0.0,2.3427033492822966,2,🔵 Risque modéré,-1.462437,6.9374013
CLT04776,19,Grand Est,0,1,Agent,0.3166,2018-06-19,2.0,3076.0,1538.0,2.0,3.0,42997.0,14332.333333333334,0.0,1.5,0.0,13.978218465539662,3,🔴 Très haut risque,-1.6640291,5.7294593
CLT04777,58,Normandie,6,0,Téléphone,0.1745,2016-05-04,2.0,2885.0,1442.5,1.0,3.0,6398.0,2132.6666666666665,0.0,1.5,0.0,2.2176776429809357,3,🔴 Très haut risque,0.08534911,5.8574486
CLT04778,48,Hauts-de-France,4,0,Téléphone,0.1221,2020-08-25,2.0,4631.0,2315.5,2.0,0.0,0.0,0.0,0.0,0.0,0.0,0.0,2,🔵 Risque modéré,-6.2815623,6.6055307
CLT04779,54,Île-de-France,3,1,Courtier,0.2653,2020-01-09,2.0,5877.0,2938.5,2.0,1.0,12960.0,12960.0,0.0,0.5,0.0,2.2052067381316998,3,🔴 Très haut risque,-2.471263,4.4865546
CLT04780,44,Grand Est,1,0,Agent,0.01,2018-06-22,3.0,4086.0,1362.0,3.0,0.0,0.0,0.0,0.0,0.0,0.0,0.0,2,🔵 Risque modéré,-4.8323436,4.983252
CLT04781,41,Bretagne,6,0,Agent,0.024,2016-08-02,1.0,1271.0,1271.0,1.0,0.0,0.0,0.0,0.0,0.0,0.0,0.0,2,🔵 Risque modéré,1.7311708,9.998324
CLT04782,41,Nouvelle-Aquitaine,1,0,Téléphone,0.0633,2020-04-03,3.0,3214.0,1071.3333333333333,2.0,0.0,0.0,0.0,0.0,0.0,0.0,0.0,2,🔵 Risque modéré,-5.5812707,6.767355
CLT04783,51,Centre-Val de Loire,0,3,Agent,0.3849,2016-08-18,,,,,0.0,0.0,0.0,0.0,,0.0,,1,🟢 Bon risque fidèle,12.0743065,2.720728
CLT04784,33,Nouvelle-Aquitaine,2,0,Courtier,0.0841,2019-09-08,2.0,2077.0,1038.5,2.0,0.0,0.0,0.0,0.0,0.0,0.0,0.0,2,🔵 Risque modéré,-5.8290777,7.4210153
CLT04785,83,Provence-Alpes-Côte d'Azur,14,1,Web,0.2846,2017-05-14,2.0,3119.0,1559.5,2.0,2.0,15839.0,7919.5,0.0,1.0,0.0,5.078230201987816,3,🔴 Très haut risque,-2.7544315,4.3880186
CLT04786,34,Normandie,5,1,Web,0.1141,2016-07-19,,,,,0.0,0.0,0.0,0.0,,0.0,,1,🟢 Bon risque fidèle,14.381778,2.309924
CLT04787,46,Provence-Alpes-Côte d'Azur,3,0,Agent,0.0802,2016-06-02,3.0,4888.0,1629.3333333333333,2.0,2.0,29253.0,14626.5,0.0,0.6666666666666666,0.0,5.984656301145663,3,🔴 Très haut risque,-2.7790997,6.3043723
CLT04788,25,Normandie,5,1,Téléphone,0.1082,2018-10-05,,,,,0.0,0.0,0.0,0.0,,0.0,,1,🟢 Bon risque fidèle,14.720048,2.1861398
CLT04789,39,Occitanie,1,0,Agent,0.1128,2017-12-04,5.0,6748.0,1349.6,3.0,0.0,0.0,0.0,0.0,0.0,0.0,0.0,2,🔵 Risque modéré,-4.7001233,5.035246
CLT04790,64,Hauts-de-France,8,0,Agent,0.01,2017-11-10,,,,,0.0,0.0,0.0,0.0,,0.0,,1,🟢 Bon risque fidèle,14.222377,5.634718
CLT04791,27,Normandie,15,0,Agent,0.1353,2019-03-11,2.0,1801.0,900.5,1.0,3.0,1038.0,346.0,0.0,1.5,0.0,0.5763464741810106,2,🔵 Risque modéré,-0.52964354,6.674281
CLT04792,42,Hauts-de-France,0,0,Courtier,0.0764,2020-04-10,1.0,1898.0,1898.0,1.0,0.0,0.0,0.0,0.0,0.0,0.0,0.0,2,🔵 Risque modéré,2.467305,10.705179
CLT04793,56,Nouvelle-Aquitaine,2,1,Web,0.2712,2017-08-15,7.0,9812.0,1401.7142857142858,3.0,2.0,4034.0,2017.0,0.0,0.2857142857142857,0.0,0.41112922951487973,2,🔵 Risque modéré,-3.8822644,4.2799034
CLT04794,59,Île-de-France,4,0,Web,0.2303,2018-01-31,3.0,3572.0,1190.6666666666667,2.0,2.0,10631.0,5315.5,1.0,0.6666666666666666,0.5,2.9762038073908177,0,🟠 Risque élevé,-3.0475245,5.1904206
CLT04795,35,Centre-Val de Loire,2,1,Courtier,0.0137,2017-08-21,2.0,2037.0,1018.5,2.0,0.0,0.0,0.0,0.0,0.0,0.0,0.0,2,🔵 Risque modéré,-3.8348684,2.6761048
CLT04796,35,Hauts-de-France,0,1,Partenaire banque,0.1324,2016-11-22,1.0,1708.0,1708.0,1.0,0.0,0.0,0.0,0.0,0.0,0.0,0.0,2,🔵 Risque modéré,1.3676858,1.1941215
CLT04797,32,Centre-Val de Loire,8,3,Agent,0.4859,2018-09-02,2.0,2756.0,1378.0,1.0,0.0,0.0,0.0,0.0,0.0,0.0,0.0,2,🔵 Risque modéré,-1.1543874,1.745716
CLT04798,45,Normandie,1,0,Agent,0.2394,2016-11-14,2.0,2487.0,1243.5,1.0,0.0,0.0,0.0,0.0,0.0,0.0,0.0,2,🔵 Risque modéré,1.0885752,11.704589
CLT04799,18,Nouvelle-Aquitaine,1,2,Web,0.4715,2017-08-23,1.0,2550.0,2550.0,1.0,0.0,0.0,0.0,0.0,0.0,0.0,0.0,2,🔵 Risque modéré,-0.7646688,1.9614214
CLT04800,39,Bretagne,2,0,Web,0.01,2017-04-13,,,,,0.0,0.0,0.0,0.0,,0.0,,1,🟢 Bon risque fidèle,15.159358,6.967066
CLT04801,43,Île-de-France,1,1,Téléphone,0.0958,2019-04-11,1.0,2243.0,2243.0,1.0,0.0,0.0,0.0,0.0,0.0,0.0,0.0,2,🔵 Risque modéré,0.75597584,1.2192609
CLT04802,33,Hauts-de-France,19,0,Web,0.01,2016-01-27,1.0,1380.0,1380.0,1.0,0.0,0.0,0.0,0.0,0.0,0.0,0.0,2,🔵 Risque modéré,1.7775397,8.744163
CLT04803,42,Hauts-de-France,8,1,Courtier,0.0773,2018-11-09,2.0,2484.0,1242.0,2.0,2.0,3248.0,1624.0,0.0,1.0,0.0,1.3075684380032206,2,🔵 Risque modéré,-4.074098,3.6259942
CLT04804,47,Grand Est,5,1,Courtier,0.0603,2019-06-22,1.0,760.0,760.0,1.0,0.0,0.0,0.0,0.0,0.0,0.0,0.0,2,🔵 Risque modéré,0.8885468,0.34862193
CLT04805,28,Nouvelle-Aquitaine,8,1,Partenaire banque,0.039,2019-08-13,,,,,0.0,0.0,0.0,0.0,,0.0,,1,🟢 Bon risque fidèle,14.3282995,2.6934566
CLT04806,55,Nouvelle-Aquitaine,0,0,Courtier,0.0615,2018-10-25,1.0,2405.0,2405.0,1.0,1.0,6982.0,6982.0,0.0,1.0,0.0,2.903118503118503,3,🔴 Très haut risque,0.13194013,5.774319
CLT04807,48,Provence-Alpes-Côte d'Azur,9,0,Courtier,0.01,2018-02-15,3.0,6136.0,2045.3333333333333,1.0,1.0,2059.0,2059.0,0.0,0.3333333333333333,0.0,0.3355606258148631,2,🔵 Risque modéré,1.1782618,9.547526
CLT04808,18,Normandie,1,1,Agent,0.3077,2020-11-20,1.0,469.0,469.0,1.0,0.0,0.0,0.0,0.0,0.0,0.0,0.0,1,🟢 Bon risque fidèle,1.4122474,2.0694623
CLT04809,73,Grand Est,0,0,Courtier,0.0786,2018-09-20,2.0,1979.0,989.5,2.0,0.0,0.0,0.0,0.0,0.0,0.0,0.0,2,🔵 Risque modéré,-5.9894342,6.076752
CLT04810,63,Bretagne,1,0,Web,0.14,2016-05-14,1.0,865.0,865.0,1.0,0.0,0.0,0.0,0.0,0.0,0.0,0.0,2,🔵 Risque modéré,0.541315,11.293312
CLT04811,46,Provence-Alpes-Côte d'Azur,0,3,Web,0.4044,2017-02-28,,,,,0.0,0.0,0.0,0.0,,0.0,,1,🟢 Bon risque fidèle,12.057672,2.7697911
CLT04812,37,Occitanie,1,1,Web,0.1757,2019-06-02,1.0,1065.0,1065.0,1.0,0.0,0.0,0.0,0.0,0.0,0.0,0.0,2,🔵 Risque modéré,1.5664034,1.2017447
CLT04813,40,Auvergne-Rhône-Alpes,4,0,Agent,0.0616,2018-01-02,1.0,1726.0,1726.0,1.0,0.0,0.0,0.0,0.0,0.0,0.0,0.0,2,🔵 Risque modéré,1.972455,10.400431
CLT04814,36,Normandie,5,0,Courtier,0.01,2019-08-02,4.0,4707.0,1176.75,2.0,1.0,213.0,213.0,0.0,0.25,0.0,0.04525175270873168,2,🔵 Risque modéré,-5.3018713,6.7322855
CLT04815,43,Île-de-France,5,1,Téléphone,0.1922,2020-09-30,1.0,907.0,907.0,1.0,1.0,4724.0,4724.0,0.0,1.0,0.0,5.208379272326351,3,🔴 Très haut risque,-0.3778721,4.857179
CLT04816,27,Grand Est,2,1,Téléphone,0.2061,2020-02-29,2.0,4521.0,2260.5,1.0,0.0,0.0,0.0,0.0,0.0,0.0,0.0,2,🔵 Risque modéré,0.90123683,1.8150158
CLT04817,51,Occitanie,0,0,Courtier,0.1858,2016-03-10,2.0,3274.0,1637.0,2.0,0.0,0.0,0.0,0.0,0.0,0.0,0.0,2,🔵 Risque modéré,-6.136772,6.8315225
CLT04818,45,Bretagne,20,0,Agent,0.0366,2017-11-07,1.0,1121.0,1121.0,1.0,0.0,0.0,0.0,0.0,0.0,0.0,0.0,2,🔵 Risque modéré,1.7713636,8.711153
CLT04819,19,Grand Est,3,0,Web,0.1106,2019-02-09,,,,,0.0,0.0,0.0,0.0,,0.0,,1,🟢 Bon risque fidèle,16.552794,7.2245235
CLT04820,41,Grand Est,3,2,Téléphone,0.4647,2019-01-08,2.0,4511.0,2255.5,1.0,5.0,11954.0,2390.8,0.0,2.5,0.0,2.649966747949457,3,🔴 Très haut risque,-1.306158,4.6063957
CLT04821,41,Auvergne-Rhône-Alpes,0,1,Partenaire banque,0.2332,2016-04-26,1.0,1347.0,1347.0,1.0,0.0,0.0,0.0,0.0,0.0,0.0,0.0,2,🔵 Risque modéré,1.4152361,1.3651863
CLT04822,18,Normandie,2,1,Courtier,0.2848,2017-05-24,2.0,2403.0,1201.5,2.0,0.0,0.0,0.0,0.0,0.0,0.0,0.0,2,🔵 Risque modéré,-2.8673732,2.6775734
CLT04823,63,Occitanie,1,0,Web,0.1248,2020-02-25,2.0,2714.0,1357.0,2.0,0.0,0.0,0.0,0.0,0.0,0.0,0.0,2,🔵 Risque modéré,-5.976279,6.2817035
CLT04824,52,Nouvelle-Aquitaine,5,1,Agent,0.0933,2019-08-27,3.0,3094.0,1031.3333333333333,2.0,0.0,0.0,0.0,0.0,0.0,0.0,0.0,2,🔵 Risque modéré,-3.9417624,3.2726738
CLT04825,43,Occitanie,14,0,Web,0.01,2020-01-11,1.0,1334.0,1334.0,1.0,1.0,2043.0,2043.0,0.0,1.0,0.0,1.5314842578710646,2,🔵 Risque modéré,-0.55654013,6.7304063
CLT04826,40,Normandie,1,2,Web,0.0974,2019-06-03,1.0,1819.0,1819.0,1.0,0.0,0.0,0.0,0.0,0.0,0.0,0.0,2,🔵 Risque modéré,-0.4771361,1.3737508
CLT04827,35,Hauts-de-France,3,0,Courtier,0.0945,2016-07-08,3.0,3373.0,1124.3333333333333,2.0,3.0,37396.0,12465.333333333334,0.0,1.0,0.0,11.086866291135488,3,🔴 Très haut risque,-2.6440737,6.24945
CLT04828,38,Occitanie,4,0,Agent,0.1499,2016-05-12,1.0,2865.0,2865.0,1.0,0.0,0.0,0.0,0.0,0.0,0.0,0.0,2,🔵 Risque modéré,3.0872002,10.406585
CLT04829,31,Nouvelle-Aquitaine,1,0,Courtier,0.01,2016-05-06,1.0,1899.0,1899.0,1.0,0.0,0.0,0.0,0.0,0.0,0.0,0.0,2,🔵 Risque modéré,2.6818058,11.126567
CLT04830,43,Occitanie,2,1,Web,0.4676,2019-04-16,2.0,3016.0,1508.0,2.0,2.0,6388.0,3194.0,1.0,1.0,0.5,2.118037135278515,0,🟠 Risque élevé,-2.8344798,4.9233384
CLT04831,42,Centre-Val de Loire,1,2,Courtier,0.5017,2016-07-22,2.0,4703.0,2351.5,1.0,0.0,0.0,0.0,0.0,0.0,0.0,0.0,2,🔵 Risque modéré,-0.78853333,2.0037928
CLT04832,21,Grand Est,9,0,Téléphone,0.0611,2016-04-16,,,,,0.0,0.0,0.0,0.0,,0.0,,1,🟢 Bon risque fidèle,15.45908,5.905427
CLT04833,40,Provence-Alpes-Côte d'Azur,5,3,Agent,0.3157,2016-05-31,3.0,4824.0,1608.0,3.0,2.0,5815.0,2907.5,1.0,0.6666666666666666,0.5,1.2054311774461028,0,🟠 Risque élevé,-2.9147983,4.830211
CLT04834,44,Occitanie,13,0,Courtier,0.01,2018-06-26,1.0,3032.0,3032.0,1.0,0.0,0.0,0.0,0.0,0.0,0.0,0.0,2,🔵 Risque modéré,2.3871803,9.461211
CLT04835,31,Auvergne-Rhône-Alpes,0,1,Courtier,0.0803,2016-07-25,1.0,3286.0,3286.0,1.0,1.0,16239.0,16239.0,0.0,1.0,0.0,4.941874619598296,3,🔴 Très haut risque,-0.24379669,5.5607963
CLT04836,35,Grand Est,0,1,Courtier,0.2197,2019-05-12,2.0,4557.0,2278.5,1.0,1.0,2237.0,2237.0,0.0,0.5,0.0,0.49089313144612684,2,🔵 Risque modéré,0.1444025,3.468892
CLT04837,56,Normandie,6,0,Web,0.0479,2016-01-22,3.0,3320.0,1106.6666666666667,3.0,0.0,0.0,0.0,0.0,0.0,0.0,0.0,2,🔵 Risque modéré,-5.0438952,5.1209803
CLT04838,50,Centre-Val de Loire,2,0,Courtier,0.01,2016-08-18,2.0,3560.0,1780.0,2.0,2.0,58801.0,29400.5,0.0,1.0,0.0,16.517134831460673,3,🔴 Très haut risque,-1.9658186,6.4129696
CLT04839,22,Normandie,9,0,Agent,0.01,2017-02-04,,,,,0.0,0.0,0.0,0.0,,0.0,,1,🟢 Bon risque fidèle,15.336746,5.7726636
CLT04840,46,Centre-Val de Loire,4,2,Téléphone,0.0831,2019-06-14,4.0,5356.0,1339.0,2.0,3.0,10122.0,3374.0,0.0,0.75,0.0,1.8898431665421958,2,🔵 Risque modéré,-3.0338583,3.7479093
CLT04841,21,Normandie,2,3,Partenaire banque,0.4409,2017-06-01,,,,,0.0,0.0,0.0,0.0,,0.0,,1,🟢 Bon risque fidèle,12.157254,2.9317694
CLT04842,36,Bretagne,0,0,Agent,0.1021,2018-10-07,2.0,2651.0,1325.5,2.0,1.0,467.0,467.0,0.0,0.5,0.0,0.17615993964541682,2,🔵 Risque modéré,-4.577689,6.9998646
CLT04843,40,Nouvelle-Aquitaine,1,1,Web,0.1309,2018-09-18,2.0,2723.0,1361.5,2.0,1.0,7038.0,7038.0,0.0,0.5,0.0,2.5846492838780755,2,🔵 Risque modéré,-2.9014084,3.8857813
CLT04844,32,Grand Est,1,1,Web,0.4336,2019-08-16,2.0,2999.0,1499.5,2.0,0.0,0.0,0.0,0.0,0.0,0.0,0.0,2,🔵 Risque modéré,-2.7745059,2.617099
CLT04845,39,Hauts-de-France,2,0,Web,0.1192,2018-12-27,3.0,6850.0,2283.3333333333335,2.0,2.0,27623.0,13811.5,1.0,0.6666666666666666,0.5,4.032554744525547,0,🟠 Risque élevé,-3.0414147,5.181551
CLT04846,40,Occitanie,5,0,Web,0.01,2019-10-22,1.0,1357.0,1357.0,1.0,0.0,0.0,0.0,0.0,0.0,0.0,0.0,2,🔵 Risque modéré,1.7601868,10.139181
CLT04847,18,Grand Est,1,2,Courtier,0.3938,2019-07-07,1.0,2080.0,2080.0,1.0,1.0,4375.0,4375.0,0.0,1.0,0.0,2.1033653846153846,3,🔴 Très haut risque,-0.75296676,3.9776454
CLT04848,32,Normandie,12,0,Web,0.01,2020-03-31,1.0,1689.0,1689.0,1.0,0.0,0.0,0.0,0.0,0.0,0.0,0.0,2,🔵 Risque modéré,2.0090668,9.186732
CLT04849,35,Nouvelle-Aquitaine,16,0,Courtier,0.1165,2017-10-17,4.0,3397.0,849.25,3.0,0.0,0.0,0.0,0.0,0.0,0.0,0.0,2,🔵 Risque modéré,-5.302984,5.209683
CLT04850,60,Grand Est,13,2,Courtier,0.0604,2016-12-02,,,,,0.0,0.0,0.0,0.0,,0.0,,1,🟢 Bon risque fidèle,13.565381,2.8112032
CLT04851,63,Nouvelle-Aquitaine,7,0,Web,0.0685,2018-06-05,4.0,4564.0,1141.0,3.0,3.0,6410.0,2136.6666666666665,0.0,0.75,0.0,1.4044697633654688,2,🔵 Risque modéré,-4.796215,5.170899
CLT04852,51,Hauts-de-France,3,1,Web,0.3945,2020-11-02,,,,,0.0,0.0,0.0,0.0,,0.0,,1,🟢 Bon risque fidèle,13.881271,0.7974141
CLT04853,38,Normandie,0,0,Web,0.01,2019-11-09,2.0,2620.0,1310.0,1.0,0.0,0.0,0.0,0.0,0.0,0.0,0.0,2,🔵 Risque modéré,1.611738,10.784393
CLT04854,45,Grand Est,7,0,Téléphone,0.11,2017-02-02,1.0,1371.0,1371.0,1.0,0.0,0.0,0.0,0.0,0.0,0.0,0.0,2,🔵 Risque modéré,1.5277728,9.953601
CLT04855,45,Auvergne-Rhône-Alpes,0,2,Agent,0.3844,2017-03-14,,,,,0.0,0.0,0.0,0.0,,0.0,,1,🟢 Bon risque fidèle,12.114973,2.5479813
CLT04856,53,Hauts-de-France,0,1,Courtier,0.2159,2017-10-19,,,,,0.0,0.0,0.0,0.0,,0.0,,1,🟢 Bon risque fidèle,13.52257,1.0435215
CLT04857,59,Grand Est,0,1,Courtier,0.0526,2019-11-05,2.0,1448.0,724.0,2.0,1.0,459.0,459.0,0.0,0.5,0.0,0.3169889502762431,2,🔵 Risque modéré,-3.8410814,3.300089
CLT04858,42,Hauts-de-France,1,0,Partenaire banque,0.01,2017-03-08,3.0,5819.0,1939.6666666666667,2.0,3.0,26716.0,8905.333333333334,0.0,1.0,0.0,4.5911668671593056,3,🔴 Très haut risque,-3.366505,6.336634
CLT04859,42,Centre-Val de Loire,8,1,Agent,0.2274,2017-10-27,1.0,997.0,997.0,1.0,0.0,0.0,0.0,0.0,0.0,0.0,0.0,2,🔵 Risque modéré,0.40932998,0.7171431
CLT04860,34,Nouvelle-Aquitaine,2,1,Web,0.1513,2018-03-24,,,,,0.0,0.0,0.0,0.0,,0.0,,1,🟢 Bon risque fidèle,14.669114,1.6318773
CLT04861,31,Nouvelle-Aquitaine,0,0,Téléphone,0.1328,2019-06-05,2.0,4006.0,2003.0,1.0,0.0,0.0,0.0,0.0,0.0,0.0,0.0,2,🔵 Risque modéré,2.7844408,10.80315
CLT04862,40,Nouvelle-Aquitaine,8,0,Web,0.0657,2018-11-25,1.0,2575.0,2575.0,1.0,0.0,0.0,0.0,0.0,0.0,0.0,0.0,2,🔵 Risque modéré,2.5936382,9.725702
CLT04863,61,Normandie,7,0,Agent,0.1944,2020-06-05,2.0,5130.0,2565.0,2.0,3.0,9150.0,3050.0,0.0,1.5,0.0,1.7836257309941521,3,🔴 Très haut risque,-4.0698795,6.294928
CLT04864,34,Bretagne,11,0,Agent,0.01,2017-07-07,2.0,2891.0,1445.5,2.0,1.0,1419.0,1419.0,0.0,0.5,0.0,0.4908336215842269,2,🔵 Risque modéré,-5.235786,5.8400283
CLT04865,42,Occitanie,3,2,Partenaire banque,0.2157,2018-08-26,,,,,0.0,0.0,0.0,0.0,,0.0,,1,🟢 Bon risque fidèle,12.584729,2.3793483
CLT04866,44,Hauts-de-France,1,2,Courtier,0.3205,2017-09-21,2.0,1617.0,808.5,2.0,0.0,0.0,0.0,0.0,0.0,0.0,0.0,2,🔵 Risque modéré,-2.0813346,2.799541
CLT04867,29,Provence-Alpes-Côte d'Azur,0,2,Agent,0.4654,2020-08-27,,,,,0.0,0.0,0.0,0.0,,0.0,,1,🟢 Bon risque fidèle,12.233588,2.791977
CLT04868,66,Provence-Alpes-Côte d'Azur,8,2,Courtier,0.0884,2018-05-23,1.0,1518.0,1518.0,1.0,1.0,11352.0,11352.0,0.0,1.0,0.0,7.478260869565218,3,🔴 Très haut risque,-0.9426332,5.483417
CLT04869,52,Centre-Val de Loire,2,1,Courtier,0.2286,2018-05-06,1.0,1479.0,1479.0,1.0,0.0,0.0,0.0,0.0,0.0,0.0,0.0,2,🔵 Risque modéré,0.9759695,1.1401061
CLT04870,49,Île-de-France,4,1,Agent,0.01,2018-04-09,2.0,2031.0,1015.5,2.0,1.0,4907.0,4907.0,0.0,0.5,0.0,2.4160512063023143,2,🔵 Risque modéré,-3.7340164,3.416223
CLT04871,53,Île-de-France,14,0,Partenaire banque,0.0147,2017-12-27,,,,,0.0,0.0,0.0,0.0,,0.0,,1,🟢 Bon risque fidèle,14.443054,5.287236
CLT04872,50,Nouvelle-Aquitaine,2,0,Partenaire banque,0.01,2020-04-21,2.0,2440.0,1220.0,1.0,1.0,3372.0,3372.0,0.0,0.5,0.0,1.381967213114754,2,🔵 Risque modéré,0.61470515,9.646697
CLT04873,57,Hauts-de-France,6,0,Web,0.01,2019-12-15,,,,,0.0,0.0,0.0,0.0,,0.0,,1,🟢 Bon risque fidèle,14.257064,5.9251165
CLT04874,77,Occitanie,0,0,Web,0.0129,2020-01-09,,,,,0.0,0.0,0.0,0.0,,0.0,,1,🟢 Bon risque fidèle,13.847502,8.617655
CLT04875,41,Hauts-de-France,1,1,Web,0.161,2018-02-05,1.0,1091.0,1091.0,1.0,2.0,9735.0,4867.5,0.0,2.0,0.0,8.923006416131988,3,🔴 Très haut risque,-1.2096972,5.3917246
CLT04876,52,Île-de-France,0,0,Web,0.01,2020-06-09,1.0,1859.0,1859.0,1.0,0.0,0.0,0.0,0.0,0.0,0.0,0.0,2,🔵 Risque modéré,0.5519595,10.750831
CLT04877,59,Bretagne,1,0,Web,0.1624,2019-02-22,2.0,3567.0,1783.5,2.0,2.0,4743.0,2371.5,0.0,1.0,0.0,1.3296888141295207,2,🔵 Risque modéré,-4.1259413,6.3465586
CLT04878,55,Occitanie,3,1,Agent,0.1108,2019-06-20,,,,,0.0,0.0,0.0,0.0,,0.0,,1,🟢 Bon risque fidèle,13.511778,1.7681344
CLT04879,52,Grand Est,2,1,Courtier,0.2536,2017-07-17,,,,,0.0,0.0,0.0,0.0,,0.0,,1,🟢 Bon risque fidèle,13.607843,1.0395677
CLT04880,39,Auvergne-Rhône-Alpes,11,0,Web,0.01,2016-11-26,2.0,2383.0,1191.5,2.0,0.0,0.0,0.0,0.0,0.0,0.0,0.0,2,🔵 Risque modéré,-5.578881,5.6062465
CLT04881,60,Provence-Alpes-Côte d'Azur,0,0,Agent,0.2475,2020-01-19,,,,,0.0,0.0,0.0,0.0,,0.0,,1,🟢 Bon risque fidèle,14.8554735,8.935764
CLT04882,37,Centre-Val de Loire,0,0,Courtier,0.01,2016-04-06,1.0,2708.0,2708.0,1.0,0.0,0.0,0.0,0.0,0.0,0.0,0.0,2,🔵 Risque modéré,3.0511696,10.345972
CLT04883,52,Bretagne,1,0,Agent,0.01,2019-12-19,1.0,979.0,979.0,1.0,2.0,2966.0,1483.0,0.0,2.0,0.0,3.0296220633299287,3,🔴 Très haut risque,-0.6583397,5.62201
CLT04884,58,Normandie,1,2,Web,0.1786,2019-05-29,1.0,1444.0,1444.0,1.0,0.0,0.0,0.0,0.0,0.0,0.0,0.0,2,🔵 Risque modéré,-0.5730012,1.4845272
CLT04885,43,Centre-Val de Loire,2,0,Courtier,0.0245,2016-07-28,2.0,2299.0,1149.5,2.0,0.0,0.0,0.0,0.0,0.0,0.0,0.0,2,🔵 Risque modéré,-6.217207,6.842128
CLT04886,49,Île-de-France,4,0,Agent,0.01,2017-07-21,2.0,2149.0,1074.5,1.0,0.0,0.0,0.0,0.0,0.0,0.0,0.0,2,🔵 Risque modéré,1.1450948,10.162787
CLT04887,24,Grand Est,0,1,Courtier,0.2332,2017-08-07,2.0,1670.0,835.0,2.0,1.0,2296.0,2296.0,0.0,0.5,0.0,1.3748502994011975,2,🔵 Risque modéré,-2.786524,3.2359056
CLT04888,18,Auvergne-Rhône-Alpes,4,0,Courtier,0.0311,2020-12-10,3.0,3435.0,1145.0,2.0,0.0,0.0,0.0,0.0,0.0,0.0,0.0,2,🔵 Risque modéré,-5.335739,7.0893774
CLT04889,40,Auvergne-Rhône-Alpes,5,0,Web,0.0816,2020-05-08,,,,,0.0,0.0,0.0,0.0,,0.0,,1,🟢 Bon risque fidèle,14.985196,6.520564
CLT04890,83,Bretagne,1,0,Téléphone,0.1392,2020-11-26,,,,,0.0,0.0,0.0,0.0,,0.0,,1,🟢 Bon risque fidèle,13.9969015,8.718801
CLT04891,51,Nouvelle-Aquitaine,5,0,Courtier,0.01,2019-03-23,,,,,0.0,0.0,0.0,0.0,,0.0,,1,🟢 Bon risque fidèle,14.395497,6.3345847
CLT04892,35,Occitanie,1,1,Courtier,0.1806,2018-06-18,1.0,2885.0,2885.0,1.0,0.0,0.0,0.0,0.0,0.0,0.0,0.0,2,🔵 Risque modéré,0.50562507,1.7320026
CLT04893,32,Occitanie,6,0,Web,0.01,2019-01-26,,,,,0.0,0.0,0.0,0.0,,0.0,,1,🟢 Bon risque fidèle,15.273694,6.216418
CLT04894,59,Hauts-de-France,3,0,Courtier,0.01,2020-08-02,,,,,0.0,0.0,0.0,0.0,,0.0,,1,🟢 Bon risque fidèle,13.728793,8.150258
CLT04895,39,Hauts-de-France,5,0,Agent,0.0753,2016-10-16,2.0,2766.0,1383.0,2.0,1.0,166.0,166.0,0.0,0.5,0.0,0.060014461315979754,2,🔵 Risque modéré,-4.854583,6.469857
CLT04896,55,Auvergne-Rhône-Alpes,2,2,Téléphone,0.31,2019-12-05,2.0,1653.0,826.5,2.0,1.0,2488.0,2488.0,0.0,0.5,0.0,1.5051421657592257,2,🔵 Risque modéré,-2.0481665,3.15151
CLT04897,48,Provence-Alpes-Côte d'Azur,3,0,Partenaire banque,0.0928,2018-01-11,1.0,2294.0,2294.0,1.0,0.0,0.0,0.0,0.0,0.0,0.0,0.0,2,🔵 Risque modéré,2.6449606,10.223858
CLT04898,36,Normandie,0,0,Agent,0.0419,2017-03-17,2.0,2729.0,1364.5,2.0,1.0,28880.0,28880.0,1.0,0.5,1.0,10.582631000366435,0,🟠 Risque élevé,-4.9204974,21.793495
CLT04899,26,Nouvelle-Aquitaine,3,1,Web,0.01,2017-04-13,2.0,3011.0,1505.5,2.0,1.0,5567.0,5567.0,0.0,0.5,0.0,1.8488874128196613,2,🔵 Risque modéré,-3.305306,3.7064555
CLT04900,34,Normandie,5,0,Courtier,0.041,2017-02-13,,,,,0.0,0.0,0.0,0.0,,0.0,,1,🟢 Bon risque fidèle,15.237028,6.4219756
CLT04901,41,Hauts-de-France,2,2,Web,0.3518,2020-03-13,3.0,5336.0,1778.6666666666667,2.0,2.0,5057.0,2528.5,0.0,0.6666666666666666,0.0,0.9477136431784108,2,🔵 Risque modéré,-1.9949396,3.361211
CLT04902,40,Île-de-France,6,0,Web,0.1091,2019-08-10,1.0,1726.0,1726.0,1.0,1.0,3218.0,3218.0,0.0,1.0,0.0,1.8644264194669757,2,🔵 Risque modéré,0.21616833,6.2182374
CLT04903,35,Bretagne,1,1,Courtier,0.2603,2020-07-10,3.0,3679.0,1226.3333333333333,2.0,4.0,36550.0,9137.5,1.0,1.3333333333333333,0.25,9.934764881761348,3,🔴 Très haut risque,-2.0143144,5.403299
CLT04904,31,Normandie,4,2,Agent,0.1567,2020-09-01,1.0,2969.0,2969.0,1.0,1.0,1931.0,1931.0,1.0,1.0,1.0,0.6503873358033008,0,🟠 Risque élevé,-4.6216598,22.133665
CLT04905,31,Grand Est,0,1,Web,0.2076,2018-11-17,2.0,3541.0,1770.5,1.0,0.0,0.0,0.0,0.0,0.0,0.0,0.0,2,🔵 Risque modéré,1.0445356,1.7398144
CLT04906,39,Provence-Alpes-Côte d'Azur,4,0,Web,0.01,2018-06-16,,,,,0.0,0.0,0.0,0.0,,0.0,,1,🟢 Bon risque fidèle,15.012504,6.661667
CLT04907,50,Île-de-France,5,1,Partenaire banque,0.2302,2020-11-25,,,,,0.0,0.0,0.0,0.0,,0.0,,1,🟢 Bon risque fidèle,13.713116,1.6852442
CLT04908,55,Provence-Alpes-Côte d'Azur,3,1,Agent,0.2088,2018-10-06,2.0,3533.0,1766.5,1.0,3.0,16960.0,5653.333333333333,0.0,1.5,0.0,4.800452872912539,3,🔴 Très haut risque,-0.7405251,5.0645866
CLT04909,33,Hauts-de-France,17,2,Courtier,0.2125,2019-07-25,1.0,1536.0,1536.0,1.0,0.0,0.0,0.0,0.0,0.0,0.0,0.0,2,🔵 Risque modéré,-0.51235116,0.8392878
CLT04910,37,Auvergne-Rhône-Alpes,1,1,Agent,0.2912,2019-03-05,,,,,0.0,0.0,0.0,0.0,,0.0,,1,🟢 Bon risque fidèle,14.576053,1.0339918
CLT04911,38,Auvergne-Rhône-Alpes,4,1,Partenaire banque,0.3767,2020-05-19,2.0,2258.0,1129.0,2.0,1.0,2472.0,2472.0,0.0,0.5,0.0,1.0947741364038972,2,🔵 Risque modéré,-2.6848567,3.1237679
CLT04912,32,Auvergne-Rhône-Alpes,13,0,Courtier,0.01,2020-06-25,1.0,751.0,751.0,1.0,0.0,0.0,0.0,0.0,0.0,0.0,0.0,2,🔵 Risque modéré,1.8846146,9.029101
CLT04913,63,Grand Est,2,2,Téléphone,0.1609,2016-06-30,4.0,5839.0,1459.75,2.0,2.0,385.0,192.5,0.0,0.5,0.0,0.06593594793629046,2,🔵 Risque modéré,-2.7976499,3.5109706
CLT04914,34,Centre-Val de Loire,4,1,Partenaire banque,0.1768,2019-06-05,1.0,1230.0,1230.0,1.0,0.0,0.0,0.0,0.0,0.0,0.0,0.0,2,🔵 Risque modéré,1.1095974,1.2673144
CLT04915,68,Occitanie,0,0,Agent,0.0107,2020-04-22,2.0,2518.0,1259.0,2.0,0.0,0.0,0.0,0.0,0.0,0.0,0.0,2,🔵 Risque modéré,-5.9771504,6.1092825
CLT04916,36,Bretagne,3,0,Téléphone,0.1886,2018-08-13,,,,,0.0,0.0,0.0,0.0,,0.0,,1,🟢 Bon risque fidèle,15.805257,7.999329
CLT04917,52,Normandie,3,4,Téléphone,0.3558,2020-02-24,,,,,0.0,0.0,0.0,0.0,,0.0,,1,🟢 Bon risque fidèle,12.080065,2.7756233
CLT04918,59,Nouvelle-Aquitaine,2,0,Agent,0.01,2016-05-31,4.0,4650.0,1162.5,1.0,1.0,19176.0,19176.0,0.0,0.25,0.0,4.123870967741936,3,🔴 Très haut risque,-2.8118546,6.2602363
CLT04919,18,Nouvelle-Aquitaine,5,0,Agent,0.01,2017-11-28,,,,,0.0,0.0,0.0,0.0,,0.0,,1,🟢 Bon risque fidèle,16.24648,6.296809
CLT04920,32,Normandie,1,1,Courtier,0.1082,2019-11-21,,,,,0.0,0.0,0.0,0.0,,0.0,,1,🟢 Bon risque fidèle,14.849488,1.7487619
CLT04921,25,Bretagne,1,1,Téléphone,0.0408,2018-04-04,2.0,2979.0,1489.5,2.0,1.0,281.0,281.0,1.0,0.5,1.0,0.09432695535414569,0,🟠 Risque élevé,-4.7785363,22.002754
CLT04922,50,Centre-Val de Loire,0,2,Web,0.3876,2019-07-03,3.0,4917.0,1639.0,2.0,4.0,39139.0,9784.75,0.0,1.3333333333333333,0.0,7.9599349196664635,3,🔴 Très haut risque,-1.8737266,4.7647038
CLT04923,59,Bretagne,1,0,Web,0.01,2017-04-08,4.0,6038.0,1509.5,1.0,4.0,10320.0,2580.0,0.0,1.0,0.0,1.7091752235839681,2,🔵 Risque modéré,-4.2269173,6.18253
CLT04924,48,Provence-Alpes-Côte d'Azur,5,0,Courtier,0.01,2017-06-16,,,,,0.0,0.0,0.0,0.0,,0.0,,1,🟢 Bon risque fidèle,14.447654,6.3631163
CLT04925,18,Occitanie,5,1,Courtier,0.0309,2020-04-23,1.0,2008.0,2008.0,1.0,0.0,0.0,0.0,0.0,0.0,0.0,0.0,2,🔵 Risque modéré,0.36663172,1.101606
CLT04926,63,Provence-Alpes-Côte d'Azur,6,0,Courtier,0.0768,2019-09-02,,,,,0.0,0.0,0.0,0.0,,0.0,,1,🟢 Bon risque fidèle,14.197988,8.091433
CLT04927,58,Occitanie,1,0,Agent,0.0982,2019-03-24,2.0,2735.0,1367.5,2.0,0.0,0.0,0.0,0.0,0.0,0.0,0.0,2,🔵 Risque modéré,-6.0813017,6.431521
CLT04928,36,Provence-Alpes-Côte d'Azur,0,0,Téléphone,0.1808,2020-01-06,3.0,3793.0,1264.3333333333333,2.0,2.0,10947.0,5473.5,0.0,0.6666666666666666,0.0,2.886105984708674,2,🔵 Risque modéré,-4.024479,6.55481
CLT04929,27,Centre-Val de Loire,10,0,Web,0.0681,2020-05-04,1.0,1743.0,1743.0,1.0,1.0,1258.0,1258.0,0.0,1.0,0.0,0.7217441193344808,2,🔵 Risque modéré,-0.38138455,6.6348133
CLT04930,18,Nouvelle-Aquitaine,4,0,Web,0.01,2017-01-08,,,,,0.0,0.0,0.0,0.0,,0.0,,1,🟢 Bon risque fidèle,16.276062,6.3409066
CLT04931,31,Auvergne-Rhône-Alpes,3,1,Web,0.1573,2019-05-19,1.0,699.0,699.0,1.0,1.0,139.0,139.0,0.0,1.0,0.0,0.1988555078683834,2,🔵 Risque modéré,0.15665756,4.438628
CLT04932,50,Île-de-France,4,0,Agent,0.1661,2019-01-13,1.0,646.0,646.0,1.0,0.0,0.0,0.0,0.0,0.0,0.0,0.0,2,🔵 Risque modéré,1.2286749,11.331718
CLT04933,18,Provence-Alpes-Côte d'Azur,5,0,Partenaire banque,0.177,2017-11-03,4.0,4788.0,1197.0,3.0,3.0,19982.0,6660.666666666667,0.0,0.75,0.0,4.173350041771094,3,🔴 Très haut risque,-4.092924,5.535261
CLT04934,18,Provence-Alpes-Côte d'Azur,3,1,Partenaire banque,0.147,2019-09-11,2.0,2482.0,1241.0,1.0,1.0,1847.0,1847.0,0.0,0.5,0.0,0.7441579371474617,2,🔵 Risque modéré,0.25364888,3.5841594
CLT04935,18,Occitanie,6,0,Web,0.2379,2016-12-02,2.0,2224.0,1112.0,2.0,2.0,3151.0,1575.5,0.0,1.0,0.0,1.41681654676259,2,🔵 Risque modéré,-4.628581,7.1705656
CLT04936,31,Bretagne,2,1,Partenaire banque,0.1144,2017-04-24,1.0,1431.0,1431.0,1.0,0.0,0.0,0.0,0.0,0.0,0.0,0.0,2,🔵 Risque modéré,1.4767731,1.1594793
CLT04937,46,Occitanie,0,1,Agent,0.1787,2016-02-27,2.0,4589.0,2294.5,1.0,0.0,0.0,0.0,0.0,0.0,0.0,0.0,2,🔵 Risque modéré,0.7019106,1.5271504
CLT04938,19,Nouvelle-Aquitaine,0,1,Téléphone,0.3922,2018-06-21,2.0,2297.0,1148.5,1.0,2.0,1009.0,504.5,0.0,1.0,0.0,0.4392686112320418,2,🔵 Risque modéré,-0.34318322,3.9520144
CLT04939,57,Auvergne-Rhône-Alpes,2,0,Téléphone,0.2217,2018-02-09,2.0,3768.0,1884.0,2.0,0.0,0.0,0.0,0.0,0.0,0.0,0.0,2,🔵 Risque modéré,-6.0438213,6.6266494
CLT04940,61,Île-de-France,4,1,Courtier,0.2613,2020-03-05,1.0,2100.0,2100.0,1.0,2.0,234.0,117.0,0.0,2.0,0.0,0.11142857142857143,3,🔴 Très haut risque,-0.8190135,4.9645576
CLT04941,32,Occitanie,10,1,Courtier,0.0177,2018-07-06,1.0,1457.0,1457.0,1.0,0.0,0.0,0.0,0.0,0.0,0.0,0.0,2,🔵 Risque modéré,0.12992245,0.74802995
CLT04942,35,Normandie,9,1,Courtier,0.0795,2017-02-27,3.0,4366.0,1455.3333333333333,2.0,1.0,1892.0,1892.0,0.0,0.3333333333333333,0.0,0.43334860284012827,2,🔵 Risque modéré,-4.447598,3.5194757
CLT04943,38,Bretagne,1,1,Courtier,0.3298,2016-09-14,2.0,2872.0,1436.0,1.0,1.0,192.0,192.0,0.0,0.5,0.0,0.06685236768802229,2,🔵 Risque modéré,0.6906587,2.2490666
CLT04944,25,Auvergne-Rhône-Alpes,1,0,Partenaire banque,0.01,2018-11-05,3.0,4898.0,1632.6666666666667,1.0,1.0,5249.0,5249.0,0.0,0.3333333333333333,0.0,1.0716619028174765,2,🔵 Risque modéré,0.3236516,8.737338
CLT04945,35,Centre-Val de Loire,1,1,Agent,0.0164,2016-09-08,1.0,895.0,895.0,1.0,0.0,0.0,0.0,0.0,0.0,0.0,0.0,2,🔵 Risque modéré,1.596265,0.6680561
CLT04946,25,Nouvelle-Aquitaine,1,0,Agent,0.151,2016-09-05,2.0,1975.0,987.5,2.0,0.0,0.0,0.0,0.0,0.0,0.0,0.0,2,🔵 Risque modéré,-5.4915404,7.549822
CLT04947,37,Normandie,0,2,Agent,0.2484,2018-01-05,1.0,1011.0,1011.0,1.0,0.0,0.0,0.0,0.0,0.0,0.0,0.0,2,🔵 Risque modéré,-1.0328596,1.4328195
CLT04948,40,Provence-Alpes-Côte d'Azur,4,2,Courtier,0.2671,2017-03-08,1.0,1399.0,1399.0,1.0,0.0,0.0,0.0,0.0,0.0,0.0,0.0,2,🔵 Risque modéré,-0.90248173,1.4991462
CLT04949,33,Auvergne-Rhône-Alpes,2,2,Agent,0.253,2018-01-08,1.0,803.0,803.0,1.0,0.0,0.0,0.0,0.0,0.0,0.0,0.0,2,🔵 Risque modéré,-1.0185078,1.3973408
CLT04950,56,Normandie,2,0,Web,0.0888,2016-08-19,,,,,0.0,0.0,0.0,0.0,,0.0,,1,🟢 Bon risque fidèle,14.290582,8.258406
CLT04951,34,Normandie,0,0,Web,0.1777,2018-02-19,1.0,1207.0,1207.0,1.0,0.0,0.0,0.0,0.0,0.0,0.0,0.0,2,🔵 Risque modéré,2.1487975,11.82002
CLT04952,63,Bretagne,1,2,Courtier,0.4454,2020-10-24,,,,,0.0,0.0,0.0,0.0,,0.0,,1,🟢 Bon risque fidèle,12.117935,2.3942935
CLT04953,61,Auvergne-Rhône-Alpes,5,0,Courtier,0.0927,2017-09-28,6.0,9069.0,1511.5,3.0,0.0,0.0,0.0,0.0,0.0,0.0,0.0,2,🔵 Risque modéré,-4.862178,5.1014857
CLT04954,38,Auvergne-Rhône-Alpes,0,0,Courtier,0.01,2020-10-04,2.0,3549.0,1774.5,2.0,1.0,637.0,637.0,0.0,0.5,0.0,0.1794871794871795,2,🔵 Risque modéré,-4.698394,7.0588493
CLT04955,28,Hauts-de-France,0,0,Web,0.0935,2019-12-09,1.0,660.0,660.0,1.0,0.0,0.0,0.0,0.0,0.0,0.0,0.0,2,🔵 Risque modéré,2.2669935,11.679351
CLT04956,52,Auvergne-Rhône-Alpes,3,0,Agent,0.122,2020-07-19,2.0,2221.0,1110.5,1.0,1.0,1670.0,1670.0,0.0,0.5,0.0,0.7519135524538496,2,🔵 Risque modéré,0.51091075,9.470489
CLT04957,24,Bretagne,0,1,Téléphone,0.1622,2016-02-04,3.0,2516.0,838.6666666666666,2.0,2.0,8144.0,4072.0,0.0,0.6666666666666666,0.0,3.236883942766296,2,🔵 Risque modéré,-2.759003,3.4797816
CLT04958,51,Hauts-de-France,0,0,Agent,0.1958,2017-10-26,3.0,9079.0,3026.3333333333335,2.0,3.0,24668.0,8222.666666666666,0.0,1.0,0.0,2.7170393215111797,3,🔴 Très haut risque,-3.505942,6.448223
CLT04959,18,Île-de-France,3,3,Web,0.2731,2017-05-26,1.0,712.0,712.0,1.0,0.0,0.0,0.0,0.0,0.0,0.0,0.0,2,🔵 Risque modéré,-1.1166607,1.5558586
CLT04960,36,Nouvelle-Aquitaine,4,0,Courtier,0.01,2016-09-21,1.0,1565.0,1565.0,1.0,0.0,0.0,0.0,0.0,0.0,0.0,0.0,2,🔵 Risque modéré,1.9832504,10.344893
CLT04961,45,Grand Est,2,0,Web,0.0581,2019-11-26,1.0,2753.0,2753.0,1.0,0.0,0.0,0.0,0.0,0.0,0.0,0.0,2,🔵 Risque modéré,2.975676,10.124923
CLT04962,40,Normandie,8,3,Agent,0.3293,2016-05-07,2.0,2899.0,1449.5,1.0,0.0,0.0,0.0,0.0,0.0,0.0,0.0,2,🔵 Risque modéré,-1.0947909,1.5244151
CLT04963,32,Centre-Val de Loire,6,0,Téléphone,0.01,2020-11-11,2.0,2869.0,1434.5,1.0,1.0,625.0,625.0,0.0,0.5,0.0,0.21784593935169047,2,🔵 Risque modéré,1.0142363,9.592231
CLT04964,40,Hauts-de-France,2,0,Courtier,0.01,2018-05-01,1.0,1678.0,1678.0,1.0,1.0,1919.0,1919.0,0.0,1.0,0.0,1.1436233611442193,2,🔵 Risque modéré,0.50198776,6.187931
CLT04965,35,Nouvelle-Aquitaine,4,0,Courtier,0.0638,2016-12-25,,,,,0.0,0.0,0.0,0.0,,0.0,,1,🟢 Bon risque fidèle,15.325489,6.5479665
CLT04966,50,Grand Est,1,0,Partenaire banque,0.143,2020-03-01,2.0,3560.0,1780.0,2.0,1.0,555.0,555.0,0.0,0.5,0.0,0.15589887640449437,2,🔵 Risque modéré,-4.69178,6.5909047
CLT04967,18,Nouvelle-Aquitaine,0,0,Courtier,0.1195,2016-08-14,1.0,581.0,581.0,1.0,1.0,309.0,309.0,1.0,1.0,1.0,0.53184165232358,0,🟠 Risque élevé,-4.656993,22.130026
CLT04968,30,Nouvelle-Aquitaine,4,0,Web,0.01,2017-02-23,2.0,3568.0,1784.0,2.0,1.0,21458.0,21458.0,0.0,0.5,0.0,6.014013452914798,3,🔴 Très haut risque,-2.4176497,6.430693
CLT04969,39,Hauts-de-France,7,0,Courtier,0.01,2018-02-05,2.0,3303.0,1651.5,1.0,1.0,11081.0,11081.0,0.0,0.5,0.0,3.3548289433848018,3,🔴 Très haut risque,-1.5616908,6.7221894
CLT04970,42,Hauts-de-France,1,0,Agent,0.144,2016-03-01,3.0,5105.0,1701.6666666666667,2.0,2.0,6069.0,3034.5,0.0,0.6666666666666666,0.0,1.1888344760039178,2,🔵 Risque modéré,-4.438657,6.5698485
CLT04971,46,Île-de-France,3,1,Web,0.3593,2020-12-27,,,,,0.0,0.0,0.0,0.0,,0.0,,1,🟢 Bon risque fidèle,13.934509,0.80250114
CLT04972,18,Normandie,3,1,Web,0.2965,2020-11-22,1.0,1953.0,1953.0,1.0,1.0,13075.0,13075.0,0.0,1.0,0.0,6.694828469022017,3,🔴 Très haut risque,-0.74293345,5.056243
CLT04973,18,Nouvelle-Aquitaine,1,0,Téléphone,0.0562,2016-04-07,3.0,2618.0,872.6666666666666,2.0,1.0,3656.0,3656.0,0.0,0.3333333333333333,0.0,1.3964858670741023,2,🔵 Risque modéré,-4.9902606,7.266261
CLT04974,37,Grand Est,1,1,Courtier,0.1611,2019-05-12,1.0,1385.0,1385.0,1.0,0.0,0.0,0.0,0.0,0.0,0.0,0.0,2,🔵 Risque modéré,1.4911385,1.1969293
CLT04975,18,Grand Est,6,0,Web,0.0195,2016-07-26,3.0,5313.0,1771.0,2.0,2.0,6988.0,3494.0,0.0,0.6666666666666666,0.0,1.3152644456992284,2,🔵 Risque modéré,-4.7437673,6.8525105
CLT04976,33,Île-de-France,19,1,Web,0.0393,2017-04-03,1.0,1687.0,1687.0,1.0,1.0,3471.0,3471.0,0.0,1.0,0.0,2.0574985180794307,2,🔵 Risque modéré,-0.62759715,6.781262
CLT04977,31,Auvergne-Rhône-Alpes,0,1,Courtier,0.1474,2016-05-17,1.0,1072.0,1072.0,1.0,3.0,1621.0,540.3333333333334,0.0,3.0,0.0,1.5121268656716418,3,🔴 Très haut risque,-1.0185826,5.2114305
CLT04978,21,Auvergne-Rhône-Alpes,3,0,Partenaire banque,0.2152,2018-08-11,1.0,3295.0,3295.0,1.0,0.0,0.0,0.0,0.0,0.0,0.0,0.0,2,🔵 Risque modéré,3.3282132,10.771872
CLT04979,56,Bretagne,0,1,Téléphone,0.0676,2019-01-06,1.0,1166.0,1166.0,1.0,1.0,6108.0,6108.0,0.0,1.0,0.0,5.238421955403087,3,🔴 Très haut risque,-0.4413404,5.2708774
CLT04980,38,Normandie,3,1,Web,0.1069,2019-05-22,3.0,3104.0,1034.6666666666667,2.0,1.0,7638.0,7638.0,1.0,0.3333333333333333,1.0,2.4606958762886597,0,🟠 Risque élevé,-4.8377037,21.929472
CLT04981,51,Île-de-France,0,1,Web,0.2093,2018-08-21,2.0,2505.0,1252.5,2.0,0.0,0.0,0.0,0.0,0.0,0.0,0.0,2,🔵 Risque modéré,-3.4177268,3.0408745
CLT04982,46,Hauts-de-France,1,0,Web,0.1656,2019-09-08,1.0,1505.0,1505.0,1.0,0.0,0.0,0.0,0.0,0.0,0.0,0.0,2,🔵 Risque modéré,1.0762485,11.587973
CLT04983,47,Grand Est,1,0,Courtier,0.2112,2019-06-12,1.0,825.0,825.0,1.0,0.0,0.0,0.0,0.0,0.0,0.0,0.0,2,🔵 Risque modéré,1.1272974,11.682924
CLT04984,35,Auvergne-Rhône-Alpes,0,1,Courtier,0.301,2020-03-15,1.0,1369.0,1369.0,1.0,0.0,0.0,0.0,0.0,0.0,0.0,0.0,2,🔵 Risque modéré,1.2817668,1.7618687
CLT04985,26,Centre-Val de Loire,9,0,Web,0.01,2017-03-27,1.0,1855.0,1855.0,1.0,1.0,17682.0,17682.0,0.0,1.0,0.0,9.532075471698112,3,🔴 Très haut risque,-1.7440746,6.5039926
CLT04986,54,Grand Est,0,1,Web,0.2311,2016-10-21,1.0,539.0,539.0,1.0,0.0,0.0,0.0,0.0,0.0,0.0,0.0,1,🟢 Bon risque fidèle,1.2016994,0.778245
CLT04987,25,Occitanie,4,0,Agent,0.2077,2020-03-04,2.0,3979.0,1989.5,2.0,3.0,1534.0,511.3333333333333,0.0,1.5,0.0,0.3855240010052777,2,🔵 Risque modéré,-4.2831163,7.124818
CLT04988,36,Auvergne-Rhône-Alpes,6,0,Agent,0.01,2017-08-03,1.0,937.0,937.0,1.0,2.0,949.0,474.5,0.0,2.0,0.0,1.0128068303094984,2,🔵 Risque modéré,-0.69322383,5.809633
CLT04989,41,Centre-Val de Loire,1,1,Web,0.3018,2017-04-10,2.0,3534.0,1767.0,2.0,2.0,31455.0,15727.5,0.0,1.0,0.0,8.900679117147709,3,🔴 Très haut risque,-1.8218895,5.5348434
CLT04990,59,Hauts-de-France,1,0,Web,0.01,2019-09-14,,,,,0.0,0.0,0.0,0.0,,0.0,,1,🟢 Bon risque fidèle,13.7886505,8.171671
CLT04991,49,Hauts-de-France,2,0,Web,0.1336,2018-08-06,2.0,4759.0,2379.5,1.0,2.0,10069.0,5034.5,0.0,1.0,0.0,2.115780626181971,2,🔵 Risque modéré,0.23623644,5.864082
CLT04992,43,Centre-Val de Loire,2,1,Courtier,0.3732,2019-03-30,1.0,770.0,770.0,1.0,0.0,0.0,0.0,0.0,0.0,0.0,0.0,2,🔵 Risque modéré,1.273963,1.6469371
CLT04993,55,Hauts-de-France,4,1,Agent,0.1825,2016-09-28,1.0,1560.0,1560.0,1.0,0.0,0.0,0.0,0.0,0.0,0.0,0.0,2,🔵 Risque modéré,0.78194916,0.81612337
CLT04994,51,Provence-Alpes-Côte d'Azur,2,1,Courtier,0.1342,2019-09-18,,,,,0.0,0.0,0.0,0.0,,0.0,,1,🟢 Bon risque fidèle,13.619828,1.5622315
CLT04995,46,Nouvelle-Aquitaine,1,0,Courtier,0.2486,2020-10-10,1.0,1429.0,1429.0,1.0,0.0,0.0,0.0,0.0,0.0,0.0,0.0,2,🔵 Risque modéré,0.9699712,11.774623
CLT04996,51,Île-de-France,0,1,Agent,0.4138,2020-06-27,3.0,4170.0,1390.0,1.0,0.0,0.0,0.0,0.0,0.0,0.0,0.0,2,🔵 Risque modéré,0.72466105,1.9015219
CLT04997,38,Bretagne,4,1,Agent,0.01,2020-06-16,1.0,2336.0,2336.0,1.0,0.0,0.0,0.0,0.0,0.0,0.0,0.0,2,🔵 Risque modéré,0.51983154,1.136277
CLT04998,32,Occitanie,5,0,Partenaire banque,0.0342,2016-02-01,1.0,1823.0,1823.0,1.0,1.0,8541.0,8541.0,0.0,1.0,0.0,4.685134393856281,3,🔴 Très haut risque,-0.11280366,6.0130825
CLT04999,27,Nouvelle-Aquitaine,7,0,Agent,0.1481,2020-09-08,,,,,0.0,0.0,0.0,0.0,,0.0,,1,🟢 Bon risque fidèle,15.838985,6.4116354
CLT05000,64,Occitanie,3,0,Web,0.0785,2017-10-24,2.0,1357.0,678.5,2.0,1.0,658.0,658.0,0.0,0.5,0.0,0.4848931466470155,2,🔵 Risque modéré,-5.4328413,6.125462
