sinistre_id,police_id,client_id,type_produit,type_sinistre,date_survenance,date_declaration,montant_reclame,montant_indemnise,statut,nb_jours_traitement,delai_declaration_j,fraude_potentielle,age,anciennete_annees,nb_sinistres_passes,score_risque_init,prime_annuelle,ratio_reclame_indem,ratio_sin_prime,anomaly_score,flag_fraude_ml,score_regles,flag_priorite_haute
SIN0000001,POL000005,CLT03993,Habitation,Dégât des eaux,2022-06-26,2022-07-03,2135,1889,Litigieux,77,7,0,41,8,0,0.0405,1527,1.1302276336686077,1.398166339227243,0.46298212478395295,0,0,0
SIN0000002,POL000007,CLT00209,Santé,Maternité,2023-01-16,2023-01-28,1848,1406,Fermé,29,12,0,33,0,4,0.5189,424,1.3143669985775248,4.3584905660377355,0.5232656315551271,0,2,0
SIN0000003,POL000007,CLT00209,Santé,Soins courants,2024-07-16,2024-07-28,170,117,Fermé,22,12,0,33,0,4,0.5189,424,1.452991452991453,0.4009433962264151,0.521730897460079,0,2,0
SIN0000004,POL000008,CLT00911,Auto,Bris de glace,2023-09-17,2023-10-14,542,405,Fermé,23,27,0,42,2,0,0.1848,1640,1.3382716049382717,0.3304878048780488,0.40817381142484,0,0,0
SIN0000005,POL000009,CLT02516,Habitation,Vol/Cambriolage,2023-09-25,2023-10-05,9698,6857,Ouvert,47,10,0,55,0,1,0.0802,1684,1.4143211316902435,5.758907363420428,0.43194644050250813,0,0,0
SIN0000006,POL000011,CLT01818,Habitation,Dégât des eaux,2023-07-04,2023-07-25,5515,5169,Fermé,24,21,0,48,3,1,0.2408,1365,1.0669375120913136,4.04029304029304,0.4181736193626734,0,0,0
SIN0000007,POL000012,CLT01244,Habitation,Dégât des eaux,2021-11-29,2021-12-01,8154,5892,Ouvert,33,2,0,18,0,0,0.2607,1801,1.3839103869653768,4.527484730705164,0.45126259263536406,0,0,0
SIN0000008,POL000013,CLT02971,Habitation,Dégât des eaux,2024-03-25,2024-04-05,7256,5901,Fermé,10,11,0,30,4,0,0.0542,1968,1.2296220979495,3.686991869918699,0.4129721597993881,0,0,0
SIN0000009,POL000022,CLT01585,Auto,Vol,2022-10-08,2022-11-02,3582,2389,Litigieux,49,25,0,46,4,2,0.1922,1035,1.4993721222268732,3.4608695652173913,0.4351672727322847,0,0,0
SIN0000010,POL000024,CLT01244,Auto,Accident matériel,2023-05-13,2023-06-12,3455,2542,Fermé,9,30,0,18,0,0,0.2607,1063,1.3591660110149488,3.2502351834430856,0.46345341171152976,0,0,0
SIN0000011,POL000026,CLT04903,Habitation,Dégât des eaux,2024-05-17,2024-05-21,5928,5517,Litigieux,93,4,0,35,1,1,0.2603,1994,1.0744970092441544,2.9729187562688066,0.4803871592870809,0,0,0
SIN0000012,POL000026,CLT04903,Habitation,Incendie,2022-11-15,2022-12-02,30447,22174,Fermé,30,17,0,35,1,1,0.2603,1994,1.3730946153152341,15.269307923771313,0.48885790676271323,0,3,0
SIN0000013,POL000026,CLT04903,Habitation,Catastrophe naturelle,2023-10-08,2023-10-10,8601,7000,Fermé,16,2,0,35,1,1,0.2603,1994,1.2287142857142856,4.313440320962889,0.4229036743125116,0,0,0
SIN0000014,POL000026,CLT04903,Habitation,Vol/Cambriolage,2023-02-16,2023-02-21,2162,1859,Fermé,16,5,0,35,1,1,0.2603,1994,1.1629908552985475,1.0842527582748245,0.40337614590841453,0,0,0
SIN0000015,POL000027,CLT04434,Habitation,Catastrophe naturelle,2024-04-24,2024-05-21,21571,13414,Ouvert,28,27,0,23,1,0,0.2352,2465,1.6080960190845386,8.750912778904665,0.5063667201554994,0,3,0
SIN0000016,POL000027,CLT04434,Habitation,Incendie,2024-03-13,2024-03-31,15642,11102,Fermé,12,18,0,23,1,0,0.2352,2465,1.4089353269681137,6.345638945233266,0.4535415591461076,0,0,0
SIN0000017,POL000030,CLT03992,Habitation,Bris de glace,2023-03-01,2023-03-02,224,192,Fermé,28,1,0,46,0,0,0.2106,1094,1.1666666666666667,0.20475319926873858,0.4267126618150777,0,2,0
SIN0000018,POL000037,CLT03997,Habitation,Catastrophe naturelle,2023-08-27,2023-09-11,13760,7782,Fermé,17,15,0,53,0,0,0.1602,2456,1.768182986378823,5.602605863192182,0.4565986763439229,0,3,0
SIN0000019,POL000037,CLT03997,Habitation,Catastrophe naturelle,2023-06-04,2023-06-15,10179,8490,Ouvert,37,11,0,53,0,0,0.1602,2456,1.1989399293286218,4.144543973941368,0.4260763949837858,0,0,0
SIN0000020,POL000039,CLT00963,Santé,Soins courants,2024-10-19,2024-11-01,277,203,Ouvert,25,13,0,40,0,3,0.5665,595,1.3645320197044335,0.46554621848739497,0.5000383369026139,0,2,0
SIN0000021,POL000039,CLT00963,Santé,Optique,2024-04-15,2024-05-02,182,167,Litigieux,153,17,0,40,0,3,0.5665,595,1.089820359281437,0.3058823529411765,0.5950726403885318,1,2,0
SIN0000022,POL000046,CLT00392,Auto,Accident corporel,2023-08-24,2023-09-03,21837,17744,Fermé,5,10,0,61,2,0,0.0857,1518,1.2306695220919748,14.385375494071146,0.5005273755324399,0,0,0
SIN0000023,POL000050,CLT02506,Auto,Accident matériel,2023-09-05,2023-09-20,4086,3854,Litigieux,33,15,0,24,15,0,0.0148,1876,1.060197197716658,2.178038379530917,0.4865654987532831,0,0,0
SIN0000024,POL000051,CLT04074,Habitation,Vol/Cambriolage,2024-06-05,2024-06-26,6522,5051,Ouvert,18,21,0,61,3,1,0.01,3143,1.2912294595129676,2.075087496022908,0.4297737021248527,0,0,0
SIN0000025,POL000053,CLT01381,Auto,Accident corporel,2024-04-08,2024-04-27,17551,10759,Fermé,6,19,0,57,0,1,0.2692,931,1.6312854354493913,18.851772287862513,0.5062605728373063,0,3,0
SIN0000026,POL000055,CLT03261,Habitation,Dégât des eaux,2022-10-08,2022-10-22,2218,1999,Ouvert,17,14,0,67,7,3,0.3678,1205,1.1095547773886945,1.8406639004149377,0.5007544855281092,0,2,0
SIN0000027,POL000055,CLT03261,Habitation,Dégât des eaux,2022-02-24,2022-03-02,3658,2728,Ouvert,19,6,0,67,7,3,0.3678,1205,1.3409090909090908,3.0356846473029044,0.5013095646854235,0,2,0
SIN0000028,POL000059,CLT03626,Santé,Soins courants,2022-11-10,2022-11-25,182,110,Ouvert,15,15,0,32,2,0,0.1235,645,1.6545454545454545,0.28217054263565894,0.4127607255276455,0,3,0
SIN0000029,POL000059,CLT03626,Santé,Optique,2022-09-04,2022-09-25,281,178,Fermé,28,21,0,32,2,0,0.1235,645,1.5786516853932584,0.4356589147286822,0.4085052787898583,0,3,0
SIN0000030,POL000061,CLT01851,Auto,Vol,2023-05-18,2023-06-14,3390,2259,Fermé,13,27,0,28,1,0,0.2082,2125,1.50066401062417,1.5952941176470588,0.41961639092438513,0,3,0
SIN0000031,POL000063,CLT03396,Habitation,Dégât des eaux,2024-05-31,2024-06-23,2502,1987,Ouvert,40,23,0,47,0,1,0.1797,3073,1.2591847005535983,0.8141880898145135,0.40376667413924144,0,0,0
SIN0000032,POL000068,CLT04158,Habitation,Dégât des eaux,2022-12-20,2023-01-19,6655,3873,Fermé,23,30,0,26,10,0,0.0881,1496,1.718306222566486,4.448529411764706,0.48572534099890063,0,3,0
SIN0000033,POL000073,CLT01212,Auto,Bris de glace,2023-12-25,2023-12-31,738,442,Fermé,14,6,0,44,2,2,0.2377,1032,1.669683257918552,0.7151162790697675,0.43454013153572507,0,3,0
SIN0000034,POL000074,CLT00226,Habitation,Dégât des eaux,2024-05-23,2024-05-28,6517,5954,Ouvert,33,5,0,57,0,1,0.0973,1935,1.0945582801477998,3.3679586563307495,0.4337322730985355,0,0,0
SIN0000035,POL000074,CLT00226,Habitation,Dégât des eaux,2023-09-08,2023-09-27,9385,5356,Fermé,25,19,0,57,0,1,0.0973,1935,1.7522404779686334,4.850129198966409,0.44708101441539366,0,3,0
SIN0000036,POL000075,CLT01763,Habitation,Bris de glace,2023-11-16,2023-12-15,1060,888,Fermé,21,29,0,66,2,1,0.2,1343,1.1936936936936937,0.7892777364110201,0.4603727598575986,0,0,0
SIN0000037,POL000076,CLT04669,Habitation,Dégât des eaux,2024-09-13,2024-10-09,3248,1994,Ouvert,39,26,0,33,2,1,0.1332,1940,1.6288866599799399,1.6742268041237114,0.41891362876229,0,3,0
SIN0000038,POL000077,CLT04421,Santé,Optique,2021-05-21,2021-05-29,282,198,Fermé,11,8,0,23,5,0,0.1645,1018,1.4242424242424243,0.2770137524557957,0.4207142083574148,0,0,0
SIN0000039,POL000079,CLT00582,Habitation,Dégât des eaux,2022-11-24,2022-12-08,3349,2463,Fermé,13,14,0,36,5,0,0.01,1934,1.3597239139261064,1.7316442605997933,0.39796004483518727,0,0,0
SIN0000040,POL000080,CLT02039,Santé,Dentaire,2023-11-08,2023-12-04,655,394,Fermé,20,26,0,38,1,0,0.1635,1974,1.6624365482233503,0.33181357649442755,0.4187846694460693,0,3,0
SIN0000041,POL000085,CLT01512,Auto,Accident matériel,2023-09-12,2023-09-16,1810,1197,Fermé,12,4,0,40,16,1,0.1772,973,1.5121136173767753,1.8602261048304214,0.4742063367808236,0,3,0
SIN0000042,POL000087,CLT04966,Auto,Bris de glace,2024-06-13,2024-06-18,693,555,Fermé,9,5,0,50,1,0,0.143,1551,1.2486486486486486,0.44680851063829785,0.41097079334298914,0,0,0
SIN0000043,POL000089,CLT02509,Auto,Accident matériel,2024-08-07,2024-08-18,5141,3174,Fermé,15,11,0,60,6,1,0.1707,1651,1.6197227473219913,3.113870381586917,0.42378467068779374,0,3,0
SIN0000044,POL000091,CLT04385,Auto,Accident matériel,2022-05-29,2022-06-10,3803,2114,Fermé,23,12,0,45,9,1,0.01,912,1.7989593188268684,4.169956140350878,0.4590086779358982,0,3,0
SIN0000045,POL000092,CLT04703,Auto,Accident matériel,2023-01-14,2023-02-01,1908,1204,Litigieux,143,18,0,30,0,1,0.2315,1466,1.584717607973422,1.3015006821282402,0.4977406245525532,0,3,0
SIN0000046,POL000093,CLT03647,Auto,Accident matériel,2024-02-24,2024-02-26,7440,5105,Fermé,17,2,0,38,2,0,0.2019,1020,1.457394711067581,7.294117647058823,0.4277438975050634,0,0,0
SIN0000047,POL000095,CLT01478,Habitation,Dégât des eaux,2021-12-11,2021-12-24,7012,4495,Fermé,17,13,0,18,0,0,0.01,1393,1.559955506117909,5.033740129217517,0.44033073441970877,0,3,0
SIN0000048,POL000096,CLT04944,Auto,Accident matériel,2023-09-21,2023-10-17,6935,5249,Fermé,15,26,0,25,1,0,0.01,1339,1.3212040388645456,5.179238237490664,0.42789931340179616,0,0,0
SIN0000049,POL000099,CLT04021,Auto,Bris de glace,2023-08-22,2023-08-28,455,363,Fermé,18,6,0,45,0,2,0.2163,1647,1.2534435261707988,0.27625986642380085,0.42002706798735473,0,0,0
SIN0000050,POL000104,CLT03089,Auto,Bris de glace,2021-08-11,2021-09-10,805,511,Fermé,15,30,0,46,1,1,0.0241,768,1.5753424657534247,1.0481770833333333,0.4568016021793561,0,3,0
SIN0000051,POL000109,CLT02882,Santé,Dentaire,2024-05-04,2024-05-31,1053,845,Fermé,23,27,0,45,2,0,0.1334,748,1.2461538461538462,1.4077540106951871,0.4128303956248359,0,0,0
SIN0000052,POL000112,CLT00598,Habitation,Incendie,2024-08-18,2024-09-16,20563,16052,Litigieux,46,29,0,34,0,2,0.3263,1782,1.2810241714428108,11.539281705948373,0.5342465457803051,0,0,0
SIN0000053,POL000114,CLT00039,Santé,Maternité,2023-02-12,2023-02-28,1670,1094,Fermé,9,16,0,45,0,0,0.1847,1066,1.5265082266910421,1.5666041275797373,0.40679638713733596,0,3,0
SIN0000054,POL000120,CLT03240,Auto,Vol,2024-04-06,2024-04-10,11035,8902,Fermé,23,4,0,71,0,1,0.1771,2155,1.2396090766119974,5.120649651972157,0.4682501254290214,0,0,0
SIN0000055,POL000121,CLT01827,Auto,Accident matériel,2022-05-19,2022-06-05,2397,1433,Fermé,17,17,0,56,4,1,0.1045,1069,1.6727145847871598,2.242282507015903,0.41343086958662684,0,3,0
SIN0000056,POL000121,CLT01827,Auto,Accident matériel,2023-12-09,2024-01-05,3786,3073,Fermé,18,27,0,56,4,1,0.1045,1069,1.2320208265538561,3.5416276894293732,0.4209393621478447,0,0,0
SIN0000057,POL000123,CLT02102,Santé,Maternité,2024-06-12,2024-06-30,1233,1057,Fermé,21,18,0,49,3,0,0.1909,1063,1.1665089877010406,1.1599247412982125,0.39739602405335994,0,0,0
SIN0000058,POL000124,CLT02347,Auto,Accident matériel,2021-12-18,2021-12-30,917,860,Fermé,28,12,0,36,2,0,0.1629,1229,1.0662790697674418,0.7461350691619203,0.4157343774295913,0,0,0
SIN0000059,POL000124,CLT02347,Auto,Bris de glace,2023-08-19,2023-08-30,362,254,Fermé,29,11,0,36,2,0,0.1629,1229,1.4251968503937007,0.29454841334418225,0.3946746391542061,0,0,0
SIN0000060,POL000125,CLT03236,Santé,Optique,2024-10-31,2024-11-12,670,571,Ouvert,27,12,0,51,3,0,0.0535,1244,1.1733800350262698,0.5385852090032154,0.40317274123388647,0,0,0
SIN0000061,POL000125,CLT03236,Santé,Optique,2023-10-06,2023-10-07,192,130,Fermé,9,1,0,51,3,0,0.0535,1244,1.476923076923077,0.15434083601286175,0.43122135288893854,0,2,0
SIN0000062,POL000132,CLT01644,Santé,Soins courants,2023-11-26,2023-12-05,278,172,Fermé,23,9,0,24,7,1,0.3577,857,1.6162790697674418,0.32438739789964993,0.4546277493538099,0,3,0
SIN0000063,POL000133,CLT02391,Habitation,Catastrophe naturelle,2024-01-15,2024-02-05,8553,5237,Fermé,14,21,0,49,3,0,0.0552,1171,1.6331869390872638,7.30401366353544,0.42539340453568353,0,3,0
SIN0000064,POL000134,CLT03596,Auto,Accident matériel,2024-03-31,2024-03-31,1648,1273,Fermé,11,0,0,38,1,1,0.0407,1081,1.2945797329143756,1.5245143385753932,0.4380587042840962,0,2,0
SIN0000065,POL000135,CLT02358,Habitation,Catastrophe naturelle,2023-06-27,2023-07-01,15442,12408,Fermé,8,4,0,39,18,1,0.1337,1379,1.2445196647324306,11.197969543147208,0.5279862461030251,0,0,0
SIN0000066,POL000139,CLT00981,Santé,Dentaire,2022-01-26,2022-02-08,733,530,Fermé,20,13,0,31,1,1,0.3832,1426,1.3830188679245283,0.5140252454417953,0.4174887981369183,0,0,0
SIN0000067,POL000139,CLT00981,Santé,Optique,2022-09-21,2022-10-13,484,379,Ouvert,10,22,0,31,1,1,0.3832,1426,1.2770448548812665,0.3394109396914446,0.4238024422280684,0,0,0
SIN0000068,POL000139,CLT00981,Santé,Soins courants,2021-10-02,2021-10-29,494,371,Fermé,14,27,0,31,1,1,0.3832,1426,1.3315363881401616,0.34642356241234223,0.43803681538688416,0,0,0
SIN0000069,POL000146,CLT03537,Santé,Soins courants,2023-11-18,2023-12-13,275,244,Fermé,23,25,0,56,0,0,0.01,560,1.1270491803278688,0.49107142857142855,0.43178714441390215,0,0,0
SIN0000070,POL000146,CLT03537,Santé,Dentaire,2024-02-12,2024-02-28,505,470,Fermé,28,16,0,56,0,0,0.01,560,1.074468085106383,0.9017857142857143,0.42566737868624355,0,0,0
SIN0000071,POL000147,CLT04436,Santé,Dentaire,2024-12-07,2024-12-07,648,548,Ouvert,17,0,0,44,3,1,0.1631,1788,1.1824817518248176,0.3624161073825503,0.4246198512787588,0,2,0
SIN0000072,POL000147,CLT04436,Santé,Soins courants,2022-04-14,2022-04-28,263,219,Fermé,6,14,0,44,3,1,0.1631,1788,1.2009132420091324,0.1470917225950783,0.40296750895804495,0,0,0
SIN0000073,POL000149,CLT03706,Auto,Vol,2024-09-11,2024-10-10,4719,2849,Ouvert,16,29,0,52,1,0,0.01,1089,1.6563706563706564,4.333333333333333,0.44910895060806477,0,3,0
SIN0000074,POL000150,CLT03268,Auto,Vol,2023-04-18,2023-04-18,3262,3006,Fermé,11,0,0,65,0,3,0.4917,1299,1.085163007318696,2.511162432640493,0.5482080457720344,0,4,0
SIN0000075,POL000153,CLT02515,Auto,Accident matériel,2024-04-07,2024-04-10,1889,1061,Fermé,15,3,0,32,0,0,0.1087,946,1.7803958529688972,1.9968287526427062,0.4437351777988086,0,3,0
SIN0000076,POL000153,CLT02515,Auto,Accident matériel,2023-06-02,2023-06-04,4149,2837,Litigieux,111,2,0,32,0,0,0.1087,946,1.462460345435319,4.385835095137421,0.4829581687704151,0,0,0
SIN0000077,POL000155,CLT01634,Auto,Vol,2023-01-04,2023-01-25,4509,3576,Fermé,12,21,0,72,7,0,0.01,1393,1.2609060402684564,3.2368987796123476,0.46446950891333355,0,0,0
SIN0000078,POL000156,CLT04240,Auto,Accident matériel,2023-08-07,2023-09-06,1853,1060,Fermé,26,30,0,44,7,0,0.01,2070,1.7481132075471697,0.8951690821256039,0.4750337017919378,0,3,0
SIN0000079,POL000158,CLT03293,Habitation,Bris de glace,2022-03-17,2022-04-14,602,455,Litigieux,88,28,0,53,7,1,0.2526,3137,1.323076923076923,0.19190309212623527,0.4921687918658593,0,0,0
SIN0000080,POL000158,CLT03293,Habitation,Bris de glace,2022-12-10,2023-01-03,248,190,Fermé,19,24,0,53,7,1,0.2526,3137,1.305263157894737,0.07905642333439591,0.42722615974009065,0,0,0
SIN0000081,POL000160,CLT04347,Habitation,Vol/Cambriolage,2023-07-22,2023-08-18,6540,5772,Fermé,11,27,0,35,1,2,0.1059,2593,1.133056133056133,2.5221750867720787,0.44919907501022255,0,0,0
SIN0000082,POL000165,CLT02374,Auto,Accident matériel,2024-09-25,2024-10-25,2940,2433,Ouvert,21,30,0,18,1,1,0.3462,2598,1.2083847102342786,1.1316397228637414,0.4658881414346989,0,0,0
SIN0000083,POL000167,CLT04602,Habitation,Dégât des eaux,2023-12-08,2024-01-02,6230,5350,Fermé,23,25,0,31,11,0,0.0593,1921,1.1644859813084112,3.243102550754815,0.4402110624262163,0,0,0
SIN0000084,POL000170,CLT03907,Auto,Incendie,2024-12-18,2024-12-31,24203,21418,Ouvert,26,21,0,32,1,1,0.13,968,1.1300308152021663,25.003099173553718,0.502659373861703,0,0,0
SIN0000085,POL000176,CLT04053,Auto,Bris de glace,2023-09-19,2023-10-07,643,453,Litigieux,95,18,0,54,0,1,0.1581,2392,1.4194260485651213,0.26881270903010035,0.4619565238999231,0,0,0
SIN0000086,POL000178,CLT00193,Habitation,Dégât des eaux,2024-05-19,2024-06-10,9094,6751,Fermé,21,22,0,35,2,0,0.1433,2995,1.3470596948600206,3.0363939899833055,0.40204883475413217,0,0,0
SIN0000087,POL000179,CLT02512,Auto,Bris de glace,2023-11-12,2023-11-26,389,365,Fermé,22,14,0,40,1,0,0.1572,2218,1.0657534246575342,0.17538322813345356,0.41573531092599847,0,0,0
SIN0000088,POL000184,CLT02803,Auto,Accident matériel,2024-05-23,2024-05-26,3183,2947,Ouvert,43,3,0,35,7,0,0.0199,927,1.0800814387512725,3.4336569579288025,0.4461210807046896,0,0,0
SIN0000089,POL000184,CLT02803,Auto,Vol,2022-09-15,2022-09-28,4343,3778,Fermé,16,13,0,35,7,0,0.0199,927,1.1495500264690313,4.685005393743258,0.41446475318848114,0,0,0
SIN0000090,POL000186,CLT00695,Santé,Maternité,2024-09-09,2024-09-28,903,786,Fermé,14,19,0,37,6,0,0.01,1326,1.1488549618320612,0.6809954751131222,0.4106283337070543,0,0,0
SIN0000091,POL000192,CLT01137,Auto,Accident matériel,2023-10-20,2023-10-30,3014,2202,Fermé,11,10,0,43,2,1,0.181,1479,1.368755676657584,2.0378634212305613,0.3874562287880837,0,0,0
SIN0000092,POL000192,CLT01137,Auto,Bris de glace,2023-11-21,2023-11-24,244,192,Ouvert,27,3,0,43,2,1,0.181,1479,1.2708333333333333,0.1649763353617309,0.4077565006265567,0,0,0
SIN0000093,POL000194,CLT00651,Auto,Accident corporel,2023-09-17,2023-10-14,49941,31599,Fermé,18,27,0,37,3,0,0.1192,1342,1.5804614070065508,37.21385991058122,0.6238861507359033,1,6,1
SIN0000094,POL000195,CLT01617,Habitation,Dégât des eaux,2022-02-08,2022-02-18,7414,5992,Fermé,12,10,0,42,6,0,0.0609,2057,1.2373164218958612,3.6042780748663104,0.4130088977644884,0,0,0
SIN0000095,POL000197,CLT00652,Auto,Accident corporel,2021-12-01,2021-12-16,27816,17196,Ouvert,51,15,0,24,9,1,0.2345,678,1.6175854849965108,41.02654867256637,0.6033614219159762,1,6,1
SIN0000096,POL000197,CLT00652,Auto,Vol,2023-02-19,2023-03-03,5419,3902,Fermé,9,12,0,24,9,1,0.2345,678,1.3887749871860584,7.992625368731564,0.45174788915990227,0,0,0
SIN0000097,POL000198,CLT04714,Santé,Optique,2022-11-18,2022-12-03,511,475,Fermé,24,15,0,47,5,1,0.168,1024,1.0757894736842106,0.4990234375,0.4074057341269224,0,0,0
SIN0000098,POL000199,CLT02633,Habitation,Catastrophe naturelle,2024-04-06,2024-05-06,16334,13244,Fermé,7,30,0,21,1,0,0.01,1039,1.2333131984294774,15.720885466794995,0.519448302015367,0,0,0
SIN0000099,POL000202,CLT02062,Auto,Accident matériel,2023-11-21,2023-12-16,8461,5358,Fermé,29,25,0,42,0,1,0.3663,1101,1.5791340052258305,7.684831970935513,0.45465179337012307,0,3,0
SIN0000100,POL000202,CLT02062,Auto,Accident corporel,2021-05-07,2021-05-28,25296,21189,Fermé,24,21,0,42,0,1,0.3663,1101,1.1938269857001274,22.975476839237057,0.5246286813674915,0,0,0
SIN0000101,POL000204,CLT03654,Auto,Bris de glace,2022-04-13,2022-05-02,543,425,Fermé,9,19,0,49,1,3,0.377,1433,1.2776470588235294,0.37892533147243546,0.45817705515652163,0,2,0
SIN0000102,POL000209,CLT02658,Santé,Dentaire,2024-01-10,2024-01-12,473,421,Fermé,10,2,0,32,11,0,0.0226,1181,1.1235154394299287,0.4005080440304826,0.4627991908194136,0,0,0
SIN0000103,POL000213,CLT01507,Auto,Vol,2023-09-28,2023-10-17,4512,2677,Ouvert,7,19,0,37,3,2,0.3235,1151,1.6854688083675757,3.9200695047784535,0.4409943810707834,0,3,0
SIN0000104,POL000218,CLT04980,Auto,Vol,2024-05-24,2024-06-10,12823,7638,Litigieux,145,17,0,38,3,1,0.1069,1006,1.6788426289604608,12.746520874751491,0.5367954457559336,0,3,0
SIN0000105,POL000221,CLT04339,Auto,Accident matériel,2024-11-06,2024-11-18,4828,2866,Ouvert,32,12,0,59,3,2,0.1362,1696,1.6845778087927425,2.8466981132075473,0.4423436052862406,0,3,0
SIN0000106,POL000223,CLT02673,Habitation,Bris de glace,2022-10-17,2022-11-14,369,334,Ouvert,8,28,0,61,4,1,0.1931,2866,1.1047904191616766,0.12875087229588275,0.4579852731753471,0,0,0
SIN0000107,POL000227,CLT03849,Santé,Optique,2022-05-05,2022-05-25,214,172,Fermé,12,20,0,51,16,1,0.338,717,1.244186046511628,0.298465829846583,0.48109660724467823,0,0,0
SIN0000108,POL000227,CLT03849,Santé,Dentaire,2024-01-28,2024-02-07,747,473,Fermé,5,10,0,51,16,1,0.338,717,1.5792811839323466,1.0418410041841004,0.5057498385543577,0,3,0
SIN0000109,POL000229,CLT02180,Auto,Accident matériel,2022-08-29,2022-09-11,4341,3814,Fermé,27,13,0,29,7,2,0.227,896,1.1381751442055585,4.844866071428571,0.43320076451313383,0,0,0
SIN0000110,POL000234,CLT04896,Habitation,Dégât des eaux,2022-11-12,2022-11-13,3053,2488,Fermé,19,1,0,55,2,2,0.31,989,1.2270900321543408,3.0869565217391304,0.4410023602653012,0,2,0
SIN0000111,POL000235,CLT01597,Habitation,Dégât des eaux,2023-06-15,2023-06-30,6788,5052,Fermé,16,15,0,30,2,2,0.4301,2011,1.3436262866191608,3.375435106911984,0.44831345524975574,0,0,0
SIN0000112,POL000236,CLT03466,Habitation,Incendie,2024-12-19,2024-12-31,26172,18950,Ouvert,38,18,0,57,11,0,0.01,2948,1.381108179419525,8.877883310719131,0.5138627814070124,0,0,0
SIN0000113,POL000237,CLT01181,Auto,Accident matériel,2024-02-02,2024-02-06,8060,6852,Fermé,26,4,0,42,6,1,0.0425,842,1.1762988908347927,9.572446555819477,0.4463035083406261,0,0,0
SIN0000114,POL000241,CLT01335,Habitation,Catastrophe naturelle,2024-07-20,2024-07-31,19054,16569,Fermé,18,11,0,60,0,2,0.1487,1254,1.1499788762146177,15.19457735247209,0.49751804840867564,0,0,0
SIN0000115,POL000245,CLT04658,Auto,Vol,2022-01-21,2022-01-27,4139,2613,Fermé,25,6,0,40,15,0,0.01,1346,1.5840030616150018,3.075037147102526,0.4639066552133137,0,3,0
SIN0000116,POL000246,CLT00557,Auto,Accident matériel,2024-10-04,2024-10-28,2655,1890,Ouvert,13,24,0,43,1,0,0.1953,1198,1.4047619047619047,2.216193656093489,0.3909987401104407,0,0,0
SIN0000117,POL000247,CLT01926,Auto,Accident matériel,2023-08-05,2023-08-09,3163,2246,Fermé,18,4,0,18,1,1,0.1829,798,1.4082813891362422,3.963659147869674,0.4149778614264566,0,0,0
SIN0000118,POL000250,CLT00733,Santé,Optique,2022-11-10,2022-12-08,434,376,Ouvert,20,28,0,41,1,0,0.1351,1084,1.1542553191489362,0.4003690036900369,0.4229807104616159,0,0,0
SIN0000119,POL000254,CLT02373,Habitation,Dégât des eaux,2024-05-01,2024-05-18,4120,3817,Fermé,26,17,0,25,6,0,0.1536,1634,1.079381713387477,2.521419828641371,0.4223542006120932,0,0,0
SIN0000120,POL000255,CLT00329,Auto,Accident matériel,2023-11-29,2023-12-02,4606,3981,Ouvert,30,3,0,34,2,2,0.1629,1116,1.1569957297161517,4.127240143369176,0.42718480346341436,0,0,0
SIN0000121,POL000261,CLT04943,Santé,Dentaire,2024-07-31,2024-08-13,240,192,Fermé,16,13,0,38,1,1,0.3298,1284,1.25,0.18691588785046728,0.4067151497618709,0,0,0
SIN0000122,POL000264,CLT02486,Auto,Accident corporel,2023-05-22,2023-06-13,16041,13769,Ouvert,37,22,0,22,0,2,0.2306,1082,1.1650083520952865,14.825323475046211,0.5008032413820619,0,0,0
SIN0000123,POL000264,CLT02486,Auto,Accident matériel,2023-03-24,2023-04-15,8285,5839,Fermé,13,22,0,22,0,2,0.2306,1082,1.4189073471484843,7.657116451016636,0.45924535767828073,0,0,0
SIN0000124,POL000272,CLT01563,Santé,Soins courants,2024-03-25,2024-03-31,214,196,Fermé,10,6,0,42,0,2,0.3911,1180,1.0918367346938775,0.18135593220338983,0.4540119747272078,0,0,0
SIN0000125,POL000274,CLT02475,Auto,Accident corporel,2022-09-10,2022-09-12,16785,11282,Fermé,8,2,0,53,3,0,0.1892,1466,1.4877681262187556,11.449522510231924,0.4715405550549157,0,0,0
SIN0000126,POL000278,CLT01256,Auto,Incendie,2024-05-04,2024-05-15,31941,19582,Ouvert,41,11,0,25,11,1,0.078,950,1.6311408436319068,33.62210526315789,0.6002241602644318,1,6,1
SIN0000127,POL000281,CLT03926,Auto,Accident matériel,2024-08-24,2024-09-03,4192,2308,Fermé,11,10,0,48,8,0,0.01,862,1.8162911611785095,4.8631090487238975,0.4604987958343572,0,3,0
SIN0000128,POL000281,CLT03926,Auto,Vol,2023-07-24,2023-08-18,5360,4235,Fermé,26,25,0,48,8,0,0.01,862,1.2656434474616294,6.218097447795824,0.43047297452331074,0,0,0
SIN0000129,POL000282,CLT01541,Auto,Accident corporel,2024-06-17,2024-06-27,34607,30635,Fermé,26,10,0,34,1,0,0.01,1725,1.1296556226538272,20.062028985507247,0.5450077925672192,0,3,0
SIN0000130,POL000288,CLT03049,Habitation,Dégât des eaux,2023-05-18,2023-06-04,3549,1959,Fermé,30,17,0,41,6,0,0.01,1065,1.8116385911179174,3.332394366197183,0.4379915445556299,0,3,0
SIN0000131,POL000291,CLT03693,Habitation,Catastrophe naturelle,2024-07-05,2024-07-27,31546,20776,Fermé,15,22,0,28,0,0,0.2222,2724,1.518386599922988,11.580763582966226,0.5088671367396468,0,6,0
SIN0000132,POL000291,CLT03693,Habitation,Dégât des eaux,2023-06-22,2023-06-25,7936,5578,Fermé,11,3,0,28,0,0,0.2222,2724,1.4227321620652564,2.9133627019089574,0.42427984364007915,0,0,0
SIN0000133,POL000298,CLT02744,Habitation,Vol/Cambriolage,2024-10-27,2024-11-05,6224,4731,Ouvert,6,9,0,46,2,0,0.264,1515,1.315578101881209,4.108250825082508,0.42043933218478324,0,0,0
SIN0000134,POL000301,CLT03717,Auto,Accident matériel,2022-09-21,2022-09-29,5202,3387,Fermé,7,8,0,35,2,0,0.01,1289,1.5358724534986714,4.035686578743212,0.4165659413221354,0,3,0
SIN0000135,POL000302,CLT04133,Habitation,Dégât des eaux,2023-02-21,2023-03-16,1743,1225,Ouvert,56,23,0,18,3,1,0.1711,1816,1.4228571428571428,0.9598017621145375,0.4378697353789919,0,0,0
SIN0000136,POL000303,CLT02512,Auto,Accident matériel,2024-06-04,2024-06-18,4077,2969,Ouvert,10,14,0,40,1,0,0.1572,1531,1.3731896261367464,2.6629653821032004,0.38642261631478486,0,0,0
SIN0000137,POL000304,CLT00792,Santé,Soins courants,2021-11-22,2021-12-09,187,128,Litigieux,122,17,0,30,2,1,0.305,730,1.4609375,0.25616438356164384,0.49012792124293697,0,0,0
SIN0000138,POL000304,CLT00792,Santé,Optique,2021-04-11,2021-04-20,221,138,Fermé,29,9,0,30,2,1,0.305,730,1.6014492753623188,0.30273972602739724,0.4238485253011454,0,3,0
SIN0000139,POL000307,CLT00087,Habitation,Dégât des eaux,2024-07-14,2024-08-03,7820,6615,Fermé,30,20,0,37,2,0,0.0795,1269,1.182161753590325,6.162332545311268,0.4130757733557746,0,0,0
SIN0000140,POL000311,CLT00803,Auto,Accident matériel,2024-01-01,2024-01-09,1560,1128,Litigieux,140,8,0,31,2,2,0.3087,1482,1.3829787234042554,1.0526315789473684,0.5084523883409748,0,0,0
SIN0000141,POL000313,CLT00712,Habitation,Dégât des eaux,2022-10-06,2022-10-07,3891,3106,Litigieux,143,1,0,39,13,2,0.1936,2054,1.2527366387636831,1.894352482960078,0.556158879412501,1,2,0
SIN0000142,POL000314,CLT00771,Habitation,Vol/Cambriolage,2024-01-22,2024-02-06,6837,6444,Fermé,26,15,0,50,10,0,0.01,2036,1.0609869646182495,3.3580550098231825,0.4523379166239168,0,0,0
SIN0000143,POL000323,CLT00360,Auto,Vol,2024-04-24,2024-05-06,8173,4918,Fermé,16,12,0,21,0,0,0.0214,965,1.661854412362749,8.469430051813472,0.4577115791460607,0,3,0
SIN0000144,POL000327,CLT04303,Santé,Dentaire,2024-03-09,2024-03-28,1243,779,Ouvert,2,19,0,72,10,1,0.1863,450,1.595635430038511,2.7622222222222224,0.4927510188238848,0,3,0
SIN0000145,POL000328,CLT03881,Auto,Accident corporel,2024-01-03,2024-01-11,10998,9428,Litigieux,134,8,0,47,2,2,0.429,1666,1.1665252439541791,6.601440576230492,0.5614282566557384,1,0,0
SIN0000146,POL000332,CLT04473,Auto,Accident matériel,2021-08-10,2021-08-18,1915,1243,Fermé,28,8,0,35,14,1,0.01,854,1.5406275140788415,2.2423887587822016,0.46556054682083703,0,3,0
SIN0000147,POL000337,CLT01997,Santé,Hospitalisation,2022-05-04,2022-05-20,15109,13975,Fermé,9,16,0,36,6,0,0.01,1327,1.0811449016100179,11.385832705350415,0.4685295089804934,0,0,0
SIN0000148,POL000340,CLT01192,Santé,Soins courants,2024-09-13,2024-09-17,418,313,Ouvert,6,4,0,28,9,0,0.1258,688,1.3354632587859425,0.6075581395348837,0.43669475127994845,0,0,0
SIN0000149,POL000343,CLT03538,Auto,Bris de glace,2023-10-21,2023-11-09,788,540,Fermé,10,19,0,28,4,2,0.403,1083,1.4592592592592593,0.7276084949215144,0.448448293419211,0,0,0
SIN0000150,POL000345,CLT01044,Habitation,Vol/Cambriolage,2024-05-10,2024-05-11,8726,6683,Fermé,28,1,0,44,18,1,0.2932,3414,1.3057010324704474,2.5559461042765084,0.5073110937706391,0,2,0
SIN0000151,POL000352,CLT04958,Habitation,Dégât des eaux,2024-03-30,2024-04-07,3863,3538,Ouvert,54,8,0,51,0,0,0.1958,3402,1.0918598078010175,1.1355085243974132,0.4279655831809801,0,0,0
SIN0000152,POL000352,CLT04958,Habitation,Catastrophe naturelle,2022-10-05,2022-10-24,13707,8956,Fermé,27,19,0,51,0,0,0.1958,3402,1.530482358195623,4.029100529100529,0.4293478327147126,0,3,0
SIN0000153,POL000355,CLT04870,Habitation,Dégât des eaux,2023-11-09,2023-11-19,5264,4907,Fermé,20,10,0,49,4,1,0.01,1083,1.072753209700428,4.860572483841182,0.42923782974650954,0,0,0
SIN0000154,POL000359,CLT02417,Auto,Accident corporel,2024-11-28,2024-11-28,46493,35520,Ouvert,59,0,0,27,1,1,0.1365,1687,1.3089245495495496,27.559573206876113,0.6253522609443147,1,5,1
SIN0000155,POL000364,CLT01020,Santé,Optique,2024-07-20,2024-08-11,596,544,Ouvert,21,22,0,44,2,0,0.0758,1294,1.0955882352941178,0.4605873261205564,0.4033189098475317,0,0,0
SIN0000156,POL000370,CLT02273,Auto,Accident matériel,2024-10-06,2024-10-15,4459,2641,Ouvert,53,9,0,31,0,1,0.214,1220,1.6883756152972358,3.654918032786885,0.4356122462029406,0,3,0
SIN0000157,POL000370,CLT02273,Auto,Accident matériel,2022-10-23,2022-10-29,1703,1353,Ouvert,16,6,0,31,0,1,0.214,1220,1.2586844050258685,1.3959016393442623,0.40147731337130965,0,0,0
SIN0000158,POL000374,CLT04528,Auto,Bris de glace,2024-09-08,2024-09-25,532,349,Fermé,14,17,0,50,8,0,0.0771,1052,1.524355300859599,0.5057034220532319,0.41397443693459207,0,3,0
SIN0000159,POL000374,CLT04528,Auto,Bris de glace,2023-06-15,2023-06-25,391,348,Fermé,6,10,0,50,8,0,0.0771,1052,1.1235632183908046,0.37167300380228135,0.42842495727814806,0,0,0
SIN0000160,POL000380,CLT04913,Santé,Soins courants,2023-02-12,2023-03-01,387,264,Fermé,6,17,0,63,2,2,0.1609,1116,1.4659090909090908,0.3467741935483871,0.44064596572214243,0,0,0
SIN0000161,POL000385,CLT03623,Habitation,Vol/Cambriolage,2023-02-01,2023-02-03,6303,5768,Fermé,8,2,0,41,7,0,0.0532,1153,1.092753120665742,5.466608846487424,0.44740439322743164,0,0,0
SIN0000162,POL000387,CLT03319,Auto,Accident matériel,2022-06-07,2022-06-19,4565,3164,Fermé,30,12,0,38,7,1,0.122,1670,1.442793931731985,2.7335329341317367,0.40461203366779014,0,0,0
SIN0000163,POL000393,CLT04908,Habitation,Dégât des eaux,2022-09-05,2022-09-30,2534,2135,Fermé,11,25,0,55,3,1,0.2088,1155,1.1868852459016392,2.193939393939394,0.4101710814131975,0,0,0
SIN0000164,POL000393,CLT04908,Habitation,Dégât des eaux,2024-05-18,2024-05-25,2368,2185,Ouvert,19,7,0,55,3,1,0.2088,1155,1.0837528604118993,2.05021645021645,0.41246439526395723,0,0,0
SIN0000165,POL000394,CLT02987,Auto,Bris de glace,2022-07-23,2022-08-22,627,503,Fermé,20,30,0,18,1,1,0.2197,886,1.246520874751491,0.7076749435665914,0.4515525048994264,0,0,0
SIN0000166,POL000394,CLT02987,Auto,Vol,2022-12-25,2022-12-31,4271,2732,Fermé,26,6,0,18,1,1,0.2197,886,1.5633235724743777,4.820541760722348,0.42227558672597426,0,3,0
SIN0000167,POL000394,CLT02987,Auto,Vol,2022-02-16,2022-03-18,4377,3846,Ouvert,54,30,0,18,1,1,0.2197,886,1.1380655226209049,4.9401805869074495,0.47762509785150753,0,0,0
SIN0000168,POL000394,CLT02987,Auto,Bris de glace,2024-06-08,2024-06-11,556,482,Fermé,9,3,0,18,1,1,0.2197,886,1.1535269709543567,0.6275395033860045,0.427120264829851,0,0,0
SIN0000169,POL000395,CLT04529,Auto,Bris de glace,2022-09-17,2022-10-07,393,281,Ouvert,11,20,0,28,0,1,0.2068,1131,1.398576512455516,0.34748010610079577,0.40489979318491176,0,0,0
SIN0000170,POL000397,CLT02553,Auto,Accident matériel,2023-08-31,2023-09-21,4932,4540,Fermé,18,21,0,74,3,0,0.165,1145,1.0863436123348018,4.307423580786026,0.46365618153458044,0,0,0
SIN0000171,POL000397,CLT02553,Auto,Vol,2024-09-15,2024-09-20,4422,3324,Litigieux,47,5,0,74,3,0,0.165,1145,1.3303249097472925,3.862008733624454,0.46956894779832914,0,0,0
SIN0000172,POL000399,CLT03853,Santé,Optique,2023-05-19,2023-06-02,167,142,Litigieux,163,14,0,40,1,2,0.2064,1215,1.176056338028169,0.1374485596707819,0.5284849385567215,0,0,0
SIN0000173,POL000399,CLT03853,Santé,Soins courants,2022-07-24,2022-08-14,208,159,Ouvert,2,21,0,40,1,2,0.2064,1215,1.3081761006289307,0.17119341563786009,0.4356183659250191,0,0,0
SIN0000174,POL000400,CLT01601,Habitation,Incendie,2021-11-28,2021-12-02,24697,18642,Litigieux,90,4,0,22,1,1,0.3042,1114,1.3248042055573437,22.169658886894076,0.5733900366015072,1,0,0
SIN0000175,POL000400,CLT01601,Habitation,Bris de glace,2024-09-09,2024-09-16,227,192,Ouvert,37,7,0,22,1,1,0.3042,1114,1.1822916666666667,0.20377019748653502,0.42822072747697204,0,0,0
SIN0000176,POL000405,CLT03843,Auto,Vol,2024-06-02,2024-06-26,7943,4390,Fermé,30,24,0,22,0,0,0.0656,1037,1.8093394077448748,7.659594985535198,0.4804606743709288,0,3,0
SIN0000177,POL000407,CLT00901,Habitation,Catastrophe naturelle,2024-12-15,2024-12-26,19237,16910,Ouvert,57,11,0,41,0,1,0.2073,1205,1.1376108811354229,15.964315352697096,0.47652889901706386,0,0,0
SIN0000178,POL000407,CLT00901,Habitation,Dégât des eaux,2024-12-12,2024-12-23,2473,1718,Ouvert,18,11,0,41,0,1,0.2073,1205,1.439464493597206,2.0522821576763484,0.39106871554726186,0,0,0
SIN0000179,POL000418,CLT02072,Habitation,Vol/Cambriolage,2024-11-15,2024-11-17,11926,8049,Ouvert,44,2,0,33,1,0,0.1312,1996,1.4816747422040004,5.974949899799599,0.4498843454209441,0,0,0
SIN0000180,POL000424,CLT01360,Auto,Accident matériel,2024-07-23,2024-08-21,4308,2845,Ouvert,45,29,0,42,2,2,0.3398,873,1.5142355008787347,4.934707903780069,0.4688339960282221,0,3,0
SIN0000181,POL000429,CLT04490,Habitation,Dégât des eaux,2023-07-27,2023-08-03,2428,2040,Fermé,23,7,0,34,0,0,0.0919,1569,1.1901960784313725,1.5474824729126833,0.39902963517913626,0,0,0
SIN0000182,POL000434,CLT01243,Auto,Vol,2023-02-03,2023-02-12,6877,6149,Ouvert,43,9,0,19,2,0,0.107,1884,1.1183932346723044,3.650212314225053,0.44080280643681236,0,0,0
SIN0000183,POL000434,CLT01243,Auto,Accident matériel,2024-12-30,2024-12-31,4243,3455,Ouvert,40,22,0,19,2,0,0.107,1884,1.2280752532561505,2.252123142250531,0.42105274587588026,0,0,0
SIN0000184,POL000441,CLT00183,Auto,Accident matériel,2024-03-03,2024-03-05,3584,3245,Fermé,16,2,0,39,1,0,0.1707,1121,1.1044684129429891,3.1971454058876003,0.414115390782445,0,0,0
SIN0000185,POL000442,CLT03316,Auto,Vol,2023-03-06,2023-03-16,5859,5259,Fermé,6,10,0,31,9,1,0.1379,1630,1.1140901312036509,3.594478527607362,0.4388448829069417,0,0,0
SIN0000186,POL000447,CLT00544,Habitation,Vol/Cambriolage,2021-06-14,2021-07-04,7620,5792,Fermé,26,20,0,35,2,1,0.1734,2580,1.3156077348066297,2.953488372093023,0.39191585342831387,0,0,0
SIN0000187,POL000447,CLT00544,Habitation,Dégât des eaux,2024-01-03,2024-01-07,3046,2603,Fermé,17,4,0,35,2,1,0.1734,2580,1.1701882443334615,1.1806201550387596,0.39857957912715775,0,0,0
SIN0000188,POL000450,CLT03247,Habitation,Vol/Cambriolage,2024-01-16,2024-01-26,12922,9269,Fermé,25,10,0,55,9,0,0.0468,1803,1.394109396914446,7.166943982251802,0.45774286151232263,0,0,0
SIN0000189,POL000451,CLT01351,Auto,Bris de glace,2024-12-10,2024-12-31,245,138,Ouvert,25,26,0,30,1,2,0.2359,1786,1.7753623188405796,0.13717805151175813,0.47858933009217886,0,3,0
SIN0000190,POL000451,CLT01351,Auto,Bris de glace,2024-08-31,2024-09-07,312,262,Fermé,21,7,0,30,1,2,0.2359,1786,1.1908396946564885,0.17469204927211646,0.4246066933613768,0,0,0
SIN0000191,POL000451,CLT01351,Auto,Accident matériel,2024-08-06,2024-08-16,4615,4230,Ouvert,49,10,0,30,1,2,0.2359,1786,1.091016548463357,2.583986562150056,0.43716564652208295,0,0,0
SIN0000192,POL000452,CLT00679,Auto,Accident matériel,2024-10-20,2024-10-21,1752,1185,Ouvert,45,1,0,61,0,0,0.01,862,1.478481012658228,2.0324825986078885,0.45770350231613316,0,2,0
SIN0000193,POL000453,CLT03511,Habitation,Dégât des eaux,2024-01-14,2024-01-26,4101,2844,Fermé,23,12,0,25,2,2,0.4007,1187,1.4419831223628692,3.4549283909014323,0.43489286610093514,0,0,0
SIN0000194,POL000453,CLT03511,Habitation,Vol/Cambriolage,2023-03-05,2023-04-04,12385,9067,Fermé,22,30,0,25,2,2,0.4007,1187,1.3659424285871844,10.433866891322662,0.5179327946342477,0,0,0
SIN0000195,POL000456,CLT00717,Auto,Accident matériel,2023-10-13,2023-11-05,5518,3264,Fermé,7,23,0,55,10,0,0.01,1714,1.6905637254901962,3.219369894982497,0.45792972833357476,0,3,0
SIN0000196,POL000461,CLT04218,Auto,Accident matériel,2022-11-27,2022-12-17,4057,3794,Fermé,27,20,0,45,4,1,0.01,1396,1.0693199789140748,2.906160458452722,0.42453390634562344,0,0,0
SIN0000197,POL000465,CLT03779,Auto,Bris de glace,2023-06-27,2023-07-18,658,497,Fermé,29,21,0,60,5,1,0.0723,952,1.323943661971831,0.6911764705882353,0.4186335856117038,0,0,0
SIN0000198,POL000468,CLT03946,Auto,Accident matériel,2024-07-12,2024-07-27,2051,1549,Fermé,5,15,0,51,0,0,0.0579,1080,1.3240800516462234,1.8990740740740741,0.40782838768296076,0,0,0
SIN0000199,POL000476,CLT01150,Auto,Accident matériel,2022-09-20,2022-10-01,2302,1723,Fermé,28,11,0,50,2,0,0.2416,1439,1.3360417875798027,1.5997220291869354,0.40297624899281403,0,0,0
SIN0000200,POL000476,CLT01150,Auto,Bris de glace,2024-02-06,2024-03-04,895,753,Litigieux,33,27,0,50,2,0,0.2416,1439,1.1885790172642763,0.6219596942321056,0.42647442707544037,0,0,0
SIN0000201,POL000477,CLT01479,Auto,Incendie,2024-12-03,2024-12-07,37214,29875,Ouvert,47,4,0,43,0,0,0.1025,2545,1.2456569037656904,14.622396856581533,0.5492507084856275,0,3,0
SIN0000202,POL000481,CLT01612,Auto,Vol,2023-10-12,2023-10-22,6251,4175,Fermé,6,10,0,47,0,0,0.2321,2473,1.497245508982036,2.5276991508289526,0.41709199527733154,0,0,0
SIN0000203,POL000481,CLT01612,Auto,Accident matériel,2022-08-18,2022-09-10,1774,1370,Ouvert,39,23,0,47,0,0,0.2321,2473,1.294890510948905,0.7173473513950667,0.4148340500299585,0,0,0
SIN0000204,POL000483,CLT02725,Auto,Bris de glace,2024-04-27,2024-05-04,575,412,Fermé,5,7,0,32,0,0,0.1195,1414,1.395631067961165,0.40664780763790664,0.40976233437354104,0,0,0
SIN0000205,POL000498,CLT00995,Santé,Maternité,2022-12-05,2022-12-10,1166,855,Fermé,13,5,0,54,3,0,0.067,634,1.3637426900584795,1.839116719242902,0.40801199381332526,0,0,0
SIN0000206,POL000502,CLT00754,Auto,Accident matériel,2022-05-09,2022-05-16,3732,2875,Fermé,9,7,0,38,1,1,0.3065,930,1.2980869565217392,4.012903225806451,0.4033951404551231,0,0,0
SIN0000207,POL000502,CLT00754,Auto,Accident corporel,2022-06-10,2022-06-11,36511,23978,Litigieux,146,1,0,38,1,1,0.3065,930,1.522687463508216,39.259139784946235,0.6449632948004878,1,8,1
SIN0000208,POL000506,CLT03189,Habitation,Dégât des eaux,2024-05-08,2024-06-03,4526,3510,Ouvert,21,26,0,30,4,0,0.1413,2009,1.2894586894586895,2.252862120457939,0.41001998934704653,0,0,0
SIN0000209,POL000509,CLT03751,Auto,Incendie,2022-10-04,2022-10-08,16074,15188,Fermé,19,4,0,59,4,0,0.01,935,1.0583355280484592,17.19144385026738,0.511862179774178,0,0,0
SIN0000210,POL000512,CLT03797,Auto,Accident matériel,2024-05-16,2024-05-31,2790,1632,Ouvert,28,15,0,61,0,1,0.1286,2018,1.7095588235294117,1.3825569871159564,0.4335263881314875,0,3,0
SIN0000211,POL000515,CLT04400,Santé,Dentaire,2022-10-14,2022-10-20,1147,1023,Fermé,30,6,0,52,12,2,0.0662,515,1.121212121212121,2.2271844660194176,0.47293598633449224,0,0,0
SIN0000212,POL000515,CLT04400,Santé,Soins courants,2023-07-22,2023-07-25,260,180,Fermé,18,3,0,52,12,2,0.0662,515,1.4444444444444444,0.5048543689320388,0.47599032084833487,0,0,0
SIN0000213,POL000519,CLT00215,Santé,Soins courants,2024-07-04,2024-07-23,454,330,Fermé,8,19,0,34,7,0,0.0524,616,1.3757575757575757,0.737012987012987,0.40806094735117787,0,0,0
SIN0000214,POL000521,CLT02165,Habitation,Bris de glace,2024-06-08,2024-06-17,384,333,Fermé,8,9,0,43,2,2,0.3685,1085,1.1531531531531531,0.35391705069124424,0.4324457932184004,0,0,0
SIN0000215,POL000523,CLT04508,Habitation,Catastrophe naturelle,2022-08-25,2022-09-03,94998,60796,Fermé,27,9,0,18,3,0,0.1736,3462,1.5625699059148628,27.440207972270365,0.6567187350803617,1,6,1
SIN0000216,POL000527,CLT02205,Habitation,Dégât des eaux,2022-07-10,2022-07-30,4831,3754,Fermé,16,20,0,26,4,0,0.0476,1362,1.2868939797549281,3.5469897209985315,0.4085223749161865,0,0,0
SIN0000217,POL000527,CLT02205,Habitation,Bris de glace,2023-06-30,2023-07-12,128,81,Fermé,23,12,0,26,4,0,0.0476,1362,1.5802469135802468,0.09397944199706314,0.43120129679005353,0,3,0
SIN0000218,POL000527,CLT02205,Habitation,Bris de glace,2024-11-18,2024-12-17,428,300,Ouvert,55,29,0,26,4,0,0.0476,1362,1.4266666666666667,0.3142437591776799,0.4659053514376747,0,0,0
SIN0000219,POL000527,CLT02205,Habitation,Vol/Cambriolage,2024-10-19,2024-11-16,10590,6869,Ouvert,20,28,0,26,4,0,0.0476,1362,1.5417091279662252,7.775330396475771,0.4661348574832886,0,3,0
SIN0000220,POL000528,CLT04820,Auto,Bris de glace,2021-08-29,2021-09-22,204,172,Fermé,16,24,0,41,3,2,0.4647,2021,1.186046511627907,0.10094012864918357,0.4630381926765741,0,0,0
SIN0000221,POL000528,CLT04820,Auto,Bris de glace,2023-09-14,2023-09-27,896,741,Ouvert,49,13,0,41,3,2,0.4647,2021,1.2091767881241566,0.4433448787728847,0.4569705424149243,0,0,0
SIN0000222,POL000529,CLT02959,Auto,Accident corporel,2022-11-16,2022-11-27,4744,4083,Litigieux,104,11,0,19,5,0,0.2245,1015,1.1618907665931912,4.673891625615764,0.4954331591493929,0,0,0
SIN0000223,POL000529,CLT02959,Auto,Bris de glace,2023-11-16,2023-12-03,353,255,Fermé,14,17,0,19,5,0,0.2245,1015,1.384313725490196,0.3477832512315271,0.42686403825513125,0,0,0
SIN0000224,POL000529,CLT02959,Auto,Incendie,2024-05-04,2024-05-17,36536,28344,Fermé,26,13,0,19,5,0,0.2245,1015,1.2890206040079029,35.99605911330049,0.6024166297741462,1,3,1
SIN0000225,POL000531,CLT04662,Habitation,Dégât des eaux,2023-11-18,2023-12-03,5287,3032,Fermé,15,15,0,43,1,2,0.2384,1321,1.7437335092348285,4.002271006813021,0.4329741594386666,0,3,0
SIN0000226,POL000534,CLT01537,Habitation,Dégât des eaux,2024-07-20,2024-08-16,3979,3707,Fermé,6,27,0,41,0,0,0.2279,1358,1.0733746965200972,2.930044182621502,0.4379462902588792,0,0,0
SIN0000227,POL000536,CLT04840,Auto,Accident matériel,2024-03-10,2024-04-02,3481,2013,Ouvert,27,23,0,46,4,2,0.0831,1407,1.7292598112270243,2.474058280028429,0.4456263599488248,0,3,0
SIN0000228,POL000540,CLT02039,Auto,Bris de glace,2024-10-28,2024-11-07,197,185,Ouvert,24,10,0,38,1,0,0.1635,819,1.0648648648648649,0.24053724053724054,0.420054844186837,0,0,0
SIN0000229,POL000541,CLT00592,Habitation,Vol/Cambriolage,2022-03-28,2022-04-07,24665,21645,Fermé,15,10,0,49,0,1,0.2341,1228,1.1395241395241396,20.085504885993487,0.49826317263566083,0,0,0
SIN0000230,POL000542,CLT00923,Habitation,Incendie,2024-03-06,2024-03-06,26635,15023,Fermé,10,0,0,45,19,1,0.01,1540,1.7729481461758636,17.295454545454547,0.6141488252588558,1,5,1
SIN0000231,POL000544,CLT01010,Santé,Soins courants,2024-05-12,2024-06-11,302,171,Fermé,24,30,0,51,0,0,0.1811,570,1.7660818713450293,0.5298245614035088,0.4677218908104458,0,3,0
SIN0000232,POL000545,CLT04251,Habitation,Dégât des eaux,2022-05-24,2022-06-18,6750,4016,Ouvert,45,25,0,57,6,0,0.1257,2067,1.6807768924302788,3.265602322206096,0.45374314309859887,0,3,0
SIN0000233,POL000545,CLT04251,Habitation,Dégât des eaux,2022-03-02,2022-03-24,10009,7035,Litigieux,129,22,0,57,6,0,0.1257,2067,1.4227434257285003,4.8422835026608615,0.5101112917013988,0,0,0
SIN0000234,POL000551,CLT03723,Auto,Accident matériel,2024-01-13,2024-01-29,3952,3260,Fermé,27,16,0,41,12,0,0.0255,1263,1.2122699386503069,3.129057798891528,0.42563247099873497,0,0,0
SIN0000235,POL000552,CLT02258,Santé,Soins courants,2023-09-07,2023-09-11,154,104,Ouvert,22,4,0,30,1,1,0.1785,1292,1.4807692307692308,0.11919504643962849,0.4189095692307124,0,0,0
SIN0000236,POL000553,CLT01807,Auto,Accident matériel,2024-07-21,2024-08-10,1653,1512,Fermé,5,20,0,41,4,0,0.01,1005,1.0932539682539681,1.644776119402985,0.4233871680746398,0,0,0
SIN0000237,POL000553,CLT01807,Auto,Vol,2022-10-04,2022-10-09,8627,6847,Fermé,8,5,0,41,4,0,0.01,1005,1.2599678691397693,8.58407960199005,0.4384414819231419,0,0,0
SIN0000238,POL000558,CLT02317,Auto,Accident matériel,2024-06-06,2024-06-23,2199,1395,Fermé,23,17,0,31,0,2,0.3367,1166,1.5763440860215054,1.885934819897084,0.4315887303907933,0,3,0
SIN0000239,POL000560,CLT04329,Auto,Bris de glace,2024-11-09,2024-11-18,992,884,Ouvert,53,9,0,44,12,0,0.0939,2312,1.1221719457013575,0.4290657439446367,0.4524662401379963,0,0,0
SIN0000240,POL000563,CLT02228,Habitation,Dégât des eaux,2024-12-27,2024-12-31,5383,3579,Ouvert,32,26,0,44,4,0,0.2208,1636,1.5040514110086616,3.2903422982885084,0.41845125357624546,0,3,0
SIN0000241,POL000566,CLT04363,Auto,Accident matériel,2024-08-09,2024-09-08,3131,1785,Fermé,14,30,0,41,0,0,0.1175,1009,1.75406162464986,3.1030723488602576,0.44562293517039003,0,3,0
SIN0000242,POL000567,CLT00625,Auto,Accident corporel,2023-01-13,2023-01-31,17668,13784,Ouvert,41,18,0,18,8,1,0.1763,2195,1.2817759721416135,8.049202733485194,0.48725618856366937,0,0,0
SIN0000243,POL000572,CLT01940,Habitation,Dégât des eaux,2024-04-13,2024-04-16,4310,4000,Fermé,24,3,0,46,4,1,0.1062,1208,1.0775,3.5678807947019866,0.41767159300317686,0,0,0
SIN0000244,POL000574,CLT02270,Habitation,Bris de glace,2022-08-01,2022-08-12,237,153,Ouvert,36,11,0,63,2,0,0.2214,2289,1.5490196078431373,0.10353866317169069,0.4461749636763393,0,3,0
SIN0000245,POL000574,CLT02270,Habitation,Vol/Cambriolage,2024-02-06,2024-02-16,6175,3949,Fermé,25,10,0,63,2,0,0.2214,2289,1.5636870093694606,2.6976845784185235,0.434311568530946,0,3,0
SIN0000246,POL000579,CLT02255,Auto,Incendie,2022-12-13,2022-12-23,15581,10562,Fermé,26,10,0,45,0,1,0.2274,2255,1.475194092028025,6.909534368070953,0.4318829838198514,0,0,0
SIN0000247,POL000579,CLT02255,Auto,Accident matériel,2024-01-08,2024-01-28,1923,1167,Ouvert,44,20,0,45,0,1,0.2274,2255,1.647814910025707,0.8527716186252772,0.42884626145180144,0,3,0
SIN0000248,POL000581,CLT00502,Habitation,Vol/Cambriolage,2022-02-16,2022-03-01,4946,4348,Fermé,12,13,0,53,1,0,0.01,1164,1.1375344986200553,4.24914089347079,0.41710497063762575,0,0,0
SIN0000249,POL000581,CLT00502,Habitation,Bris de glace,2023-08-29,2023-09-02,368,218,Fermé,27,4,0,53,1,0,0.01,1164,1.688073394495413,0.3161512027491409,0.4383780668516836,0,3,0
SIN0000250,POL000582,CLT01673,Auto,Accident corporel,2024-08-01,2024-08-11,32173,30335,Fermé,5,10,0,30,9,0,0.01,2755,1.060590077468271,11.678039927404718,0.5671946921362716,1,3,1
SIN0000251,POL000583,CLT03538,Auto,Accident corporel,2022-02-20,2022-02-22,5551,3633,Fermé,20,2,0,28,4,2,0.403,914,1.5279383429672446,6.073304157549234,0.4743196860701063,0,3,0
SIN0000252,POL000591,CLT02132,Habitation,Vol/Cambriolage,2024-05-03,2024-05-17,7886,4852,Fermé,7,14,0,26,8,1,0.1776,2903,1.6253091508656223,2.716500172235618,0.447415021433601,0,3,0
SIN0000253,POL000592,CLT02422,Auto,Accident matériel,2023-02-14,2023-03-14,5115,4327,Fermé,12,28,0,30,5,2,0.196,1512,1.1821123180032356,3.382936507936508,0.4524021613314859,0,0,0
SIN0000254,POL000593,CLT00945,Habitation,Dégât des eaux,2021-06-12,2021-06-30,2198,1608,Fermé,27,18,0,38,1,0,0.0563,1357,1.3669154228855722,1.6197494473102432,0.38976305200351435,0,0,0
SIN0000255,POL000597,CLT04165,Santé,Hospitalisation,2021-09-19,2021-09-29,3022,2054,Fermé,14,10,0,43,0,0,0.2092,1005,1.4712755598831548,3.0069651741293533,0.3994915820501182,0,0,0
SIN0000256,POL000598,CLT04525,Auto,Vol,2023-05-01,2023-05-20,9261,7282,Ouvert,41,19,0,28,1,2,0.3295,1685,1.271765998352101,5.4961424332344215,0.45583401883997393,0,0,0
SIN0000257,POL000603,CLT00095,Habitation,Catastrophe naturelle,2024-08-08,2024-08-28,19120,11992,Fermé,25,20,0,46,1,2,0.4776,3612,1.5943962641761174,5.293466223698782,0.51279496054548,0,3,0
SIN0000258,POL000603,CLT00095,Habitation,Bris de glace,2021-06-25,2021-06-25,268,192,Ouvert,24,0,0,46,1,2,0.4776,3612,1.3958333333333333,0.07419712070874862,0.4871924541253967,0,2,0
SIN0000259,POL000603,CLT00095,Habitation,Vol/Cambriolage,2023-03-12,2023-04-05,6426,3865,Fermé,13,24,0,46,1,2,0.4776,3612,1.6626131953428203,1.7790697674418605,0.4729722467439831,0,3,0
SIN0000260,POL000603,CLT00095,Habitation,Bris de glace,2022-10-07,2022-10-18,485,310,Fermé,13,11,0,46,1,2,0.4776,3612,1.564516129032258,0.13427464008859358,0.4648835032674091,0,3,0
SIN0000261,POL000603,CLT00095,Habitation,Dégât des eaux,2021-03-24,2021-04-15,2009,1509,Fermé,5,22,0,46,1,2,0.4776,3612,1.3313452617627568,0.5562015503875969,0.46094656518234167,0,0,0
SIN0000262,POL000607,CLT01227,Santé,Dentaire,2023-04-18,2023-05-14,946,785,Fermé,21,26,0,53,0,1,0.297,653,1.2050955414012738,1.448698315467075,0.4239657622171153,0,0,0
SIN0000263,POL000607,CLT01227,Santé,Soins courants,2023-12-05,2023-12-15,111,83,Fermé,6,10,0,53,0,1,0.297,653,1.3373493975903614,0.16998468606431852,0.42439708896231293,0,0,0
SIN0000264,POL000608,CLT04129,Habitation,Catastrophe naturelle,2023-12-31,2024-01-14,14569,8490,Fermé,15,14,0,55,7,2,0.091,2536,1.7160188457008245,5.7448738170347005,0.49261972522691744,0,3,0
SIN0000265,POL000612,CLT00331,Habitation,Dégât des eaux,2023-05-05,2023-05-14,9751,8543,Fermé,8,9,0,54,0,0,0.0204,2188,1.1414023176869952,4.456581352833638,0.44361869571498913,0,0,0
SIN0000266,POL000620,CLT02909,Habitation,Vol/Cambriolage,2024-11-25,2024-12-01,4760,3455,Ouvert,54,6,0,39,1,2,0.5058,1305,1.377713458755427,3.6475095785440614,0.4758203919171351,0,0,0
SIN0000267,POL000621,CLT04308,Auto,Accident matériel,2023-10-23,2023-10-23,2017,1814,Litigieux,143,0,0,35,6,0,0.1153,1112,1.111907386990077,1.8138489208633093,0.5185789624435435,0,2,0
SIN0000268,POL000621,CLT04308,Auto,Bris de glace,2024-02-16,2024-02-28,1108,855,Fermé,5,12,0,35,6,0,0.1153,1112,1.2959064327485381,0.9964028776978417,0.4052400208115076,0,0,0
SIN0000269,POL000623,CLT04554,Santé,Maternité,2024-05-18,2024-05-30,642,572,Fermé,26,12,0,25,1,2,0.3932,1130,1.1223776223776223,0.5681415929203539,0.44108940288956555,0,0,0
SIN0000270,POL000629,CLT01300,Auto,Accident matériel,2023-04-12,2023-04-15,3003,1749,Fermé,16,3,0,28,1,0,0.0361,2356,1.7169811320754718,1.2746179966044142,0.4415080520966791,0,3,0
SIN0000271,POL000630,CLT04329,Auto,Bris de glace,2022-11-22,2022-12-18,219,167,Fermé,30,26,0,44,12,0,0.0939,973,1.311377245508982,0.2250770811921891,0.44162071182173934,0,0,0
SIN0000272,POL000641,CLT02387,Auto,Bris de glace,2023-04-27,2023-05-09,521,354,Ouvert,21,12,0,45,0,0,0.0993,2172,1.4717514124293785,0.23987108655616943,0.40281711409633497,0,0,0
SIN0000273,POL000643,CLT01001,Auto,Incendie,2023-10-24,2023-11-11,15626,12260,Ouvert,35,18,0,44,4,0,0.0897,1130,1.2745513866231648,13.828318584070797,0.45664014177882645,0,0,0
SIN0000274,POL000643,CLT01001,Auto,Incendie,2024-07-05,2024-07-19,47693,45167,Fermé,27,14,0,44,4,0,0.0897,1130,1.0559257865255607,42.206194690265484,0.647667881211889,1,3,1
SIN0000275,POL000645,CLT01014,Habitation,Incendie,2022-11-07,2022-12-05,8841,7632,Fermé,24,28,0,58,2,1,0.1023,1653,1.1584119496855345,5.348457350272232,0.4597272064102871,0,0,0
SIN0000276,POL000653,CLT01048,Santé,Dentaire,2021-09-10,2021-10-06,2277,1762,Fermé,23,26,0,18,0,1,0.2592,968,1.2922814982973894,2.352272727272727,0.43381812014631177,0,0,0
SIN0000277,POL000657,CLT00475,Auto,Vol,2023-02-07,2023-02-26,4226,2741,Fermé,5,19,0,36,6,0,0.068,1615,1.5417730755198833,2.61671826625387,0.405141551587309,0,3,0
SIN0000278,POL000657,CLT00475,Auto,Bris de glace,2022-09-09,2022-09-24,479,296,Fermé,5,15,0,36,6,0,0.068,1615,1.6182432432432432,0.29659442724458207,0.42086304005169245,0,3,0
SIN0000279,POL000657,CLT00475,Auto,Accident matériel,2022-12-15,2022-12-26,6541,4904,Ouvert,43,11,0,36,6,0,0.068,1615,1.3338091353996737,4.05015479876161,0.4162157587740819,0,0,0
SIN0000280,POL000658,CLT04711,Auto,Accident matériel,2024-11-08,2024-11-27,1969,1369,Ouvert,17,19,0,54,7,2,0.4697,1308,1.4382761139517897,1.5053516819571866,0.46785185441769267,0,0,0
SIN0000281,POL000661,CLT04970,Habitation,Dégât des eaux,2023-12-28,2024-01-19,4174,2636,Ouvert,38,22,0,42,1,0,0.144,1469,1.5834597875569043,2.8413886997957793,0.4052270347788074,0,3,0
SIN0000282,POL000663,CLT02409,Auto,Accident matériel,2023-11-15,2023-11-21,4732,4428,Fermé,24,6,0,47,4,2,0.2766,1408,1.0686540198735321,3.3607954545454546,0.4347742398922908,0,0,0
SIN0000283,POL000666,CLT00787,Auto,Accident matériel,2022-03-11,2022-03-28,4827,2996,Fermé,25,17,0,54,1,1,0.2351,879,1.6111481975967956,5.491467576791809,0.4136501837558136,0,3,0
SIN0000284,POL000670,CLT01438,Habitation,Vol/Cambriolage,2023-06-22,2023-06-28,1856,1601,Fermé,23,6,0,19,4,1,0.01,1305,1.1592754528419738,1.4222222222222223,0.4344031066182727,0,0,0
SIN0000285,POL000679,CLT04759,Habitation,Catastrophe naturelle,2024-07-20,2024-08-12,18108,15445,Fermé,27,23,0,44,1,0,0.1334,1757,1.172418258336031,10.30620375640296,0.4519106545260985,0,0,0
SIN0000286,POL000684,CLT03738,Auto,Accident matériel,2024-11-05,2024-11-28,1794,1084,Ouvert,46,23,0,79,1,2,0.2824,1269,1.654981549815498,1.41371158392435,0.5042262437111235,0,3,0
SIN0000287,POL000684,CLT03738,Auto,Accident corporel,2021-10-30,2021-11-02,11314,6985,Fermé,7,3,0,79,1,2,0.2824,1269,1.6197566213314245,8.915681639085895,0.5218761005943146,0,3,0
SIN0000288,POL000690,CLT00449,Auto,Vol,2024-04-01,2024-04-04,9252,6815,Fermé,12,3,0,40,4,2,0.2619,1805,1.357593543653705,5.125761772853186,0.4423040075715708,0,0,0
SIN0000289,POL000690,CLT00449,Auto,Bris de glace,2024-12-25,2024-12-31,690,636,Ouvert,60,10,0,40,4,2,0.2619,1805,1.0849056603773586,0.38227146814404434,0.4451213886937854,0,0,0
SIN0000290,POL000696,CLT00966,Santé,Soins courants,2024-06-16,2024-06-19,162,121,Fermé,10,3,0,52,7,1,0.0113,2112,1.3388429752066116,0.07670454545454546,0.4467189751100495,0,0,0
SIN0000291,POL000697,CLT02797,Auto,Accident matériel,2024-04-21,2024-04-21,1393,1007,Fermé,29,0,0,54,2,0,0.0576,2723,1.3833167825223436,0.5115681233933161,0.4307800206892446,0,2,0
SIN0000292,POL000699,CLT04511,Auto,Bris de glace,2023-09-09,2023-09-24,344,279,Fermé,29,15,0,64,5,0,0.01,1093,1.2329749103942653,0.31473010064043916,0.4334389073305464,0,0,0
SIN0000293,POL000701,CLT01194,Habitation,Vol/Cambriolage,2023-06-07,2023-06-14,6813,4279,Fermé,20,7,0,51,3,0,0.0501,2875,1.5921944379527928,2.3697391304347826,0.41209439118305835,0,3,0
SIN0000294,POL000703,CLT01221,Auto,Bris de glace,2024-06-21,2024-07-11,532,458,Fermé,21,20,0,34,0,0,0.01,2737,1.1615720524017468,0.19437340153452684,0.4041684623273015,0,0,0
SIN0000295,POL000705,CLT01346,Habitation,Vol/Cambriolage,2022-02-11,2022-03-04,4301,3498,Litigieux,74,21,0,55,6,0,0.038,1467,1.229559748427673,2.9318336741649627,0.4482915533090728,0,0,0
SIN0000296,POL000707,CLT00452,Auto,Vol,2024-08-04,2024-09-03,10618,6951,Fermé,6,30,0,40,3,0,0.01,2741,1.5275499928067904,3.8737686975556365,0.4640345723766452,0,3,0
SIN0000297,POL000707,CLT00452,Auto,Accident matériel,2024-08-16,2024-08-25,4605,3610,Fermé,27,9,0,40,3,0,0.01,2741,1.2756232686980609,1.6800437796424663,0.3992118050154826,0,0,0
SIN0000298,POL000713,CLT01177,Auto,Accident matériel,2023-06-18,2023-06-21,2949,1726,Fermé,21,3,0,34,3,0,0.0995,1097,1.708574739281576,2.68824065633546,0.4220077286092988,0,3,0
SIN0000299,POL000715,CLT03679,Santé,Dentaire,2024-11-19,2024-11-22,298,269,Ouvert,17,3,0,21,2,0,0.3944,888,1.1078066914498141,0.3355855855855856,0.4682448507040361,0,0,0
SIN0000300,POL000717,CLT04032,Habitation,Vol/Cambriolage,2024-06-28,2024-07-01,7419,7017,Ouvert,3,3,0,43,18,1,0.2029,2512,1.0572894399315946,2.953423566878981,0.5194310571117897,0,0,0
SIN0000301,POL000717,CLT04032,Habitation,Catastrophe naturelle,2023-07-21,2023-08-11,11788,8711,Ouvert,40,21,0,43,18,1,0.2029,2512,1.3532315463207438,4.692675159235669,0.4993519215748924,0,0,0
SIN0000302,POL000718,CLT01319,Habitation,Vol/Cambriolage,2021-06-16,2021-07-08,7005,5340,Ouvert,41,22,0,48,1,0,0.01,3414,1.3117977528089888,2.0518453427065024,0.417301788317152,0,0,0
SIN0000303,POL000718,CLT01319,Habitation,Dégât des eaux,2023-01-10,2023-01-15,4348,3360,Fermé,29,5,0,48,1,0,0.01,3414,1.2940476190476191,1.2735793790275336,0.4129306028048048,0,0,0
SIN0000304,POL000718,CLT01319,Habitation,Dégât des eaux,2021-08-14,2021-09-05,1645,928,Fermé,30,22,0,48,1,0,0.01,3414,1.7726293103448276,0.48183948447568836,0.4325255766884819,0,3,0
SIN0000305,POL000720,CLT01600,Auto,Bris de glace,2022-10-02,2022-10-29,326,191,Fermé,8,27,0,49,2,0,0.1328,1578,1.706806282722513,0.20659062103929024,0.44066112057583384,0,3,0
SIN0000306,POL000720,CLT01600,Auto,Accident matériel,2024-04-05,2024-04-26,1614,1503,Fermé,13,21,0,49,2,0,0.1328,1578,1.0738522954091816,1.0228136882129277,0.41065380047738126,0,0,0
SIN0000307,POL000721,CLT02574,Auto,Accident matériel,2022-06-20,2022-07-16,4045,2600,Fermé,26,26,0,63,1,0,0.1648,2074,1.5557692307692308,1.9503375120540019,0.42756660506994215,0,3,0
SIN0000308,POL000722,CLT03288,Auto,Accident corporel,2022-05-27,2022-06-06,9918,5479,Fermé,25,10,0,42,5,0,0.1567,1745,1.810184340208067,5.683667621776504,0.44549776054888235,0,3,0
SIN0000309,POL000722,CLT03288,Auto,Accident matériel,2022-09-12,2022-09-19,2951,2381,Fermé,16,7,0,42,5,0,0.1567,1745,1.239395212095758,1.6911174785100287,0.400478329571213,0,0,0
SIN0000310,POL000730,CLT00775,Auto,Accident corporel,2022-08-08,2022-08-21,35269,29769,Fermé,29,13,0,45,6,1,0.0214,1001,1.1847559541805233,35.23376623376623,0.6039938725008561,1,3,1
SIN0000311,POL000733,CLT01396,Santé,Soins courants,2022-05-13,2022-06-02,185,104,Ouvert,55,20,0,31,10,1,0.1865,652,1.7788461538461537,0.2837423312883436,0.48310269091369745,0,3,0
SIN0000312,POL000734,CLT04027,Santé,Soins courants,2024-10-01,2024-10-20,208,123,Ouvert,24,19,0,46,0,2,0.1221,1096,1.6910569105691058,0.1897810218978102,0.4466256461117473,0,3,0
SIN0000313,POL000739,CLT02773,Auto,Incendie,2023-05-24,2023-05-29,12998,8246,Fermé,17,5,0,68,0,1,0.2011,1978,1.5762794081979141,6.5712841253791705,0.47316126589403423,0,3,0
SIN0000314,POL000741,CLT00975,Habitation,Bris de glace,2023-04-13,2023-05-03,418,299,Fermé,10,20,0,33,1,0,0.1263,2025,1.3979933110367893,0.20641975308641974,0.39391189728760556,0,0,0
SIN0000315,POL000745,CLT00707,Santé,Hospitalisation,2023-06-09,2023-07-09,9769,6686,Fermé,9,30,0,34,3,0,0.103,1182,1.4611127729584206,8.264805414551608,0.45008880748541114,0,0,0
SIN0000316,POL000745,CLT00707,Santé,Soins courants,2024-05-02,2024-05-28,149,119,Ouvert,25,26,0,34,3,0,0.103,1182,1.2521008403361344,0.1260575296108291,0.41020234615636464,0,0,0
SIN0000317,POL000751,CLT04479,Santé,Soins courants,2023-08-09,2023-08-30,1337,1165,Ouvert,25,21,0,25,5,0,0.1577,1612,1.1476394849785407,0.8294044665012407,0.41689579587509323,0,0,0
SIN0000318,POL000751,CLT04479,Santé,Soins courants,2024-12-07,2024-12-11,145,95,Ouvert,45,4,0,25,5,0,0.1577,1612,1.5263157894736843,0.08995037220843673,0.4428373674371694,0,3,0
SIN0000319,POL000751,CLT04479,Santé,Soins courants,2023-07-30,2023-07-31,226,213,Fermé,8,1,0,25,5,0,0.1577,1612,1.0610328638497653,0.1401985111662531,0.46521500208742345,0,2,0
SIN0000320,POL000752,CLT00310,Santé,Soins courants,2024-08-01,2024-08-09,198,178,Litigieux,126,8,0,26,19,1,0.0684,1316,1.1123595505617978,0.15045592705167174,0.5824819307490849,1,0,0
SIN0000321,POL000758,CLT03616,Auto,Accident corporel,2024-04-01,2024-04-29,9059,8171,Ouvert,21,28,0,48,3,0,0.01,2378,1.1086770285154817,3.8095037846930193,0.46364974386483965,0,0,0
SIN0000322,POL000762,CLT04360,Habitation,Dégât des eaux,2024-08-03,2024-08-29,2666,1539,Fermé,21,26,0,38,2,1,0.3696,1639,1.732293697205978,1.62660158633313,0.44870943488486603,0,3,0
SIN0000323,POL000763,CLT03576,Habitation,Dégât des eaux,2023-04-21,2023-05-02,4003,3637,Fermé,28,11,0,18,1,0,0.2776,1993,1.100632389331867,2.0085298544907175,0.4343294638433653,0,0,0
SIN0000324,POL000767,CLT02207,Santé,Optique,2024-09-08,2024-09-22,315,276,Fermé,14,14,0,36,0,0,0.1177,919,1.141304347826087,0.34276387377584333,0.39437741496872497,0,0,0
SIN0000325,POL000768,CLT03197,Auto,Accident corporel,2023-12-22,2024-01-12,29947,24887,Ouvert,4,21,0,30,1,1,0.155,1512,1.2033190018885362,19.80621693121693,0.5233811743500143,0,3,0
SIN0000326,POL000770,CLT02807,Santé,Soins courants,2023-06-06,2023-07-01,138,113,Ouvert,9,25,0,34,2,1,0.1827,532,1.2212389380530972,0.2593984962406015,0.4069448374853555,0,0,0
SIN0000327,POL000773,CLT04720,Santé,Dentaire,2023-07-03,2023-07-29,1284,979,Fermé,12,26,0,53,1,1,0.1101,1945,1.3115423901940755,0.6601542416452442,0.412759902633517,0,0,0
SIN0000328,POL000780,CLT03205,Auto,Accident corporel,2024-07-26,2024-07-26,16337,12375,Litigieux,128,0,0,58,1,1,0.3336,1081,1.320161616161616,15.112858464384828,0.5830896429735773,1,2,0
SIN0000329,POL000790,CLT03492,Auto,Accident matériel,2022-09-05,2022-09-14,2126,1812,Fermé,18,9,0,39,0,1,0.3409,835,1.1732891832229582,2.546107784431138,0.41474632793695754,0,0,0
SIN0000330,POL000790,CLT03492,Auto,Vol,2023-02-15,2023-03-02,8190,7491,Fermé,7,15,0,39,0,1,0.3409,835,1.093311974369243,9.808383233532934,0.4505463343601146,0,0,0
SIN0000331,POL000802,CLT01056,Auto,Bris de glace,2023-06-14,2023-06-19,995,813,Fermé,27,5,0,41,2,2,0.3164,1604,1.2238622386223863,0.6203241895261845,0.4230436800729271,0,0,0
SIN0000332,POL000802,CLT01056,Auto,Bris de glace,2024-07-13,2024-07-30,336,215,Fermé,17,17,0,41,2,2,0.3164,1604,1.5627906976744186,0.20947630922693267,0.4241877399349525,0,3,0
SIN0000333,POL000804,CLT00352,Auto,Accident matériel,2023-03-07,2023-04-03,3679,3390,Fermé,22,27,0,44,16,1,0.01,847,1.0852507374631268,4.343565525383707,0.4902305326203438,0,0,0
SIN0000334,POL000804,CLT00352,Auto,Vol,2024-10-18,2024-10-18,7484,6183,Ouvert,6,0,0,44,16,1,0.01,847,1.210415655830503,8.835891381345927,0.5183502889101115,0,2,0
SIN0000335,POL000805,CLT01902,Auto,Accident corporel,2024-10-11,2024-10-20,13978,7841,Ouvert,16,9,0,57,2,1,0.1467,1091,1.7826807805126896,12.812098991750688,0.4672457581319209,0,3,0
SIN0000336,POL000809,CLT03139,Auto,Bris de glace,2023-11-21,2023-11-28,585,532,Ouvert,45,7,0,18,1,1,0.2373,1754,1.099624060150376,0.33352337514253133,0.43875480099736175,0,0,0
SIN0000337,POL000810,CLT01820,Auto,Vol,2024-11-15,2024-11-25,4131,3123,Ouvert,15,10,0,50,9,3,0.319,3048,1.3227665706051874,1.3553149606299213,0.47870776907732693,0,2,0
SIN0000338,POL000811,CLT02398,Habitation,Vol/Cambriolage,2023-10-09,2023-10-24,5240,3693,Fermé,9,15,0,62,0,1,0.2002,1472,1.4189006227998917,3.5597826086956523,0.41567841684197127,0,0,0
SIN0000339,POL000815,CLT04970,Auto,Vol,2023-07-07,2023-07-30,3992,3433,Fermé,16,23,0,42,1,0,0.144,2237,1.1628313428488202,1.7845328565042469,0.3934856487190075,0,0,0
SIN0000340,POL000819,CLT00714,Habitation,Dégât des eaux,2022-11-12,2022-11-17,3984,3338,Fermé,10,5,0,28,13,0,0.01,1284,1.1935290593169563,3.102803738317757,0.4650605747183865,0,0,0
SIN0000341,POL000819,CLT00714,Habitation,Bris de glace,2022-01-09,2022-01-31,205,178,Fermé,21,22,0,28,13,0,0.01,1284,1.151685393258427,0.15965732087227413,0.46069244135974213,0,0,0
SIN0000342,POL000820,CLT03933,Habitation,Vol/Cambriolage,2023-10-22,2023-11-15,6989,4495,Fermé,14,24,0,53,1,0,0.0657,1004,1.5548387096774194,6.961155378486056,0.41965850252966913,0,3,0
SIN0000343,POL000823,CLT04537,Auto,Accident corporel,2022-04-23,2022-04-30,27155,17136,Litigieux,146,7,0,55,1,0,0.0572,1022,1.5846755368814192,26.57045009784736,0.5810961124827659,1,6,1
SIN0000344,POL000823,CLT04537,Auto,Bris de glace,2021-07-17,2021-07-31,316,295,Fermé,7,14,0,55,1,0,0.0572,1022,1.071186440677966,0.30919765166340507,0.4238954973719781,0,0,0
SIN0000345,POL000825,CLT03746,Habitation,Vol/Cambriolage,2023-03-09,2023-03-15,16745,13828,Ouvert,4,6,0,50,0,1,0.2623,1604,1.210948799537171,10.439526184538654,0.4686993887966448,0,0,0
SIN0000346,POL000826,CLT04773,Santé,Maternité,2021-06-15,2021-07-12,660,429,Fermé,10,27,0,33,4,2,0.01,1233,1.5384615384615385,0.5352798053527981,0.4643566340881889,0,3,0
SIN0000347,POL000827,CLT01414,Auto,Accident matériel,2024-11-14,2024-12-01,4141,3888,Ouvert,36,17,0,42,1,0,0.0296,1792,1.0650720164609053,2.310825892857143,0.4232418119537047,0,0,0
SIN0000348,POL000832,CLT04555,Santé,Maternité,2024-03-29,2024-04-04,1007,928,Fermé,16,6,0,33,4,0,0.01,446,1.0851293103448276,2.257847533632287,0.4293879157386542,0,0,0
SIN0000349,POL000833,CLT03794,Habitation,Dégât des eaux,2022-03-25,2022-04-10,2804,1847,Fermé,21,16,0,55,0,0,0.2095,3355,1.5181375203031944,0.8357675111773473,0.4081089124856493,0,3,0
SIN0000350,POL000836,CLT00955,Auto,Accident matériel,2024-11-28,2024-12-09,5972,5132,Ouvert,60,11,0,38,1,2,0.123,1115,1.1636788776305533,5.3560538116591925,0.43965546040652426,0,0,0
SIN0000351,POL000840,CLT04574,Santé,Optique,2022-09-27,2022-10-10,486,414,Litigieux,70,13,0,40,6,2,0.4571,1270,1.173913043478261,0.3826771653543307,0.4904354012353462,0,0,0
SIN0000352,POL000840,CLT04574,Santé,Maternité,2024-09-09,2024-09-28,1014,775,Fermé,29,19,0,40,6,2,0.4571,1270,1.3083870967741935,0.7984251968503937,0.4575202664735569,0,0,0
SIN0000353,POL000841,CLT00808,Auto,Bris de glace,2021-11-12,2021-12-05,166,132,Fermé,21,23,0,56,20,1,0.1091,1108,1.2575757575757576,0.14981949458483754,0.5035205984937066,0,0,0
SIN0000354,POL000844,CLT01726,Habitation,Dégât des eaux,2024-07-05,2024-07-23,7892,4672,Fermé,23,18,0,31,2,3,0.4653,2087,1.6892123287671232,3.7815045519885,0.5083238491611562,0,5,0
SIN0000355,POL000849,CLT04674,Santé,Optique,2024-11-15,2024-11-17,226,132,Ouvert,59,2,0,50,3,2,0.2886,1376,1.7121212121212122,0.16424418604651161,0.4890274652869604,0,3,0
SIN0000356,POL000851,CLT00197,Auto,Accident matériel,2024-03-29,2024-04-17,4001,2606,Fermé,22,19,0,27,5,0,0.1778,806,1.5353031465848044,4.964019851116626,0.414852588945141,0,3,0
SIN0000357,POL000852,CLT04190,Auto,Accident matériel,2023-06-03,2023-06-12,1771,1419,Fermé,25,9,0,64,3,0,0.1713,1477,1.248062015503876,1.1990521327014219,0.4227853400782432,0,0,0
SIN0000358,POL000853,CLT04724,Auto,Accident matériel,2023-08-11,2023-08-17,4273,3335,Fermé,23,6,0,28,0,0,0.3134,1273,1.2812593703148425,3.356637863315004,0.4282247870529094,0,0,0
SIN0000359,POL000853,CLT04724,Auto,Vol,2023-12-20,2023-12-30,5494,3520,Fermé,14,10,0,28,0,0,0.3134,1273,1.5607954545454545,4.315789473684211,0.43330559969538773,0,3,0
SIN0000360,POL000854,CLT04095,Auto,Accident matériel,2023-05-29,2023-06-16,9744,7675,Fermé,27,18,0,32,1,0,0.2555,2208,1.2695765472312703,4.413043478260869,0.4218758304502423,0,0,0
SIN0000361,POL000855,CLT01237,Habitation,Dégât des eaux,2024-05-17,2024-05-21,6182,4113,Fermé,13,4,0,51,1,1,0.5013,1536,1.5030391441769997,4.024739583333333,0.461727742869461,0,3,0
SIN0000362,POL000855,CLT01237,Habitation,Dégât des eaux,2023-02-03,2023-02-08,4173,3963,Fermé,13,5,0,51,1,1,0.5013,1536,1.0529901589704769,2.716796875,0.4792013464439925,0,0,0
SIN0000363,POL000855,CLT01237,Habitation,Catastrophe naturelle,2022-01-23,2022-02-19,16038,12127,Fermé,25,27,0,51,1,1,0.5013,1536,1.3225035045765647,10.44140625,0.5136779681504184,0,0,0
SIN0000364,POL000857,CLT04964,Habitation,Dégât des eaux,2024-03-24,2024-03-31,2990,1919,Fermé,11,7,0,40,2,0,0.01,1678,1.5581031787389266,1.7818831942789035,0.41263954461894004,0,3,0
SIN0000365,POL000861,CLT04685,Auto,Accident matériel,2023-10-24,2023-11-13,2507,1483,Fermé,26,20,0,48,5,0,0.0395,1006,1.6904922454484155,2.4920477137176937,0.41595328649178714,0,3,0
SIN0000366,POL000863,CLT00849,Auto,Accident corporel,2024-10-11,2024-11-04,14430,9165,Ouvert,20,24,0,65,8,1,0.3097,2840,1.574468085106383,5.080985915492958,0.49782759140084626,0,3,0
SIN0000367,POL000866,CLT01103,Auto,Accident matériel,2024-07-16,2024-07-23,6531,4944,Ouvert,48,7,0,29,0,3,0.3657,907,1.320995145631068,7.200661521499449,0.5054680513105757,0,2,0
SIN0000368,POL000866,CLT01103,Auto,Accident matériel,2024-06-12,2024-06-15,7224,5068,Ouvert,6,3,0,29,0,3,0.3657,907,1.425414364640884,7.964718853362735,0.5012668823994613,0,2,0
SIN0000369,POL000867,CLT04845,Auto,Bris de glace,2023-06-07,2023-06-18,310,225,Fermé,30,11,0,39,2,0,0.1192,2389,1.3777777777777778,0.1297614064462118,0.40080885626109775,0,0,0
SIN0000370,POL000869,CLT01759,Habitation,Incendie,2024-08-02,2024-08-15,14758,11632,Litigieux,49,13,0,54,1,1,0.3242,1818,1.2687414030261348,8.117711771177119,0.4588782115930242,0,0,0
SIN0000371,POL000871,CLT03717,Auto,Accident matériel,2024-03-24,2024-04-20,6654,5602,Fermé,21,27,0,35,2,0,0.01,820,1.1877900749732238,8.114634146341464,0.44259098861511587,0,0,0
SIN0000372,POL000873,CLT01068,Auto,Bris de glace,2022-06-04,2022-06-19,198,187,Ouvert,18,15,0,33,2,1,0.2701,789,1.0588235294117647,0.2509505703422053,0.41612683680123647,0,0,0
SIN0000373,POL000877,CLT00700,Auto,Accident matériel,2024-08-14,2024-08-25,5040,4059,Fermé,6,11,0,28,1,1,0.1232,2978,1.2416851441241685,1.6924110141034252,0.40325367118393285,0,0,0
SIN0000374,POL000878,CLT01065,Auto,Accident matériel,2024-10-19,2024-11-06,6105,5626,Ouvert,5,18,0,48,7,0,0.0683,920,1.085140419480981,6.635869565217392,0.43255318968721995,0,0,0
SIN0000375,POL000879,CLT02139,Santé,Soins courants,2024-01-27,2024-02-02,139,82,Fermé,29,6,0,59,0,1,0.0864,455,1.6951219512195121,0.3054945054945055,0.44511951482693346,0,3,0
SIN0000376,POL000879,CLT02139,Santé,Optique,2023-10-22,2023-11-07,198,166,Fermé,8,16,0,59,0,1,0.0864,455,1.1927710843373494,0.4351648351648352,0.41403948897802023,0,0,0
SIN0000377,POL000879,CLT02139,Santé,Soins courants,2023-01-19,2023-02-15,281,240,Ouvert,60,27,0,59,0,1,0.0864,455,1.1708333333333334,0.6175824175824176,0.45169410092410095,0,0,0
SIN0000378,POL000879,CLT02139,Santé,Soins courants,2024-01-16,2024-01-17,271,238,Fermé,13,1,0,59,0,1,0.0864,455,1.138655462184874,0.5956043956043956,0.4363529819931395,0,2,0
SIN0000379,POL000880,CLT02339,Auto,Accident matériel,2021-03-18,2021-04-11,4531,3544,Fermé,19,24,0,18,1,0,0.355,958,1.2784988713318284,4.72964509394572,0.45481411804536714,0,0,0
SIN0000380,POL000880,CLT02339,Auto,Accident matériel,2021-10-01,2021-10-22,6156,5173,Ouvert,15,21,0,18,1,0,0.355,958,1.1900251304852116,6.4258872651356995,0.45828887921381734,0,0,0
SIN0000381,POL000881,CLT03323,Santé,Hospitalisation,2023-12-01,2023-12-11,3952,2199,Ouvert,24,10,0,47,1,0,0.01,992,1.7971805366075488,3.9838709677419355,0.4366357518843203,0,3,0
SIN0000382,POL000884,CLT02059,Habitation,Dégât des eaux,2022-07-03,2022-07-03,3497,2983,Fermé,18,0,0,29,0,1,0.4698,1196,1.1723097552799195,2.9239130434782608,0.48118225637253575,0,2,0
SIN0000383,POL000889,CLT03001,Auto,Bris de glace,2023-02-16,2023-03-03,258,225,Ouvert,16,15,0,41,0,1,0.3983,909,1.1466666666666667,0.2838283828382838,0.4226322710921311,0,0,0
SIN0000384,POL000890,CLT00887,Santé,Optique,2024-12-06,2024-12-26,249,160,Ouvert,18,20,0,49,1,2,0.3088,1178,1.55625,0.21137521222410866,0.4293406001385931,0,3,0
SIN0000385,POL000896,CLT03519,Habitation,Catastrophe naturelle,2024-09-03,2024-09-23,43521,35410,Ouvert,6,20,0,45,6,3,0.3824,1912,1.229059587687094,22.76202928870293,0.6391623662142789,1,5,1
SIN0000386,POL000897,CLT00045,Auto,Vol,2023-08-20,2023-09-14,3216,2810,Ouvert,33,25,0,38,0,1,0.472,2567,1.1444839857651246,1.2528243085313595,0.45773191477723596,0,0,0
SIN0000387,POL000898,CLT01283,Santé,Hospitalisation,2024-07-21,2024-07-28,6494,4134,Ouvert,60,7,0,61,3,0,0.01,1399,1.5708756652152878,4.641887062187276,0.4590867313795294,0,3,0
SIN0000388,POL000899,CLT03584,Santé,Soins courants,2022-10-23,2022-11-10,220,143,Ouvert,35,18,0,23,2,1,0.13,984,1.5384615384615385,0.22357723577235772,0.4213938595320042,0,3,0
SIN0000389,POL000900,CLT04794,Auto,Accident matériel,2024-01-22,2024-01-28,6050,5047,Litigieux,151,6,0,59,4,0,0.2303,970,1.198731919952447,6.237113402061856,0.5184928742288765,0,0,0
SIN0000390,POL000901,CLT03892,Auto,Incendie,2023-06-02,2023-06-28,12238,8656,Fermé,9,26,0,34,10,1,0.3073,1076,1.4138170055452866,11.37360594795539,0.48831936794560393,0,0,0
SIN0000391,POL000903,CLT00556,Habitation,Vol/Cambriolage,2024-05-06,2024-05-29,8049,6461,Ouvert,49,23,0,56,4,0,0.1341,1223,1.245782386627457,6.581357318070319,0.43256367121626343,0,0,0
SIN0000392,POL000906,CLT04612,Habitation,Vol/Cambriolage,2022-08-29,2022-09-02,2730,2124,Fermé,12,4,0,38,0,0,0.01,3076,1.2853107344632768,0.8875162548764629,0.41537818470654425,0,0,0
SIN0000393,POL000907,CLT02581,Auto,Accident matériel,2023-05-28,2023-05-29,4133,3049,Fermé,19,1,0,18,2,0,0.1487,1742,1.355526402099049,2.37256027554535,0.42520581336648133,0,2,0
SIN0000394,POL000908,CLT01411,Auto,Vol,2024-08-05,2024-08-28,3578,3317,Litigieux,119,23,0,25,3,1,0.1731,1246,1.0786855592402773,2.871589085072231,0.4923642853051259,0,0,0
SIN0000395,POL000910,CLT03236,Habitation,Dégât des eaux,2023-12-24,2024-01-11,2389,2052,Fermé,14,18,0,51,3,0,0.0535,1813,1.1642300194931774,1.3177054605626035,0.39619107027088835,0,0,0
SIN0000396,POL000910,CLT03236,Habitation,Catastrophe naturelle,2024-11-20,2024-12-02,7110,5561,Ouvert,53,12,0,51,3,0,0.0535,1813,1.2785470239165617,3.921676778819636,0.4245519641640672,0,0,0
SIN0000397,POL000912,CLT03132,Habitation,Catastrophe naturelle,2023-02-19,2023-03-06,12263,10686,Fermé,30,15,0,35,4,3,0.3746,1929,1.1475762680142243,6.35717988595127,0.5032447952292463,0,2,0
SIN0000398,POL000912,CLT03132,Habitation,Dégât des eaux,2024-12-12,2024-12-14,2147,1482,Ouvert,23,2,0,35,4,3,0.3746,1929,1.4487179487179487,1.113011923276309,0.47475437869957493,0,2,0
SIN0000399,POL000915,CLT01428,Habitation,Catastrophe naturelle,2022-06-25,2022-07-01,19699,14783,Fermé,12,6,0,18,8,0,0.0248,1534,1.3325441385375092,12.841590612777054,0.5093830127635164,0,0,0
SIN0000400,POL000917,CLT00934,Santé,Soins courants,2022-08-31,2022-09-05,167,137,Ouvert,14,5,0,63,10,3,0.3069,1110,1.218978102189781,0.15045045045045044,0.5158260688478062,0,2,0
SIN0000401,POL000919,CLT03828,Auto,Accident matériel,2024-05-22,2024-06-04,3681,3436,Fermé,17,13,0,44,1,0,0.2749,1563,1.0713038416763678,2.3550863723608444,0.4152612017856472,0,0,0
SIN0000402,POL000926,CLT04164,Auto,Vol,2022-02-06,2022-02-11,4419,2731,Fermé,27,5,0,26,0,1,0.1656,2558,1.6180886122299525,1.7275215011727914,0.41658076080505757,0,3,0
SIN0000403,POL000932,CLT01474,Santé,Optique,2021-11-22,2021-12-07,195,112,Fermé,19,15,0,52,0,0,0.0322,500,1.7410714285714286,0.39,0.43490142878304533,0,3,0
SIN0000404,POL000933,CLT03304,Auto,Accident corporel,2023-01-11,2023-02-05,20908,14429,Fermé,29,25,0,45,5,0,0.01,1398,1.4490262665465383,14.955650929899857,0.48497190031202364,0,0,0
SIN0000405,POL000934,CLT04186,Santé,Soins courants,2024-06-05,2024-06-29,370,219,Fermé,28,24,0,36,4,1,0.1822,878,1.6894977168949772,0.4214123006833713,0.42547982893729197,0,3,0
SIN0000406,POL000935,CLT01355,Habitation,Catastrophe naturelle,2024-10-19,2024-10-20,26141,22784,Ouvert,51,1,0,57,2,0,0.01,1442,1.147340238764045,18.128294036061025,0.544657262901994,0,2,0
SIN0000407,POL000935,CLT01355,Habitation,Incendie,2024-01-14,2024-01-25,58325,35942,Fermé,19,11,0,57,2,0,0.01,1442,1.6227533248010684,40.447295423023576,0.6415154738676888,1,6,1
SIN0000408,POL000942,CLT03262,Auto,Accident corporel,2024-08-27,2024-09-04,11854,10755,Fermé,7,8,0,44,4,1,0.1113,1617,1.102185030218503,7.330859616573902,0.43956960078622326,0,0,0
SIN0000409,POL000944,CLT02170,Santé,Optique,2024-04-29,2024-05-28,426,320,Fermé,27,29,0,68,8,1,0.01,916,1.33125,0.4650655021834061,0.4974663557760919,0,0,0
SIN0000410,POL000946,CLT00838,Auto,Vol,2023-10-23,2023-11-19,9295,5732,Ouvert,33,27,0,32,2,1,0.1397,958,1.6215980460572226,9.70250521920668,0.4507282824481055,0,3,0
SIN0000411,POL000946,CLT00838,Auto,Vol,2023-08-14,2023-08-16,7446,4468,Fermé,6,2,0,32,2,1,0.1397,958,1.6665174574753805,7.772442588726514,0.44420677515175605,0,3,0
SIN0000412,POL000947,CLT01992,Santé,Soins courants,2024-07-29,2024-08-25,222,152,Fermé,23,27,0,36,3,1,0.3202,980,1.4605263157894737,0.22653061224489796,0.4397560950643767,0,0,0
SIN0000413,POL000951,CLT04319,Auto,Vol,2023-11-26,2023-12-25,8846,6962,Fermé,29,29,0,74,0,1,0.1246,1382,1.2706118931341568,6.400868306801737,0.48966840569176806,0,0,0
SIN0000414,POL000952,CLT00520,Auto,Vol,2023-06-02,2023-06-10,6223,4875,Ouvert,17,8,0,52,2,1,0.2518,804,1.2765128205128204,7.740049751243781,0.41515663522643376,0,0,0
SIN0000415,POL000952,CLT00520,Auto,Accident matériel,2023-08-01,2023-08-01,2181,1600,Fermé,13,0,0,52,2,1,0.2518,804,1.363125,2.712686567164179,0.4267985344420891,0,2,0
SIN0000416,POL000952,CLT00520,Auto,Accident matériel,2024-03-29,2024-04-17,721,638,Litigieux,45,19,0,52,2,1,0.2518,804,1.1300940438871474,0.8967661691542289,0.413699508146918,0,0,0
SIN0000417,POL000957,CLT03282,Auto,Vol,2023-06-15,2023-07-11,6378,3619,Fermé,21,26,0,39,1,2,0.1703,2597,1.762365294280188,2.4559106661532537,0.4487000219257881,0,3,0
SIN0000418,POL000959,CLT02148,Auto,Bris de glace,2023-06-17,2023-06-27,227,156,Fermé,28,10,0,47,4,1,0.2399,835,1.455128205128205,0.2718562874251497,0.4019597028869455,0,0,0
SIN0000419,POL000959,CLT02148,Auto,Accident matériel,2023-10-09,2023-10-25,8654,7487,Fermé,12,16,0,47,4,1,0.2399,835,1.1558701749699478,10.364071856287426,0.4365211278303401,0,0,0
SIN0000420,POL000960,CLT01584,Habitation,Incendie,2024-08-18,2024-08-26,52732,38237,Fermé,19,8,0,18,0,0,0.1412,1039,1.3790830870622695,50.75264677574591,0.6567654822835942,1,3,1
SIN0000421,POL000961,CLT00518,Habitation,Dégât des eaux,2024-10-20,2024-11-03,5640,5099,Ouvert,50,14,0,75,0,0,0.1785,1843,1.1060992351441459,3.060227889310906,0.4765157902794874,0,0,0
SIN0000422,POL000961,CLT00518,Habitation,Catastrophe naturelle,2024-01-28,2024-02-05,8583,6893,Fermé,28,8,0,75,0,0,0.1785,1843,1.245176265776875,4.657080846446012,0.4666003937154337,0,0,0
SIN0000423,POL000961,CLT00518,Habitation,Dégât des eaux,2022-04-10,2022-04-30,3133,2556,Fermé,6,20,0,75,0,0,0.1785,1843,1.2257433489827856,1.6999457406402605,0.46217899518548117,0,0,0
SIN0000424,POL000963,CLT00343,Habitation,Vol/Cambriolage,2022-09-19,2022-09-25,8132,6364,Fermé,10,6,0,50,1,0,0.2211,3182,1.2778126964173475,2.555625392834695,0.42011887106004364,0,0,0
SIN0000425,POL000965,CLT02219,Auto,Bris de glace,2023-06-02,2023-06-14,199,168,Fermé,23,12,0,38,1,0,0.2567,2273,1.1845238095238095,0.08754949406071272,0.40969317640430725,0,0,0
SIN0000426,POL000966,CLT02675,Habitation,Bris de glace,2024-12-30,2024-12-31,229,154,Ouvert,52,16,0,35,5,1,0.1743,3520,1.4870129870129871,0.06505681818181819,0.4185742745085382,0,0,0
SIN0000427,POL000966,CLT02675,Habitation,Vol/Cambriolage,2024-05-19,2024-06-04,6944,4356,Ouvert,56,16,0,35,5,1,0.1743,3520,1.5941230486685032,1.9727272727272727,0.4171804434992476,0,3,0
SIN0000428,POL000970,CLT00740,Auto,Accident matériel,2024-02-09,2024-03-09,7437,6442,Fermé,15,29,0,18,10,0,0.0171,1142,1.1544551381558523,6.512259194395797,0.49953067393847067,0,0,0
SIN0000429,POL000972,CLT00480,Santé,Soins courants,2024-06-16,2024-06-19,323,252,Fermé,5,3,0,49,3,1,0.2345,1627,1.2817460317460319,0.19852489244007376,0.41763760953192497,0,0,0
SIN0000430,POL000974,CLT00644,Auto,Accident corporel,2023-05-29,2023-06-28,27245,18390,Fermé,26,30,0,26,0,0,0.0215,1148,1.4815116911364872,23.732578397212542,0.5480789339307405,0,3,0
SIN0000431,POL000975,CLT04406,Habitation,Catastrophe naturelle,2024-11-18,2024-11-26,5437,3244,Ouvert,7,8,0,53,5,0,0.2162,1932,1.6760172626387175,2.8141821946169774,0.429078477172044,0,3,0
SIN0000432,POL000977,CLT04746,Auto,Bris de glace,2024-09-09,2024-10-07,709,390,Ouvert,58,28,0,49,0,0,0.1193,879,1.817948717948718,0.8065984072810012,0.48638827242550703,0,3,0
SIN0000433,POL000978,CLT00063,Auto,Bris de glace,2024-08-10,2024-08-23,601,474,Fermé,25,13,0,59,0,0,0.0292,1475,1.2679324894514767,0.4074576271186441,0.4159323518481409,0,0,0
SIN0000434,POL000979,CLT01114,Auto,Vol,2023-12-25,2024-01-13,6670,4638,Fermé,19,19,0,44,1,0,0.128,2470,1.438119879258301,2.700404858299595,0.39302501024181413,0,0,0
SIN0000435,POL000979,CLT01114,Auto,Accident matériel,2023-01-04,2023-01-18,6472,5768,Ouvert,2,14,0,44,1,0,0.128,2470,1.1220527045769764,2.620242914979757,0.4251209342283146,0,0,0
SIN0000436,POL000979,CLT01114,Auto,Bris de glace,2024-06-07,2024-06-11,436,387,Fermé,24,4,0,44,1,0,0.128,2470,1.1266149870801034,0.17651821862348177,0.4105489644756938,0,0,0
SIN0000437,POL000984,CLT04680,Habitation,Bris de glace,2023-10-27,2023-11-23,714,407,Fermé,17,27,0,71,8,1,0.3023,2596,1.7542997542997543,0.27503852080123264,0.5197830818701809,0,3,0
SIN0000438,POL000985,CLT01576,Habitation,Dégât des eaux,2021-07-30,2021-08-24,3579,3312,Ouvert,55,25,0,44,0,0,0.0764,2106,1.0806159420289856,1.6994301994301995,0.4373049673709238,0,0,0
SIN0000439,POL000989,CLT02843,Auto,Accident corporel,2024-08-27,2024-08-28,25328,16921,Fermé,10,1,0,57,0,1,0.1572,929,1.496838248330477,27.26372443487621,0.5318927021761586,0,2,0
SIN0000440,POL000998,CLT02936,Auto,Accident matériel,2022-06-15,2022-06-27,2654,2465,Fermé,26,12,0,32,3,0,0.01,2760,1.0766734279918864,0.9615942028985507,0.42061421058483417,0,0,0
SIN0000441,POL001005,CLT04567,Habitation,Vol/Cambriolage,2023-01-01,2023-01-10,9915,5808,Fermé,18,9,0,50,1,1,0.1962,1250,1.7071280991735538,7.932,0.43449415994075047,0,3,0
SIN0000442,POL001013,CLT00252,Auto,Accident matériel,2024-03-04,2024-03-23,3250,2236,Litigieux,70,19,0,24,17,0,0.01,2024,1.4534883720930232,1.6057312252964426,0.5097733964568977,0,0,0
SIN0000443,POL001017,CLT04988,Santé,Dentaire,2024-08-30,2024-09-08,822,572,Fermé,6,9,0,36,6,0,0.01,937,1.437062937062937,0.8772678762006404,0.4216616983017414,0,0,0
SIN0000444,POL001017,CLT04988,Santé,Soins courants,2024-03-15,2024-03-25,518,377,Fermé,5,10,0,36,6,0,0.01,937,1.3740053050397878,0.5528281750266809,0.41849887143087156,0,0,0
SIN0000445,POL001018,CLT04121,Santé,Soins courants,2024-06-22,2024-07-15,250,160,Fermé,27,23,0,61,6,1,0.1416,563,1.5625,0.44404973357015987,0.43618759088049697,0,3,0
SIN0000446,POL001034,CLT01952,Habitation,Vol/Cambriolage,2024-07-27,2024-08-24,10610,7659,Fermé,6,28,0,33,0,2,0.3399,1248,1.385298341820081,8.501602564102564,0.48935541320955106,0,0,0
SIN0000447,POL001035,CLT04504,Habitation,Dégât des eaux,2022-05-24,2022-06-07,3075,2606,Fermé,11,14,0,30,0,0,0.01,1356,1.1799693016116655,2.267699115044248,0.4110904734309732,0,0,0
SIN0000448,POL001037,CLT04736,Habitation,Catastrophe naturelle,2023-03-18,2023-04-17,15941,14152,Fermé,5,30,0,36,14,1,0.1612,1514,1.1264132278123233,10.529062087186261,0.5420972262353855,0,0,0
SIN0000449,POL001037,CLT04736,Habitation,Vol/Cambriolage,2022-05-21,2022-06-06,3670,3404,Fermé,19,16,0,36,14,1,0.1612,1514,1.0781433607520563,2.4240422721268162,0.4495265702851853,0,0,0
SIN0000450,POL001038,CLT00959,Auto,Accident corporel,2024-02-09,2024-02-23,9528,6637,Fermé,27,14,0,52,7,0,0.0922,796,1.435588368238662,11.969849246231156,0.4501220845249588,0,0,0
SIN0000451,POL001039,CLT04277,Auto,Accident matériel,2022-11-08,2022-11-28,4282,2428,Fermé,18,20,0,21,1,0,0.01,1186,1.7635914332784184,3.6104553119730185,0.4488520569024184,0,3,0
SIN0000452,POL001041,CLT03940,Habitation,Catastrophe naturelle,2024-04-09,2024-04-23,9086,8382,Fermé,10,14,0,37,1,1,0.313,1334,1.083989501312336,6.811094452773613,0.43555377743727475,0,0,0
SIN0000453,POL001042,CLT02421,Auto,Accident corporel,2023-11-04,2023-12-03,32824,24523,Fermé,6,29,0,36,2,0,0.026,1093,1.3384985523793989,30.03110704483074,0.5745168707949927,1,3,1
SIN0000454,POL001042,CLT02421,Auto,Accident matériel,2023-10-06,2023-10-26,3960,2822,Fermé,25,20,0,36,2,0,0.026,1093,1.403260099220411,3.6230558096980787,0.4002467582092772,0,0,0
SIN0000455,POL001042,CLT02421,Auto,Bris de glace,2024-02-28,2024-03-08,986,838,Fermé,24,9,0,36,2,0,0.026,1093,1.1766109785202863,0.9021043000914913,0.4013094803208906,0,0,0
SIN0000456,POL001048,CLT03312,Santé,Dentaire,2022-09-20,2022-09-22,1416,1340,Fermé,9,2,0,51,9,0,0.01,713,1.0567164179104478,1.9859747545582047,0.46964591482667295,0,0,0
SIN0000457,POL001049,CLT04820,Auto,Accident matériel,2024-10-01,2024-10-23,3658,2417,Ouvert,25,22,0,41,3,2,0.4647,2490,1.513446421183285,1.4690763052208835,0.4540991936690562,0,3,0
SIN0000458,POL001049,CLT04820,Auto,Vol,2023-01-22,2023-02-08,4313,3009,Fermé,8,17,0,41,3,2,0.4647,2490,1.4333665669657694,1.7321285140562248,0.4473630172452552,0,0,0
SIN0000459,POL001049,CLT04820,Auto,Accident matériel,2023-10-22,2023-11-16,7476,5615,Fermé,19,25,0,41,3,2,0.4647,2490,1.331433659839715,3.0024096385542167,0.4589536617556604,0,0,0
SIN0000460,POL001055,CLT00124,Auto,Accident matériel,2024-11-22,2024-11-23,3130,1785,Ouvert,7,1,0,75,5,0,0.1515,1658,1.753501400560224,1.8878166465621231,0.5064236657057077,0,5,0
SIN0000461,POL001059,CLT04635,Auto,Accident matériel,2023-12-06,2023-12-30,1465,881,Fermé,28,24,0,42,7,0,0.0365,1038,1.662883087400681,1.4113680154142583,0.436133405205479,0,3,0
SIN0000462,POL001062,CLT00192,Habitation,Dégât des eaux,2023-05-06,2023-05-23,3306,2246,Ouvert,56,17,0,47,6,1,0.2011,1326,1.4719501335707925,2.493212669683258,0.4092605022110076,0,0,0
SIN0000463,POL001064,CLT04277,Habitation,Bris de glace,2022-04-13,2022-04-23,341,262,Fermé,28,10,0,21,1,0,0.01,2582,1.3015267175572518,0.13206816421378775,0.4275935708083796,0,0,0
SIN0000464,POL001077,CLT00001,Habitation,Dégât des eaux,2021-09-15,2021-10-09,4809,3655,Ouvert,35,24,0,48,5,1,0.1362,1332,1.3157318741450068,3.6103603603603602,0.4067655772241678,0,0,0
SIN0000465,POL001080,CLT03851,Santé,Maternité,2024-09-01,2024-09-19,1614,1339,Fermé,13,18,0,46,1,2,0.2387,808,1.2053771471247199,1.9975247524752475,0.4132370563018841,0,0,0
SIN0000466,POL001082,CLT04233,Auto,Vol,2023-11-07,2023-11-07,13276,9494,Ouvert,59,0,0,56,1,0,0.2219,1564,1.398356856962292,8.48849104859335,0.48418741211458205,0,2,0
SIN0000467,POL001086,CLT03800,Santé,Optique,2024-12-08,2024-12-24,576,450,Ouvert,54,16,0,49,4,1,0.06,541,1.28,1.064695009242144,0.41454822934695157,0,0,0
SIN0000468,POL001087,CLT03502,Auto,Accident matériel,2023-05-05,2023-05-14,1741,1630,Fermé,7,9,0,50,4,0,0.1053,1920,1.0680981595092025,0.9067708333333333,0.42685157930558454,0,0,0
SIN0000469,POL001089,CLT03788,Auto,Accident matériel,2024-12-08,2024-12-21,4491,3368,Ouvert,12,13,0,36,3,0,0.092,1408,1.3334323040380047,3.1896306818181817,0.3889053723752631,0,0,0
SIN0000470,POL001091,CLT04703,Habitation,Vol/Cambriolage,2024-12-02,2024-12-06,10315,6254,Ouvert,37,4,0,30,0,1,0.2315,1485,1.6493444195714742,6.946127946127946,0.4521416224799728,0,3,0
SIN0000471,POL001091,CLT04703,Habitation,Dégât des eaux,2023-03-20,2023-04-18,3139,2779,Litigieux,114,29,0,30,0,1,0.2315,1485,1.129543001079525,2.113804713804714,0.5060502213688116,0,0,0
SIN0000472,POL001092,CLT01860,Santé,Optique,2024-09-21,2024-09-24,144,118,Fermé,9,3,0,49,0,0,0.0912,613,1.2203389830508475,0.23491027732463296,0.42224472124502177,0,0,0
SIN0000473,POL001097,CLT00580,Auto,Accident matériel,2024-07-30,2024-07-30,10288,7011,Ouvert,10,0,0,67,1,0,0.0243,894,1.4674083582941093,11.507829977628635,0.5007721922487246,0,2,0
SIN0000474,POL001098,CLT04600,Habitation,Catastrophe naturelle,2023-06-13,2023-07-10,18373,13838,Fermé,24,27,0,50,0,0,0.2618,1897,1.3277207688972394,9.685292567211386,0.48034142544211256,0,0,0
SIN0000475,POL001098,CLT04600,Habitation,Dégât des eaux,2023-11-11,2023-11-12,4694,3864,Litigieux,100,1,0,50,0,0,0.2618,1897,1.2148033126293996,2.474433315761729,0.48415788464169884,0,2,0
SIN0000476,POL001100,CLT04293,Habitation,Bris de glace,2023-05-01,2023-05-29,205,193,Fermé,21,28,0,47,8,1,0.0584,3259,1.0621761658031088,0.06290273089904878,0.47257100495034726,0,0,0
SIN0000477,POL001102,CLT03567,Auto,Vol,2022-11-18,2022-12-17,8840,6695,Fermé,30,29,0,59,0,0,0.2335,1447,1.3203883495145632,6.109191430545957,0.4589836200482803,0,0,0
SIN0000478,POL001102,CLT03567,Auto,Accident matériel,2022-05-15,2022-05-25,2964,2105,Fermé,16,10,0,59,0,0,0.2335,1447,1.4080760095011877,2.04837595024188,0.4145139211948,0,0,0
SIN0000479,POL001103,CLT01795,Santé,Optique,2023-08-08,2023-08-08,1016,806,Litigieux,73,0,0,47,6,1,0.1285,1713,1.260545905707196,0.5931115002918855,0.46120176102549626,0,2,0
SIN0000480,POL001106,CLT01130,Habitation,Dégât des eaux,2022-09-16,2022-10-06,3728,3071,Ouvert,27,20,0,36,15,1,0.132,1177,1.2139368283946597,3.167374681393373,0.4469176934522045,0,0,0
SIN0000481,POL001108,CLT02749,Auto,Accident matériel,2024-04-11,2024-04-16,1961,1514,Fermé,26,5,0,52,0,0,0.061,973,1.2952443857331573,2.015416238437821,0.41105133173438047,0,0,0
SIN0000482,POL001110,CLT02731,Santé,Optique,2023-01-14,2023-01-23,281,172,Fermé,20,9,0,37,3,0,0.01,496,1.6337209302325582,0.5665322580645161,0.41983130156179216,0,3,0
SIN0000483,POL001110,CLT02731,Santé,Maternité,2022-04-30,2022-05-04,1018,736,Fermé,5,4,0,37,3,0,0.01,496,1.3831521739130435,2.0524193548387095,0.4203188016804866,0,0,0
SIN0000484,POL001116,CLT01916,Auto,Accident matériel,2024-06-08,2024-06-14,5448,4098,Fermé,25,6,0,60,17,0,0.0668,2727,1.329428989751098,1.9977997799779978,0.48111580765243467,0,0,0
SIN0000485,POL001118,CLT01493,Auto,Accident matériel,2024-07-02,2024-07-05,2663,1552,Ouvert,27,3,0,44,0,1,0.3094,1163,1.7158505154639174,2.289767841788478,0.4461502267534704,0,3,0
SIN0000486,POL001122,CLT02784,Auto,Accident matériel,2024-12-04,2024-12-27,2363,2050,Ouvert,30,23,0,45,5,3,0.3479,1022,1.1526829268292682,2.312133072407045,0.46444234817705393,0,2,0
SIN0000487,POL001125,CLT00230,Santé,Soins courants,2024-04-09,2024-05-07,161,92,Fermé,21,28,0,45,4,0,0.01,1139,1.75,0.14135206321334504,0.4659970622222564,0,3,0
SIN0000488,POL001125,CLT00230,Santé,Dentaire,2024-06-23,2024-06-23,886,723,Fermé,11,0,0,45,4,0,0.01,1139,1.2254495159059475,0.7778753292361721,0.43941762842866416,0,2,0
SIN0000489,POL001126,CLT03217,Auto,Vol,2022-05-02,2022-05-31,16562,9339,Ouvert,20,29,0,62,5,0,0.1814,1701,1.7734232787236321,9.736625514403292,0.5091459750234768,0,3,0
SIN0000490,POL001127,CLT00100,Auto,Vol,2022-12-15,2022-12-16,8491,6583,Fermé,17,1,0,35,2,0,0.1423,2399,1.2898374601245632,3.539391413088787,0.4218780357265395,0,2,0
SIN0000491,POL001128,CLT02853,Auto,Accident matériel,2024-08-19,2024-09-02,3723,2075,Ouvert,28,14,0,37,8,1,0.2103,853,1.7942168674698795,4.364595545134819,0.4476262292231188,0,3,0
SIN0000492,POL001128,CLT02853,Auto,Accident matériel,2023-04-07,2023-04-08,3918,2530,Fermé,30,1,0,37,8,1,0.2103,853,1.5486166007905138,4.593200468933177,0.4418956937119311,0,5,0
SIN0000493,POL001130,CLT04447,Auto,Vol,2023-12-18,2024-01-17,7786,6916,Fermé,24,30,0,60,0,0,0.1836,1606,1.1257952573742047,4.848069738480698,0.4617738427541245,0,0,0
SIN0000494,POL001131,CLT02760,Santé,Optique,2022-03-18,2022-03-26,279,242,Ouvert,32,8,0,78,3,0,0.2869,1102,1.1528925619834711,0.2531760435571688,0.47643533901812685,0,0,0
SIN0000495,POL001131,CLT02760,Santé,Soins courants,2024-04-20,2024-04-29,540,467,Ouvert,39,9,0,78,3,0,0.2869,1102,1.1563169164882228,0.4900181488203267,0.47856342455136985,0,0,0
SIN0000496,POL001131,CLT02760,Santé,Soins courants,2023-06-02,2023-06-28,266,224,Litigieux,158,26,0,78,3,0,0.2869,1102,1.1875,0.2413793103448276,0.5576639634585556,1,0,0
SIN0000497,POL001133,CLT02790,Auto,Bris de glace,2023-02-07,2023-03-08,1623,1442,Fermé,19,29,0,59,2,1,0.2251,1090,1.125520110957004,1.4889908256880735,0.4489770115490089,0,0,0
SIN0000498,POL001137,CLT01980,Santé,Optique,2022-05-13,2022-05-20,325,241,Fermé,25,7,0,45,0,1,0.1159,962,1.3485477178423237,0.33783783783783783,0.40207485580457236,0,0,0
SIN0000499,POL001142,CLT01741,Santé,Optique,2023-08-30,2023-09-05,408,252,Fermé,19,6,0,50,5,1,0.2462,644,1.619047619047619,0.6335403726708074,0.4246021990495833,0,3,0
SIN0000500,POL001144,CLT00501,Habitation,Incendie,2024-07-04,2024-07-24,32247,19378,Ouvert,34,20,0,37,7,0,0.0455,1630,1.6641036226648778,19.783435582822086,0.545033693766578,0,6,0
SIN0000501,POL001147,CLT03456,Santé,Maternité,2023-09-03,2023-09-27,678,643,Fermé,30,24,0,50,0,0,0.0643,758,1.0544323483670295,0.8944591029023746,0.43699649715774996,0,0,0
SIN0000502,POL001147,CLT03456,Santé,Dentaire,2024-08-18,2024-09-01,473,365,Ouvert,28,14,0,50,0,0,0.0643,758,1.295890410958904,0.6240105540897097,0.3992755666262749,0,0,0
SIN0000503,POL001148,CLT04432,Habitation,Bris de glace,2023-02-21,2023-03-17,278,254,Fermé,25,24,0,22,7,1,0.2952,1939,1.094488188976378,0.14337287261474987,0.45610883797241897,0,0,0
SIN0000504,POL001150,CLT01802,Habitation,Dégât des eaux,2023-11-03,2023-11-30,7432,6149,Fermé,24,27,0,69,6,1,0.1412,1942,1.208651813302976,3.826982492276004,0.4664455819915702,0,0,0
SIN0000505,POL001154,CLT03470,Auto,Bris de glace,2023-02-08,2023-02-21,417,286,Fermé,15,13,0,18,1,1,0.2166,1057,1.4580419580419581,0.3945127719962157,0.4163942291637076,0,0,0
SIN0000506,POL001159,CLT04512,Auto,Vol,2022-04-10,2022-04-16,3074,2509,Ouvert,2,6,0,59,3,0,0.0363,950,1.2251893184535672,3.2357894736842105,0.4392334402736422,0,0,0
SIN0000507,POL001161,CLT04297,Habitation,Vol/Cambriolage,2023-12-17,2024-01-06,6884,3800,Fermé,14,20,0,47,8,2,0.1209,2130,1.811578947368421,3.231924882629108,0.4777572680390279,0,3,0
SIN0000508,POL001166,CLT00365,Habitation,Dégât des eaux,2024-01-26,2024-02-05,8561,6142,Ouvert,58,10,0,63,3,1,0.3706,2883,1.3938456528817975,2.969476240027749,0.4753769115870475,0,0,0
SIN0000509,POL001168,CLT00551,Habitation,Bris de glace,2023-07-07,2023-07-18,415,250,Ouvert,13,11,0,49,5,0,0.3134,1257,1.66,0.33015115354017505,0.44097247584588845,0,3,0
SIN0000510,POL001175,CLT00541,Auto,Accident corporel,2024-07-27,2024-08-01,46139,37896,Litigieux,85,5,0,61,0,1,0.3175,2300,1.2175163605657588,20.060434782608695,0.6471983440723932,1,3,1
SIN0000511,POL001176,CLT01608,Habitation,Dégât des eaux,2022-06-20,2022-06-29,4535,3145,Ouvert,22,9,0,18,2,1,0.3353,1688,1.4419713831478538,2.686611374407583,0.4238074563787232,0,0,0
SIN0000512,POL001176,CLT01608,Habitation,Vol/Cambriolage,2022-04-19,2022-04-30,3036,1829,Fermé,21,11,0,18,2,1,0.3353,1688,1.6599234554401312,1.7985781990521328,0.4345111838179227,0,3,0
SIN0000513,POL001176,CLT01608,Habitation,Catastrophe naturelle,2021-10-25,2021-11-18,9263,5118,Ouvert,39,24,0,18,2,1,0.3353,1688,1.8098866744822195,5.487559241706161,0.4940982764728907,0,3,0
SIN0000514,POL001177,CLT01703,Santé,Maternité,2024-03-01,2024-03-27,483,285,Fermé,20,26,0,24,0,0,0.1917,615,1.694736842105263,0.7853658536585366,0.4484651619442993,0,3,0
SIN0000515,POL001178,CLT01075,Auto,Vol,2023-11-12,2023-12-01,5697,4770,Ouvert,10,19,0,51,5,0,0.1082,1302,1.1943396226415095,4.375576036866359,0.405630945035193,0,0,0
SIN0000516,POL001178,CLT01075,Auto,Vol,2023-08-20,2023-09-15,7747,4899,Fermé,22,26,0,51,5,0,0.1082,1302,1.5813431312512758,5.950076804915515,0.4230274409168989,0,3,0
SIN0000517,POL001179,CLT01042,Habitation,Dégât des eaux,2023-08-28,2023-09-04,4062,2253,Ouvert,30,7,0,69,2,0,0.308,1249,1.802929427430093,3.252201761409127,0.49088577765519975,0,3,0
SIN0000518,POL001185,CLT04901,Auto,Vol,2021-10-28,2021-11-22,3599,2757,Fermé,16,25,0,41,2,2,0.3518,1761,1.305404425099746,2.043725156161272,0.42197912067107035,0,0,0
SIN0000519,POL001185,CLT04901,Auto,Vol,2024-02-12,2024-02-12,2513,2300,Fermé,14,0,0,41,2,2,0.3518,1761,1.092608695652174,1.4270300965360592,0.4554660728234591,0,2,0
SIN0000520,POL001188,CLT04434,Santé,Dentaire,2023-06-29,2023-07-28,517,394,Fermé,28,29,0,23,1,0,0.2352,604,1.3121827411167513,0.8559602649006622,0.4480240801392175,0,0,0
SIN0000521,POL001190,CLT03439,Habitation,Catastrophe naturelle,2023-05-12,2023-06-01,6172,4932,Fermé,9,20,0,47,5,1,0.1114,1810,1.251419302514193,3.4099447513812153,0.40387324887964404,0,0,0
SIN0000522,POL001190,CLT03439,Habitation,Dégât des eaux,2024-01-19,2024-01-26,5418,4276,Fermé,10,7,0,47,5,1,0.1114,1810,1.2670720299345182,2.9933701657458562,0.3999434853168875,0,0,0
SIN0000523,POL001191,CLT03020,Santé,Optique,2023-07-10,2023-07-21,715,533,Fermé,28,11,0,42,3,1,0.1487,881,1.3414634146341464,0.811577752553916,0.3944681536577046,0,0,0
SIN0000524,POL001192,CLT00333,Auto,Bris de glace,2023-10-02,2023-10-03,550,463,Fermé,7,1,0,25,1,1,0.186,1150,1.187904967602592,0.4782608695652174,0.4278365335247283,0,2,0
SIN0000525,POL001193,CLT04196,Santé,Soins courants,2024-09-14,2024-09-28,176,141,Ouvert,24,14,0,57,6,0,0.0295,509,1.24822695035461,0.34577603143418467,0.42099101998483673,0,0,0
SIN0000526,POL001197,CLT00070,Auto,Accident matériel,2024-05-26,2024-06-21,3129,2287,Fermé,29,26,0,39,12,1,0.1588,1202,1.3681679055531264,2.603161397670549,0.4360887722290034,0,0,0
SIN0000527,POL001197,CLT00070,Auto,Bris de glace,2022-09-15,2022-09-18,395,320,Ouvert,24,3,0,39,12,1,0.1588,1202,1.234375,0.3286189683860233,0.4449115540845263,0,0,0
SIN0000528,POL001204,CLT03339,Auto,Accident matériel,2024-08-01,2024-08-31,5670,3756,Fermé,7,30,0,30,2,0,0.0562,896,1.5095846645367412,6.328125,0.45566109340977734,0,3,0
SIN0000529,POL001215,CLT02219,Auto,Accident matériel,2024-10-13,2024-10-31,5240,3025,Ouvert,19,18,0,38,1,0,0.2567,2484,1.7322314049586778,2.109500805152979,0.4236364375248002,0,3,0
SIN0000530,POL001217,CLT01037,Auto,Accident matériel,2023-03-05,2023-03-09,10810,7849,Fermé,12,4,0,30,0,0,0.1149,823,1.377245508982036,13.134872417982988,0.4538189381525382,0,0,0
SIN0000531,POL001221,CLT03253,Auto,Accident matériel,2021-09-17,2021-10-08,2677,2098,Fermé,17,21,0,31,10,0,0.01,1356,1.2759771210676836,1.974188790560472,0.4149963744323147,0,0,0
SIN0000532,POL001223,CLT03015,Habitation,Vol/Cambriolage,2022-06-27,2022-07-11,6633,4704,Fermé,25,14,0,43,1,0,0.01,2052,1.410076530612245,3.232456140350877,0.4062914663882411,0,0,0
SIN0000533,POL001224,CLT03153,Auto,Accident matériel,2021-05-05,2021-05-31,2122,1537,Fermé,10,26,0,36,0,0,0.1103,1792,1.380611581001952,1.1841517857142858,0.4054893193020909,0,0,0
SIN0000534,POL001225,CLT02170,Habitation,Dégât des eaux,2022-12-11,2023-01-09,4745,4385,Fermé,17,29,0,68,8,1,0.01,1906,1.0820980615735463,2.4895068205666315,0.5028652583021949,0,0,0
SIN0000535,POL001226,CLT01290,Santé,Dentaire,2023-11-10,2023-12-03,1631,1187,Fermé,25,23,0,37,10,1,0.049,1312,1.3740522325189553,1.243140243902439,0.428304262143073,0,0,0
SIN0000536,POL001230,CLT04349,Santé,Soins courants,2023-07-13,2023-07-20,233,182,Fermé,6,7,0,38,0,0,0.2523,1761,1.2802197802197801,0.13231118682566723,0.4223111549446457,0,0,0
SIN0000537,POL001231,CLT00651,Auto,Accident corporel,2022-10-20,2022-11-16,28455,18460,Fermé,20,27,0,37,3,0,0.1192,1634,1.5414409534127844,17.414320685434518,0.5033955387694097,0,6,0
SIN0000538,POL001232,CLT04563,Auto,Incendie,2023-10-22,2023-10-25,10424,8158,Fermé,10,3,0,30,2,1,0.2083,1000,1.2777641578818337,10.424,0.44300831576792177,0,0,0
SIN0000539,POL001238,CLT02654,Auto,Accident matériel,2022-08-27,2022-08-31,3445,2996,Fermé,5,4,0,18,8,0,0.1707,1018,1.1498664886515353,3.3840864440078584,0.45063226436451254,0,0,0
SIN0000540,POL001241,CLT04253,Habitation,Catastrophe naturelle,2024-11-24,2024-12-19,9604,7173,Ouvert,25,25,0,52,3,3,0.3956,1423,1.3389098006412938,6.749121574139143,0.4911460980390111,0,2,0
SIN0000541,POL001241,CLT04253,Habitation,Catastrophe naturelle,2022-09-20,2022-10-20,15104,14106,Fermé,28,30,0,52,3,3,0.3956,1423,1.0707500354459096,10.614195361911454,0.558049671044209,1,2,0
SIN0000542,POL001241,CLT04253,Habitation,Dégât des eaux,2023-12-24,2024-01-20,6390,4024,Fermé,18,27,0,52,3,3,0.3956,1423,1.587972166998012,4.490513000702741,0.4910870737382239,0,5,0
SIN0000543,POL001243,CLT01527,Auto,Accident corporel,2022-11-06,2022-11-28,22316,17951,Fermé,24,22,0,60,0,1,0.2865,1623,1.2431619408389505,13.74984596426371,0.49434793908985525,0,0,0
SIN0000544,POL001243,CLT01527,Auto,Bris de glace,2023-11-02,2023-11-29,659,483,Fermé,22,27,0,60,0,1,0.2865,1623,1.3643892339544514,0.4060382008626001,0.44612857695999236,0,0,0
SIN0000545,POL001246,CLT00712,Habitation,Dégât des eaux,2023-11-09,2023-11-17,4214,2760,Fermé,30,8,0,39,13,2,0.1936,1459,1.5268115942028986,2.8882796435915012,0.45724670326500094,0,3,0
SIN0000546,POL001250,CLT03060,Santé,Optique,2024-12-07,2024-12-31,218,178,Ouvert,51,28,0,28,0,2,0.2838,620,1.2247191011235956,0.35161290322580646,0.4768180342782466,0,0,0
SIN0000547,POL001250,CLT03060,Santé,Optique,2024-11-28,2024-12-23,750,554,Ouvert,42,25,0,28,0,2,0.2838,620,1.3537906137184115,1.2096774193548387,0.45479040553974565,0,0,0
SIN0000548,POL001252,CLT01558,Santé,Soins courants,2024-07-18,2024-08-16,369,235,Fermé,23,29,0,33,8,0,0.034,839,1.5702127659574467,0.4398092967818832,0.4566467420591597,0,3,0
SIN0000549,POL001254,CLT01848,Auto,Accident corporel,2022-07-16,2022-08-14,27732,25032,Ouvert,22,29,0,27,1,0,0.1922,1594,1.1078619367209972,17.397741530740277,0.5382539737275921,0,3,0
SIN0000550,POL001255,CLT00285,Habitation,Dégât des eaux,2022-12-06,2022-12-06,3467,2756,Fermé,13,0,0,61,6,2,0.2964,1358,1.2579825834542815,2.5530191458026508,0.4725678020236963,0,2,0
SIN0000551,POL001257,CLT00990,Habitation,Dégât des eaux,2022-03-29,2022-03-29,2495,1401,Fermé,25,0,0,34,2,1,0.1712,2484,1.780870806566738,1.0044283413848631,0.45041640223981566,0,5,0
SIN0000552,POL001268,CLT02766,Auto,Accident corporel,2024-04-21,2024-04-24,14947,12837,Fermé,20,3,0,49,0,1,0.2768,1825,1.1643686219521696,8.19013698630137,0.4563127598040819,0,0,0
SIN0000553,POL001271,CLT01936,Auto,Accident matériel,2023-03-10,2023-04-04,5900,3794,Fermé,11,25,0,30,0,0,0.1192,1936,1.555086979441223,3.0475206611570247,0.4178380149938608,0,3,0
SIN0000554,POL001273,CLT00588,Auto,Accident corporel,2023-05-04,2023-05-27,5451,3893,Fermé,27,23,0,40,0,1,0.2186,1092,1.40020549704598,4.991758241758242,0.3999354430936482,0,0,0
SIN0000555,POL001273,CLT00588,Auto,Vol,2024-04-25,2024-05-07,3838,2175,Litigieux,140,12,0,40,0,1,0.2186,1092,1.7645977011494254,3.5146520146520146,0.5050212230295071,0,3,0
SIN0000556,POL001273,CLT00588,Auto,Accident corporel,2023-11-08,2023-11-15,43826,36724,Fermé,30,7,0,40,0,1,0.2186,1092,1.1933885197690883,40.133699633699635,0.609290009099865,1,3,1
SIN0000557,POL001277,CLT01428,Santé,Soins courants,2023-02-02,2023-02-03,340,250,Fermé,25,1,0,18,8,0,0.0248,1014,1.36,0.33530571992110453,0.4609311660475387,0,2,0
SIN0000558,POL001282,CLT01124,Auto,Bris de glace,2023-10-31,2023-11-23,434,356,Fermé,11,23,0,47,1,0,0.1484,1031,1.2191011235955056,0.4209505334626576,0.3983548544940837,0,0,0
SIN0000559,POL001295,CLT00568,Auto,Accident corporel,2024-10-20,2024-10-25,19411,16461,Ouvert,24,5,0,36,6,0,0.1077,991,1.17921146953405,19.58728557013118,0.4907275472432552,0,0,0
SIN0000560,POL001296,CLT03098,Auto,Accident matériel,2024-02-20,2024-03-05,4772,4270,Ouvert,32,14,0,45,3,0,0.2369,925,1.1175644028103044,5.158918918918919,0.4133389185994107,0,0,0
SIN0000561,POL001302,CLT00271,Auto,Vol,2023-05-18,2023-05-21,3040,1878,Fermé,16,3,0,33,8,0,0.2114,804,1.6187433439829606,3.781094527363184,0.4360010897458695,0,3,0
SIN0000562,POL001302,CLT00271,Auto,Accident matériel,2023-10-12,2023-10-28,6641,4249,Fermé,20,16,0,33,8,0,0.2114,804,1.5629559896446223,8.259950248756219,0.4362495350977384,0,3,0
SIN0000563,POL001305,CLT00901,Santé,Dentaire,2023-05-09,2023-05-16,699,466,Litigieux,59,7,0,41,0,1,0.2073,736,1.5,0.9497282608695652,0.42246645869727995,0,0,0
SIN0000564,POL001309,CLT00642,Santé,Hospitalisation,2024-06-07,2024-06-10,3588,3100,Fermé,26,3,0,52,3,1,0.2011,1018,1.1574193548387097,3.524557956777996,0.40583835116104333,0,0,0
SIN0000565,POL001312,CLT02145,Santé,Soins courants,2024-03-14,2024-03-20,211,150,Fermé,14,6,0,51,5,0,0.0416,1655,1.4066666666666667,0.12749244712990937,0.418461872939746,0,0,0
SIN0000566,POL001315,CLT01987,Santé,Dentaire,2024-03-22,2024-03-27,1771,1183,Fermé,7,5,0,37,1,0,0.1331,1815,1.4970414201183433,0.9757575757575757,0.4076130026958118,0,0,0
SIN0000567,POL001315,CLT01987,Santé,Soins courants,2024-01-28,2024-02-06,273,237,Fermé,22,9,0,37,1,0,0.1331,1815,1.1518987341772151,0.15041322314049588,0.39691240527030025,0,0,0
SIN0000568,POL001318,CLT01840,Auto,Accident corporel,2024-11-21,2024-12-06,24583,20664,Ouvert,60,15,0,29,0,1,0.01,637,1.189653503677894,38.59183673469388,0.5829526740673145,1,0,0
SIN0000569,POL001321,CLT02209,Auto,Accident matériel,2022-11-10,2022-12-10,9480,7974,Fermé,24,30,0,18,11,1,0.0905,1140,1.1888638073739655,8.31578947368421,0.5152196325475459,0,0,0
SIN0000570,POL001326,CLT00084,Auto,Accident matériel,2024-11-12,2024-12-03,4261,2782,Ouvert,59,21,0,35,6,1,0.1604,981,1.5316319194823869,4.343527013251784,0.41926352326930144,0,3,0
SIN0000571,POL001328,CLT00448,Santé,Hospitalisation,2023-12-23,2024-01-17,6111,4792,Ouvert,35,25,0,44,4,0,0.1042,798,1.2752504173622705,7.657894736842105,0.4238366654947205,0,0,0
SIN0000572,POL001328,CLT00448,Santé,Dentaire,2023-06-26,2023-07-06,1632,1406,Fermé,28,10,0,44,4,0,0.1042,798,1.1607396870554765,2.045112781954887,0.40054344061327585,0,0,0
SIN0000573,POL001335,CLT04441,Habitation,Bris de glace,2023-05-06,2023-05-25,1170,1066,Fermé,13,19,0,58,0,1,0.1626,1626,1.0975609756097562,0.7195571955719557,0.41755691252239996,0,0,0
SIN0000574,POL001336,CLT01504,Auto,Accident matériel,2022-11-22,2022-12-19,7475,6216,Fermé,7,27,0,78,5,1,0.2098,1564,1.2025418275418276,4.779411764705882,0.4922129991615156,0,0,0
SIN0000575,POL001336,CLT01504,Auto,Bris de glace,2021-10-05,2021-10-25,949,639,Fermé,9,20,0,78,5,1,0.2098,1564,1.4851330203442878,0.6067774936061381,0.46468397122262184,0,0,0
SIN0000576,POL001338,CLT01704,Habitation,Bris de glace,2023-06-25,2023-07-16,209,191,Fermé,28,21,0,48,3,0,0.0801,1196,1.094240837696335,0.17474916387959866,0.4081836617959016,0,0,0
SIN0000577,POL001338,CLT01704,Habitation,Vol/Cambriolage,2023-11-13,2023-11-22,8658,8084,Fermé,27,9,0,48,3,0,0.0801,1196,1.0710044532409697,7.239130434782608,0.4396231211752172,0,0,0
SIN0000578,POL001343,CLT02344,Auto,Accident corporel,2023-01-23,2023-01-26,13011,12197,Fermé,17,3,0,29,4,2,0.1391,812,1.066737722390752,16.023399014778324,0.5136038461439187,0,0,0
SIN0000579,POL001347,CLT01094,Habitation,Vol/Cambriolage,2024-07-11,2024-07-15,6958,5567,Fermé,23,4,0,30,4,1,0.1523,1291,1.2498652775282917,5.389620449264136,0.41291154580878714,0,0,0
SIN0000580,POL001349,CLT00082,Auto,Accident matériel,2024-07-09,2024-08-08,4045,3297,Fermé,17,30,0,37,0,0,0.1804,1093,1.226872914771004,3.700823421774931,0.42571603336460556,0,0,0
SIN0000581,POL001353,CLT00465,Auto,Accident matériel,2022-10-06,2022-10-27,4133,2857,Litigieux,62,21,0,45,7,1,0.2204,1702,1.4466223311165558,2.428319623971798,0.42640121108184337,0,0,0
SIN0000582,POL001356,CLT01080,Auto,Incendie,2024-06-13,2024-07-13,42667,26193,Ouvert,26,30,0,18,0,2,0.5602,2036,1.628946665139541,20.956286836935167,0.6522231058466863,1,6,1
SIN0000583,POL001357,CLT04764,Santé,Optique,2024-04-05,2024-05-02,290,162,Fermé,7,27,0,52,1,0,0.0751,1508,1.7901234567901234,0.19230769230769232,0.4590680166011463,0,3,0
SIN0000584,POL001360,CLT02122,Habitation,Incendie,2024-10-11,2024-10-18,31764,18071,Ouvert,50,7,0,39,0,0,0.1406,1608,1.757733384981462,19.753731343283583,0.538206992961967,0,6,0
SIN0000585,POL001369,CLT01538,Habitation,Bris de glace,2021-12-01,2021-12-11,448,320,Fermé,25,10,0,57,6,0,0.01,2412,1.4,0.1857379767827529,0.42440134129282053,0,0,0
SIN0000586,POL001370,CLT00817,Auto,Vol,2023-01-17,2023-01-26,10023,7775,Litigieux,73,9,0,26,1,2,0.3735,909,1.2891318327974277,11.026402640264026,0.5103486221798805,0,0,0
SIN0000587,POL001370,CLT00817,Auto,Accident matériel,2021-12-19,2021-12-22,3671,2467,Fermé,17,3,0,26,1,2,0.3735,909,1.4880421564653425,4.038503850385038,0.4465473543302334,0,0,0
SIN0000588,POL001371,CLT03752,Santé,Dentaire,2024-10-13,2024-11-07,702,502,Ouvert,16,25,0,47,1,1,0.3322,604,1.3984063745019921,1.1622516556291391,0.4219016792273205,0,0,0
SIN0000589,POL001371,CLT03752,Santé,Dentaire,2024-02-02,2024-02-09,709,606,Fermé,26,7,0,47,1,1,0.3322,604,1.16996699669967,1.173841059602649,0.41523722046675926,0,0,0
SIN0000590,POL001376,CLT01460,Habitation,Dégât des eaux,2022-04-20,2022-05-07,3302,1919,Fermé,10,17,0,30,3,0,0.1021,1753,1.7206878582595102,1.8836280661722762,0.4138827288329231,0,3,0
SIN0000591,POL001377,CLT01415,Auto,Accident matériel,2023-06-05,2023-06-18,2099,1896,Ouvert,26,13,0,55,4,0,0.0899,1606,1.1070675105485233,1.3069738480697384,0.40958264425249213,0,0,0
SIN0000592,POL001378,CLT02047,Auto,Accident matériel,2022-04-06,2022-05-02,2789,2152,Fermé,30,26,0,18,1,1,0.2265,1643,1.296003717472119,1.6975045648204503,0.4273828359874941,0,0,0
SIN0000593,POL001380,CLT02626,Habitation,Dégât des eaux,2024-11-19,2024-12-05,5306,4067,Ouvert,6,16,0,19,2,0,0.043,1118,1.3046471600688467,4.745974955277281,0.42791983219311075,0,0,0
SIN0000594,POL001381,CLT01576,Santé,Optique,2022-08-22,2022-09-07,856,760,Fermé,15,16,0,44,0,0,0.0764,984,1.1263157894736842,0.8699186991869918,0.4046651388137312,0,0,0
SIN0000595,POL001387,CLT03672,Habitation,Bris de glace,2023-09-30,2023-10-29,458,293,Ouvert,2,29,0,28,5,2,0.3212,1582,1.5631399317406143,0.2895069532237674,0.49969939735928215,0,3,0
SIN0000596,POL001389,CLT02196,Auto,Accident matériel,2024-07-25,2024-08-03,5778,3449,Ouvert,53,9,0,44,5,2,0.3651,2127,1.6752681936793274,2.7165021156558535,0.46368094618572814,0,3,0
SIN0000597,POL001391,CLT00660,Santé,Dentaire,2023-12-31,2024-01-23,805,569,Fermé,14,23,0,30,1,2,0.4432,641,1.414762741652021,1.2558502340093605,0.4611153812384488,0,0,0
SIN0000598,POL001393,CLT01292,Auto,Accident matériel,2023-01-18,2023-02-15,2865,1823,Fermé,28,28,0,52,1,2,0.2961,908,1.571585298957762,3.155286343612335,0.4542526666546322,0,3,0
SIN0000599,POL001393,CLT01292,Auto,Bris de glace,2023-05-06,2023-06-02,362,250,Fermé,11,27,0,52,1,2,0.2961,908,1.448,0.3986784140969163,0.4415759062312908,0,0,0
SIN0000600,POL001394,CLT03363,Auto,Accident matériel,2023-06-20,2023-06-26,5617,4671,Ouvert,57,6,0,61,3,0,0.0719,902,1.202526225647613,6.2272727272727275,0.4414692193792772,0,0,0
SIN0000601,POL001394,CLT03363,Auto,Accident matériel,2024-12-25,2024-12-31,3724,3354,Ouvert,46,30,0,61,3,0,0.0719,902,1.1103160405485988,4.128603104212861,0.46311530993446326,0,0,0
SIN0000602,POL001394,CLT03363,Auto,Accident matériel,2022-11-22,2022-12-02,3402,2198,Fermé,16,10,0,61,3,0,0.0719,902,1.5477707006369428,3.7716186252771617,0.41799894667460963,0,3,0
SIN0000603,POL001394,CLT03363,Auto,Accident corporel,2024-03-13,2024-04-08,12211,11372,Fermé,6,26,0,61,3,0,0.0719,902,1.0737776996130848,13.537694013303769,0.48748193937434736,0,0,0
SIN0000604,POL001398,CLT04214,Auto,Accident corporel,2023-01-25,2023-01-30,17824,12802,Ouvert,56,5,0,56,0,0,0.091,1443,1.392282455866271,12.352044352044352,0.4903277805756049,0,0,0
SIN0000605,POL001402,CLT00774,Santé,Soins courants,2023-12-27,2024-01-19,395,228,Litigieux,139,23,0,18,2,0,0.0685,561,1.7324561403508771,0.7040998217468806,0.5352791233522823,0,3,0
SIN0000606,POL001403,CLT02426,Habitation,Incendie,2023-10-19,2023-11-06,9401,5440,Fermé,16,18,0,35,7,1,0.1061,2942,1.728125,3.1954452753229097,0.44220422587151725,0,3,0
SIN0000607,POL001411,CLT00973,Habitation,Dégât des eaux,2024-11-04,2024-11-15,3533,2195,Ouvert,28,11,0,50,7,1,0.01,1653,1.6095671981776765,2.1373260738052027,0.42570465902746174,0,3,0
SIN0000608,POL001414,CLT00373,Auto,Accident matériel,2024-01-19,2024-02-01,4310,3400,Fermé,18,13,0,43,1,1,0.0132,1511,1.2676470588235293,2.8524156187955,0.3986573024017193,0,0,0
SIN0000609,POL001418,CLT02275,Habitation,Dégât des eaux,2023-01-28,2023-02-01,3472,2582,Fermé,13,4,0,33,3,2,0.3902,1679,1.3446940356312935,2.06789755807028,0.43337829966879104,0,0,0
SIN0000610,POL001422,CLT01585,Habitation,Incendie,2022-02-21,2022-03-13,40343,22399,Fermé,7,20,0,46,4,2,0.1922,1208,1.8011071922853699,33.396523178807946,0.6080004212275858,1,6,1
SIN0000611,POL001430,CLT03963,Auto,Accident matériel,2024-03-20,2024-03-20,4679,3624,Fermé,13,0,0,60,3,1,0.1429,1222,1.2911147902869757,3.8289689034369885,0.43237866632271216,0,2,0
SIN0000612,POL001432,CLT03727,Auto,Accident matériel,2023-12-07,2023-12-23,4534,2503,Fermé,11,16,0,30,0,0,0.2346,1621,1.8114262884538554,2.797038864898211,0.4444622768581688,0,3,0
SIN0000613,POL001436,CLT01531,Habitation,Dégât des eaux,2023-07-13,2023-07-14,3996,3739,Fermé,7,1,0,44,1,0,0.1772,1797,1.0687349558705537,2.2237061769616027,0.43804276807671383,0,2,0
SIN0000614,POL001437,CLT02666,Habitation,Vol/Cambriolage,2024-12-16,2024-12-20,3886,2681,Ouvert,33,4,0,36,4,1,0.1393,2994,1.4494591570309585,1.2979291917167668,0.40200294446877255,0,0,0
SIN0000615,POL001441,CLT03643,Santé,Optique,2024-05-13,2024-06-02,219,172,Fermé,22,20,0,50,6,0,0.099,574,1.2732558139534884,0.38153310104529614,0.402705098685511,0,0,0
SIN0000616,POL001441,CLT03643,Santé,Soins courants,2024-02-15,2024-03-08,205,165,Fermé,25,22,0,50,6,0,0.099,574,1.2424242424242424,0.35714285714285715,0.40778621618015926,0,0,0
SIN0000617,POL001444,CLT00137,Santé,Optique,2024-07-08,2024-07-10,729,408,Fermé,21,2,0,44,0,0,0.1089,2015,1.786764705882353,0.3617866004962779,0.45268519656878886,0,3,0
SIN0000618,POL001445,CLT03088,Auto,Accident corporel,2023-11-09,2023-11-26,18104,11916,Ouvert,7,17,0,39,1,1,0.2918,2615,1.5193017791205103,6.9231357552581265,0.4536090465923831,0,3,0
SIN0000619,POL001448,CLT01332,Auto,Incendie,2024-01-11,2024-01-26,28651,19763,Ouvert,9,15,0,48,13,0,0.01,908,1.4497292921115215,31.553964757709252,0.57890459570699,1,3,1
SIN0000620,POL001449,CLT00074,Habitation,Dégât des eaux,2023-08-18,2023-08-18,2239,1958,Fermé,21,0,0,49,6,1,0.069,2168,1.1435137895812053,1.0327490774907748,0.4394521070823027,0,2,0
SIN0000621,POL001458,CLT04395,Santé,Maternité,2024-06-09,2024-07-02,1327,1008,Fermé,18,23,0,46,8,2,0.2394,565,1.316468253968254,2.348672566371681,0.44303023043216183,0,0,0
SIN0000622,POL001459,CLT04787,Habitation,Vol/Cambriolage,2023-01-23,2023-02-08,14130,12465,Fermé,21,16,0,46,3,0,0.0802,1133,1.1335740072202165,12.471315092674317,0.4495353863201524,0,0,0
SIN0000623,POL001463,CLT04931,Santé,Soins courants,2024-09-01,2024-09-22,184,139,Ouvert,48,21,0,31,3,1,0.1573,699,1.3237410071942446,0.2632331902718169,0.41187642808837616,0,0,0
SIN0000624,POL001464,CLT04380,Santé,Soins courants,2023-11-22,2023-11-26,150,96,Fermé,30,4,0,34,2,1,0.2529,762,1.5625,0.1968503937007874,0.4208822721509375,0,3,0
SIN0000625,POL001467,CLT04875,Habitation,Dégât des eaux,2022-04-26,2022-05-17,5509,5140,Fermé,12,21,0,41,1,1,0.161,1091,1.0717898832684825,5.049495875343721,0.40740149339928355,0,0,0
SIN0000626,POL001467,CLT04875,Habitation,Dégât des eaux,2022-03-13,2022-04-11,6975,4595,Ouvert,54,29,0,41,1,1,0.161,1091,1.5179542981501633,6.393217231897342,0.44504511843301325,0,3,0
SIN0000627,POL001469,CLT03663,Habitation,Incendie,2023-09-17,2023-09-27,17329,14506,Ouvert,6,10,0,39,3,0,0.01,2867,1.1946091272576864,6.044297174747123,0.45537642789774996,0,0,0
SIN0000628,POL001469,CLT03663,Habitation,Incendie,2024-01-03,2024-01-09,52309,45531,Fermé,7,6,0,39,3,0,0.01,2867,1.1488656080472646,18.24520404604116,0.6142123049596101,1,3,1
SIN0000629,POL001470,CLT00377,Habitation,Catastrophe naturelle,2024-07-20,2024-08-17,16036,11887,Fermé,12,28,0,54,0,1,0.2778,2183,1.3490367628501725,7.345854328905176,0.47806582845938117,0,0,0
SIN0000630,POL001471,CLT04887,Auto,Accident matériel,2023-12-02,2023-12-06,2895,2296,Fermé,30,4,0,24,0,1,0.2332,968,1.2608885017421603,2.990702479338843,0.4217047168678498,0,0,0
SIN0000631,POL001472,CLT00796,Habitation,Vol/Cambriolage,2024-06-19,2024-07-14,10928,7388,Fermé,30,25,0,44,3,0,0.1638,2958,1.4791553871142393,3.6943881000676133,0.4276473634763994,0,0,0
SIN0000632,POL001474,CLT04666,Auto,Accident matériel,2024-07-26,2024-08-02,1848,1246,Litigieux,138,7,0,27,0,0,0.2939,2296,1.4831460674157304,0.8048780487804879,0.49929026744543215,0,0,0
SIN0000633,POL001474,CLT04666,Auto,Vol,2021-06-17,2021-06-19,6319,3913,Ouvert,57,2,0,27,0,0,0.2939,2296,1.6148734985944289,2.7521777003484322,0.46837915980683986,0,3,0
SIN0000634,POL001475,CLT04349,Habitation,Dégât des eaux,2023-08-25,2023-09-18,3040,2037,Ouvert,41,24,0,38,0,0,0.2523,1959,1.4923907707412862,1.5518121490556407,0.41835824911946745,0,0,0
SIN0000635,POL001475,CLT04349,Habitation,Catastrophe naturelle,2021-10-24,2021-11-05,6887,5201,Fermé,8,12,0,38,0,0,0.2523,1959,1.3241684291482407,3.515569167942828,0.41498491226880974,0,0,0
SIN0000636,POL001476,CLT01672,Auto,Accident corporel,2024-04-26,2024-04-29,31213,21360,Ouvert,17,3,0,27,2,1,0.3461,2863,1.4612827715355805,10.902200488997556,0.5199046939012192,0,3,0
SIN0000637,POL001477,CLT02224,Santé,Optique,2022-12-16,2022-12-29,404,244,Fermé,7,13,0,39,8,0,0.01,593,1.6557377049180328,0.6812816188870152,0.442564973992742,0,3,0
SIN0000638,POL001478,CLT04877,Santé,Dentaire,2023-01-31,2023-02-09,379,215,Fermé,30,9,0,59,1,0,0.1624,626,1.7627906976744185,0.6054313099041534,0.44503534790462373,0,3,0
SIN0000639,POL001479,CLT03457,Habitation,Dégât des eaux,2023-08-17,2023-08-23,6598,6033,Fermé,5,6,0,51,0,0,0.01,2794,1.0936515829603846,2.3614889047959915,0.4429162304788669,0,0,0
SIN0000640,POL001490,CLT00557,Santé,Dentaire,2023-03-15,2023-04-02,1381,948,Fermé,25,18,0,43,1,0,0.1953,2208,1.4567510548523206,0.6254528985507246,0.3958853811308909,0,0,0
SIN0000641,POL001491,CLT01173,Habitation,Bris de glace,2024-05-09,2024-05-19,1141,638,Fermé,25,10,0,49,15,0,0.0496,2142,1.7884012539184952,0.5326797385620915,0.4851849262927415,0,3,0
SIN0000642,POL001491,CLT01173,Habitation,Vol/Cambriolage,2024-04-12,2024-05-04,12945,7535,Fermé,27,22,0,49,15,0,0.0496,2142,1.7179827471798275,6.043417366946779,0.5023831603861021,0,3,0
SIN0000643,POL001492,CLT02218,Habitation,Dégât des eaux,2022-10-12,2022-10-15,4224,2543,Fermé,20,3,0,52,2,1,0.1163,1798,1.6610302791977978,2.349276974416018,0.41754267903155107,0,3,0
SIN0000644,POL001493,CLT04553,Auto,Accident matériel,2024-11-20,2024-12-11,3046,1850,Ouvert,49,21,0,38,4,1,0.2251,978,1.6464864864864865,3.114519427402863,0.42031732086716156,0,3,0
SIN0000645,POL001496,CLT03017,Habitation,Dégât des eaux,2023-02-27,2023-03-27,9569,6104,Fermé,22,28,0,45,2,1,0.0596,1734,1.5676605504587156,5.518454440599769,0.45058968223931206,0,3,0
SIN0000646,POL001498,CLT00760,Auto,Bris de glace,2023-10-31,2023-11-08,411,274,Ouvert,58,8,0,65,4,0,0.1671,1503,1.5,0.27345309381237526,0.44876306497259016,0,0,0
SIN0000647,POL001507,CLT01435,Santé,Dentaire,2023-02-21,2023-02-27,544,481,Ouvert,22,6,0,24,0,0,0.0396,1123,1.130977130977131,0.4844167408726625,0.4262793941706076,0,0,0
SIN0000648,POL001508,CLT03932,Habitation,Dégât des eaux,2023-06-21,2023-07-15,6107,5035,Fermé,16,24,0,51,0,2,0.3994,1377,1.2129096325719961,4.435003631082062,0.4446079762864128,0,0,0
SIN0000649,POL001509,CLT03562,Auto,Accident matériel,2024-09-24,2024-10-15,2203,1364,Ouvert,45,21,0,49,5,1,0.1178,1640,1.6151026392961876,1.3432926829268292,0.41370306559044506,0,3,0
SIN0000650,POL001513,CLT01541,Auto,Accident matériel,2024-07-28,2024-08-26,3400,2224,Fermé,28,29,0,34,1,0,0.01,2388,1.5287769784172662,1.423785594639866,0.43230537832045157,0,3,0
SIN0000651,POL001515,CLT03257,Habitation,Dégât des eaux,2024-02-12,2024-03-08,1617,908,Fermé,20,25,0,28,2,0,0.01,1227,1.7808370044052864,1.3178484107579462,0.44384173133914345,0,3,0
SIN0000652,POL001516,CLT03245,Auto,Bris de glace,2022-08-30,2022-09-06,419,286,Fermé,10,7,0,61,5,2,0.1018,1390,1.465034965034965,0.3014388489208633,0.44732299248240776,0,0,0
SIN0000653,POL001517,CLT03523,Auto,Accident matériel,2022-08-19,2022-09-08,4996,4379,Ouvert,54,20,0,37,1,1,0.2641,2167,1.1408997488010961,2.305491462851869,0.4161520648551274,0,0,0
SIN0000654,POL001522,CLT02356,Auto,Vol,2024-09-24,2024-10-14,4612,2752,Ouvert,56,20,0,41,6,2,0.1591,879,1.6758720930232558,5.246871444823663,0.4638590809977075,0,3,0
SIN0000655,POL001528,CLT04991,Habitation,Catastrophe naturelle,2021-07-23,2021-08-05,5715,5342,Fermé,19,13,0,49,2,0,0.1336,1722,1.069824035941595,3.318815331010453,0.41103300108935414,0,0,0
SIN0000656,POL001530,CLT03702,Santé,Dentaire,2023-03-22,2023-04-10,1294,966,Fermé,24,19,0,47,1,1,0.0469,977,1.339544513457557,1.3244626407369497,0.4023644073955578,0,0,0
SIN0000657,POL001530,CLT03702,Santé,Maternité,2024-01-09,2024-02-04,2213,1477,Fermé,18,26,0,47,1,1,0.0469,977,1.4983073798239674,2.2650972364380757,0.4148803707401409,0,0,0
SIN0000658,POL001531,CLT04335,Auto,Bris de glace,2024-11-04,2024-11-28,121,87,Ouvert,27,24,0,49,15,1,0.01,2605,1.3908045977011494,0.04644913627639156,0.47611490977395143,0,0,0
SIN0000659,POL001531,CLT04335,Auto,Bris de glace,2024-08-12,2024-08-13,499,349,Ouvert,58,1,0,49,15,1,0.01,2605,1.4297994269340975,0.19155470249520154,0.4978914633162086,0,2,0
SIN0000660,POL001532,CLT02179,Habitation,Vol/Cambriolage,2024-01-31,2024-02-12,5491,3339,Fermé,26,12,0,48,1,0,0.1535,1466,1.64450434261755,3.7455661664392905,0.406582985898556,0,3,0
SIN0000661,POL001534,CLT01493,Habitation,Incendie,2023-08-12,2023-08-21,11482,7398,Ouvert,3,9,0,44,0,1,0.3094,2303,1.5520410921870775,4.985670864090317,0.45038120370223533,0,3,0
SIN0000662,POL001535,CLT02800,Habitation,Catastrophe naturelle,2024-10-09,2024-10-17,15614,13452,Ouvert,31,8,0,50,3,0,0.042,2907,1.1607195955991674,5.371173030615755,0.4533015080714029,0,0,0
SIN0000663,POL001537,CLT00654,Auto,Bris de glace,2024-05-22,2024-06-07,315,198,Fermé,27,16,0,58,6,2,0.1589,2737,1.5909090909090908,0.11508951406649616,0.4437900768654231,0,3,0
SIN0000664,POL001537,CLT00654,Auto,Accident matériel,2024-04-01,2024-04-07,997,587,Fermé,13,6,0,58,6,2,0.1589,2737,1.698466780238501,0.36426744610887835,0.4658351584160095,0,3,0
SIN0000665,POL001543,CLT00098,Habitation,Dégât des eaux,2023-06-21,2023-07-01,4924,2786,Fermé,21,10,0,18,14,2,0.3914,2260,1.767408470926059,2.1787610619469024,0.5338527019967615,0,3,0
SIN0000666,POL001544,CLT03233,Auto,Accident matériel,2022-04-27,2022-05-26,3307,2325,Ouvert,13,29,0,47,9,1,0.01,1386,1.4223655913978495,2.386002886002886,0.4500688307370771,0,0,0
SIN0000667,POL001546,CLT04699,Santé,Dentaire,2023-02-23,2023-03-21,829,591,Litigieux,43,26,0,70,6,2,0.2121,708,1.4027072758037225,1.17090395480226,0.49383417171584437,0,0,0
SIN0000668,POL001548,CLT02688,Santé,Soins courants,2024-09-30,2024-09-30,113,75,Fermé,17,0,0,51,0,1,0.1602,1672,1.5066666666666666,0.06758373205741627,0.44190112018796535,0,5,0
SIN0000669,POL001548,CLT02688,Santé,Soins courants,2024-06-05,2024-06-27,146,127,Fermé,21,22,0,51,0,1,0.1602,1672,1.1496062992125984,0.08732057416267942,0.4077611136485856,0,0,0
SIN0000670,POL001553,CLT03285,Habitation,Bris de glace,2023-09-09,2023-09-25,151,90,Ouvert,32,16,0,49,5,0,0.01,1357,1.6777777777777778,0.11127487103905674,0.43222511088807564,0,3,0
SIN0000671,POL001555,CLT03525,Auto,Vol,2024-06-08,2024-06-27,6376,4904,Fermé,22,19,0,62,5,1,0.2685,1436,1.300163132137031,4.440111420612813,0.4185938157063807,0,0,0
SIN0000672,POL001555,CLT03525,Auto,Accident corporel,2023-06-28,2023-07-09,14822,9073,Ouvert,41,11,0,62,5,1,0.2685,1436,1.633638267386752,10.321727019498606,0.48725266630863173,0,3,0
SIN0000673,POL001557,CLT01962,Habitation,Vol/Cambriolage,2024-05-19,2024-06-07,13190,8377,Fermé,16,19,0,32,9,2,0.2568,2236,1.5745493613465442,5.898926654740608,0.47965147671566727,0,3,0
SIN0000674,POL001561,CLT03099,Auto,Accident corporel,2024-01-10,2024-01-25,16313,9340,Fermé,14,15,0,43,11,0,0.0489,791,1.7465738758029978,20.623261694058154,0.5288225013720603,0,3,0
SIN0000675,POL001562,CLT04270,Auto,Bris de glace,2022-09-06,2022-09-20,602,566,Litigieux,105,14,0,36,1,1,0.3289,2491,1.0636042402826855,0.24167001204335609,0.48932692298174735,0,0,0
SIN0000676,POL001566,CLT00307,Auto,Accident matériel,2024-08-20,2024-09-16,1117,973,Fermé,17,27,0,49,0,0,0.01,1651,1.1479958890030832,0.6765596608116293,0.4278145521851809,0,0,0
SIN0000677,POL001566,CLT00307,Auto,Accident corporel,2021-12-31,2022-01-25,22934,18642,Fermé,27,25,0,49,0,0,0.01,1651,1.2302328076386653,13.890975166565719,0.4922856632040238,0,0,0
SIN0000678,POL001568,CLT01101,Santé,Optique,2023-07-24,2023-07-27,539,351,Fermé,25,3,0,20,0,1,0.3062,1061,1.5356125356125356,0.5080113100848256,0.43863375709441754,0,3,0
SIN0000679,POL001568,CLT01101,Santé,Maternité,2022-09-20,2022-10-20,1494,1228,Fermé,20,30,0,20,0,1,0.3062,1061,1.216612377850163,1.408105560791706,0.4586302816172027,0,0,0
SIN0000680,POL001570,CLT01884,Habitation,Vol/Cambriolage,2023-05-09,2023-05-21,5747,5261,Fermé,18,12,0,51,4,0,0.01,2091,1.0923778749287207,2.7484457197513152,0.41956167524823407,0,0,0
SIN0000681,POL001572,CLT04972,Habitation,Incendie,2024-09-21,2024-10-10,18222,13075,Ouvert,20,19,0,18,3,1,0.2965,1953,1.3936520076481835,9.33026113671275,0.4671502321444013,0,0,0
SIN0000682,POL001573,CLT01419,Habitation,Dégât des eaux,2022-08-14,2022-08-21,2635,1968,Fermé,17,7,0,19,0,1,0.211,2997,1.3389227642276422,0.8792125458792125,0.4133126875713056,0,0,0
SIN0000683,POL001576,CLT03717,Auto,Bris de glace,2024-06-20,2024-06-21,254,183,Fermé,6,1,0,35,2,0,0.01,1624,1.3879781420765027,0.1564039408866995,0.4378346119960355,0,2,0
SIN0000684,POL001577,CLT01611,Auto,Bris de glace,2024-04-18,2024-04-26,501,306,Fermé,13,8,0,51,0,0,0.3498,2431,1.6372549019607843,0.20608802961744138,0.4454765389607561,0,3,0
SIN0000685,POL001577,CLT01611,Auto,Bris de glace,2024-02-27,2024-03-21,256,206,Fermé,18,23,0,51,0,0,0.3498,2431,1.2427184466019416,0.10530645824763472,0.42643544590411553,0,0,0
SIN0000686,POL001580,CLT04283,Santé,Soins courants,2022-09-07,2022-10-02,136,117,Fermé,15,25,0,41,2,0,0.01,796,1.1623931623931625,0.1708542713567839,0.42120104206488257,0,0,0
SIN0000687,POL001581,CLT03631,Habitation,Dégât des eaux,2024-08-29,2024-09-07,6809,5380,Fermé,20,9,0,60,4,2,0.2444,1388,1.2656133828996283,4.905619596541786,0.43475233579673117,0,0,0
SIN0000688,POL001584,CLT00924,Santé,Soins courants,2024-03-22,2024-04-13,275,203,Litigieux,175,22,0,28,0,0,0.2304,529,1.354679802955665,0.5198487712665406,0.5276626563483776,0,0,0
SIN0000689,POL001586,CLT02857,Auto,Accident matériel,2021-08-13,2021-08-13,4801,3903,Fermé,30,0,0,43,3,1,0.3256,941,1.2300794260825005,5.10201912858661,0.44596185063908067,0,2,0
SIN0000690,POL001586,CLT02857,Auto,Incendie,2024-10-07,2024-10-28,20155,18003,Ouvert,49,21,0,43,3,1,0.3256,941,1.1195356329500639,21.418703506907544,0.5163687148105397,0,0,0
SIN0000691,POL001589,CLT02200,Habitation,Vol/Cambriolage,2023-12-30,2023-12-31,16321,12461,Fermé,15,1,0,36,1,1,0.1134,1396,1.309766471390739,11.691260744985673,0.45733976203333576,0,2,0
SIN0000692,POL001597,CLT02172,Santé,Soins courants,2024-11-18,2024-12-01,507,376,Ouvert,26,13,0,62,0,2,0.1623,1163,1.3484042553191489,0.43594153052450557,0.4366786490073566,0,0,0
SIN0000693,POL001614,CLT02402,Santé,Hospitalisation,2024-12-02,2024-12-16,13529,7603,Ouvert,25,14,0,63,1,1,0.17,1776,1.779429172694989,7.61768018018018,0.4619480281063792,0,3,0
SIN0000694,POL001621,CLT02459,Habitation,Dégât des eaux,2022-11-07,2022-11-17,5779,5146,Fermé,15,10,0,52,0,0,0.0127,930,1.123008161678974,6.213978494623656,0.4276631395620511,0,0,0
SIN0000695,POL001621,CLT02459,Habitation,Incendie,2022-02-18,2022-02-26,52208,29785,Fermé,8,8,0,52,0,0,0.0127,930,1.7528286050025181,56.13763440860215,0.6488192327368891,1,6,1
SIN0000696,POL001621,CLT02459,Habitation,Dégât des eaux,2022-11-10,2022-12-09,4833,2804,Fermé,21,29,0,52,0,0,0.0127,930,1.7236091298145506,5.196774193548387,0.46375107241877717,0,3,0
SIN0000697,POL001623,CLT03132,Auto,Vol,2024-08-25,2024-09-11,6088,5776,Ouvert,42,17,0,35,4,3,0.3746,977,1.054016620498615,6.231320368474924,0.4972697586494097,0,2,0
SIN0000698,POL001624,CLT02619,Santé,Optique,2024-10-18,2024-11-09,285,200,Ouvert,16,22,0,62,1,1,0.1013,1064,1.425,0.26785714285714285,0.4169233789969284,0,0,0
SIN0000699,POL001629,CLT02121,Auto,Incendie,2023-08-23,2023-08-28,21216,17383,Ouvert,59,5,0,66,0,1,0.2481,1705,1.2205027900822643,12.443401759530792,0.5245165713233486,0,0,0
SIN0000700,POL001631,CLT04020,Auto,Accident matériel,2024-08-24,2024-09-17,13058,10627,Fermé,6,24,0,48,0,0,0.2097,2037,1.2287569398701421,6.410407461953854,0.44845539200663775,0,0,0
SIN0000701,POL001631,CLT04020,Auto,Accident matériel,2021-11-24,2021-12-21,4807,2974,Fermé,8,27,0,48,0,0,0.2097,2037,1.6163416274377942,2.359842906234659,0.4312634926804003,0,3,0
SIN0000702,POL001635,CLT04177,Auto,Incendie,2023-10-01,2023-10-02,79652,65441,Fermé,27,1,1,56,4,5,0.573,1452,1.2171574395256797,54.85674931129476,0.7313765673264946,1,7,1
SIN0000703,POL001635,CLT04177,Auto,Accident matériel,2022-08-02,2022-08-27,1078,739,Fermé,12,25,0,56,4,5,0.573,1452,1.4587280108254397,0.7424242424242424,0.5339226182529735,0,2,0
SIN0000704,POL001643,CLT04655,Santé,Soins courants,2022-10-24,2022-11-02,225,148,Ouvert,10,9,0,48,2,1,0.1633,475,1.5202702702702702,0.47368421052631576,0.40505366206976906,0,3,0
SIN0000705,POL001645,CLT01248,Santé,Soins courants,2024-03-07,2024-04-04,268,250,Fermé,8,28,0,48,0,0,0.01,529,1.072,0.5066162570888468,0.45355154268395265,0,0,0
SIN0000706,POL001650,CLT02114,Auto,Bris de glace,2024-05-04,2024-06-01,299,178,Fermé,17,28,0,32,12,0,0.01,860,1.6797752808988764,0.34767441860465115,0.48127403601777413,0,3,0
SIN0000707,POL001650,CLT02114,Auto,Accident matériel,2021-07-20,2021-08-13,1427,946,Fermé,20,24,0,32,12,0,0.01,860,1.5084566596194504,1.6593023255813955,0.44002375758153844,0,3,0
SIN0000708,POL001652,CLT00793,Habitation,Vol/Cambriolage,2024-04-28,2024-05-21,8124,7316,Fermé,25,23,0,37,0,0,0.0977,1528,1.1104428649535265,5.316753926701571,0.42018510166823764,0,0,0
SIN0000709,POL001652,CLT00793,Habitation,Vol/Cambriolage,2023-10-10,2023-10-11,3958,3556,Ouvert,32,1,0,37,0,0,0.0977,1528,1.1130483689538808,2.5903141361256545,0.43072664742667105,0,2,0
SIN0000710,POL001653,CLT00788,Habitation,Dégât des eaux,2023-01-07,2023-01-24,8178,6032,Ouvert,6,17,0,64,3,0,0.1617,1047,1.3557692307692308,7.810888252148997,0.4434203022212719,0,0,0
SIN0000711,POL001658,CLT02635,Auto,Vol,2024-12-22,2024-12-24,4950,3346,Ouvert,50,2,0,49,4,0,0.058,1452,1.4793783622235506,3.409090909090909,0.42920575699210173,0,0,0
SIN0000712,POL001659,CLT04768,Santé,Soins courants,2023-04-29,2023-05-22,411,349,Litigieux,175,23,0,47,3,0,0.01,749,1.177650429799427,0.5487316421895861,0.5130471556709643,0,0,0
SIN0000713,POL001662,CLT04154,Auto,Accident matériel,2022-06-22,2022-06-29,2279,2142,Fermé,26,7,0,44,13,1,0.0445,928,1.0639589169000934,2.4558189655172415,0.4615464387080089,0,0,0
SIN0000714,POL001662,CLT04154,Auto,Accident matériel,2024-09-04,2024-09-27,1713,944,Litigieux,180,23,0,44,13,1,0.0445,928,1.8146186440677967,1.8459051724137931,0.5876222537564956,1,3,1
SIN0000715,POL001662,CLT04154,Auto,Accident matériel,2022-06-22,2022-07-11,4370,2939,Ouvert,45,19,0,44,13,1,0.0445,928,1.4869003062266077,4.709051724137931,0.45700488013200596,0,0,0
SIN0000716,POL001664,CLT03204,Auto,Vol,2024-09-11,2024-09-21,5434,4015,Fermé,17,10,0,21,0,0,0.2357,1393,1.3534246575342466,3.9009332376166546,0.41734804563504196,0,0,0
SIN0000717,POL001665,CLT04071,Auto,Accident matériel,2024-06-17,2024-06-19,3824,2666,Fermé,20,2,0,42,0,1,0.1578,915,1.4343585896474118,4.1792349726775955,0.4013306502800412,0,0,0
SIN0000718,POL001666,CLT02937,Habitation,Dégât des eaux,2023-12-09,2023-12-19,5193,3128,Litigieux,166,10,0,18,0,0,0.1496,1380,1.6601662404092072,3.7630434782608697,0.5350896135329138,0,3,0
SIN0000719,POL001667,CLT01821,Auto,Bris de glace,2023-06-24,2023-07-18,442,318,Fermé,10,24,0,41,7,0,0.01,1459,1.389937106918239,0.3029472241261138,0.42263875425097697,0,0,0
SIN0000720,POL001673,CLT03494,Auto,Bris de glace,2022-12-01,2022-12-15,676,571,Fermé,27,14,0,52,0,0,0.0607,937,1.1838879159369526,0.7214514407684098,0.4064521187396796,0,0,0
SIN0000721,POL001674,CLT04280,Auto,Bris de glace,2024-02-05,2024-02-08,1024,684,Fermé,19,3,0,52,5,0,0.01,747,1.4970760233918128,1.3708165997322623,0.42523075914721914,0,0,0
SIN0000722,POL001675,CLT01440,Auto,Accident matériel,2024-04-10,2024-04-28,6375,4058,Fermé,11,18,0,47,2,0,0.1495,2756,1.570970921636274,2.313134978229318,0.4003875814103934,0,3,0
SIN0000723,POL001676,CLT03500,Auto,Bris de glace,2024-11-03,2024-11-30,425,303,Ouvert,6,27,0,37,0,0,0.174,979,1.4026402640264026,0.4341164453524004,0.4209216543346102,0,0,0
SIN0000724,POL001677,CLT02167,Santé,Optique,2023-09-30,2023-09-30,516,439,Fermé,29,0,0,54,5,1,0.2041,1252,1.1753986332574031,0.41214057507987223,0.43412823745048856,0,2,0
SIN0000725,POL001678,CLT03518,Auto,Incendie,2024-03-27,2024-03-27,26225,21716,Fermé,10,0,0,18,0,0,0.169,922,1.2076349235586665,28.44360086767896,0.5597782131947456,1,2,0
SIN0000726,POL001679,CLT00377,Santé,Optique,2024-05-16,2024-06-09,460,257,Fermé,13,24,0,54,0,1,0.2778,726,1.7898832684824904,0.6336088154269972,0.45873993191273355,0,3,0
SIN0000727,POL001679,CLT00377,Santé,Soins courants,2023-01-08,2023-01-22,88,66,Fermé,14,14,0,54,0,1,0.2778,726,1.3333333333333333,0.12121212121212122,0.41224558959566854,0,0,0
SIN0000728,POL001680,CLT03603,Auto,Bris de glace,2022-09-07,2022-09-29,370,334,Litigieux,86,22,0,43,0,0,0.3178,754,1.1077844311377245,0.4907161803713528,0.46258197958967406,0,0,0
SIN0000729,POL001681,CLT00207,Auto,Vol,2023-09-20,2023-10-06,7175,4341,Fermé,6,16,0,44,3,0,0.1192,870,1.6528449665975582,8.24712643678161,0.42679901878519194,0,3,0
SIN0000730,POL001686,CLT01502,Auto,Accident matériel,2024-12-14,2024-12-31,2362,2242,Ouvert,58,30,0,23,4,2,0.1899,2644,1.0535236396074934,0.8933434190620272,0.5090402674087318,0,0,0
SIN0000731,POL001698,CLT01410,Auto,Incendie,2024-11-20,2024-12-08,17896,10677,Ouvert,39,18,0,39,0,0,0.2424,819,1.6761262526927039,21.85103785103785,0.5069714291607892,0,3,0
SIN0000732,POL001699,CLT00721,Habitation,Dégât des eaux,2024-12-20,2024-12-31,3540,2970,Ouvert,35,27,0,48,9,2,0.3621,1408,1.1919191919191918,2.5142045454545454,0.4790989886433256,0,0,0
SIN0000733,POL001702,CLT04807,Habitation,Vol/Cambriolage,2024-12-21,2024-12-31,2515,2059,Ouvert,42,26,0,48,9,0,0.01,1967,1.221466731423021,1.2785968479918657,0.44270924072916135,0,0,0
SIN0000734,POL001703,CLT00531,Habitation,Incendie,2024-02-12,2024-03-02,17990,15421,Fermé,27,19,0,50,1,0,0.0663,1473,1.1665910122560146,12.21317040054311,0.46287607617137067,0,0,0
SIN0000735,POL001706,CLT03040,Auto,Accident matériel,2023-02-25,2023-03-20,3524,3051,Fermé,10,23,0,38,2,2,0.2349,1631,1.1550311373320223,2.160637645616186,0.415976511928873,0,0,0
SIN0000736,POL001710,CLT00479,Auto,Accident matériel,2024-05-21,2024-06-06,2392,2013,Fermé,25,16,0,80,8,1,0.093,651,1.1882762046696473,3.6743471582181257,0.4762016776256038,0,0,0
SIN0000737,POL001713,CLT01720,Auto,Vol,2024-04-17,2024-04-28,5088,4388,Fermé,28,11,0,34,1,1,0.119,2526,1.1595259799453055,2.014251781472684,0.39457616437288,0,0,0
SIN0000738,POL001719,CLT00987,Auto,Bris de glace,2024-05-26,2024-06-06,368,218,Ouvert,19,11,0,35,0,0,0.1633,2784,1.688073394495413,0.13218390804597702,0.4186848662612938,0,3,0
SIN0000739,POL001720,CLT04343,Auto,Accident matériel,2024-08-21,2024-09-12,2174,1894,Ouvert,57,22,0,25,8,1,0.2196,1166,1.1478352692713834,1.8644939965694682,0.44810786069849645,0,0,0
SIN0000740,POL001728,CLT03435,Habitation,Dégât des eaux,2021-01-23,2021-02-10,6576,5215,Fermé,28,18,0,35,14,1,0.2428,1164,1.2609779482262704,5.649484536082475,0.4565998863594114,0,0,0
SIN0000741,POL001731,CLT02105,Habitation,Bris de glace,2023-05-16,2023-05-22,1408,924,Fermé,21,6,0,52,0,1,0.2659,1373,1.5238095238095237,1.0254916241806264,0.41075373746593263,0,3,0
SIN0000742,POL001732,CLT03238,Santé,Soins courants,2022-05-28,2022-06-01,347,268,Fermé,19,4,0,60,2,1,0.4073,503,1.294776119402985,0.6898608349900597,0.44685006331974936,0,0,0
SIN0000743,POL001734,CLT03735,Auto,Accident matériel,2022-07-24,2022-07-26,6297,4093,Fermé,18,2,0,40,2,2,0.2265,1755,1.5384803322746152,3.588034188034188,0.4333259558487144,0,3,0
SIN0000744,POL001737,CLT01164,Auto,Accident matériel,2022-12-26,2023-01-17,2962,1712,Ouvert,47,22,0,59,6,0,0.01,935,1.730140186915888,3.167914438502674,0.45645990455934515,0,3,0
SIN0000745,POL001738,CLT02443,Santé,Dentaire,2024-03-26,2024-04-03,1448,911,Ouvert,21,8,0,52,0,1,0.2899,594,1.5894621295279912,2.4377104377104377,0.42192496635586657,0,3,0
SIN0000746,POL001741,CLT01820,Habitation,Dégât des eaux,2024-09-17,2024-10-07,3829,3001,Ouvert,15,20,0,50,9,3,0.319,1066,1.2759080306564479,3.5919324577861165,0.4821031198122741,0,2,0
SIN0000747,POL001741,CLT01820,Habitation,Dégât des eaux,2024-10-19,2024-11-06,2966,1900,Ouvert,28,18,0,50,9,3,0.319,1066,1.5610526315789475,2.782363977485929,0.48385286690683277,0,5,0
SIN0000748,POL001742,CLT01806,Auto,Accident matériel,2022-06-01,2022-06-26,6157,3390,Fermé,20,25,0,65,1,0,0.057,946,1.8162241887905606,6.50845665961945,0.4731592102507977,0,3,0
SIN0000749,POL001743,CLT04921,Santé,Soins courants,2021-02-05,2021-02-11,305,281,Litigieux,68,6,0,25,1,1,0.0408,612,1.085409252669039,0.49836601307189543,0.46371810908102773,0,0,0
SIN0000750,POL001745,CLT02988,Habitation,Catastrophe naturelle,2024-08-01,2024-08-02,13610,11047,Fermé,7,1,0,46,3,1,0.1862,2314,1.23200869014212,5.881590319792567,0.4512068895183985,0,2,0
SIN0000751,POL001747,CLT01907,Auto,Accident matériel,2021-10-29,2021-11-06,2966,2153,Fermé,29,8,0,21,1,0,0.1214,1018,1.3776126335346028,2.913555992141454,0.4097711210643277,0,0,0
SIN0000752,POL001752,CLT02700,Santé,Dentaire,2024-09-09,2024-09-30,374,258,Ouvert,18,21,0,55,2,2,0.2995,828,1.449612403100775,0.45169082125603865,0.42359250100056683,0,0,0
SIN0000753,POL001753,CLT04611,Habitation,Dégât des eaux,2024-04-26,2024-05-16,2885,2506,Fermé,24,20,0,53,0,1,0.3334,1286,1.1512370311252993,2.2433903576982894,0.416625223798006,0,0,0
SIN0000754,POL001764,CLT01484,Auto,Vol,2024-02-24,2024-03-14,3422,2219,Fermé,12,19,0,51,0,1,0.01,758,1.5421360973411447,4.514511873350924,0.4210794521858502,0,3,0
SIN0000755,POL001766,CLT01524,Habitation,Vol/Cambriolage,2024-11-04,2024-11-11,8468,7056,Ouvert,40,7,0,42,2,0,0.0822,2570,1.2001133786848073,3.294941634241245,0.4204246013486559,0,0,0
SIN0000756,POL001774,CLT01928,Auto,Bris de glace,2022-07-10,2022-07-26,243,158,Fermé,11,16,0,63,4,0,0.0808,820,1.5379746835443038,0.29634146341463413,0.425566988352498,0,3,0
SIN0000757,POL001780,CLT00227,Auto,Accident corporel,2024-10-01,2024-10-14,15568,8772,Ouvert,14,13,0,35,8,3,0.3328,2473,1.7747378020975833,6.295188030731905,0.5313426591432004,0,5,0
SIN0000758,POL001783,CLT01207,Habitation,Vol/Cambriolage,2023-08-28,2023-09-13,16603,15689,Fermé,21,16,0,78,0,0,0.2138,1312,1.0582573777806106,12.654725609756097,0.5192001713878085,0,0,0
SIN0000759,POL001784,CLT03040,Habitation,Dégât des eaux,2024-10-05,2024-10-08,9045,5940,Ouvert,14,3,0,38,2,2,0.2349,1894,1.5227272727272727,4.775607180570222,0.44363486149676357,0,3,0
SIN0000760,POL001791,CLT03257,Auto,Accident corporel,2023-10-10,2023-11-09,18045,13323,Fermé,17,30,0,28,2,0,0.01,1727,1.3544246791263228,10.448755066589461,0.4914238056014584,0,0,0
SIN0000761,POL001791,CLT03257,Auto,Accident matériel,2022-02-19,2022-02-26,2243,2059,Fermé,20,7,0,28,2,0,0.01,1727,1.0893637688198154,1.2987840185292414,0.4306653347843515,0,0,0
SIN0000762,POL001792,CLT00208,Santé,Dentaire,2024-09-01,2024-09-20,1316,738,Ouvert,41,19,0,33,0,0,0.0469,1289,1.7831978319783197,1.020946470131885,0.4511236113787646,0,3,0
SIN0000763,POL001793,CLT00659,Auto,Vol,2023-11-29,2023-12-16,2845,2630,Litigieux,89,17,0,64,18,1,0.2755,978,1.0817490494296578,2.908997955010225,0.5566217617755407,1,0,0
SIN0000764,POL001793,CLT00659,Auto,Vol,2023-03-29,2023-04-02,9216,7998,Fermé,24,4,0,64,18,1,0.2755,978,1.1522880720180044,9.423312883435583,0.5439775586223724,0,0,0
SIN0000765,POL001793,CLT00659,Auto,Accident corporel,2023-05-02,2023-06-01,9305,7727,Fermé,24,30,0,64,18,1,0.2755,978,1.2042189724343213,9.514314928425359,0.5602973094884335,1,0,0
SIN0000766,POL001798,CLT00044,Habitation,Incendie,2024-12-02,2024-12-08,39521,28841,Ouvert,60,6,0,45,6,0,0.1227,2900,1.3703061613674976,13.627931034482758,0.5587093009168079,1,3,1
SIN0000767,POL001798,CLT00044,Habitation,Dégât des eaux,2024-07-07,2024-08-05,1652,1399,Ouvert,40,29,0,45,6,0,0.1227,2900,1.18084345961401,0.5696551724137932,0.44060912694372123,0,0,0
SIN0000768,POL001800,CLT04506,Auto,Vol,2022-05-22,2022-06-08,5068,3216,Fermé,9,17,0,72,0,1,0.1646,1394,1.5758706467661692,3.63558106169297,0.448439583610114,0,3,0
SIN0000769,POL001806,CLT01683,Habitation,Bris de glace,2024-07-02,2024-07-15,195,137,Fermé,18,13,0,45,3,0,0.1107,1193,1.4233576642335766,0.16345347862531434,0.4046793840342102,0,0,0
SIN0000770,POL001809,CLT00178,Auto,Accident matériel,2022-01-27,2022-02-24,2332,2070,Fermé,17,28,0,41,8,1,0.2303,1532,1.1265700483091787,1.5221932114882506,0.44897030137516214,0,0,0
SIN0000771,POL001810,CLT01408,Habitation,Incendie,2023-12-05,2023-12-30,26972,17538,Ouvert,55,25,0,39,0,0,0.1509,1378,1.537917664499943,19.573294629898403,0.5206290726952564,0,6,0
SIN0000772,POL001810,CLT01408,Habitation,Incendie,2023-12-03,2023-12-24,62864,53594,Fermé,27,21,0,39,0,0,0.1509,1378,1.1729671231854313,45.619738751814225,0.6692660648638614,1,3,1
SIN0000773,POL001811,CLT02452,Santé,Optique,2021-08-09,2021-08-26,269,225,Litigieux,41,17,0,61,7,1,0.2063,585,1.1955555555555555,0.4598290598290598,0.43011410007138273,0,0,0
SIN0000774,POL001811,CLT02452,Santé,Soins courants,2024-05-31,2024-06-14,141,78,Fermé,18,14,0,61,7,1,0.2063,585,1.8076923076923077,0.24102564102564103,0.4765628600767443,0,3,0
SIN0000775,POL001812,CLT04442,Habitation,Incendie,2024-06-21,2024-07-09,18774,16476,Ouvert,15,18,0,37,0,3,0.3208,1009,1.1394756008739986,18.606541129831516,0.5335873128632327,0,2,0
SIN0000776,POL001815,CLT02715,Auto,Accident matériel,2023-08-31,2023-09-06,3130,2385,Fermé,13,6,0,38,9,0,0.1175,1876,1.3123689727463312,1.6684434968017057,0.41318097302121637,0,0,0
SIN0000777,POL001815,CLT02715,Auto,Accident matériel,2024-01-07,2024-01-12,6363,4932,Litigieux,65,5,0,38,9,0,0.1175,1876,1.2901459854014599,3.3917910447761193,0.4552147749545729,0,0,0
SIN0000778,POL001816,CLT01854,Santé,Soins courants,2021-07-01,2021-07-23,239,167,Fermé,9,22,0,40,6,3,0.513,687,1.4311377245508983,0.34788937409024745,0.505068293371389,0,2,0
SIN0000779,POL001820,CLT01084,Auto,Accident matériel,2024-07-03,2024-07-25,2377,1869,Fermé,11,22,0,29,4,0,0.1547,1383,1.2718031032637773,1.7187274041937817,0.40101381624491683,0,0,0
SIN0000780,POL001821,CLT04411,Santé,Soins courants,2022-04-26,2022-05-12,131,120,Fermé,29,16,0,51,0,0,0.054,753,1.0916666666666666,0.17397078353253653,0.41585020209031665,0,0,0
SIN0000781,POL001821,CLT04411,Santé,Optique,2024-09-18,2024-10-14,309,217,Ouvert,26,26,0,51,0,0,0.054,753,1.423963133640553,0.4103585657370518,0.4161084359303415,0,0,0
SIN0000782,POL001821,CLT04411,Santé,Hospitalisation,2022-07-02,2022-07-20,2292,1610,Fermé,17,18,0,51,0,0,0.054,753,1.4236024844720496,3.043824701195219,0.3985349283903021,0,0,0
SIN0000783,POL001824,CLT01097,Santé,Soins courants,2023-05-21,2023-06-05,147,128,Fermé,19,15,0,39,1,0,0.2079,535,1.1484375,0.27476635514018694,0.40051065048975,0,0,0
SIN0000784,POL001826,CLT02277,Auto,Accident matériel,2023-09-22,2023-10-11,1777,1149,Fermé,20,19,0,32,3,0,0.01,2290,1.546562228024369,0.7759825327510917,0.40696663170154895,0,3,0
SIN0000785,POL001826,CLT02277,Auto,Bris de glace,2024-04-07,2024-04-28,814,598,Fermé,15,21,0,32,3,0,0.01,2290,1.3612040133779264,0.3554585152838428,0.4027218056172347,0,0,0
SIN0000786,POL001830,CLT03470,Santé,Hospitalisation,2024-02-03,2024-02-07,7884,5256,Fermé,26,4,0,18,1,1,0.2166,593,1.5,13.295109612141653,0.4545594201184881,0,0,0
SIN0000787,POL001832,CLT01163,Habitation,Vol/Cambriolage,2024-01-09,2024-01-25,16151,12784,Fermé,27,16,0,49,0,1,0.3273,2571,1.2633760951188986,6.28199144301828,0.4541891864570677,0,0,0
SIN0000788,POL001834,CLT04367,Santé,Soins courants,2021-10-25,2021-10-25,508,283,Fermé,30,0,0,19,8,0,0.071,673,1.795053003533569,0.7548291233283804,0.4972784264572321,0,5,0
SIN0000789,POL001840,CLT02059,Santé,Optique,2024-05-22,2024-06-04,293,190,Fermé,26,13,0,29,0,1,0.4698,835,1.5421052631578946,0.3508982035928144,0.4614091490941993,0,3,0
SIN0000790,POL001840,CLT02059,Santé,Maternité,2024-09-17,2024-09-22,458,252,Ouvert,18,5,0,29,0,1,0.4698,835,1.8174603174603174,0.548502994011976,0.49815198442882097,0,3,0
SIN0000791,POL001845,CLT04825,Habitation,Vol/Cambriolage,2023-11-12,2023-12-04,3594,2043,Fermé,15,22,0,43,14,0,0.01,1334,1.7591776798825256,2.694152923538231,0.4685522769007281,0,3,0
SIN0000792,POL001855,CLT02457,Auto,Accident matériel,2023-07-23,2023-08-11,3522,2743,Fermé,21,19,0,25,0,2,0.2688,1361,1.2839956252278528,2.5878030859662013,0.4179428524083537,0,0,0
SIN0000793,POL001856,CLT02064,Santé,Dentaire,2022-10-05,2022-10-16,687,479,Fermé,20,11,0,56,1,0,0.1288,967,1.4342379958246347,0.7104446742502585,0.4034533630470474,0,0,0
SIN0000794,POL001856,CLT02064,Santé,Soins courants,2022-10-10,2022-11-05,543,477,Fermé,30,26,0,56,1,0,0.1288,967,1.1383647798742138,0.56153050672182,0.4162943969582606,0,0,0
SIN0000795,POL001857,CLT01389,Habitation,Dégât des eaux,2023-08-09,2023-09-04,11775,6870,Fermé,23,26,0,48,2,2,0.2475,1231,1.7139737991266375,9.565393988627132,0.4736217372210036,0,3,0
SIN0000796,POL001858,CLT04668,Habitation,Dégât des eaux,2021-06-02,2021-06-17,5626,3495,Fermé,23,15,0,49,3,1,0.3025,1767,1.609728183118741,3.183927560837578,0.41164095453638244,0,3,0
SIN0000797,POL001858,CLT04668,Habitation,Vol/Cambriolage,2023-07-27,2023-08-10,5256,3445,Fermé,10,14,0,49,3,1,0.3025,1767,1.5256894049346879,2.974533106960951,0.4060359344888111,0,3,0
SIN0000798,POL001860,CLT03358,Auto,Accident matériel,2024-02-15,2024-02-24,2929,1897,Ouvert,25,9,0,44,3,2,0.3695,925,1.544016868740116,3.1664864864864866,0.42906262468886497,0,3,0
SIN0000799,POL001862,CLT03910,Santé,Dentaire,2021-07-31,2021-08-24,578,453,Litigieux,91,24,0,38,0,1,0.01,759,1.2759381898454747,0.761528326745718,0.4713910205598221,0,0,0
SIN0000800,POL001869,CLT00450,Habitation,Dégât des eaux,2021-12-01,2021-12-01,6041,4456,Fermé,5,0,0,33,9,0,0.0462,1969,1.3557001795332135,3.0680548501777554,0.4556001314885388,0,2,0
SIN0000801,POL001869,CLT00450,Habitation,Dégât des eaux,2023-10-07,2023-10-30,7832,6516,Fermé,20,23,0,33,9,0,0.0462,1969,1.2019643953345611,3.977653631284916,0.43103983209667646,0,0,0
SIN0000802,POL001871,CLT04690,Auto,Bris de glace,2024-10-04,2024-10-28,382,279,Ouvert,28,24,0,32,12,0,0.0242,1768,1.3691756272401434,0.2160633484162896,0.43642293044143443,0,0,0
SIN0000803,POL001872,CLT00739,Auto,Vol,2023-03-10,2023-04-06,4088,3479,Fermé,6,27,0,58,6,0,0.01,1645,1.1750503018108651,2.4851063829787234,0.4483041843986971,0,0,0
SIN0000804,POL001874,CLT00940,Auto,Bris de glace,2024-07-15,2024-07-23,322,258,Fermé,22,8,0,49,0,1,0.1866,2032,1.248062015503876,0.15846456692913385,0.3986164922457768,0,0,0
SIN0000805,POL001875,CLT00764,Santé,Soins courants,2022-03-06,2022-03-09,449,365,Litigieux,162,3,0,56,0,0,0.2655,669,1.2301369863013698,0.6711509715994021,0.5220765098300997,0,0,0
SIN0000806,POL001876,CLT03188,Auto,Bris de glace,2022-10-24,2022-10-28,431,245,Ouvert,57,4,0,38,0,1,0.2232,1806,1.7591836734693878,0.23864894795127353,0.46302062560682156,0,3,0
SIN0000807,POL001879,CLT01708,Habitation,Dégât des eaux,2023-12-05,2024-01-01,3111,2167,Fermé,5,27,0,30,8,1,0.3046,1927,1.4356252884171665,1.6144265697976128,0.46060572279082235,0,0,0
SIN0000808,POL001880,CLT00369,Santé,Soins courants,2024-11-08,2024-11-29,338,282,Ouvert,23,21,0,40,3,3,0.3578,1687,1.198581560283688,0.2003556609365738,0.4576045687803844,0,2,0
SIN0000809,POL001880,CLT00369,Santé,Soins courants,2023-05-02,2023-05-31,263,156,Fermé,23,29,0,40,3,3,0.3578,1687,1.685897435897436,0.15589804386484885,0.5144066484211871,0,5,0
SIN0000810,POL001880,CLT00369,Santé,Dentaire,2022-04-09,2022-05-06,1191,757,Fermé,13,27,0,40,3,3,0.3578,1687,1.57331571994716,0.7059869590989923,0.49129361924502724,0,5,0
SIN0000811,POL001880,CLT00369,Santé,Soins courants,2023-05-21,2023-06-20,252,237,Fermé,10,30,0,40,3,3,0.3578,1687,1.0632911392405062,0.14937759336099585,0.5156620403717807,0,2,0
SIN0000812,POL001880,CLT00369,Santé,Soins courants,2022-02-07,2022-02-10,451,269,Fermé,22,3,0,40,3,3,0.3578,1687,1.6765799256505576,0.2673384706579727,0.49039387876709345,0,5,0
SIN0000813,POL001885,CLT02201,Auto,Incendie,2023-11-02,2023-11-10,20396,14212,Ouvert,13,8,0,30,1,1,0.2773,2567,1.435125246270757,7.945461628359953,0.45467279373897673,0,0,0
SIN0000814,POL001887,CLT02404,Habitation,Vol/Cambriolage,2024-06-07,2024-06-25,10415,6222,Fermé,25,18,0,52,0,0,0.0504,1035,1.6738990678238508,10.06280193236715,0.4504632194238833,0,3,0
SIN0000815,POL001888,CLT01121,Auto,Accident matériel,2023-10-30,2023-11-11,3757,3531,Fermé,11,12,0,57,15,2,0.32,1561,1.064004531294251,2.406790518898142,0.5053098867801183,0,0,0
SIN0000816,POL001888,CLT01121,Auto,Accident matériel,2022-09-21,2022-09-28,1489,1133,Fermé,15,7,0,57,15,2,0.32,1561,1.3142100617828774,0.9538757206918642,0.4914235840836448,0,0,0
SIN0000817,POL001891,CLT02763,Habitation,Incendie,2023-06-02,2023-06-20,29568,20481,Ouvert,31,18,0,37,0,1,0.2227,1168,1.4436795078365314,25.315068493150687,0.5090229561142312,0,3,0
SIN0000818,POL001891,CLT02763,Habitation,Dégât des eaux,2024-07-27,2024-08-17,2112,1364,Fermé,18,21,0,37,0,1,0.2227,1168,1.5483870967741935,1.8082191780821917,0.4009710531647469,0,3,0
SIN0000819,POL001892,CLT03202,Habitation,Vol/Cambriolage,2024-10-21,2024-10-23,8253,5190,Ouvert,28,2,0,49,7,0,0.01,1073,1.5901734104046243,7.691519105312209,0.4570943570924628,0,3,0
SIN0000820,POL001895,CLT02406,Auto,Bris de glace,2024-03-22,2024-04-04,414,344,Ouvert,42,13,0,45,9,0,0.1916,1216,1.2034883720930232,0.3404605263157895,0.42800029884142127,0,0,0
SIN0000821,POL001898,CLT02101,Santé,Dentaire,2022-07-11,2022-07-27,575,358,Ouvert,19,16,0,40,2,1,0.1846,1528,1.606145251396648,0.3763089005235602,0.39763882630699154,0,3,0
SIN0000822,POL001901,CLT04989,Habitation,Dégât des eaux,2024-08-27,2024-09-16,6651,5560,Fermé,19,20,0,41,1,1,0.3018,2736,1.1962230215827339,2.4309210526315788,0.40479844443243507,0,0,0
SIN0000823,POL001901,CLT04989,Habitation,Catastrophe naturelle,2021-12-22,2022-01-12,29165,25895,Fermé,30,21,0,41,1,1,0.3018,2736,1.1262792044796293,10.659722222222221,0.4999842741228608,0,3,0
SIN0000824,POL001905,CLT00300,Auto,Vol,2024-10-30,2024-11-15,6770,6143,Ouvert,18,16,0,30,2,1,0.3439,1103,1.10206739378154,6.13780598368087,0.43394098852175605,0,0,0
SIN0000825,POL001905,CLT00300,Auto,Accident matériel,2024-01-10,2024-01-24,1695,1461,Ouvert,52,14,0,30,2,1,0.3439,1103,1.160164271047228,1.5367180417044424,0.4331279716221384,0,0,0
SIN0000826,POL001905,CLT00300,Auto,Accident corporel,2024-03-08,2024-04-01,8623,5206,Fermé,23,24,0,30,2,1,0.3439,1103,1.6563580484056857,7.817769718948322,0.4500305937195342,0,3,0
SIN0000827,POL001905,CLT00300,Auto,Accident matériel,2023-11-30,2023-12-18,5430,3898,Litigieux,90,18,0,30,2,1,0.3439,1103,1.393022062596203,4.922937443336355,0.4793974840008943,0,0,0
SIN0000828,POL001906,CLT04851,Habitation,Dégât des eaux,2023-09-30,2023-10-17,2051,1570,Fermé,16,17,0,63,7,0,0.0685,1297,1.3063694267515924,1.5813415574402467,0.4244217518833855,0,0,0
SIN0000829,POL001906,CLT04851,Habitation,Dégât des eaux,2024-08-18,2024-08-29,3814,2387,Fermé,17,11,0,63,7,0,0.0685,1297,1.5978215333054042,2.9406322282189667,0.4378184406370067,0,3,0
SIN0000830,POL001908,CLT00986,Habitation,Catastrophe naturelle,2023-02-03,2023-02-26,35765,31586,Fermé,8,23,0,18,0,0,0.093,1108,1.1323054517824354,32.27888086642599,0.592567381572479,1,3,1
SIN0000831,POL001909,CLT03895,Santé,Soins courants,2023-09-30,2023-10-01,136,89,Fermé,28,1,0,25,4,0,0.1011,854,1.5280898876404494,0.1592505854800937,0.43987919220030514,0,5,0
SIN0000832,POL001910,CLT04194,Habitation,Incendie,2024-11-23,2024-12-11,35352,32566,Ouvert,17,18,0,55,1,1,0.1942,2063,1.0855493459436223,17.136209403780903,0.5292114937523994,0,3,0
SIN0000833,POL001910,CLT04194,Habitation,Vol/Cambriolage,2024-12-17,2024-12-19,5573,3194,Ouvert,18,2,0,55,1,1,0.1942,2063,1.7448340638697557,2.701405719825497,0.4368590585596805,0,3,0
SIN0000834,POL001913,CLT04127,Habitation,Dégât des eaux,2021-03-22,2021-04-10,3851,2681,Ouvert,35,19,0,51,2,1,0.0629,2960,1.4364043267437523,1.3010135135135135,0.4020241438924538,0,0,0
SIN0000835,POL001914,CLT02580,Habitation,Bris de glace,2023-07-10,2023-07-21,322,202,Litigieux,147,11,0,47,4,0,0.1707,2514,1.5940594059405941,0.1280827366746221,0.5053499344107645,0,3,0
SIN0000836,POL001915,CLT02480,Habitation,Dégât des eaux,2022-09-16,2022-10-14,11144,7432,Fermé,6,28,0,24,3,1,0.3634,1382,1.4994617868675997,8.063675832127352,0.49884294224119236,0,0,0
SIN0000837,POL001918,CLT03202,Auto,Vol,2023-06-25,2023-07-03,13576,9493,Fermé,14,8,0,49,7,0,0.01,2109,1.430106394185189,6.437174016121385,0.45040397252567166,0,0,0
SIN0000838,POL001919,CLT01335,Habitation,Incendie,2021-04-16,2021-04-26,55872,41705,Fermé,9,10,0,60,0,2,0.1487,2875,1.3396954801582543,19.433739130434784,0.618725112542584,1,3,1
SIN0000839,POL001919,CLT01335,Habitation,Dégât des eaux,2021-05-07,2021-06-02,4340,2714,Fermé,5,26,0,60,0,2,0.1487,2875,1.5991156963890936,1.5095652173913043,0.457952783408879,0,3,0
SIN0000840,POL001919,CLT01335,Habitation,Vol/Cambriolage,2022-10-25,2022-11-02,3559,2959,Fermé,8,8,0,60,0,2,0.1487,2875,1.2027712064886786,1.2379130434782608,0.43471090625736064,0,0,0
SIN0000841,POL001921,CLT00657,Habitation,Dégât des eaux,2024-02-22,2024-02-26,6152,3993,Ouvert,59,4,0,25,0,1,0.2692,1752,1.5406962183821689,3.5114155251141552,0.4439707880672675,0,3,0
SIN0000842,POL001922,CLT04019,Auto,Bris de glace,2024-12-29,2024-12-31,507,473,Ouvert,22,23,0,41,5,0,0.01,938,1.0718816067653276,0.5405117270788913,0.4250347265646879,0,0,0
SIN0000843,POL001923,CLT01672,Habitation,Dégât des eaux,2023-09-21,2023-10-11,3619,2318,Fermé,17,20,0,27,2,1,0.3461,1236,1.5612597066436584,2.927993527508091,0.42443314878644445,0,3,0
SIN0000844,POL001926,CLT04845,Habitation,Incendie,2022-06-21,2022-07-18,31624,27398,Litigieux,122,27,0,39,2,0,0.1192,3180,1.1542448353894446,9.944654088050314,0.595276812641807,1,3,1
SIN0000845,POL001928,CLT04928,Habitation,Dégât des eaux,2023-12-28,2024-01-16,4883,4419,Fermé,21,19,0,36,0,0,0.1808,1416,1.10500113147771,3.448446327683616,0.3998182476691023,0,0,0
SIN0000846,POL001930,CLT02786,Santé,Dentaire,2024-08-15,2024-08-26,669,371,Fermé,18,11,0,43,1,0,0.1576,1075,1.803234501347709,0.6223255813953489,0.43295306982778087,0,3,0
SIN0000847,POL001935,CLT03088,Santé,Soins courants,2023-10-02,2023-10-30,331,201,Fermé,30,28,0,39,1,1,0.2918,752,1.6467661691542288,0.4401595744680851,0.44741386061145905,0,3,0
SIN0000848,POL001937,CLT02070,Santé,Optique,2023-03-11,2023-03-29,160,137,Fermé,24,18,0,50,9,0,0.01,809,1.167883211678832,0.19777503090234858,0.4265129208209534,0,0,0
SIN0000849,POL001939,CLT00938,Habitation,Dégât des eaux,2023-05-15,2023-05-22,3771,2233,Fermé,23,7,0,44,0,0,0.01,2655,1.6887595163457232,1.4203389830508475,0.42640121311284845,0,3,0
SIN0000850,POL001943,CLT02425,Santé,Dentaire,2022-12-12,2023-01-03,1245,989,Fermé,9,22,0,26,0,0,0.2335,1618,1.2588473205257835,0.76946847960445,0.4193044661712016,0,0,0
SIN0000851,POL001944,CLT00248,Habitation,Dégât des eaux,2023-12-31,2024-01-25,4734,4112,Ouvert,38,25,0,27,6,1,0.0871,1191,1.1512645914396886,3.974811083123426,0.4292095866646694,0,0,0
SIN0000852,POL001950,CLT01967,Habitation,Dégât des eaux,2022-10-03,2022-10-17,2276,1358,Fermé,30,14,0,18,5,0,0.01,2313,1.6759941089837997,0.9840034587116299,0.44901057072128836,0,3,0
SIN0000853,POL001950,CLT01967,Habitation,Dégât des eaux,2022-05-19,2022-06-17,8143,7303,Ouvert,56,29,0,18,5,0,0.01,2313,1.115021224154457,3.520536100302637,0.5038990543235427,0,0,0
SIN0000854,POL001951,CLT03452,Auto,Accident matériel,2023-03-10,2023-03-31,1462,887,Fermé,10,21,0,49,2,0,0.0504,2448,1.6482525366403609,0.5972222222222222,0.4155804216007633,0,3,0
SIN0000855,POL001951,CLT03452,Auto,Accident matériel,2022-09-10,2022-10-06,3795,2905,Fermé,6,26,0,49,2,0,0.0504,2448,1.306368330464716,1.5502450980392157,0.4091029535829465,0,0,0
SIN0000856,POL001952,CLT01789,Auto,Accident matériel,2024-05-14,2024-06-07,2444,1383,Fermé,12,24,0,43,1,1,0.3574,1232,1.767172812725958,1.9837662337662338,0.44553215445599437,0,3,0
SIN0000857,POL001954,CLT00666,Auto,Accident corporel,2023-03-12,2023-04-01,17289,12031,Litigieux,57,20,0,36,4,1,0.342,1506,1.4370376527304463,11.4800796812749,0.47926027012094513,0,0,0
SIN0000858,POL001954,CLT00666,Auto,Bris de glace,2024-11-12,2024-11-19,766,527,Ouvert,58,7,0,36,4,1,0.342,1506,1.4535104364326377,0.5086321381142098,0.43335019362811394,0,0,0
SIN0000859,POL001958,CLT04669,Habitation,Bris de glace,2022-09-11,2022-09-14,634,516,Litigieux,124,3,0,33,2,1,0.1332,2914,1.2286821705426356,0.2175703500343171,0.4830140986647501,0,0,0
SIN0000860,POL001965,CLT02886,Santé,Maternité,2024-02-22,2024-03-08,939,834,Fermé,29,15,0,34,0,0,0.1007,1018,1.1258992805755397,0.9223968565815324,0.40114488927620945,0,0,0
SIN0000861,POL001970,CLT03970,Santé,Dentaire,2023-02-20,2023-03-01,1483,845,Fermé,30,9,0,31,4,2,0.2042,2035,1.7550295857988165,0.7287469287469287,0.44957151530102807,0,3,0
SIN0000862,POL001974,CLT01450,Auto,Accident matériel,2024-07-19,2024-08-04,1291,889,Fermé,25,16,0,24,4,1,0.1089,988,1.452193475815523,1.30668016194332,0.4151998092621656,0,0,0
SIN0000863,POL001979,CLT02024,Auto,Accident matériel,2024-06-11,2024-06-24,3912,3042,Fermé,22,13,0,66,0,1,0.2723,877,1.2859960552268244,4.460661345496009,0.42522434362152967,0,0,0
SIN0000864,POL001985,CLT02499,Habitation,Dégât des eaux,2024-03-03,2024-03-04,3129,2792,Fermé,15,1,0,26,6,1,0.0777,1823,1.120702005730659,1.7164015359297862,0.4404088291234544,0,2,0
SIN0000865,POL001986,CLT04621,Auto,Bris de glace,2021-04-28,2021-04-29,482,315,Fermé,16,1,0,24,0,0,0.0273,821,1.53015873015873,0.587088915956151,0.4433440173335846,0,5,0
SIN0000866,POL001993,CLT02139,Habitation,Bris de glace,2024-12-06,2024-12-27,457,409,Ouvert,57,21,0,59,0,1,0.0864,1929,1.117359413202934,0.23691031622602385,0.43151896584290356,0,0,0
SIN0000867,POL001993,CLT02139,Habitation,Vol/Cambriolage,2022-11-28,2022-12-15,3901,2287,Fermé,20,17,0,59,0,1,0.0864,1929,1.7057280279842588,2.022291342664593,0.4272551957823932,0,3,0
SIN0000868,POL001993,CLT02139,Habitation,Catastrophe naturelle,2021-12-31,2022-01-29,19738,18078,Fermé,15,29,0,59,0,1,0.0864,1929,1.091824316849209,10.232244686365993,0.5120421428842337,0,0,0
SIN0000869,POL001998,CLT03528,Habitation,Dégât des eaux,2024-11-27,2024-12-19,6514,4764,Ouvert,22,22,0,33,16,1,0.2858,3254,1.3673383711167086,2.001843884449908,0.47283801518857205,0,0,0
SIN0000870,POL002003,CLT01390,Auto,Accident corporel,2023-04-06,2023-04-23,14956,9869,Fermé,20,17,0,43,9,1,0.01,2079,1.5154524267909617,7.193843193843194,0.4641454119155943,0,3,0
SIN0000871,POL002004,CLT03433,Auto,Accident corporel,2023-07-17,2023-08-05,41682,24107,Litigieux,57,19,0,44,0,1,0.1357,1597,1.7290413572821173,26.100187852222916,0.593372085816505,1,6,1
SIN0000872,POL002006,CLT00582,Habitation,Catastrophe naturelle,2024-12-31,2024-12-31,26103,18327,Ouvert,23,27,0,36,5,0,0.01,1810,1.424292028155181,14.421546961325967,0.4974660121053803,0,0,0
SIN0000873,POL002007,CLT00331,Auto,Vol,2024-06-04,2024-06-29,5151,4598,Ouvert,19,25,0,54,0,0,0.0204,1788,1.1202696824706395,2.8808724832214767,0.428053490080263,0,0,0
SIN0000874,POL002010,CLT01055,Habitation,Dégât des eaux,2023-08-25,2023-08-27,10539,7532,Ouvert,43,2,0,18,0,0,0.1459,1083,1.39922995220393,9.731301939058172,0.4678123433037372,0,0,0
SIN0000875,POL002011,CLT00043,Habitation,Vol/Cambriolage,2023-07-06,2023-07-09,3161,2704,Fermé,6,3,0,22,1,1,0.1368,1413,1.169008875739645,2.2370842179759376,0.4240019973505487,0,0,0
SIN0000876,POL002013,CLT04566,Santé,Hospitalisation,2023-10-13,2023-11-11,4154,3622,Fermé,9,29,0,51,0,0,0.3175,1831,1.1468801766979568,2.2687056253413433,0.4551447937919611,0,0,0
SIN0000877,POL002020,CLT04030,Santé,Maternité,2023-09-11,2023-09-24,1892,1747,Fermé,16,13,0,37,0,1,0.0115,434,1.0829994275901544,4.359447004608295,0.4320190115845191,0,0,0
SIN0000878,POL002022,CLT02554,Auto,Accident matériel,2022-11-11,2022-12-02,4284,2960,Fermé,29,21,0,37,2,0,0.0665,1050,1.4472972972972973,4.08,0.3953229590816004,0,0,0
SIN0000879,POL002029,CLT02769,Auto,Bris de glace,2024-07-03,2024-07-15,758,589,Fermé,30,12,0,41,6,1,0.01,2737,1.2869269949066213,0.27694556083302885,0.41833770585701724,0,0,0
SIN0000880,POL002030,CLT04918,Auto,Accident corporel,2023-07-17,2023-07-28,26189,19176,Fermé,16,11,0,59,2,0,0.01,809,1.3657175636211931,32.37206427688504,0.5351381688048471,0,0,0
SIN0000881,POL002032,CLT03838,Auto,Vol,2023-11-20,2023-11-25,5330,3990,Fermé,13,5,0,70,1,0,0.052,1984,1.3358395989974938,2.686491935483871,0.45269279956412356,0,0,0
SIN0000882,POL002032,CLT03838,Auto,Accident matériel,2024-11-27,2024-12-22,1759,1500,Ouvert,58,25,0,70,1,0,0.052,1984,1.1726666666666667,0.8865927419354839,0.4762692056200099,0,0,0
SIN0000883,POL002034,CLT04958,Habitation,Catastrophe naturelle,2021-10-24,2021-11-19,20441,12174,Fermé,10,26,0,51,0,0,0.1958,2888,1.6790701494989322,7.0779085872576175,0.4826987593099037,0,3,0
SIN0000884,POL002037,CLT00647,Auto,Accident matériel,2023-04-29,2023-05-15,1978,1711,Ouvert,40,16,0,54,1,2,0.1801,1455,1.1560490940970194,1.359450171821306,0.42302123337392983,0,0,0
SIN0000885,POL002037,CLT00647,Auto,Vol,2024-10-07,2024-10-27,12183,9074,Ouvert,20,20,0,54,1,2,0.1801,1455,1.3426272867533613,8.37319587628866,0.44528970559701775,0,0,0
SIN0000886,POL002041,CLT03726,Habitation,Dégât des eaux,2022-10-16,2022-11-02,9467,6911,Fermé,17,17,0,42,2,0,0.01,1908,1.3698451743597164,4.961740041928721,0.4130541719561612,0,0,0
SIN0000887,POL002044,CLT00465,Santé,Soins courants,2023-08-26,2023-09-12,244,209,Litigieux,125,17,0,45,7,1,0.2204,1266,1.167464114832536,0.19273301737756715,0.48783756974564,0,0,0
SIN0000888,POL002044,CLT00465,Santé,Dentaire,2022-11-24,2022-11-26,1532,935,Fermé,7,2,0,45,7,1,0.2204,1266,1.6385026737967914,1.2101105845181674,0.45464875650953174,0,3,0
SIN0000889,POL002046,CLT00602,Santé,Optique,2022-08-02,2022-08-23,422,263,Litigieux,118,21,0,48,5,1,0.0262,1067,1.6045627376425855,0.39550140581068416,0.48585038347981485,0,3,0
SIN0000890,POL002046,CLT00602,Santé,Soins courants,2024-08-26,2024-08-29,378,257,Litigieux,31,3,0,48,5,1,0.0262,1067,1.4708171206225682,0.3542642924086223,0.4250026111999063,0,0,0
SIN0000891,POL002048,CLT01084,Santé,Soins courants,2024-04-02,2024-04-11,465,297,Fermé,14,9,0,29,4,0,0.1547,621,1.5656565656565657,0.748792270531401,0.41227657588815586,0,3,0
SIN0000892,POL002048,CLT01084,Santé,Soins courants,2024-06-14,2024-07-09,370,253,Fermé,10,25,0,29,4,0,0.1547,621,1.4624505928853755,0.5958132045088567,0.417607945583099,0,0,0
SIN0000893,POL002051,CLT01063,Auto,Vol,2024-02-25,2024-03-20,13614,7963,Fermé,30,24,0,46,12,1,0.0933,1792,1.709657164385282,7.597098214285714,0.4960342830428885,0,3,0
SIN0000894,POL002054,CLT01059,Habitation,Vol/Cambriolage,2024-03-13,2024-04-06,6366,4104,Fermé,24,24,0,40,0,0,0.2205,2933,1.5511695906432748,2.170473917490624,0.4141159645685928,0,3,0
SIN0000895,POL002059,CLT03769,Habitation,Vol/Cambriolage,2024-12-16,2024-12-29,12554,8700,Ouvert,57,13,0,35,8,0,0.0937,1804,1.4429885057471263,6.958980044345898,0.46307422387778246,0,0,0
SIN0000896,POL002062,CLT04039,Santé,Soins courants,2023-11-28,2023-12-15,129,100,Fermé,21,17,0,39,1,1,0.1936,1026,1.29,0.12573099415204678,0.393147274522966,0,0,0
SIN0000897,POL002062,CLT04039,Santé,Maternité,2024-09-22,2024-09-30,1403,776,Fermé,8,8,0,39,1,1,0.1936,1026,1.8079896907216495,1.3674463937621832,0.4341529160301917,0,3,0
SIN0000898,POL002064,CLT04956,Auto,Accident matériel,2024-10-28,2024-11-21,2485,1670,Ouvert,44,24,0,52,3,0,0.122,941,1.4880239520958083,2.640807651434644,0.4148116722331541,0,0,0
SIN0000899,POL002065,CLT00742,Auto,Vol,2024-07-28,2024-07-28,15172,11090,Fermé,14,0,0,18,0,2,0.2902,1113,1.3680793507664564,13.63162623539982,0.5204807621775961,0,2,0
SIN0000900,POL002065,CLT00742,Auto,Accident matériel,2024-03-09,2024-04-05,9097,8368,Fermé,24,27,0,18,0,2,0.2902,1113,1.0871175908221797,8.173405211141061,0.5072087642307667,0,0,0
SIN0000901,POL002066,CLT04490,Habitation,Incendie,2024-07-29,2024-08-18,19762,14722,Fermé,28,20,0,34,0,0,0.0919,1354,1.3423447901100394,14.595273264401772,0.45621103294550375,0,0,0
SIN0000902,POL002074,CLT00223,Auto,Accident corporel,2023-04-23,2023-05-03,7889,5313,Fermé,23,10,0,51,6,0,0.2563,2070,1.4848484848484849,3.811111111111111,0.4311908398277544,0,0,0
SIN0000903,POL002075,CLT01888,Habitation,Vol/Cambriolage,2021-10-25,2021-11-06,6160,4455,Fermé,12,12,0,26,4,0,0.0236,1691,1.382716049382716,3.642814902424601,0.41505215301453713,0,0,0
SIN0000904,POL002078,CLT02010,Habitation,Vol/Cambriolage,2024-07-19,2024-07-23,3853,3653,Fermé,7,4,0,41,3,1,0.2519,1076,1.0547495209416917,3.5808550185873607,0.4302767686026719,0,0,0
SIN0000905,POL002079,CLT03076,Santé,Optique,2024-09-21,2024-10-01,359,234,Fermé,15,10,0,52,0,0,0.1021,776,1.5341880341880343,0.46262886597938147,0.4063277927451989,0,3,0
SIN0000906,POL002081,CLT02616,Habitation,Dégât des eaux,2022-02-26,2022-03-07,2452,1790,Fermé,9,9,0,30,6,1,0.1626,1223,1.3698324022346369,2.0049059689288633,0.4061606086472237,0,0,0
SIN0000907,POL002082,CLT04299,Habitation,Incendie,2024-08-25,2024-09-01,53192,38302,Fermé,13,7,0,59,7,0,0.062,1944,1.3887525455589786,27.362139917695472,0.6264211568301166,1,3,1
SIN0000908,POL002083,CLT02461,Santé,Hospitalisation,2024-11-25,2024-12-08,12463,9128,Ouvert,6,13,0,18,7,1,0.1155,894,1.3653593339176162,13.940715883668904,0.4920383374086792,0,0,0
SIN0000909,POL002083,CLT02461,Santé,Dentaire,2022-05-04,2022-06-01,1964,1605,Ouvert,43,28,0,18,7,1,0.1155,894,1.2236760124610593,2.1968680089485457,0.473396711105821,0,0,0
SIN0000910,POL002086,CLT04481,Santé,Soins courants,2024-06-23,2024-07-22,252,202,Fermé,14,29,0,44,7,0,0.01,536,1.2475247524752475,0.4701492537313433,0.445212281045868,0,0,0
SIN0000911,POL002087,CLT01522,Santé,Soins courants,2024-01-10,2024-01-25,166,155,Fermé,16,15,0,30,5,0,0.0247,1626,1.070967741935484,0.10209102091020911,0.43055205420836884,0,0,0
SIN0000912,POL002090,CLT04005,Auto,Bris de glace,2021-12-02,2021-12-05,518,376,Ouvert,25,3,0,44,1,3,0.5161,1076,1.377659574468085,0.48141263940520446,0.5060890190297163,0,2,0
SIN0000913,POL002090,CLT04005,Auto,Vol,2023-05-10,2023-05-23,3532,3042,Litigieux,57,13,0,44,1,3,0.5161,1076,1.161078238001315,3.282527881040892,0.5040065216347664,0,2,0
SIN0000914,POL002093,CLT02640,Auto,Accident matériel,2024-01-19,2024-01-21,1990,1593,Fermé,20,2,0,37,4,0,0.01,841,1.2492153170119271,2.366230677764566,0.417009093044524,0,0,0
SIN0000915,POL002096,CLT04383,Santé,Soins courants,2023-12-05,2023-12-18,289,258,Ouvert,34,13,0,55,20,1,0.1904,1020,1.12015503875969,0.2833333333333333,0.49696018218804816,0,0,0
SIN0000916,POL002096,CLT04383,Santé,Soins courants,2024-09-24,2024-09-26,345,312,Fermé,7,2,0,55,20,1,0.1904,1020,1.1057692307692308,0.3382352941176471,0.5179678953630166,0,0,0
SIN0000917,POL002098,CLT01548,Auto,Vol,2024-08-09,2024-08-11,12137,9903,Fermé,5,2,0,44,0,0,0.1965,2510,1.2255882055942644,4.835458167330677,0.4451952032768267,0,0,0
SIN0000918,POL002099,CLT01133,Auto,Accident corporel,2024-08-12,2024-08-23,15569,10887,Fermé,8,11,0,34,0,0,0.1832,883,1.4300541930743087,17.63193657984145,0.46965647303286356,0,0,0
SIN0000919,POL002106,CLT01234,Santé,Dentaire,2024-01-16,2024-02-13,516,292,Fermé,14,28,0,44,3,1,0.1981,1146,1.7671232876712328,0.450261780104712,0.4535892319315384,0,3,0
SIN0000920,POL002107,CLT01670,Santé,Optique,2023-12-23,2023-12-31,734,579,Fermé,27,8,0,62,3,0,0.0985,865,1.2677029360967185,0.8485549132947977,0.4168273767047459,0,0,0
SIN0000921,POL002108,CLT00277,Santé,Dentaire,2023-08-04,2023-08-21,1253,984,Ouvert,35,17,0,38,1,1,0.2864,1171,1.2733739837398375,1.0700256191289497,0.4021253509538173,0,0,0
SIN0000922,POL002111,CLT01389,Habitation,Incendie,2022-12-14,2022-12-26,37129,22088,Fermé,19,12,0,48,2,2,0.2475,2138,1.6809579862368706,17.36623012160898,0.5417638866900568,0,6,0
SIN0000923,POL002111,CLT01389,Habitation,Dégât des eaux,2023-12-21,2024-01-03,6340,3925,Fermé,21,13,0,48,2,2,0.2475,2138,1.6152866242038217,2.9653882132834424,0.421484198912907,0,3,0
SIN0000924,POL002113,CLT02438,Habitation,Dégât des eaux,2024-02-21,2024-02-28,2576,2404,Ouvert,34,7,0,50,0,0,0.0896,1109,1.0715474209650582,2.3228133453561766,0.42637196156975415,0,0,0
SIN0000925,POL002113,CLT02438,Habitation,Catastrophe naturelle,2024-04-25,2024-05-21,12610,9029,Fermé,21,26,0,50,0,0,0.0896,1109,1.396610920367704,11.370604147880973,0.4417723941980208,0,0,0
SIN0000926,POL002115,CLT03715,Auto,Accident matériel,2023-08-22,2023-09-13,3868,2325,Fermé,11,22,0,50,0,0,0.163,945,1.6636559139784945,4.093121693121693,0.41130041060812833,0,3,0
SIN0000927,POL002116,CLT03521,Santé,Dentaire,2021-05-09,2021-06-04,1089,919,Fermé,6,26,0,41,2,0,0.2593,571,1.1849836779107725,1.9071803852889668,0.42961722904813926,0,0,0
SIN0000928,POL002116,CLT03521,Santé,Optique,2021-04-27,2021-05-22,305,286,Fermé,17,25,0,41,2,0,0.2593,571,1.0664335664335665,0.5341506129597198,0.4320400458576836,0,0,0
SIN0000929,POL002116,CLT03521,Santé,Soins courants,2023-02-18,2023-02-18,226,192,Fermé,26,0,0,41,2,0,0.2593,571,1.1770833333333333,0.3957968476357268,0.4393872547209601,0,2,0
SIN0000930,POL002118,CLT03306,Santé,Hospitalisation,2023-04-26,2023-05-04,5744,5355,Fermé,28,8,0,46,4,0,0.1006,1693,1.072642390289449,3.392793857058476,0.4175854224974295,0,0,0
SIN0000931,POL002119,CLT02317,Habitation,Dégât des eaux,2024-10-06,2024-10-25,4371,3941,Ouvert,6,19,0,31,0,2,0.3367,717,1.1091093631058107,6.096234309623431,0.44556241491314824,0,0,0
SIN0000932,POL002120,CLT04803,Auto,Bris de glace,2023-07-25,2023-08-01,241,157,Fermé,5,7,0,42,8,1,0.0773,1332,1.535031847133758,0.18093093093093093,0.4398445429474898,0,3,0
SIN0000933,POL002120,CLT04803,Auto,Accident matériel,2024-01-04,2024-01-30,4557,3091,Fermé,27,26,0,42,8,1,0.0773,1332,1.4742801682303461,3.421171171171171,0.4240788040028643,0,0,0
SIN0000934,POL002121,CLT04676,Habitation,Bris de glace,2024-09-04,2024-09-09,501,337,Fermé,30,5,0,43,7,1,0.1074,1500,1.486646884272997,0.334,0.4236821962729113,0,0,0
SIN0000935,POL002124,CLT02311,Habitation,Incendie,2024-07-22,2024-08-10,36439,34598,Ouvert,4,19,0,42,3,1,0.153,3076,1.0532111682756229,11.846228868660598,0.5411723441024116,0,3,0
SIN0000936,POL002125,CLT03416,Habitation,Dégât des eaux,2022-10-18,2022-10-22,3522,2273,Litigieux,128,4,0,60,1,1,0.1202,1932,1.5494940607127146,1.8229813664596273,0.4974661251738827,0,3,0
SIN0000937,POL002128,CLT00612,Habitation,Catastrophe naturelle,2023-10-11,2023-10-29,39079,34785,Fermé,19,18,0,27,1,0,0.01,3038,1.1234440132240908,12.863396971691902,0.5520896471241701,0,3,0
SIN0000938,POL002138,CLT02093,Habitation,Dégât des eaux,2023-04-22,2023-05-02,4172,2621,Ouvert,11,10,0,26,2,2,0.3532,1341,1.5917588706600534,3.111111111111111,0.4436942693013452,0,3,0
SIN0000939,POL002138,CLT02093,Habitation,Incendie,2024-07-22,2024-08-20,20962,13019,Fermé,23,29,0,26,2,2,0.3532,1341,1.6101083032490975,15.631618195376584,0.5445994374311601,0,3,0
SIN0000940,POL002139,CLT04711,Habitation,Dégât des eaux,2024-09-29,2024-10-25,8540,5193,Ouvert,56,26,0,54,7,2,0.4697,3443,1.644521471211246,2.480395004356666,0.5354463409823926,0,3,0
SIN0000941,POL002139,CLT04711,Habitation,Dégât des eaux,2024-02-06,2024-02-20,3461,2078,Ouvert,50,14,0,54,7,2,0.4697,3443,1.665543792107796,1.0052279988382224,0.5049088981090457,0,3,0
SIN0000942,POL002139,CLT04711,Habitation,Dégât des eaux,2023-07-23,2023-07-26,1714,1482,Fermé,26,3,0,54,7,2,0.4697,3443,1.156545209176788,0.4978216671507406,0.48404372115630623,0,0,0
SIN0000943,POL002141,CLT03169,Auto,Accident matériel,2024-01-29,2024-02-16,2369,1444,Fermé,9,18,0,64,1,0,0.01,1476,1.6405817174515236,1.6050135501355014,0.4359893653228095,0,3,0
SIN0000944,POL002142,CLT03644,Auto,Accident matériel,2023-10-19,2023-11-14,3573,3122,Fermé,5,26,0,49,4,0,0.0922,929,1.1444586803331198,3.8460710441334767,0.41956467996481095,0,0,0
SIN0000945,POL002142,CLT03644,Auto,Vol,2024-03-28,2024-04-02,7413,4783,Fermé,5,5,0,49,4,0,0.0922,929,1.549864102028016,7.979547900968783,0.4325950187276585,0,3,0
SIN0000946,POL002150,CLT02386,Habitation,Vol/Cambriolage,2023-07-30,2023-08-07,7423,6696,Fermé,12,8,0,50,4,0,0.2085,1648,1.1085722819593786,4.504247572815534,0.4231737534232597,0,0,0
SIN0000947,POL002155,CLT01912,Santé,Soins courants,2023-05-28,2023-06-06,175,96,Fermé,7,9,0,48,1,1,0.2751,1200,1.8229166666666667,0.14583333333333334,0.45874148437756423,0,3,0
SIN0000948,POL002156,CLT03708,Auto,Vol,2022-08-03,2022-08-25,5389,3479,Fermé,16,22,0,46,10,0,0.1181,1102,1.5490083357286577,4.890199637023594,0.42094967441975767,0,3,0
SIN0000949,POL002156,CLT03708,Auto,Accident matériel,2022-05-14,2022-06-03,3761,2180,Litigieux,70,20,0,46,10,0,0.1181,1102,1.7252293577981652,3.412885662431942,0.4659522369690825,0,3,0
SIN0000950,POL002158,CLT03369,Auto,Vol,2023-09-04,2023-10-02,10665,7265,Ouvert,28,28,0,51,4,1,0.1004,1230,1.467997247075017,8.670731707317072,0.4514116609507553,0,0,0
SIN0000951,POL002158,CLT03369,Auto,Accident matériel,2024-01-09,2024-01-13,6151,5183,Fermé,25,4,0,51,4,1,0.1004,1230,1.1867644221493343,5.0008130081300814,0.4156730144826572,0,0,0
SIN0000952,POL002159,CLT04429,Habitation,Vol/Cambriolage,2022-03-14,2022-03-19,9122,5974,Fermé,13,5,0,71,2,1,0.1751,1765,1.5269501171744224,5.168271954674221,0.4591944611272418,0,3,0
SIN0000953,POL002164,CLT02215,Habitation,Dégât des eaux,2023-10-31,2023-11-19,12395,10665,Ouvert,13,19,0,60,0,0,0.1422,1382,1.1622128457571494,8.968885672937772,0.4490994273121357,0,0,0
SIN0000954,POL002165,CLT02900,Habitation,Incendie,2024-08-05,2024-08-15,43703,33499,Litigieux,106,10,0,34,0,1,0.1556,1407,1.3046061076450044,31.061122956645345,0.6357077650701909,1,3,1
SIN0000955,POL002167,CLT01825,Habitation,Dégât des eaux,2024-06-18,2024-07-06,2946,2422,Fermé,15,18,0,60,0,1,0.2864,1599,1.2163501238645746,1.8424015009380863,0.4156945401795363,0,0,0
SIN0000956,POL002167,CLT01825,Habitation,Dégât des eaux,2024-03-29,2024-04-06,4863,3993,Ouvert,21,8,0,60,0,1,0.2864,1599,1.2178812922614575,3.041275797373358,0.41782633647778517,0,0,0
SIN0000957,POL002169,CLT02056,Auto,Accident matériel,2022-10-07,2022-10-26,3147,2478,Fermé,16,19,0,48,0,1,0.3468,1594,1.2699757869249395,1.9742785445420326,0.40805948931059055,0,0,0
SIN0000958,POL002169,CLT02056,Auto,Accident matériel,2023-01-05,2023-01-08,2191,1233,Fermé,29,3,0,48,0,1,0.3468,1594,1.7769667477696676,1.374529485570891,0.4667497570673111,0,3,0
SIN0000959,POL002169,CLT02056,Auto,Bris de glace,2024-09-17,2024-10-08,184,166,Ouvert,28,21,0,48,0,1,0.3468,1594,1.108433734939759,0.11543287327478043,0.4262411078968612,0,0,0
SIN0000960,POL002172,CLT02558,Auto,Accident matériel,2024-06-04,2024-06-17,4785,3470,Fermé,18,13,0,41,2,1,0.1721,988,1.3789625360230549,4.843117408906883,0.3851692987526999,0,0,0
SIN0000961,POL002178,CLT02265,Auto,Accident matériel,2023-08-24,2023-08-25,2965,2436,Fermé,28,1,0,53,1,0,0.0672,1269,1.2171592775041051,2.3364854215918047,0.42567920672080717,0,2,0
SIN0000962,POL002179,CLT01801,Auto,Accident matériel,2022-02-11,2022-02-15,2815,1910,Fermé,12,4,0,33,10,0,0.2452,2190,1.4738219895287958,1.2853881278538812,0.43986112090972207,0,0,0
SIN0000963,POL002180,CLT02954,Habitation,Dégât des eaux,2024-12-25,2024-12-31,6245,5880,Ouvert,23,30,0,49,1,1,0.1381,1260,1.0620748299319729,4.9563492063492065,0.45544843759934756,0,0,0
SIN0000964,POL002181,CLT01358,Habitation,Catastrophe naturelle,2024-06-09,2024-07-03,15150,10194,Fermé,13,24,0,39,2,0,0.2437,3594,1.4861683343143026,4.215358931552587,0.4432450418119771,0,0,0
SIN0000965,POL002181,CLT01358,Habitation,Dégât des eaux,2023-06-27,2023-07-06,6046,4788,Fermé,11,9,0,39,2,0,0.2437,3594,1.2627401837928154,1.6822481914301615,0.4122101869492249,0,0,0
SIN0000966,POL002183,CLT03146,Auto,Bris de glace,2024-01-30,2024-02-08,178,117,Fermé,29,9,0,58,0,0,0.2095,2534,1.5213675213675213,0.0702446724546172,0.4249291707007659,0,3,0
SIN0000967,POL002185,CLT00740,Habitation,Dégât des eaux,2024-11-06,2024-11-20,5574,5143,Ouvert,33,14,0,18,10,0,0.0171,1789,1.0838032276881198,3.1157070989379543,0.46850842290180283,0,0,0
SIN0000968,POL002185,CLT00740,Habitation,Incendie,2024-05-31,2024-06-07,31406,22123,Fermé,21,7,0,18,10,0,0.0171,1789,1.4196085521855082,17.555058692006707,0.5622999065322177,1,3,1
SIN0000969,POL002188,CLT01930,Auto,Incendie,2023-10-23,2023-11-14,5995,4000,Fermé,9,22,0,33,2,1,0.2148,1427,1.49875,4.201121233356693,0.3967300783311778,0,0,0
SIN0000970,POL002188,CLT01930,Auto,Accident matériel,2023-01-14,2023-01-20,3244,2469,Fermé,11,6,0,33,2,1,0.2148,1427,1.313892264074524,2.2733006306937633,0.39137009446300564,0,0,0
SIN0000971,POL002188,CLT01930,Auto,Bris de glace,2024-03-01,2024-03-08,651,546,Litigieux,116,7,0,33,2,1,0.2148,1427,1.1923076923076923,0.4562018220042046,0.4740002280433617,0,0,0
SIN0000972,POL002191,CLT03510,Auto,Accident matériel,2024-02-17,2024-02-28,3277,2129,Fermé,11,11,0,46,1,0,0.1984,736,1.5392202912165336,4.452445652173913,0.4060718239334761,0,3,0
SIN0000973,POL002193,CLT03659,Habitation,Vol/Cambriolage,2023-01-01,2023-01-26,10057,8263,Fermé,5,25,0,36,1,1,0.1849,1813,1.2171124288999153,5.547159404302262,0.4253530381161218,0,0,0
SIN0000974,POL002195,CLT00635,Santé,Maternité,2024-08-29,2024-09-28,780,707,Fermé,23,30,0,26,1,0,0.0211,1862,1.1032531824611032,0.4189044038668099,0.4600225881488807,0,0,0
SIN0000975,POL002200,CLT04510,Habitation,Vol/Cambriolage,2024-12-10,2024-12-31,14903,11496,Ouvert,48,23,0,49,3,0,0.1742,2417,1.2963639526791928,6.165908150599917,0.44725901817165026,0,0,0
SIN0000976,POL002200,CLT04510,Habitation,Dégât des eaux,2024-02-02,2024-03-03,4762,2625,Fermé,29,30,0,49,3,0,0.1742,2417,1.8140952380952382,1.9702110053785684,0.46013379219012157,0,3,0
SIN0000977,POL002202,CLT01949,Habitation,Dégât des eaux,2022-08-08,2022-08-08,3241,2591,Fermé,26,0,0,32,1,2,0.2388,1860,1.2508683905827866,1.7424731182795699,0.44250750837770686,0,2,0
SIN0000978,POL002210,CLT01893,Auto,Bris de glace,2023-12-03,2023-12-28,292,260,Fermé,5,25,0,35,1,0,0.0233,2590,1.123076923076923,0.11274131274131274,0.4272194370334146,0,0,0
SIN0000979,POL002218,CLT00767,Habitation,Dégât des eaux,2024-09-28,2024-10-01,2505,2001,Fermé,11,3,0,32,0,1,0.3005,2560,1.2518740629685157,0.978515625,0.4152676842478675,0,0,0
SIN0000980,POL002218,CLT00767,Habitation,Vol/Cambriolage,2024-12-10,2024-12-21,9929,8984,Ouvert,7,11,0,32,0,1,0.3005,2560,1.105186999109528,3.878515625,0.438565758127708,0,0,0
SIN0000981,POL002218,CLT00767,Habitation,Catastrophe naturelle,2023-06-02,2023-06-21,19509,16125,Fermé,9,19,0,32,0,1,0.3005,2560,1.209860465116279,7.620703125,0.4606785182834094,0,0,0
SIN0000982,POL002220,CLT00858,Santé,Soins courants,2024-04-14,2024-04-25,347,276,Ouvert,7,11,0,29,6,1,0.01,689,1.2572463768115942,0.5036284470246735,0.4247027984485166,0,0,0
SIN0000983,POL002220,CLT00858,Santé,Soins courants,2023-01-31,2023-03-01,267,242,Fermé,12,29,0,29,6,1,0.01,689,1.103305785123967,0.3875181422351234,0.4724445025308323,0,0,0
SIN0000984,POL002221,CLT00422,Habitation,Vol/Cambriolage,2024-03-02,2024-03-25,6841,6251,Litigieux,62,23,0,54,1,1,0.1373,2027,1.0943848984162534,3.3749383325111,0.4359420203342566,0,0,0
SIN0000985,POL002225,CLT04406,Auto,Accident matériel,2023-01-16,2023-01-26,2416,1436,Fermé,20,10,0,53,5,0,0.2162,2482,1.682451253481894,0.9734085414987913,0.4280406143667856,0,3,0
SIN0000986,POL002232,CLT01313,Habitation,Dégât des eaux,2022-01-11,2022-01-19,9998,6087,Fermé,24,8,0,54,7,0,0.0854,1502,1.6425168391654346,6.656458055925433,0.44733675673937007,0,3,0
SIN0000987,POL002234,CLT01708,Habitation,Dégât des eaux,2024-07-18,2024-08-14,3945,3163,Fermé,22,27,0,30,8,1,0.3046,1479,1.2472336389503635,2.667342799188641,0.44777918951732926,0,0,0
SIN0000988,POL002235,CLT03018,Santé,Optique,2022-02-06,2022-03-02,823,614,Ouvert,6,24,0,23,3,0,0.0408,992,1.3403908794788273,0.8296370967741935,0.42338847837565935,0,0,0
SIN0000989,POL002235,CLT03018,Santé,Dentaire,2023-11-24,2023-12-18,587,544,Fermé,11,24,0,23,3,0,0.0408,992,1.0790441176470589,0.5917338709677419,0.4423979543262066,0,0,0
SIN0000990,POL002238,CLT04777,Auto,Accident matériel,2024-05-14,2024-05-23,3867,2187,Fermé,10,9,0,58,6,0,0.1745,949,1.7681755829903978,4.074815595363541,0.44538394994097785,0,3,0
SIN0000991,POL002245,CLT00811,Auto,Vol,2023-08-21,2023-08-27,11591,10619,Fermé,30,6,0,66,4,2,0.3303,2984,1.091534042753555,3.8843833780160857,0.5049891108680198,0,0,0
SIN0000992,POL002249,CLT02365,Habitation,Dégât des eaux,2022-05-11,2022-05-17,4125,3804,Fermé,17,6,0,26,1,1,0.1561,2499,1.084384858044164,1.6506602641056423,0.41620433878363383,0,0,0
SIN0000993,POL002249,CLT02365,Habitation,Catastrophe naturelle,2023-03-09,2023-03-11,12461,10580,Fermé,15,2,0,26,1,1,0.1561,2499,1.177788279773157,4.98639455782313,0.4463859332848766,0,0,0
SIN0000994,POL002250,CLT00235,Santé,Soins courants,2024-07-17,2024-07-31,294,221,Fermé,11,14,0,44,6,0,0.1109,908,1.330316742081448,0.3237885462555066,0.40513664824645845,0,0,0
SIN0000995,POL002250,CLT00235,Santé,Dentaire,2023-03-26,2023-04-06,499,466,Fermé,15,11,0,44,6,0,0.1109,908,1.0708154506437768,0.5495594713656388,0.42008227990757585,0,0,0
SIN0000996,POL002251,CLT00243,Habitation,Dégât des eaux,2024-09-21,2024-10-14,16201,11515,Ouvert,41,23,0,27,3,2,0.2419,1849,1.4069474598349978,8.762033531638723,0.47676280304015134,0,0,0
SIN0000997,POL002251,CLT00243,Habitation,Catastrophe naturelle,2024-12-03,2024-12-15,18487,11127,Ouvert,12,12,0,27,3,2,0.2419,1849,1.6614541206075313,9.998377501352083,0.4849218692292064,0,3,0
SIN0000998,POL002254,CLT00639,Auto,Bris de glace,2024-02-19,2024-03-03,390,362,Fermé,26,13,0,48,6,2,0.3856,2483,1.0773480662983426,0.15706806282722513,0.45286536913093045,0,0,0
SIN0000999,POL002254,CLT00639,Auto,Accident corporel,2023-04-02,2023-04-21,7025,5123,Fermé,24,19,0,48,6,2,0.3856,2483,1.371266835838376,2.829238824003222,0.4390795663837624,0,0,0
SIN0001000,POL002254,CLT00639,Auto,Accident corporel,2024-08-21,2024-09-09,11357,9944,Litigieux,125,19,0,48,6,2,0.3856,2483,1.1420957361222848,4.573902537253322,0.5643033746351737,1,0,0
SIN0001001,POL002254,CLT00639,Auto,Accident matériel,2024-10-13,2024-10-26,3122,2294,Ouvert,37,13,0,48,6,2,0.3856,2483,1.3609415867480383,1.257349979863069,0.4346753203797179,0,0,0
SIN0001002,POL002255,CLT02277,Auto,Incendie,2024-05-16,2024-06-03,34934,30167,Fermé,11,18,0,32,3,0,0.01,2282,1.1580203533662612,15.308501314636285,0.5391254498725703,0,3,0
SIN0001003,POL002260,CLT01227,Habitation,Vol/Cambriolage,2023-07-26,2023-08-13,9092,6203,Litigieux,61,18,0,53,0,1,0.297,1434,1.4657423827180396,6.340306834030684,0.44375208810823175,0,0,0
SIN0001004,POL002260,CLT01227,Habitation,Catastrophe naturelle,2024-11-08,2024-11-17,21830,17134,Ouvert,53,9,0,53,0,1,0.297,1434,1.2740749387183379,15.223152022315203,0.49955224708065116,0,0,0
SIN0001005,POL002261,CLT02407,Auto,Bris de glace,2023-09-01,2023-09-09,221,143,Fermé,10,8,0,42,2,0,0.3563,923,1.5454545454545454,0.23943661971830985,0.43840368955005277,0,3,0
SIN0001006,POL002276,CLT04236,Habitation,Dégât des eaux,2022-08-31,2022-09-19,8082,4740,Fermé,5,19,0,47,2,0,0.0392,2542,1.7050632911392405,3.179386309992132,0.43558243475625236,0,3,0
SIN0001007,POL002278,CLT04060,Habitation,Dégât des eaux,2024-04-15,2024-04-17,4462,3313,Fermé,8,2,0,25,6,0,0.0249,1696,1.3468155750075461,2.630896226415094,0.4346962359853972,0,0,0
SIN0001008,POL002278,CLT04060,Habitation,Incendie,2024-05-04,2024-05-20,13208,9431,Ouvert,58,16,0,25,6,0,0.0249,1696,1.4004877531544906,7.787735849056604,0.47724125058085926,0,0,0
SIN0001009,POL002282,CLT03944,Habitation,Dégât des eaux,2024-02-14,2024-02-20,3444,2299,Fermé,11,6,0,45,1,0,0.2171,1358,1.4980426272292302,2.536082474226804,0.4029945130154987,0,0,0
SIN0001010,POL002282,CLT03944,Habitation,Dégât des eaux,2024-03-27,2024-03-28,10865,9683,Fermé,29,1,0,45,1,0,0.2171,1358,1.122069606526903,8.000736377025037,0.45886819045499594,0,2,0
SIN0001011,POL002293,CLT03936,Auto,Bris de glace,2024-02-18,2024-03-01,562,347,Fermé,18,12,0,48,15,0,0.01,969,1.6195965417867435,0.5799793601651186,0.46605071137892307,0,3,0
SIN0001012,POL002295,CLT02047,Auto,Accident corporel,2024-10-11,2024-10-22,19363,15454,Ouvert,54,11,0,18,1,1,0.2265,1487,1.252944221560761,13.021519838601211,0.4959584153321662,0,0,0
SIN0001013,POL002301,CLT04236,Auto,Vol,2022-10-19,2022-10-21,8651,7560,Fermé,10,2,0,47,2,0,0.0392,2249,1.1443121693121694,3.8465984882169852,0.44355924665103125,0,0,0
SIN0001014,POL002309,CLT01901,Auto,Bris de glace,2021-11-06,2021-11-28,201,138,Fermé,17,22,0,28,1,2,0.1841,2110,1.4565217391304348,0.095260663507109,0.43267449234019195,0,0,0
SIN0001015,POL002322,CLT04482,Santé,Soins courants,2022-08-31,2022-09-09,208,118,Fermé,13,9,0,40,5,0,0.01,542,1.7627118644067796,0.3837638376383764,0.4449489696087353,0,3,0
SIN0001016,POL002324,CLT04733,Auto,Bris de glace,2023-10-14,2023-11-08,223,207,Fermé,17,25,0,40,5,1,0.2389,2411,1.077294685990338,0.09249274160099544,0.4295267860421861,0,0,0
SIN0001017,POL002325,CLT01206,Auto,Vol,2024-03-30,2024-04-24,9707,6317,Fermé,11,25,0,34,7,0,0.0451,1572,1.5366471426309958,6.174936386768448,0.44291698476715247,0,3,0
SIN0001018,POL002325,CLT01206,Auto,Accident matériel,2023-04-13,2023-04-24,2723,1763,Fermé,7,11,0,34,7,0,0.0451,1572,1.544526375496313,1.7321882951653944,0.4189285105643223,0,3,0
SIN0001019,POL002326,CLT04476,Habitation,Vol/Cambriolage,2022-09-08,2022-09-29,3503,3113,Fermé,26,21,0,50,6,2,0.3293,1346,1.1252810793446837,2.6025260029717683,0.43575912398083955,0,0,0
SIN0001020,POL002328,CLT04222,Habitation,Catastrophe naturelle,2024-01-31,2024-02-10,9350,8616,Fermé,6,10,0,35,3,0,0.0871,1588,1.0851903435468895,5.8879093198992445,0.4318553406588686,0,0,0
SIN0001021,POL002330,CLT03863,Habitation,Vol/Cambriolage,2024-07-21,2024-08-07,4175,2948,Litigieux,114,17,0,48,2,0,0.1113,3377,1.416214382632293,1.2363044122001776,0.45954807178143126,0,0,0
SIN0001022,POL002330,CLT03863,Habitation,Incendie,2024-06-10,2024-06-24,25255,22501,Fermé,15,14,0,48,2,0,0.1113,3377,1.122394560241767,7.478531240746224,0.4725730144046653,0,0,0
SIN0001023,POL002332,CLT00157,Habitation,Catastrophe naturelle,2023-05-20,2023-05-26,29032,17715,Fermé,10,6,0,56,0,0,0.0417,1310,1.638837143663562,22.1618320610687,0.5253389066024959,0,6,0
SIN0001024,POL002336,CLT01348,Auto,Accident matériel,2023-09-01,2023-09-19,1139,865,Fermé,15,18,0,43,1,0,0.0555,1217,1.3167630057803468,0.9359079704190633,0.3918443084996884,0,0,0
SIN0001025,POL002338,CLT04793,Santé,Soins courants,2022-12-20,2022-12-25,343,310,Fermé,22,5,0,56,2,1,0.2712,1191,1.1064516129032258,0.2879932829554996,0.4177196010645764,0,0,0
SIN0001026,POL002339,CLT03240,Santé,Soins courants,2023-10-29,2023-11-02,239,210,Fermé,29,4,0,71,0,1,0.1771,609,1.138095238095238,0.3924466338259442,0.4597055108652934,0,0,0
SIN0001027,POL002339,CLT03240,Santé,Hospitalisation,2024-12-13,2024-12-31,3353,3177,Ouvert,36,28,0,71,0,1,0.1771,609,1.0553981743783443,5.505747126436781,0.495913747192511,0,0,0
SIN0001028,POL002346,CLT00667,Auto,Accident matériel,2023-04-16,2023-04-17,3206,2761,Fermé,28,1,0,63,7,2,0.3154,1073,1.161173487866715,2.9878844361602983,0.47741177113922173,0,2,0
SIN0001029,POL002349,CLT04469,Habitation,Vol/Cambriolage,2024-10-26,2024-11-13,4240,3869,Ouvert,8,18,0,32,1,2,0.2643,1212,1.095890410958904,3.4983498349834985,0.42134489072918996,0,0,0
SIN0001030,POL002349,CLT04469,Habitation,Catastrophe naturelle,2023-01-16,2023-02-08,11802,7767,Fermé,5,23,0,32,1,2,0.2643,1212,1.5195056006179992,9.737623762376238,0.46530981155063006,0,3,0
SIN0001031,POL002351,CLT04460,Auto,Accident matériel,2022-10-03,2022-10-20,11430,7339,Fermé,26,17,0,40,3,0,0.1214,1605,1.5574328927646819,7.121495327102804,0.4191270275948514,0,3,0
SIN0001032,POL002352,CLT04836,Habitation,Dégât des eaux,2022-07-01,2022-07-22,2592,2237,Fermé,25,21,0,35,0,1,0.2197,1245,1.158694680375503,2.0819277108433734,0.39401902488065704,0,0,0
SIN0001033,POL002356,CLT04934,Auto,Accident matériel,2022-08-03,2022-08-22,2840,1847,Fermé,12,19,0,18,3,1,0.147,790,1.5376285868976718,3.5949367088607596,0.4191107298976368,0,3,0
SIN0001034,POL002361,CLT04453,Auto,Bris de glace,2024-01-20,2024-01-22,344,323,Ouvert,11,2,0,43,1,1,0.2088,875,1.065015479876161,0.3931428571428571,0.43207428795347275,0,0,0
SIN0001035,POL002363,CLT00801,Habitation,Catastrophe naturelle,2022-10-16,2022-10-30,45929,31237,Fermé,27,14,0,51,4,1,0.0462,1218,1.4703396612991004,37.708538587848935,0.6107533455410024,1,3,1
SIN0001036,POL002365,CLT04267,Habitation,Dégât des eaux,2023-03-28,2023-04-19,15948,12527,Fermé,10,22,0,35,8,1,0.2131,1812,1.2730901253292888,8.801324503311259,0.4568300581937657,0,0,0
SIN0001037,POL002366,CLT01086,Santé,Soins courants,2023-04-09,2023-04-28,179,104,Litigieux,131,19,0,48,4,0,0.1672,1049,1.7211538461538463,0.17063870352716873,0.514238119464902,0,3,0
SIN0001038,POL002372,CLT01388,Auto,Accident matériel,2023-10-07,2023-10-11,2523,1602,Fermé,22,4,0,21,0,0,0.2007,780,1.5749063670411985,3.2346153846153847,0.42851091491041715,0,3,0
SIN0001039,POL002372,CLT01388,Auto,Incendie,2024-03-23,2024-04-01,13803,10374,Fermé,13,9,0,21,0,0,0.2007,780,1.330537883169462,17.696153846153845,0.48327070999468796,0,0,0
SIN0001040,POL002375,CLT03331,Habitation,Dégât des eaux,2024-10-10,2024-10-17,4438,4017,Ouvert,45,7,0,47,4,0,0.1724,2808,1.1048045805327358,1.5804843304843306,0.4174059173684447,0,0,0
SIN0001041,POL002375,CLT03331,Habitation,Vol/Cambriolage,2024-12-10,2024-12-31,22688,20612,Ouvert,34,25,0,47,4,0,0.1724,2808,1.1007180283330098,8.079772079772079,0.4804209105315726,0,0,0
SIN0001042,POL002375,CLT03331,Habitation,Vol/Cambriolage,2024-12-30,2024-12-31,11387,10556,Ouvert,51,20,0,47,4,0,0.1724,2808,1.0787230011367943,4.05519943019943,0.4545109335053517,0,0,0
SIN0001043,POL002376,CLT02648,Auto,Bris de glace,2023-12-17,2024-01-02,1502,1323,Ouvert,2,16,0,53,4,1,0.3606,1995,1.1352985638699924,0.7528822055137845,0.44508736402454085,0,0,0
SIN0001044,POL002381,CLT00479,Auto,Accident corporel,2024-06-12,2024-07-02,16153,12631,Fermé,10,20,0,80,8,1,0.093,697,1.2788377800649195,23.17503586800574,0.5511761801903537,0,0,0
SIN0001045,POL002382,CLT02850,Santé,Soins courants,2024-04-27,2024-05-09,331,189,Fermé,13,12,0,58,0,0,0.01,1710,1.7513227513227514,0.1935672514619883,0.4503903769494391,0,3,0
SIN0001046,POL002384,CLT00708,Habitation,Catastrophe naturelle,2024-10-03,2024-10-04,19828,15229,Ouvert,32,1,0,36,6,0,0.01,953,1.301989625057456,20.805876180482688,0.5204519297024561,0,2,0
SIN0001047,POL002391,CLT04394,Auto,Accident matériel,2021-12-28,2022-01-16,2508,2302,Ouvert,30,19,0,43,7,2,0.2385,1401,1.0894874022589054,1.7901498929336188,0.4339587492406199,0,0,0
SIN0001048,POL002394,CLT00108,Habitation,Vol/Cambriolage,2021-12-16,2022-01-04,13686,9644,Fermé,12,19,0,55,11,0,0.0331,1525,1.4191206968063044,8.974426229508197,0.4750956522921981,0,0,0
SIN0001049,POL002400,CLT00063,Habitation,Dégât des eaux,2022-03-24,2022-04-19,4222,2644,Ouvert,21,26,0,59,0,0,0.0292,2051,1.5968229954614221,2.058508044856168,0.43556718968736025,0,3,0
SIN0001050,POL002400,CLT00063,Habitation,Vol/Cambriolage,2022-01-29,2022-02-13,11648,9912,Fermé,11,15,0,59,0,0,0.0292,2051,1.1751412429378532,5.679180887372014,0.45580404387099605,0,0,0
SIN0001051,POL002410,CLT04794,Habitation,Dégât des eaux,2024-01-05,2024-01-06,9710,5584,Fermé,16,1,0,59,4,0,0.2303,1730,1.7388968481375358,5.61271676300578,0.4747855248539626,0,5,0
SIN0001052,POL002417,CLT04451,Auto,Bris de glace,2022-08-12,2022-08-27,377,238,Fermé,5,15,0,51,7,0,0.01,771,1.584033613445378,0.4889753566796368,0.4336041178099624,0,3,0
SIN0001053,POL002418,CLT03444,Habitation,Incendie,2022-09-04,2022-09-13,61882,48780,Ouvert,16,9,0,33,1,1,0.1524,1539,1.2685936859368594,40.20922677063028,0.6419525903545448,1,3,1
SIN0001054,POL002421,CLT04521,Auto,Accident corporel,2023-10-19,2023-11-17,6357,4239,Fermé,19,29,0,52,6,0,0.0908,1030,1.4996461429582448,6.171844660194175,0.443004428732219,0,0,0
SIN0001055,POL002423,CLT03259,Auto,Accident matériel,2024-04-24,2024-04-30,5070,2999,Fermé,20,6,0,55,12,1,0.1279,1014,1.6905635211737247,5.0,0.45886807034112587,0,3,0
SIN0001056,POL002428,CLT03264,Habitation,Dégât des eaux,2024-10-25,2024-10-28,8339,5737,Ouvert,16,3,0,60,0,0,0.1092,1113,1.4535471500784383,7.492362982929021,0.44080407387610804,0,0,0
SIN0001057,POL002429,CLT02309,Santé,Soins courants,2021-03-15,2021-03-21,155,100,Litigieux,77,6,0,50,8,1,0.0868,1344,1.55,0.11532738095238096,0.4714386215704424,0,3,0
SIN0001058,POL002430,CLT04088,Habitation,Dégât des eaux,2024-01-21,2024-02-08,3158,2807,Ouvert,27,18,0,43,0,0,0.1327,1284,1.125044531528322,2.459501557632399,0.39737224059386195,0,0,0
SIN0001059,POL002433,CLT01486,Santé,Soins courants,2024-12-11,2024-12-19,230,140,Ouvert,5,8,0,43,4,0,0.01,1405,1.6428571428571428,0.16370106761565836,0.43384885872440687,0,3,0
SIN0001060,POL002434,CLT01142,Habitation,Dégât des eaux,2023-03-25,2023-03-27,6681,3801,Litigieux,121,2,0,34,0,0,0.1415,1236,1.7576953433307025,5.405339805825243,0.5270081812157106,0,3,0
SIN0001061,POL002435,CLT01146,Habitation,Dégât des eaux,2024-10-02,2024-10-18,2899,2049,Ouvert,19,16,0,57,2,0,0.1225,1398,1.4148365056124939,2.0736766809728184,0.3920864499758927,0,0,0
SIN0001062,POL002438,CLT01449,Santé,Maternité,2024-06-15,2024-07-10,958,693,Fermé,10,25,0,44,3,0,0.028,377,1.3823953823953823,2.5411140583554377,0.4161257148614575,0,0,0
SIN0001063,POL002440,CLT01034,Santé,Soins courants,2024-01-18,2024-01-31,386,331,Fermé,16,13,0,51,13,0,0.0183,1270,1.1661631419939578,0.30393700787401573,0.44446557599563336,0,0,0
SIN0001064,POL002441,CLT01890,Habitation,Dégât des eaux,2023-04-16,2023-04-16,2313,1426,Fermé,24,0,0,36,2,0,0.0751,1881,1.6220196353436185,1.229665071770335,0.4258906099388461,0,5,0
SIN0001065,POL002441,CLT01890,Habitation,Dégât des eaux,2023-04-10,2023-04-30,3914,2459,Litigieux,109,20,0,36,2,0,0.0751,1881,1.5917039446929646,2.080808080808081,0.46592571122492965,0,3,0
SIN0001066,POL002441,CLT01890,Habitation,Vol/Cambriolage,2023-01-09,2023-01-16,7172,3951,Fermé,17,7,0,36,2,0,0.0751,1881,1.815236648949633,3.8128654970760234,0.4372655325963462,0,3,0
SIN0001067,POL002446,CLT03525,Auto,Vol,2023-06-17,2023-07-14,5738,3780,Ouvert,25,27,0,62,5,1,0.2685,1000,1.517989417989418,5.738,0.45042826629042804,0,3,0
SIN0001068,POL002449,CLT01169,Auto,Accident matériel,2023-03-06,2023-03-12,4992,4500,Fermé,18,6,0,18,2,0,0.3472,699,1.1093333333333333,7.141630901287554,0.46864346217716646,0,0,0
SIN0001069,POL002452,CLT03088,Auto,Bris de glace,2024-05-08,2024-05-14,432,373,Fermé,28,6,0,39,1,1,0.2918,1276,1.158176943699732,0.3385579937304075,0.40460430294814587,0,0,0
SIN0001070,POL002455,CLT03447,Habitation,Bris de glace,2023-11-04,2023-11-09,374,243,Fermé,29,5,0,57,1,1,0.2402,856,1.5390946502057614,0.4369158878504673,0.4175830108068533,0,3,0
SIN0001071,POL002457,CLT04715,Auto,Vol,2023-05-25,2023-05-29,4503,3896,Ouvert,44,4,0,49,2,0,0.0402,759,1.1558008213552362,5.932806324110672,0.4354950388283077,0,0,0
SIN0001072,POL002461,CLT03915,Habitation,Dégât des eaux,2023-03-31,2023-04-16,5768,3652,Fermé,28,16,0,45,5,0,0.0519,1323,1.5794085432639648,4.35978835978836,0.40760304274004994,0,3,0
SIN0001073,POL002463,CLT00587,Santé,Soins courants,2024-11-25,2024-12-14,726,595,Ouvert,40,19,0,18,1,2,0.3332,952,1.2201680672268909,0.7626050420168067,0.45426048704628896,0,0,0
SIN0001074,POL002464,CLT04200,Auto,Accident corporel,2024-10-15,2024-10-23,10508,8386,Ouvert,27,8,0,51,4,0,0.085,831,1.2530407822561411,12.645006016847173,0.4517041101859117,0,0,0
SIN0001075,POL002465,CLT02344,Santé,Soins courants,2024-07-15,2024-07-29,264,183,Fermé,12,14,0,29,4,2,0.1391,736,1.4426229508196722,0.358695652173913,0.427970029950248,0,0,0
SIN0001076,POL002469,CLT04115,Santé,Maternité,2023-05-31,2023-06-11,816,625,Fermé,26,11,0,42,3,0,0.0263,766,1.3056,1.0652741514360313,0.4041054090258671,0,0,0
SIN0001077,POL002472,CLT00587,Santé,Optique,2022-03-07,2022-03-28,175,133,Fermé,5,21,0,18,1,2,0.3332,672,1.3157894736842106,0.2604166666666667,0.45852938361670226,0,0,0
SIN0001078,POL002472,CLT00587,Santé,Maternité,2023-10-18,2023-10-20,1121,999,Fermé,27,2,0,18,1,2,0.3332,672,1.122122122122122,1.6681547619047619,0.4638358865601687,0,0,0
SIN0001079,POL002473,CLT01143,Auto,Bris de glace,2024-08-10,2024-08-30,333,183,Fermé,13,20,0,25,2,0,0.3074,939,1.819672131147541,0.3546325878594249,0.46414561383193864,0,3,0
SIN0001080,POL002474,CLT00249,Santé,Hospitalisation,2023-08-25,2023-09-02,7653,4263,Litigieux,158,8,0,66,1,3,0.4336,1882,1.7952146375791695,4.0664187035069075,0.6087236474975614,1,5,1
SIN0001081,POL002478,CLT02994,Habitation,Dégât des eaux,2024-06-07,2024-07-05,1891,1426,Fermé,8,28,0,40,8,0,0.01,1240,1.326086956521739,1.525,0.44285666739135576,0,0,0
SIN0001082,POL002479,CLT03365,Auto,Accident matériel,2023-01-17,2023-02-01,3372,3189,Fermé,11,15,0,30,0,1,0.1358,1622,1.057384760112888,2.0789149198520347,0.4224424819610531,0,0,0
SIN0001083,POL002479,CLT03365,Auto,Vol,2024-03-31,2024-04-03,4337,2476,Fermé,5,3,0,30,0,1,0.1358,1622,1.751615508885299,2.6738594327990137,0.44602309072302204,0,3,0
SIN0001084,POL002479,CLT03365,Auto,Vol,2022-12-31,2023-01-12,7860,7228,Litigieux,131,12,0,30,0,1,0.1358,1622,1.0874377421140011,4.845869297163995,0.5165417990857964,0,0,0
SIN0001085,POL002480,CLT01309,Auto,Accident matériel,2024-10-26,2024-11-24,4605,4200,Ouvert,30,29,0,53,1,1,0.3124,1654,1.0964285714285715,2.7841596130592503,0.45044067848169966,0,0,0
SIN0001086,POL002482,CLT02580,Auto,Bris de glace,2022-02-21,2022-02-26,561,463,Ouvert,26,5,0,47,4,0,0.1707,1482,1.2116630669546435,0.3785425101214575,0.40651697062009906,0,0,0
SIN0001087,POL002483,CLT03431,Auto,Bris de glace,2023-08-09,2023-08-30,488,334,Fermé,14,21,0,47,0,2,0.3081,1575,1.4610778443113772,0.30984126984126986,0.42605737413285505,0,0,0
SIN0001088,POL002485,CLT03665,Santé,Soins courants,2024-09-25,2024-10-08,249,190,Ouvert,50,13,0,18,2,1,0.2009,1107,1.3105263157894738,0.22493224932249323,0.4295963663017368,0,0,0
SIN0001089,POL002487,CLT01766,Auto,Accident corporel,2024-03-16,2024-03-31,13383,10027,Fermé,17,15,0,24,8,0,0.1159,2685,1.3346963199361723,4.984357541899441,0.45667471882605554,0,0,0
SIN0001090,POL002487,CLT01766,Auto,Accident corporel,2022-10-26,2022-11-07,7304,6911,Fermé,18,12,0,24,8,0,0.1159,2685,1.0568658660107075,2.7202979515828676,0.4511191789344293,0,0,0
SIN0001091,POL002492,CLT02387,Habitation,Vol/Cambriolage,2021-02-28,2021-03-28,10359,9130,Ouvert,45,28,0,45,0,0,0.0993,1267,1.1346111719605696,8.17600631412786,0.47039237872087275,0,0,0
SIN0001092,POL002492,CLT02387,Habitation,Dégât des eaux,2022-05-16,2022-05-20,3049,2202,Fermé,29,4,0,45,0,0,0.0993,1267,1.3846503178928247,2.4064719810576163,0.4028528576755571,0,0,0
SIN0001093,POL002494,CLT01180,Habitation,Vol/Cambriolage,2024-12-16,2024-12-31,12267,6866,Ouvert,7,30,0,39,0,1,0.0971,1226,1.7866297698805709,10.005709624796085,0.49579315282041797,0,3,0
SIN0001094,POL002494,CLT01180,Habitation,Catastrophe naturelle,2021-11-18,2021-11-23,20757,16301,Fermé,18,5,0,39,0,1,0.0971,1226,1.2733574627323476,16.930668841761825,0.47883810804690286,0,0,0
SIN0001095,POL002495,CLT04649,Habitation,Vol/Cambriolage,2024-01-28,2024-01-31,9898,8835,Fermé,17,3,0,40,1,1,0.2443,1389,1.120316921335597,7.125989920806336,0.4322222924212573,0,0,0
SIN0001096,POL002495,CLT04649,Habitation,Dégât des eaux,2024-09-27,2024-10-06,2593,1542,Ouvert,55,9,0,40,1,1,0.2443,1389,1.6815823605706874,1.8668106551475883,0.4290721935606809,0,3,0
SIN0001097,POL002495,CLT04649,Habitation,Incendie,2022-01-11,2022-01-20,15984,11021,Fermé,16,9,0,40,1,1,0.2443,1389,1.4503221123310044,11.50755939524838,0.43325197924238,0,0,0
SIN0001098,POL002496,CLT03234,Habitation,Incendie,2023-11-04,2023-11-17,12101,11285,Fermé,30,13,0,18,20,1,0.2344,3233,1.0723083739477182,3.7429631920816577,0.5469799932460222,0,0,0
SIN0001099,POL002497,CLT01615,Auto,Accident matériel,2023-05-17,2023-06-04,14902,11649,Litigieux,68,18,0,59,0,1,0.079,981,1.2792514378916646,15.190621814475026,0.49617045951473854,0,0,0
SIN0001100,POL002502,CLT01741,Auto,Accident matériel,2024-10-26,2024-11-11,4365,2534,Ouvert,54,16,0,50,5,1,0.2462,1377,1.7225730071033938,3.1699346405228757,0.4391287197243149,0,3,0
SIN0001101,POL002506,CLT04911,Auto,Accident matériel,2024-06-25,2024-07-09,3414,2472,Fermé,27,14,0,38,4,1,0.3767,1620,1.3810679611650485,2.1074074074074076,0.4080203711842238,0,0,0
SIN0001102,POL002507,CLT02294,Habitation,Incendie,2023-05-11,2023-06-04,18765,12443,Fermé,5,24,0,32,3,0,0.1036,3764,1.5080768303463794,4.98538788522848,0.446574103327927,0,3,0
SIN0001103,POL002509,CLT01763,Auto,Accident corporel,2023-02-19,2023-03-03,67354,60449,Fermé,16,12,0,66,2,1,0.2,2235,1.1142285232179192,30.136017897091723,0.6573777909206986,1,3,1
SIN0001104,POL002509,CLT01763,Auto,Vol,2024-06-26,2024-07-24,15452,13690,Fermé,28,28,0,66,2,1,0.2,2235,1.1287070854638421,6.913646532438479,0.49878130653485325,0,0,0
SIN0001105,POL002509,CLT01763,Auto,Accident matériel,2023-07-16,2023-08-01,2246,1575,Fermé,22,16,0,66,2,1,0.2,2235,1.426031746031746,1.0049217002237136,0.4186949607027016,0,0,0
SIN0001106,POL002511,CLT04347,Habitation,Incendie,2021-07-30,2021-08-12,19510,12144,Fermé,11,13,0,35,1,2,0.1059,2850,1.606554677206851,6.84561403508772,0.4748524751328612,0,3,0
SIN0001107,POL002512,CLT00400,Auto,Accident matériel,2024-11-04,2024-12-02,2846,2242,Ouvert,19,28,0,48,6,0,0.01,1249,1.2694023193577164,2.278622898318655,0.42374996600649456,0,0,0
SIN0001108,POL002518,CLT00099,Auto,Vol,2024-02-19,2024-03-13,2660,1935,Ouvert,47,23,0,19,0,4,0.3881,1484,1.3746770025839794,1.7924528301886793,0.5117307830223617,0,2,0
SIN0001109,POL002522,CLT04319,Habitation,Bris de glace,2022-07-18,2022-07-20,327,287,Fermé,9,2,0,74,0,1,0.1246,1639,1.1393728222996515,0.19951189749847467,0.47531477367313807,0,0,0
SIN0001110,POL002523,CLT00843,Auto,Accident corporel,2023-12-05,2023-12-31,20812,15655,Ouvert,9,26,0,23,3,1,0.2365,847,1.3294155221973811,24.571428571428573,0.5183689666636373,0,0,0
SIN0001111,POL002525,CLT04660,Habitation,Bris de glace,2024-08-22,2024-09-11,857,602,Ouvert,24,20,0,18,2,2,0.3071,3225,1.4235880398671097,0.26573643410852715,0.44592202771839184,0,0,0
SIN0001112,POL002528,CLT02727,Santé,Optique,2024-01-11,2024-02-02,670,519,Ouvert,7,22,0,41,6,0,0.1607,732,1.2909441233140655,0.9153005464480874,0.4059426092124356,0,0,0
SIN0001113,POL002532,CLT04172,Auto,Vol,2023-08-20,2023-09-07,7559,6267,Fermé,6,18,0,57,0,0,0.0921,871,1.2061592468485718,8.678530424799082,0.4296152431245409,0,0,0
SIN0001114,POL002534,CLT00355,Auto,Accident corporel,2022-11-30,2022-12-06,34908,26529,Fermé,11,6,0,45,1,1,0.4502,1134,1.3158430396924121,30.78306878306878,0.592939676044567,1,3,1
SIN0001115,POL002534,CLT00355,Auto,Accident matériel,2024-07-25,2024-08-11,2038,1181,Fermé,12,17,0,45,1,1,0.4502,1134,1.7256562235393733,1.7971781305114638,0.45877434695431557,0,3,0
SIN0001116,POL002535,CLT03505,Habitation,Vol/Cambriolage,2024-03-07,2024-03-09,4836,3412,Fermé,8,2,0,40,0,2,0.4013,1626,1.4173505275498242,2.974169741697417,0.4497135849453631,0,0,0
SIN0001117,POL002536,CLT01659,Auto,Incendie,2024-09-01,2024-09-25,29814,22479,Litigieux,179,24,0,47,0,1,0.2703,2459,1.3263045509141866,12.12444082960553,0.5981237891320115,1,3,1
SIN0001118,POL002542,CLT04623,Santé,Optique,2023-09-05,2023-10-04,154,137,Ouvert,35,29,0,54,2,0,0.0561,603,1.1240875912408759,0.25538971807628524,0.4464518158398324,0,0,0
SIN0001119,POL002543,CLT01834,Habitation,Catastrophe naturelle,2024-07-02,2024-07-21,11765,8872,Fermé,22,19,0,85,6,1,0.194,1859,1.3260820559062219,6.328671328671328,0.4808106786135051,0,0,0
SIN0001120,POL002544,CLT03893,Habitation,Bris de glace,2023-11-02,2023-11-16,310,233,Litigieux,70,14,0,50,3,0,0.2455,2906,1.3304721030042919,0.10667584308327598,0.43640060787878754,0,0,0
SIN0001121,POL002547,CLT00680,Auto,Accident matériel,2021-11-01,2021-11-21,3207,2366,Fermé,14,20,0,36,1,1,0.2232,906,1.3554522400676248,3.5397350993377485,0.38901347039115075,0,0,0
SIN0001122,POL002548,CLT02283,Auto,Accident matériel,2024-04-16,2024-05-10,3183,2294,Fermé,29,24,0,47,11,1,0.01,916,1.387532693984307,3.4748908296943233,0.43497775433108715,0,0,0
SIN0001123,POL002553,CLT03332,Auto,Bris de glace,2024-04-05,2024-04-15,339,307,Fermé,13,10,0,71,3,3,0.4464,1465,1.1042345276872965,0.23139931740614333,0.5315084151393968,0,2,0
SIN0001124,POL002555,CLT03004,Auto,Vol,2024-10-23,2024-11-08,6437,4408,Ouvert,30,16,0,33,2,0,0.2135,2172,1.46029945553539,2.9636279926335174,0.4016732061652897,0,0,0
SIN0001125,POL002555,CLT03004,Auto,Accident matériel,2022-08-24,2022-09-21,2111,1162,Fermé,5,28,0,33,2,0,0.2135,2172,1.8166953528399312,0.9719152854511971,0.4650313219461002,0,3,0
SIN0001126,POL002558,CLT01998,Santé,Soins courants,2023-10-03,2023-10-12,214,118,Fermé,22,9,0,43,14,0,0.01,892,1.8135593220338984,0.2399103139013453,0.4951567325327276,0,3,0
SIN0001127,POL002560,CLT02741,Habitation,Vol/Cambriolage,2024-10-25,2024-11-13,7065,5732,Ouvert,38,19,0,24,0,0,0.1991,1869,1.2325540823447314,3.780096308186196,0.42210741934095414,0,0,0
SIN0001128,POL002561,CLT02694,Auto,Accident corporel,2023-09-16,2023-09-20,34140,21919,Fermé,23,4,0,71,0,0,0.0542,1145,1.5575528080660614,29.816593886462883,0.5859924742965094,1,6,1
SIN0001129,POL002564,CLT02755,Habitation,Incendie,2022-06-29,2022-07-05,17310,12544,Fermé,5,6,0,52,3,0,0.1624,1902,1.3799426020408163,9.100946372239747,0.45229074954460163,0,0,0
SIN0001130,POL002567,CLT04671,Auto,Accident corporel,2023-01-10,2023-02-08,24947,23142,Fermé,23,29,0,53,0,1,0.0193,1047,1.0779967159277504,23.82712511938873,0.5561454333464485,1,0,0
SIN0001131,POL002568,CLT04140,Santé,Soins courants,2023-12-26,2024-01-23,217,205,Fermé,27,28,0,48,3,1,0.2435,1667,1.0585365853658537,0.13017396520695862,0.45267256068013734,0,0,0
SIN0001132,POL002568,CLT04140,Santé,Optique,2023-05-21,2023-06-12,167,119,Litigieux,142,22,0,48,3,1,0.2435,1667,1.403361344537815,0.10017996400719856,0.48741371026315305,0,0,0
SIN0001133,POL002570,CLT04054,Habitation,Vol/Cambriolage,2023-12-26,2024-01-23,11616,10306,Fermé,25,28,0,38,5,0,0.1063,3380,1.1271104211139142,3.4366863905325444,0.460538867372931,0,0,0
SIN0001134,POL002571,CLT01199,Habitation,Dégât des eaux,2023-03-17,2023-03-31,6294,5142,Ouvert,18,14,0,39,10,1,0.0118,1184,1.2240373395565927,5.315878378378378,0.4322904115974026,0,0,0
SIN0001135,POL002573,CLT04081,Habitation,Vol/Cambriolage,2023-02-15,2023-02-16,4256,3279,Ouvert,19,1,0,66,0,0,0.01,966,1.2979566941140592,4.405797101449275,0.4600451401380986,0,2,0
SIN0001136,POL002573,CLT04081,Habitation,Dégât des eaux,2022-03-06,2022-03-20,2354,1344,Fermé,23,14,0,66,0,0,0.01,966,1.7514880952380953,2.4368530020703933,0.4636815320003636,0,3,0
SIN0001137,POL002574,CLT01158,Auto,Accident matériel,2024-05-29,2024-06-26,3036,2370,Fermé,5,28,0,54,0,0,0.1251,1088,1.281012658227848,2.7904411764705883,0.42775615909856063,0,0,0
SIN0001138,POL002577,CLT03283,Santé,Soins courants,2024-03-27,2024-04-04,210,188,Litigieux,97,8,0,48,0,0,0.117,697,1.1170212765957446,0.3012912482065997,0.46369478948199866,0,0,0
SIN0001139,POL002577,CLT03283,Santé,Dentaire,2021-12-11,2022-01-05,410,309,Ouvert,6,25,0,48,0,0,0.117,697,1.3268608414239482,0.5882352941176471,0.40877820457079783,0,0,0
SIN0001140,POL002577,CLT03283,Santé,Dentaire,2024-08-21,2024-08-27,2076,1830,Litigieux,134,6,0,48,0,0,0.117,697,1.1344262295081968,2.9784791965566715,0.4962787430834857,0,0,0
SIN0001141,POL002578,CLT01624,Santé,Dentaire,2024-02-15,2024-03-12,544,400,Fermé,28,26,0,50,7,1,0.0639,389,1.36,1.398457583547558,0.4277416002346171,0,0,0
SIN0001142,POL002579,CLT01779,Auto,Accident corporel,2023-12-24,2024-01-20,31431,18107,Fermé,25,27,0,37,15,0,0.01,1318,1.7358480145799966,23.847496206373293,0.6069719995115495,1,6,1
SIN0001143,POL002579,CLT01779,Auto,Vol,2023-06-07,2023-06-11,10254,9506,Fermé,8,4,0,37,15,0,0.01,1318,1.0786871449610773,7.7799696509863425,0.5120104391256999,0,0,0
SIN0001144,POL002580,CLT00733,Santé,Soins courants,2021-04-16,2021-05-14,829,509,Fermé,20,28,0,41,1,0,0.1351,718,1.6286836935166995,1.1545961002785516,0.4300172525086616,0,3,0
SIN0001145,POL002581,CLT04312,Santé,Dentaire,2023-01-08,2023-01-10,1204,713,Fermé,20,2,0,26,2,1,0.2387,979,1.688639551192146,1.229826353421859,0.4374438818972294,0,3,0
SIN0001146,POL002587,CLT04373,Santé,Soins courants,2022-05-09,2022-05-14,655,491,Fermé,28,5,0,51,2,0,0.01,574,1.3340122199592668,1.1411149825783973,0.4130708603603559,0,0,0
SIN0001147,POL002587,CLT04373,Santé,Soins courants,2022-12-18,2022-12-21,172,163,Fermé,9,3,0,51,2,0,0.01,574,1.0552147239263803,0.29965156794425085,0.45145181713974797,0,0,0
SIN0001148,POL002588,CLT01124,Habitation,Dégât des eaux,2024-05-14,2024-05-20,5321,4985,Fermé,7,6,0,47,1,0,0.1484,1809,1.0674022066198596,2.941404090657822,0.42772135004286493,0,0,0
SIN0001149,POL002593,CLT04954,Auto,Bris de glace,2023-02-04,2023-02-14,674,637,Fermé,7,10,0,38,0,0,0.01,1519,1.0580847723704867,0.4437129690585912,0.4410803380266675,0,0,0
SIN0001150,POL002595,CLT04968,Auto,Incendie,2023-05-01,2023-05-14,24207,21458,Fermé,29,13,0,30,4,0,0.01,2278,1.1281107279336378,10.626426690079017,0.48963121856187797,0,0,0
SIN0001151,POL002597,CLT00806,Habitation,Dégât des eaux,2024-02-19,2024-03-03,2807,2308,Ouvert,18,13,0,20,1,0,0.2803,1959,1.216204506065858,1.4328739152628893,0.4219879819749628,0,0,0
SIN0001152,POL002597,CLT00806,Habitation,Catastrophe naturelle,2022-04-19,2022-05-15,10151,9220,Fermé,26,26,0,20,1,0,0.2803,1959,1.1009761388286334,5.181725370086779,0.48041599484741665,0,0,0
SIN0001153,POL002598,CLT04446,Santé,Maternité,2022-06-28,2022-07-23,823,713,Ouvert,50,25,0,53,2,0,0.0104,713,1.1542776998597475,1.1542776998597475,0.43545441955625375,0,0,0
SIN0001154,POL002600,CLT03249,Santé,Hospitalisation,2022-11-26,2022-12-22,6989,4662,Fermé,8,26,0,42,9,0,0.0199,1655,1.4991419991419992,4.222960725075529,0.44427038891867177,0,0,0
SIN0001155,POL002602,CLT03637,Habitation,Bris de glace,2023-12-26,2024-01-19,438,292,Ouvert,55,24,0,27,5,0,0.01,1772,1.5,0.24717832957110608,0.4456116753155055,0,0,0
SIN0001156,POL002610,CLT00241,Santé,Dentaire,2023-08-03,2023-08-24,847,564,Fermé,8,21,0,75,4,1,0.1577,1384,1.50177304964539,0.6119942196531792,0.4581136083612979,0,3,0
SIN0001157,POL002615,CLT00323,Auto,Accident corporel,2024-03-11,2024-03-13,14770,10764,Ouvert,53,2,0,63,0,0,0.2219,1586,1.372166480862133,9.312736443883985,0.49740077935343713,0,0,0
SIN0001158,POL002618,CLT00408,Habitation,Bris de glace,2022-04-27,2022-05-06,366,254,Fermé,9,9,0,60,1,0,0.0877,1987,1.4409448818897639,0.18419728233517865,0.4160751462306909,0,0,0
SIN0001159,POL002619,CLT00148,Auto,Accident matériel,2023-12-03,2023-12-10,3882,2150,Ouvert,41,7,0,37,6,0,0.1229,1779,1.805581395348837,2.18212478920742,0.4480644243266945,0,3,0
SIN0001160,POL002620,CLT00109,Auto,Bris de glace,2023-06-06,2023-06-22,321,243,Fermé,23,16,0,41,1,0,0.1696,1206,1.3209876543209877,0.26616915422885573,0.3872159365972306,0,0,0
SIN0001161,POL002621,CLT01401,Habitation,Dégât des eaux,2024-01-05,2024-02-04,5626,3540,Fermé,8,30,0,40,1,0,0.2028,3121,1.5892655367231638,1.8026273630246716,0.44069446085481884,0,3,0
SIN0001162,POL002622,CLT04922,Auto,Bris de glace,2023-04-08,2023-04-18,661,592,Fermé,30,10,0,50,0,2,0.3876,2780,1.116554054054054,0.23776978417266187,0.4427264064366092,0,0,0
SIN0001163,POL002622,CLT04922,Auto,Accident matériel,2024-09-07,2024-10-03,5569,3266,Ouvert,4,26,0,50,0,2,0.3876,2780,1.7051439069197796,2.0032374100719426,0.48261602148292354,0,3,0
SIN0001164,POL002622,CLT04922,Auto,Accident matériel,2022-06-10,2022-06-22,3287,2038,Fermé,10,12,0,50,0,2,0.3876,2780,1.612855740922473,1.1823741007194244,0.44273575831264594,0,3,0
SIN0001165,POL002623,CLT01549,Auto,Accident corporel,2024-10-11,2024-10-28,7759,4299,Ouvert,30,17,0,35,2,1,0.3084,970,1.8048383344963945,7.9989690721649485,0.45478148920301076,0,3,0
SIN0001166,POL002623,CLT01549,Auto,Accident corporel,2024-03-30,2024-04-29,36044,20200,Fermé,7,30,0,35,2,1,0.3084,970,1.7843564356435644,37.15876288659794,0.6131756391007475,1,6,1
SIN0001167,POL002625,CLT04084,Habitation,Catastrophe naturelle,2022-11-17,2022-12-14,17925,16269,Litigieux,88,27,0,60,1,1,0.1561,1601,1.1017886778535866,11.196127420362274,0.5441058633128645,0,0,0
SIN0001168,POL002628,CLT02676,Habitation,Dégât des eaux,2024-01-02,2024-01-25,3053,2315,Fermé,7,23,0,51,5,3,0.2144,3396,1.3187904967602593,0.8989988221436984,0.45366299873682897,0,2,0
SIN0001169,POL002630,CLT03343,Habitation,Dégât des eaux,2024-09-22,2024-10-16,3055,2136,Ouvert,17,24,0,44,14,0,0.0733,1831,1.4302434456928839,1.6684871654833424,0.444223022721634,0,0,0
SIN0001170,POL002633,CLT00538,Auto,Accident corporel,2024-01-30,2024-02-19,26243,17326,Fermé,10,20,0,19,2,1,0.2742,1601,1.51466004848205,16.39163023110556,0.5171434106624913,0,3,0
SIN0001171,POL002637,CLT01311,Santé,Maternité,2022-09-03,2022-10-03,1345,881,Fermé,8,30,0,60,10,0,0.01,1688,1.5266742338251986,0.7968009478672986,0.48775012510826515,0,3,0
SIN0001172,POL002638,CLT03209,Santé,Dentaire,2024-04-20,2024-04-29,3023,2836,Ouvert,12,9,0,39,4,0,0.1017,1265,1.065937940761636,2.3897233201581027,0.4173676237668707,0,0,0
SIN0001173,POL002639,CLT03775,Habitation,Dégât des eaux,2021-07-18,2021-08-13,7409,6235,Fermé,28,26,0,28,2,1,0.2267,1696,1.1882919005613473,4.368514150943396,0.4299804798872018,0,0,0
SIN0001174,POL002639,CLT03775,Habitation,Dégât des eaux,2022-07-25,2022-08-18,3733,3104,Fermé,17,24,0,28,2,1,0.2267,1696,1.2026417525773196,2.201061320754717,0.39879051535705135,0,0,0
SIN0001175,POL002641,CLT04998,Habitation,Vol/Cambriolage,2023-11-27,2023-12-17,12069,8541,Fermé,9,20,0,32,5,0,0.0342,1823,1.4130663856691255,6.620405924300603,0.4401420954130849,0,0,0
SIN0001176,POL002644,CLT02959,Santé,Dentaire,2024-04-18,2024-04-25,739,542,Fermé,29,7,0,19,5,0,0.2245,509,1.363468634686347,1.4518664047151277,0.4317961248046167,0,0,0
SIN0001177,POL002647,CLT04647,Auto,Accident matériel,2022-05-02,2022-05-31,3111,2575,Fermé,19,29,0,37,2,0,0.0526,1701,1.2081553398058253,1.8289241622574957,0.420679496680052,0,0,0
SIN0001178,POL002652,CLT02814,Auto,Accident matériel,2024-06-20,2024-06-27,5590,5089,Fermé,5,7,0,36,1,1,0.2726,1027,1.0984476321477696,5.443037974683544,0.42009191791343714,0,0,0
SIN0001179,POL002653,CLT01719,Auto,Accident matériel,2022-05-13,2022-06-01,3126,1914,Fermé,26,19,0,50,0,0,0.1596,1899,1.6332288401253918,1.646129541864139,0.4041172718077925,0,3,0
SIN0001180,POL002657,CLT02251,Santé,Hospitalisation,2024-10-09,2024-10-10,3528,2269,Ouvert,29,1,0,64,7,0,0.1029,519,1.5548699867783164,6.797687861271676,0.4662281252899218,0,5,0
SIN0001181,POL002659,CLT03116,Santé,Dentaire,2024-01-09,2024-01-11,1043,764,Fermé,17,2,0,46,11,0,0.0887,1225,1.3651832460732984,0.8514285714285714,0.4315120614700678,0,0,0
SIN0001182,POL002661,CLT02868,Auto,Vol,2022-01-17,2022-01-29,2868,1899,Fermé,17,12,0,26,1,0,0.01,1071,1.5102685624012637,2.6778711484593836,0.41022287176538097,0,3,0
SIN0001183,POL002662,CLT03534,Santé,Optique,2022-12-15,2023-01-11,246,208,Fermé,30,27,0,55,3,2,0.2574,1571,1.1826923076923077,0.15658816040738383,0.4476963866098915,0,0,0
SIN0001184,POL002666,CLT01637,Auto,Vol,2022-04-18,2022-05-13,6628,5612,Fermé,5,25,0,37,1,0,0.1145,978,1.18104062722737,6.777096114519427,0.41841030926885275,0,0,0
SIN0001185,POL002669,CLT02109,Santé,Maternité,2024-11-03,2024-11-18,1989,1234,Ouvert,20,15,0,18,5,0,0.01,703,1.6118314424635332,2.829302987197724,0.43459576246444925,0,3,0
SIN0001186,POL002675,CLT04835,Habitation,Catastrophe naturelle,2022-02-06,2022-02-22,24266,16239,Fermé,17,16,0,31,0,1,0.0803,3286,1.4943038364431307,7.384662203286671,0.4722184555297856,0,0,0
SIN0001187,POL002676,CLT03431,Auto,Accident corporel,2024-12-12,2024-12-16,24435,15917,Ouvert,18,4,0,47,0,2,0.3081,1283,1.535151096312119,19.045206547155104,0.526099361079238,0,3,0
SIN0001188,POL002678,CLT04347,Santé,Soins courants,2023-08-25,2023-08-26,344,195,Fermé,19,1,0,35,1,2,0.1059,610,1.764102564102564,0.5639344262295082,0.4727777568860259,0,5,0
SIN0001189,POL002679,CLT00741,Habitation,Dégât des eaux,2023-01-21,2023-02-05,8370,6817,Ouvert,11,15,0,44,3,0,0.1149,1717,1.227812820888954,4.874781595806639,0.4079086142748575,0,0,0
SIN0001190,POL002683,CLT03823,Auto,Accident matériel,2022-11-12,2022-12-06,1766,1313,Fermé,11,24,0,43,13,0,0.0271,1328,1.345011424219345,1.3298192771084338,0.44423922857615794,0,0,0
SIN0001191,POL002686,CLT03052,Auto,Vol,2023-06-24,2023-06-28,8523,7450,Fermé,23,4,0,38,3,1,0.1427,2044,1.144026845637584,4.169765166340508,0.41552036778623963,0,0,0
SIN0001192,POL002689,CLT03832,Habitation,Dégât des eaux,2022-12-04,2023-01-03,5031,4092,Fermé,13,30,0,44,6,1,0.0785,1479,1.2294721407624634,3.4016227180527383,0.43580087290826186,0,0,0
SIN0001193,POL002689,CLT03832,Habitation,Vol/Cambriolage,2023-09-24,2023-10-24,6661,4465,Fermé,28,30,0,44,6,1,0.0785,1479,1.491825307950728,4.503718728870859,0.4449308490194321,0,0,0
SIN0001194,POL002691,CLT01158,Habitation,Vol/Cambriolage,2022-05-21,2022-05-23,3897,2170,Ouvert,2,2,0,54,0,0,0.1251,1278,1.795852534562212,3.0492957746478875,0.4660678140208168,0,3,0
SIN0001195,POL002695,CLT00221,Auto,Accident matériel,2023-09-09,2023-10-01,2131,1699,Ouvert,28,22,0,47,2,0,0.12,1559,1.2542672160094173,1.3669018601667735,0.3908947085822496,0,0,0
SIN0001196,POL002702,CLT03249,Auto,Incendie,2024-03-22,2024-04-20,19147,16628,Fermé,19,29,0,42,9,0,0.0199,1389,1.1514914601876354,13.784737221022318,0.5112820255483393,0,0,0
SIN0001197,POL002702,CLT03249,Auto,Accident matériel,2024-04-29,2024-05-24,4364,2990,Fermé,22,25,0,42,9,0,0.0199,1389,1.4595317725752508,3.1418286537077034,0.4224219838785364,0,0,0
SIN0001198,POL002704,CLT03763,Habitation,Vol/Cambriolage,2023-04-29,2023-05-15,7918,6843,Litigieux,43,16,0,33,2,1,0.01,1204,1.1570948414438111,6.576411960132891,0.43891729168348576,0,0,0
SIN0001199,POL002707,CLT00588,Auto,Bris de glace,2023-04-10,2023-04-25,373,286,Fermé,16,15,0,40,0,1,0.2186,1769,1.3041958041958042,0.2108535895986433,0.3938709383571494,0,0,0
SIN0001200,POL002712,CLT03368,Auto,Vol,2022-07-31,2022-08-26,5231,3735,Ouvert,11,26,0,35,1,0,0.0187,2129,1.4005354752342705,2.457022076092062,0.411381947536293,0,0,0
SIN0001201,POL002713,CLT00705,Habitation,Catastrophe naturelle,2023-04-08,2023-04-20,8710,6031,Litigieux,128,12,0,32,0,1,0.2002,2098,1.4442049411374565,4.151572926596759,0.5014317347175472,0,0,0
SIN0001202,POL002719,CLT02627,Auto,Bris de glace,2024-12-03,2024-12-11,278,173,Ouvert,28,8,0,58,7,0,0.01,567,1.606936416184971,0.49029982363315694,0.44033339511329117,0,3,0
SIN0001203,POL002720,CLT00663,Habitation,Dégât des eaux,2024-10-27,2024-11-09,3924,3409,Ouvert,22,13,0,58,1,1,0.3071,2971,1.1510706952185392,1.3207674183776505,0.41095823582060953,0,0,0
SIN0001204,POL002721,CLT02170,Habitation,Incendie,2024-09-04,2024-10-04,21679,14577,Ouvert,6,30,0,68,8,1,0.01,1208,1.4872058722645263,17.946192052980134,0.5779537681594799,1,0,0
SIN0001205,POL002724,CLT00642,Auto,Bris de glace,2022-06-10,2022-06-11,573,351,Litigieux,34,1,0,52,3,1,0.2011,1383,1.6324786324786325,0.41431670281995664,0.43874146892756444,0,5,0
SIN0001206,POL002726,CLT02904,Auto,Accident matériel,2023-04-21,2023-05-13,2069,1691,Fermé,21,22,0,26,2,1,0.2622,819,1.2235363690124186,2.526251526251526,0.4080488842676827,0,0,0
SIN0001207,POL002729,CLT04299,Habitation,Catastrophe naturelle,2022-05-03,2022-05-27,20511,17776,Fermé,18,24,0,59,7,0,0.062,1082,1.1538591359135915,18.95656192236599,0.5158054689902223,0,0,0
SIN0001208,POL002729,CLT04299,Habitation,Incendie,2024-07-26,2024-08-20,37291,30070,Fermé,18,25,0,59,7,0,0.062,1082,1.2401396740937811,34.46487985212569,0.6049668120726486,1,3,1
SIN0001209,POL002732,CLT03476,Auto,Accident matériel,2024-09-07,2024-10-04,2784,2233,Ouvert,23,27,0,52,2,0,0.0755,774,1.2467532467532467,3.5968992248062017,0.4142868544494538,0,0,0
SIN0001210,POL002739,CLT04578,Habitation,Incendie,2021-08-06,2021-08-17,43947,29611,Fermé,27,11,0,44,14,1,0.01,1211,1.4841444057951436,36.289843104872006,0.6446325812899747,1,3,1
SIN0001211,POL002739,CLT04578,Habitation,Bris de glace,2022-06-28,2022-07-04,515,325,Fermé,24,6,0,44,14,1,0.01,1211,1.5846153846153845,0.42526837324525185,0.46872880092477703,0,3,0
SIN0001212,POL002743,CLT01374,Habitation,Catastrophe naturelle,2024-04-15,2024-05-05,14019,8473,Fermé,6,20,0,48,1,1,0.0981,1091,1.654549746252803,12.84967919340055,0.46241072592989196,0,3,0
SIN0001213,POL002747,CLT00717,Habitation,Catastrophe naturelle,2024-11-08,2024-11-10,14822,9895,Ouvert,44,2,0,55,10,0,0.01,1775,1.4979282465891866,8.350422535211267,0.500422408712372,0,0,0
SIN0001214,POL002752,CLT01018,Auto,Bris de glace,2024-09-28,2024-10-21,559,328,Ouvert,49,23,0,65,2,1,0.28,1237,1.704268292682927,0.4518997574777688,0.465495868333232,0,3,0
SIN0001215,POL002752,CLT01018,Auto,Accident matériel,2024-01-02,2024-01-08,4267,3492,Fermé,9,6,0,65,2,1,0.28,1237,1.2219358533791524,3.4494745351657237,0.4312659048007792,0,0,0
SIN0001216,POL002756,CLT01993,Auto,Accident matériel,2024-11-27,2024-12-24,4382,3313,Ouvert,32,27,0,18,1,1,0.1845,1502,1.322668276486568,2.9174434087882823,0.4316391698138763,0,0,0
SIN0001217,POL002758,CLT01459,Habitation,Incendie,2022-10-18,2022-10-22,19420,13921,Ouvert,8,4,0,22,4,1,0.3068,3474,1.3950147259535952,5.590097869890616,0.4745564794438485,0,0,0
SIN0001218,POL002760,CLT00727,Habitation,Vol/Cambriolage,2023-12-14,2023-12-16,9895,5670,Fermé,12,2,0,43,9,0,0.01,2836,1.7451499118165785,3.489069111424542,0.4815270310800893,0,3,0
SIN0001219,POL002765,CLT00988,Santé,Maternité,2024-05-25,2024-06-12,1004,756,Ouvert,1,18,0,28,0,0,0.1199,748,1.3280423280423281,1.3422459893048129,0.42109771459257134,0,0,0
SIN0001220,POL002767,CLT04933,Santé,Optique,2023-06-28,2023-06-28,244,137,Fermé,20,0,0,18,5,0,0.177,460,1.781021897810219,0.5304347826086957,0.48293626999631756,0,5,0
SIN0001221,POL002768,CLT02424,Auto,Bris de glace,2024-05-31,2024-06-11,397,261,Fermé,28,11,0,56,1,0,0.2069,2805,1.5210727969348659,0.14153297682709448,0.4129574780039897,0,3,0
SIN0001222,POL002768,CLT02424,Auto,Bris de glace,2024-09-29,2024-10-17,497,338,Ouvert,2,18,0,56,1,0,0.2069,2805,1.470414201183432,0.17718360071301248,0.4270727981230538,0,0,0
SIN0001223,POL002769,CLT03450,Santé,Soins courants,2023-03-03,2023-03-04,94,52,Ouvert,28,1,0,38,3,0,0.0863,1654,1.8076923076923077,0.056831922611850064,0.4656693210512271,0,5,0
SIN0001224,POL002772,CLT02640,Habitation,Dégât des eaux,2021-08-05,2021-08-09,3506,2954,Ouvert,29,4,0,37,4,0,0.01,3223,1.186865267433988,1.0878063915606577,0.4137856919713947,0,0,0
SIN0001225,POL002775,CLT03449,Santé,Optique,2021-10-21,2021-11-11,478,343,Fermé,30,21,0,53,0,0,0.1519,1172,1.3935860058309038,0.40784982935153585,0.3998123745913593,0,0,0
SIN0001226,POL002777,CLT04441,Auto,Accident corporel,2024-03-05,2024-03-15,17170,13992,Fermé,9,10,0,58,0,1,0.1626,1270,1.2271297884505432,13.51968503937008,0.46474551672962344,0,0,0
SIN0001227,POL002779,CLT01915,Auto,Vol,2023-11-18,2023-12-11,12104,11163,Fermé,5,23,0,52,0,3,0.4134,945,1.0842963361103646,12.808465608465609,0.5441724018782456,0,2,0
SIN0001228,POL002784,CLT01441,Habitation,Dégât des eaux,2023-02-20,2023-03-04,3560,2175,Fermé,7,12,0,41,1,0,0.2092,1840,1.6367816091954024,1.934782608695652,0.4083712209156182,0,3,0
SIN0001229,POL002785,CLT00762,Auto,Bris de glace,2024-08-07,2024-09-05,1374,1233,Fermé,29,29,0,25,0,0,0.0717,1482,1.1143552311435523,0.9271255060728745,0.4494288916278008,0,0,0
SIN0001230,POL002790,CLT04303,Santé,Soins courants,2023-10-02,2023-10-15,181,160,Ouvert,34,13,0,72,10,1,0.1863,1793,1.13125,0.10094813162297825,0.48929014803643134,0,0,0
SIN0001231,POL002790,CLT04303,Santé,Dentaire,2022-10-25,2022-11-06,1267,936,Fermé,23,12,0,72,10,1,0.1863,1793,1.3536324786324787,0.7066369213608478,0.4749079537163811,0,0,0
SIN0001232,POL002790,CLT04303,Santé,Maternité,2023-06-14,2023-06-16,931,699,Fermé,11,2,0,72,10,1,0.1863,1793,1.3319027181688126,0.5192414947016174,0.48908626312638387,0,0,0
SIN0001233,POL002792,CLT03555,Auto,Accident matériel,2024-01-09,2024-01-30,1623,1407,Litigieux,47,21,0,40,0,2,0.4139,1983,1.1535181236673775,0.8184568835098336,0.45744403112964666,0,0,0
SIN0001234,POL002792,CLT03555,Auto,Accident corporel,2024-02-04,2024-02-14,31034,22964,Fermé,18,10,0,40,0,2,0.4139,1983,1.351419613307786,15.650025214321735,0.5422136950708591,0,3,0
SIN0001235,POL002796,CLT04923,Auto,Vol,2024-09-16,2024-10-08,8391,6133,Ouvert,44,22,0,59,1,0,0.01,1566,1.36817218327083,5.35823754789272,0.44189316189698896,0,0,0
SIN0001236,POL002796,CLT04923,Auto,Bris de glace,2023-09-01,2023-09-20,255,165,Fermé,13,19,0,59,1,0,0.01,1566,1.5454545454545454,0.16283524904214558,0.4252916237097454,0,3,0
SIN0001237,POL002798,CLT02245,Auto,Vol,2024-05-15,2024-06-03,13168,10303,Fermé,22,19,0,46,1,0,0.1644,1689,1.278074347277492,7.796329188869153,0.4280964374937704,0,0,0
SIN0001238,POL002798,CLT02245,Auto,Accident corporel,2022-11-05,2022-11-26,14934,10452,Fermé,8,21,0,46,1,0,0.1644,1689,1.428817451205511,8.841918294849023,0.4346153891635941,0,0,0
SIN0001239,POL002799,CLT04055,Auto,Vol,2024-08-28,2024-09-07,8641,7000,Ouvert,51,10,0,43,13,1,0.3341,1520,1.2344285714285714,5.684868421052632,0.4868011866124365,0,0,0
SIN0001240,POL002799,CLT04055,Auto,Accident matériel,2024-10-21,2024-10-22,5258,4687,Ouvert,51,1,0,43,13,1,0.3341,1520,1.1218263281416685,3.4592105263157893,0.4923348725386071,0,2,0
SIN0001241,POL002802,CLT01468,Auto,Accident corporel,2024-01-17,2024-01-27,12628,11706,Litigieux,40,10,0,43,6,0,0.087,872,1.0787630275072613,14.48165137614679,0.4757553364127232,0,0,0
SIN0001242,POL002802,CLT01468,Auto,Accident matériel,2022-04-23,2022-05-01,5452,4489,Fermé,22,8,0,43,6,0,0.087,872,1.2145243929605702,6.252293577981652,0.4069830804933281,0,0,0
SIN0001243,POL002804,CLT04735,Habitation,Dégât des eaux,2024-12-27,2024-12-31,2702,2308,Ouvert,59,17,0,55,11,0,0.01,1272,1.1707105719237434,2.1242138364779874,0.4506786353897116,0,0,0
SIN0001244,POL002807,CLT04659,Auto,Accident matériel,2024-11-13,2024-12-13,1617,1380,Ouvert,24,30,0,45,1,1,0.1485,1742,1.1717391304347826,0.9282433983926521,0.4302989702278206,0,0,0
SIN0001245,POL002809,CLT02504,Auto,Bris de glace,2022-05-27,2022-06-03,334,298,Ouvert,8,7,0,51,6,1,0.0646,1560,1.1208053691275168,0.2141025641025641,0.4267349416487332,0,0,0
SIN0001246,POL002814,CLT04160,Auto,Bris de glace,2023-03-06,2023-03-22,194,144,Fermé,19,16,0,34,8,1,0.1932,3437,1.3472222222222223,0.05644457375618272,0.4171723075799538,0,0,0
SIN0001247,POL002820,CLT04957,Santé,Maternité,2024-11-02,2024-11-04,2888,1754,Ouvert,11,2,0,24,0,1,0.1622,859,1.6465222348916762,3.362048894062864,0.43492066988482253,0,3,0
SIN0001248,POL002820,CLT04957,Santé,Hospitalisation,2023-07-05,2023-07-13,6923,6390,Ouvert,53,8,0,24,0,1,0.1622,859,1.0834115805946791,8.059371362048894,0.45431651582959565,0,0,0
SIN0001249,POL002824,CLT04510,Habitation,Vol/Cambriolage,2024-01-18,2024-02-14,11694,9230,Fermé,22,27,0,49,3,0,0.1742,1651,1.266955579631636,7.08298001211387,0.4462243067517155,0,0,0
SIN0001250,POL002827,CLT00873,Habitation,Bris de glace,2022-02-07,2022-02-24,295,219,Fermé,7,17,0,50,0,0,0.1123,3054,1.3470319634703196,0.09659462999345121,0.4020791464314056,0,0,0
SIN0001251,POL002830,CLT02136,Habitation,Bris de glace,2024-05-20,2024-05-20,114,76,Fermé,10,0,0,56,7,0,0.0511,2539,1.5,0.044899566758566364,0.4643697169738882,0,2,0
SIN0001252,POL002831,CLT03213,Habitation,Dégât des eaux,2024-12-01,2024-12-14,4892,2929,Ouvert,13,13,0,68,3,1,0.1748,1484,1.6701946056674633,3.2964959568733154,0.44290229772550377,0,3,0
SIN0001253,POL002834,CLT01481,Auto,Bris de glace,2024-04-18,2024-05-17,307,186,Ouvert,14,29,0,35,3,0,0.2754,1142,1.6505376344086022,0.26882661996497376,0.45323608905425233,0,3,0
SIN0001254,POL002837,CLT04724,Habitation,Incendie,2023-05-19,2023-06-03,18439,16588,Ouvert,15,15,0,28,0,0,0.3134,1636,1.111586689172896,11.27078239608802,0.49400960674669075,0,0,0
SIN0001255,POL002837,CLT04724,Habitation,Dégât des eaux,2024-10-10,2024-10-28,5041,3077,Ouvert,20,18,0,28,0,0,0.3134,1636,1.6382840428989276,3.0812958435207825,0.4348819540359949,0,3,0
SIN0001256,POL002844,CLT02043,Habitation,Dégât des eaux,2023-03-15,2023-03-24,3306,2315,Fermé,21,9,0,52,2,2,0.6198,1145,1.4280777537796976,2.8873362445414847,0.47197344773097355,0,0,0
SIN0001257,POL002844,CLT02043,Habitation,Dégât des eaux,2024-11-25,2024-12-02,12854,10042,Ouvert,12,7,0,52,2,2,0.6198,1145,1.2800238996215894,11.226200873362446,0.5252306790237872,0,0,0
SIN0001258,POL002846,CLT04196,Auto,Bris de glace,2021-09-17,2021-10-14,797,615,Ouvert,21,27,0,57,6,0,0.0295,921,1.2959349593495935,0.8653637350705755,0.4356222548664373,0,0,0
SIN0001259,POL002851,CLT04295,Auto,Accident matériel,2023-11-24,2023-12-06,3551,3209,Fermé,8,12,0,21,5,1,0.3089,1147,1.106575257089436,3.09590235396687,0.4269766112679949,0,0,0
SIN0001260,POL002852,CLT03400,Auto,Accident corporel,2023-11-24,2023-11-25,8706,7216,Ouvert,31,1,0,58,0,1,0.1693,2602,1.2064855875831486,3.3458877786318215,0.44334227809347077,0,2,0
SIN0001261,POL002856,CLT03603,Habitation,Vol/Cambriolage,2021-04-14,2021-05-02,9779,8869,Fermé,27,18,0,43,0,0,0.3178,1173,1.1026045777426994,8.336743393009378,0.45798652037318,0,0,0
SIN0001262,POL002857,CLT01801,Santé,Dentaire,2024-04-16,2024-05-05,1062,838,Fermé,25,19,0,33,10,0,0.2452,1416,1.2673031026252983,0.75,0.4261495371351984,0,0,0
SIN0001263,POL002862,CLT03067,Habitation,Vol/Cambriolage,2024-09-15,2024-10-11,4629,4351,Ouvert,52,26,0,43,5,1,0.0957,1624,1.0638933578487704,2.8503694581280787,0.44725172926633405,0,0,0
SIN0001264,POL002868,CLT00724,Auto,Bris de glace,2023-09-24,2023-10-06,603,384,Fermé,7,12,0,30,7,0,0.01,2324,1.5703125,0.2594664371772806,0.43413506865325424,0,3,0
SIN0001265,POL002870,CLT00382,Habitation,Incendie,2024-07-14,2024-08-01,53730,43686,Fermé,7,18,0,18,1,1,0.3344,1300,1.2299134734239803,41.33076923076923,0.66175476182758,1,3,1
SIN0001266,POL002872,CLT02380,Habitation,Catastrophe naturelle,2024-03-31,2024-04-22,23839,17976,Ouvert,26,22,0,39,14,1,0.078,1179,1.32615709835336,20.219677692960136,0.5401376661928003,0,0,0
SIN0001267,POL002874,CLT01477,Santé,Dentaire,2022-08-23,2022-09-02,541,509,Fermé,17,10,0,42,7,2,0.0756,1276,1.0628683693516698,0.42398119122257055,0.4558116814810515,0,0,0
SIN0001268,POL002874,CLT01477,Santé,Soins courants,2022-01-18,2022-02-10,161,103,Fermé,6,23,0,42,7,2,0.0756,1276,1.5631067961165048,0.12617554858934169,0.4625809687502464,0,3,0
SIN0001269,POL002875,CLT03522,Santé,Soins courants,2021-03-21,2021-04-01,214,189,Fermé,23,11,0,18,5,2,0.314,927,1.1322751322751323,0.2308522114347357,0.4580563002243891,0,0,0
SIN0001270,POL002875,CLT03522,Santé,Maternité,2023-01-01,2023-01-12,424,288,Fermé,30,11,0,18,5,2,0.314,927,1.4722222222222223,0.45738942826321466,0.450068493000382,0,0,0
SIN0001271,POL002877,CLT00575,Auto,Accident matériel,2023-06-12,2023-06-21,3960,2268,Fermé,16,9,0,26,8,1,0.0188,1067,1.746031746031746,3.711340206185567,0.462201263894914,0,3,0
SIN0001272,POL002882,CLT02511,Habitation,Incendie,2023-08-31,2023-09-21,112190,86227,Fermé,16,21,0,57,0,0,0.1019,1609,1.3011005833439642,69.72653822249845,0.6896289360287126,1,3,1
SIN0001273,POL002887,CLT04316,Habitation,Vol/Cambriolage,2022-10-19,2022-11-03,15341,12764,Fermé,9,15,0,18,5,0,0.0588,1291,1.2018959573801316,11.883036405886909,0.47581282282883025,0,0,0
SIN0001274,POL002888,CLT01897,Auto,Bris de glace,2023-02-03,2023-02-03,335,186,Fermé,19,0,0,55,2,1,0.2504,1014,1.8010752688172043,0.33037475345167655,0.47072757681285454,0,5,0
SIN0001275,POL002892,CLT00265,Auto,Accident matériel,2023-12-16,2023-12-21,3453,3174,Ouvert,36,5,0,42,11,0,0.01,989,1.0879017013232515,3.491405460060667,0.46023855176179534,0,0,0
SIN0001276,POL002894,CLT02140,Habitation,Dégât des eaux,2021-11-03,2021-11-13,6992,5966,Fermé,5,10,0,31,0,2,0.3707,3457,1.1719745222929936,2.022562915822968,0.45436307637065565,0,0,0
SIN0001277,POL002894,CLT02140,Habitation,Dégât des eaux,2022-12-28,2023-01-17,2054,1327,Fermé,17,20,0,31,0,2,0.3707,3457,1.547852298417483,0.5941567833381545,0.4420817126581881,0,3,0
SIN0001278,POL002895,CLT02682,Habitation,Vol/Cambriolage,2021-04-04,2021-05-04,6432,3994,Litigieux,146,30,0,21,2,0,0.167,1204,1.6104156234351528,5.342192691029901,0.5442880968801811,0,3,0
SIN0001279,POL002897,CLT01849,Santé,Soins courants,2024-12-14,2024-12-31,120,75,Ouvert,58,26,0,29,0,1,0.276,1366,1.6,0.08784773060029283,0.4720089616580419,0,3,0
SIN0001280,POL002899,CLT00783,Auto,Vol,2024-07-05,2024-07-24,4623,3560,Fermé,29,19,0,73,2,0,0.0182,1760,1.2985955056179774,2.6267045454545452,0.4521518678217236,0,0,0
SIN0001281,POL002904,CLT00475,Santé,Soins courants,2024-01-14,2024-02-11,365,240,Litigieux,123,28,0,36,6,0,0.068,980,1.5208333333333333,0.37244897959183676,0.5059638096723886,0,3,0
SIN0001282,POL002905,CLT04539,Santé,Soins courants,2024-07-29,2024-08-17,143,89,Litigieux,126,19,0,39,1,0,0.1273,389,1.6067415730337078,0.3676092544987147,0.48412052402538835,0,3,0
SIN0001283,POL002907,CLT04408,Auto,Accident matériel,2024-10-01,2024-10-07,3241,2848,Ouvert,18,6,0,53,2,0,0.1514,2736,1.1379915730337078,1.1845760233918128,0.40515200241199884,0,0,0
SIN0001284,POL002908,CLT04363,Habitation,Dégât des eaux,2024-06-25,2024-07-11,7388,7002,Fermé,18,16,0,41,0,0,0.1175,1841,1.0551271065409882,4.01303639326453,0.4194445371437939,0,0,0
SIN0001285,POL002909,CLT00337,Habitation,Vol/Cambriolage,2024-10-10,2024-10-29,8348,7743,Ouvert,36,19,0,33,2,0,0.0968,3510,1.0781350897584916,2.3783475783475785,0.4286094387698692,0,0,0
SIN0001286,POL002913,CLT00833,Auto,Vol,2024-08-05,2024-08-19,7580,6745,Fermé,25,14,0,40,2,1,0.1724,1534,1.1237954040029652,4.941329856584094,0.4005993924832551,0,0,0
SIN0001287,POL002913,CLT00833,Auto,Bris de glace,2024-04-26,2024-05-21,809,448,Fermé,15,25,0,40,2,1,0.1724,1534,1.8058035714285714,0.5273794002607562,0.44082933134306546,0,3,0
SIN0001288,POL002915,CLT00722,Auto,Vol,2024-03-24,2024-04-10,1926,1211,Fermé,14,17,0,28,2,3,0.5547,1304,1.5904211395540875,1.4769938650306749,0.5101429994414105,0,5,0
SIN0001289,POL002918,CLT00818,Santé,Soins courants,2024-11-30,2024-12-05,383,229,Ouvert,29,5,0,64,1,1,0.2474,1161,1.6724890829694323,0.3298880275624462,0.45432601992530613,0,3,0
SIN0001290,POL002919,CLT04498,Auto,Accident corporel,2023-07-15,2023-07-27,9955,8428,Fermé,9,12,0,31,3,1,0.1085,2210,1.1811817750355957,4.504524886877828,0.42266002659869456,0,0,0
SIN0001291,POL002924,CLT00844,Auto,Bris de glace,2024-11-15,2024-12-06,737,483,Ouvert,24,21,0,44,5,0,0.01,2672,1.525879917184265,0.2758233532934132,0.41153712891213756,0,3,0
SIN0001292,POL002926,CLT04313,Habitation,Dégât des eaux,2023-05-17,2023-05-21,8619,5124,Fermé,21,4,0,56,3,1,0.3588,1101,1.6820843091334894,7.8283378746594,0.4632602527125543,0,3,0
SIN0001293,POL002931,CLT04068,Habitation,Incendie,2022-08-25,2022-09-04,34802,23727,Fermé,22,10,0,35,0,0,0.1526,2906,1.4667678172546044,11.975911906400551,0.5060303267737033,0,3,0
SIN0001294,POL002934,CLT00250,Auto,Accident corporel,2024-09-12,2024-09-19,15942,13685,Fermé,25,7,0,34,0,0,0.1212,1091,1.1649251004749726,14.612282309807515,0.4588373897141232,0,0,0
SIN0001295,POL002938,CLT04193,Santé,Hospitalisation,2022-09-22,2022-10-09,2320,1906,Ouvert,43,17,0,43,1,0,0.1115,1206,1.217208814270724,1.923714759535655,0.393927111033014,0,0,0
SIN0001296,POL002938,CLT04193,Santé,Optique,2022-10-25,2022-11-08,292,231,Litigieux,80,14,0,43,1,0,0.1115,1206,1.2640692640692641,0.24212271973466004,0.42669541900809915,0,0,0
SIN0001297,POL002941,CLT01491,Auto,Accident corporel,2024-11-09,2024-12-02,9164,7833,Ouvert,2,23,0,32,0,1,0.0973,1503,1.1699221243457167,6.097139055222888,0.4454793887180649,0,0,0
SIN0001298,POL002950,CLT01049,Santé,Soins courants,2024-09-07,2024-09-24,443,295,Fermé,29,17,0,48,3,1,0.1642,722,1.5016949152542374,0.6135734072022161,0.3968324125999046,0,3,0
SIN0001299,POL002951,CLT00723,Santé,Maternité,2023-02-02,2023-02-17,641,380,Fermé,23,15,0,26,0,0,0.1924,1209,1.686842105263158,0.5301902398676592,0.42695984943993953,0,3,0
SIN0001300,POL002952,CLT00075,Santé,Maternité,2024-12-24,2024-12-25,1525,851,Ouvert,43,1,0,59,1,2,0.2308,828,1.7920094007050529,1.8417874396135265,0.4912279946094144,0,5,0
SIN0001301,POL002955,CLT02101,Santé,Optique,2024-04-09,2024-04-30,331,286,Fermé,26,21,0,40,2,1,0.1846,1362,1.1573426573426573,0.24302496328928047,0.3935344559100566,0,0,0
SIN0001302,POL002955,CLT02101,Santé,Dentaire,2023-08-08,2023-08-31,1502,1214,Litigieux,32,23,0,40,2,1,0.1846,1362,1.2372322899505765,1.1027900146842877,0.3974595555772415,0,0,0
SIN0001303,POL002957,CLT04827,Habitation,Dégât des eaux,2023-08-31,2023-09-21,2299,1429,Ouvert,21,21,0,35,3,0,0.0945,1249,1.608817354793562,1.8406725380304243,0.39478211134762,0,3,0
SIN0001304,POL002957,CLT04827,Habitation,Incendie,2024-05-29,2024-06-10,20438,12425,Fermé,7,12,0,35,3,0,0.0945,1249,1.6449094567404428,16.363490792634106,0.4841978735083248,0,3,0
SIN0001305,POL002957,CLT04827,Habitation,Incendie,2024-04-24,2024-05-18,28588,23542,Fermé,7,24,0,35,3,0,0.0945,1249,1.2143403279245604,22.88871096877502,0.5228301015620379,0,3,0
SIN0001306,POL002961,CLT03227,Habitation,Incendie,2023-07-27,2023-08-23,11925,8835,Fermé,8,27,0,48,1,1,0.2963,2658,1.3497453310696095,4.486455981941309,0.45747077195009217,0,0,0
SIN0001307,POL002961,CLT03227,Habitation,Dégât des eaux,2022-09-03,2022-09-07,5072,4719,Fermé,7,4,0,48,1,1,0.2963,2658,1.074803983894893,1.908201655379985,0.4330448873675761,0,0,0
SIN0001308,POL002961,CLT03227,Habitation,Vol/Cambriolage,2023-02-02,2023-02-24,15073,8620,Fermé,25,22,0,48,1,1,0.2963,2658,1.7486078886310905,5.670805116629045,0.46312453133959436,0,3,0
SIN0001309,POL002969,CLT04057,Habitation,Vol/Cambriolage,2024-08-05,2024-08-24,6963,4693,Fermé,28,19,0,37,1,2,0.3451,1825,1.483699126358406,3.8153424657534245,0.4252551683397994,0,0,0
SIN0001310,POL002972,CLT01644,Auto,Bris de glace,2024-02-20,2024-03-12,243,213,Fermé,15,21,0,24,7,1,0.3577,1404,1.1408450704225352,0.17307692307692307,0.4490946773283079,0,0,0
SIN0001311,POL002972,CLT01644,Auto,Bris de glace,2024-09-21,2024-09-29,419,249,Fermé,18,8,0,24,7,1,0.3577,1404,1.6827309236947792,0.2984330484330484,0.46365735863565744,0,3,0
SIN0001312,POL002979,CLT02935,Habitation,Catastrophe naturelle,2022-03-14,2022-03-29,19312,17474,Fermé,29,15,0,70,1,1,0.1944,2319,1.105184846056999,8.327727468736525,0.4914344119585644,0,0,0
SIN0001313,POL002980,CLT03610,Habitation,Vol/Cambriolage,2024-03-22,2024-03-29,3393,2895,Fermé,19,7,0,45,1,1,0.1127,2671,1.172020725388601,1.2703107450393112,0.39809338323927196,0,0,0
SIN0001314,POL002982,CLT00500,Santé,Hospitalisation,2023-12-14,2023-12-25,7326,4500,Fermé,10,11,0,30,0,0,0.2121,736,1.628,9.953804347826088,0.4466652045848812,0,3,0
SIN0001315,POL002982,CLT00500,Santé,Soins courants,2023-10-21,2023-10-23,224,209,Fermé,13,2,0,30,0,0,0.2121,736,1.0717703349282297,0.30434782608695654,0.44295893384715634,0,0,0
SIN0001316,POL002985,CLT04436,Habitation,Bris de glace,2024-12-30,2024-12-31,633,547,Ouvert,45,11,0,44,3,1,0.1631,1315,1.1572212065813527,0.48136882129277564,0.4062684106714355,0,0,0
SIN0001317,POL002987,CLT03571,Habitation,Vol/Cambriolage,2024-11-01,2024-11-12,7947,4793,Ouvert,36,11,0,56,0,1,0.1527,1351,1.6580429793448779,5.882309400444115,0.43462839782024326,0,3,0
SIN0001318,POL002987,CLT03571,Habitation,Incendie,2022-07-24,2022-08-22,34286,25982,Fermé,17,29,0,56,0,1,0.1527,1351,1.3196058809945346,25.378238341968913,0.5620919258204484,1,3,1
SIN0001319,POL002988,CLT04147,Santé,Optique,2022-12-04,2022-12-04,471,283,Litigieux,76,0,0,33,0,0,0.1978,409,1.6643109540636043,1.1515892420537897,0.4892409255998226,0,5,0
SIN0001320,POL002988,CLT04147,Santé,Soins courants,2024-09-27,2024-10-19,334,186,Ouvert,14,22,0,33,0,0,0.1978,409,1.7956989247311828,0.8166259168704156,0.43897022794606927,0,3,0
SIN0001321,POL002991,CLT03982,Auto,Vol,2023-11-13,2023-11-14,12781,7173,Fermé,7,1,0,51,2,2,0.3894,1022,1.7818207165760491,12.50587084148728,0.5312919618750904,0,5,0
SIN0001322,POL002994,CLT01129,Habitation,Vol/Cambriolage,2024-07-20,2024-08-05,12797,10059,Fermé,28,16,0,53,13,1,0.01,1389,1.2721940550750572,9.213102951763858,0.49339413850654334,0,0,0
SIN0001323,POL002997,CLT02860,Auto,Bris de glace,2024-11-07,2024-11-15,841,719,Ouvert,44,8,0,40,2,2,0.3897,1711,1.1696801112656467,0.4915254237288136,0.4377988346341807,0,0,0
SIN0001324,POL003001,CLT00732,Santé,Soins courants,2024-04-08,2024-04-19,690,428,Fermé,20,11,0,18,11,2,0.3142,717,1.6121495327102804,0.9623430962343096,0.4882537683701508,0,3,0
SIN0001325,POL003002,CLT04976,Auto,Accident matériel,2024-10-31,2024-11-20,4105,3471,Ouvert,36,20,0,33,19,1,0.0393,1687,1.1826562950158457,2.4333135743924124,0.4838179922517451,0,0,0
SIN0001326,POL003003,CLT03240,Auto,Accident matériel,2024-07-10,2024-07-12,2426,1501,Fermé,26,2,0,71,0,1,0.1771,1583,1.6162558294470353,1.5325331648768161,0.4642613826820154,0,3,0
SIN0001327,POL003007,CLT02514,Habitation,Vol/Cambriolage,2022-07-11,2022-07-28,7173,4857,Ouvert,41,17,0,43,1,1,0.3232,1449,1.4768375540457073,4.950310559006211,0.4157355938221511,0,0,0
SIN0001328,POL003012,CLT02158,Habitation,Dégât des eaux,2023-10-23,2023-11-10,16441,13276,Ouvert,17,18,0,22,0,0,0.01,1529,1.2384001205182285,10.752779594506213,0.4735325810124387,0,0,0
SIN0001329,POL003014,CLT03364,Santé,Optique,2023-03-09,2023-03-20,350,264,Fermé,25,11,0,32,5,1,0.2365,641,1.3257575757575757,0.5460218408736349,0.4026205119589712,0,0,0
SIN0001330,POL003015,CLT04770,Auto,Accident matériel,2022-10-29,2022-11-10,2305,1893,Fermé,29,12,0,46,3,1,0.1757,1808,1.2176439513998945,1.2748893805309736,0.39065354996432705,0,0,0
SIN0001331,POL003015,CLT04770,Auto,Accident corporel,2022-01-29,2022-02-16,17768,16153,Litigieux,146,18,0,46,3,1,0.1757,1808,1.0999814275985884,9.827433628318584,0.5491990656206747,0,0,0
SIN0001332,POL003015,CLT04770,Auto,Bris de glace,2024-03-01,2024-03-09,289,211,Ouvert,28,8,0,46,3,1,0.1757,1808,1.3696682464454977,0.15984513274336284,0.3975213052623057,0,0,0
SIN0001333,POL003024,CLT01185,Habitation,Dégât des eaux,2023-04-05,2023-05-03,8987,6368,Fermé,19,28,0,41,1,0,0.2355,2439,1.4112751256281406,3.6847068470684707,0.43974805367799635,0,0,0
SIN0001334,POL003025,CLT04769,Habitation,Dégât des eaux,2023-12-05,2023-12-13,10031,5539,Ouvert,26,8,0,41,0,0,0.1169,3038,1.8109767105975807,3.30184331797235,0.44537197271326506,0,3,0
SIN0001335,POL003029,CLT01953,Auto,Bris de glace,2024-03-01,2024-03-09,1057,640,Fermé,22,8,0,23,2,2,0.2721,1300,1.6515625,0.813076923076923,0.4452697857258275,0,3,0
SIN0001336,POL003029,CLT01953,Auto,Incendie,2024-09-23,2024-09-23,17112,15458,Fermé,17,0,0,23,2,2,0.2721,1300,1.1069996118514684,13.163076923076924,0.5265194666055775,0,2,0
SIN0001337,POL003031,CLT03643,Habitation,Dégât des eaux,2024-11-26,2024-11-26,11971,6920,Ouvert,30,0,0,50,6,0,0.099,1314,1.7299132947976879,9.1103500761035,0.4856025082606161,0,5,0
SIN0001338,POL003035,CLT03297,Auto,Accident corporel,2022-05-18,2022-06-13,10756,6447,Fermé,18,26,0,57,1,2,0.3509,1709,1.668372886613929,6.293739028671738,0.4745784106441454,0,3,0
SIN0001339,POL003038,CLT00289,Santé,Soins courants,2024-07-13,2024-07-23,267,176,Fermé,22,10,0,54,5,0,0.01,793,1.5170454545454546,0.33669609079445145,0.4208115036605694,0,3,0
SIN0001340,POL003038,CLT00289,Santé,Maternité,2024-03-02,2024-03-19,1304,805,Fermé,13,17,0,54,5,0,0.01,793,1.6198757763975156,1.644388398486759,0.4178873444926053,0,3,0
SIN0001341,POL003039,CLT04005,Habitation,Dégât des eaux,2023-09-07,2023-09-19,8412,6640,Ouvert,16,12,0,44,1,3,0.5161,2088,1.2668674698795181,4.028735632183908,0.49711169871440963,0,2,0
SIN0001342,POL003044,CLT02917,Habitation,Dégât des eaux,2024-03-24,2024-04-14,11115,7865,Fermé,9,21,0,27,11,1,0.1329,1732,1.4132231404958677,6.4174364896073905,0.46635302095309383,0,0,0
SIN0001343,POL003046,CLT00700,Santé,Dentaire,2023-01-21,2023-02-08,954,686,Litigieux,147,18,0,28,1,1,0.1232,778,1.3906705539358601,1.2262210796915167,0.4884033396351028,0,0,0
SIN0001344,POL003051,CLT02196,Habitation,Dégât des eaux,2022-06-10,2022-07-01,4970,3388,Fermé,6,21,0,44,5,2,0.3651,1633,1.4669421487603307,3.0434782608695654,0.4350494684790121,0,0,0
SIN0001345,POL003051,CLT02196,Habitation,Vol/Cambriolage,2021-07-30,2021-08-20,5919,4818,Fermé,9,21,0,44,5,2,0.3651,1633,1.2285180572851806,3.6246172688303737,0.4344555654648612,0,0,0
SIN0001346,POL003052,CLT03738,Habitation,Dégât des eaux,2023-04-01,2023-04-11,14256,13468,Fermé,9,10,0,79,1,2,0.2824,1315,1.0585090585090584,10.84106463878327,0.5347973817253963,0,0,0
SIN0001347,POL003053,CLT03580,Santé,Optique,2024-09-15,2024-09-26,222,138,Fermé,17,11,0,69,0,1,0.2697,1097,1.608695652173913,0.2023701002734731,0.4557353181016269,0,3,0
SIN0001348,POL003062,CLT02164,Habitation,Incendie,2023-03-06,2023-03-16,14702,13531,Fermé,8,10,0,27,3,1,0.016,1330,1.0865420146330649,11.054135338345864,0.4803016683381252,0,0,0
SIN0001349,POL003066,CLT00150,Habitation,Vol/Cambriolage,2024-01-07,2024-01-12,6268,5342,Litigieux,155,5,0,55,4,1,0.2574,1239,1.1733433171096967,5.058918482647297,0.5119443458693361,0,0,0
SIN0001350,POL003067,CLT04423,Auto,Accident matériel,2024-12-31,2024-12-31,1576,1344,Ouvert,32,27,0,50,13,0,0.0217,1597,1.1726190476190477,0.986850344395742,0.4601841871886567,0,0,0
SIN0001351,POL003070,CLT01103,Auto,Accident corporel,2022-09-06,2022-09-25,36945,27327,Fermé,6,19,0,29,0,3,0.3657,2491,1.3519596003952135,14.831393014853473,0.5843722477621783,1,5,1
SIN0001352,POL003071,CLT01998,Auto,Accident matériel,2022-03-23,2022-04-22,3021,1956,Fermé,5,30,0,43,14,0,0.01,825,1.544478527607362,3.6618181818181816,0.49143148209189375,0,3,0
SIN0001353,POL003071,CLT01998,Auto,Accident corporel,2022-12-11,2023-01-04,12988,8571,Ouvert,33,24,0,43,14,0,0.01,825,1.515342433788356,15.743030303030302,0.5236824949017848,0,3,0
SIN0001354,POL003071,CLT01998,Auto,Vol,2022-09-06,2022-09-11,3139,1776,Fermé,13,5,0,43,14,0,0.01,825,1.767454954954955,3.8048484848484847,0.48772711786615014,0,3,0
SIN0001355,POL003075,CLT03456,Habitation,Catastrophe naturelle,2023-05-07,2023-05-20,29390,26842,Fermé,25,13,0,50,0,0,0.0643,1948,1.0949258624543625,15.087268993839835,0.515238285521416,0,3,0
SIN0001356,POL003075,CLT03456,Habitation,Dégât des eaux,2021-12-15,2022-01-10,4067,3801,Ouvert,14,26,0,50,0,0,0.0643,1948,1.0699815837937385,2.087782340862423,0.4268570419518832,0,0,0
SIN0001357,POL003077,CLT03959,Auto,Accident matériel,2022-09-02,2022-09-19,1527,1252,Litigieux,120,17,0,44,1,0,0.01,1381,1.2196485623003195,1.1057204923968138,0.4648308846795334,0,0,0
SIN0001358,POL003080,CLT00844,Habitation,Catastrophe naturelle,2022-12-05,2022-12-19,8643,4761,Fermé,20,14,0,44,5,0,0.01,2842,1.8153749212350347,3.041168191414497,0.4463581759398885,0,3,0
SIN0001359,POL003085,CLT04625,Habitation,Dégât des eaux,2023-01-30,2023-02-16,1781,1366,Fermé,10,17,0,41,6,0,0.0375,2474,1.3038067349926794,0.7198868229587713,0.4075029824600863,0,0,0
SIN0001360,POL003085,CLT04625,Habitation,Dégât des eaux,2023-06-16,2023-07-14,8332,6150,Fermé,29,28,0,41,6,0,0.0375,2474,1.3547967479674796,3.367825383993533,0.446229365791066,0,0,0
SIN0001361,POL003090,CLT01435,Auto,Accident matériel,2024-02-07,2024-02-20,2197,1969,Fermé,9,13,0,24,0,0,0.0396,796,1.1157948197054341,2.7600502512562812,0.4285976335698324,0,0,0
SIN0001362,POL003090,CLT01435,Auto,Accident matériel,2022-08-24,2022-09-22,5601,4903,Fermé,26,29,0,24,0,0,0.0396,796,1.1423618192943097,7.03643216080402,0.46619537910302655,0,0,0
SIN0001363,POL003090,CLT01435,Auto,Bris de glace,2022-10-20,2022-10-31,288,188,Litigieux,123,11,0,24,0,0,0.0396,796,1.5319148936170213,0.36180904522613067,0.4962649808730029,0,3,0
SIN0001364,POL003090,CLT01435,Auto,Bris de glace,2023-10-16,2023-11-04,125,83,Fermé,28,19,0,24,0,0,0.0396,796,1.5060240963855422,0.157035175879397,0.4340070934641743,0,3,0
SIN0001365,POL003091,CLT02040,Habitation,Vol/Cambriolage,2022-12-06,2022-12-06,5300,5011,Fermé,8,0,0,18,4,3,0.3581,1315,1.0576731191378965,4.030418250950571,0.533793034258665,0,4,0
SIN0001366,POL003091,CLT02040,Habitation,Dégât des eaux,2022-06-29,2022-07-28,3836,3501,Ouvert,22,29,0,18,4,3,0.3581,1315,1.0956869465866894,2.9171102661596957,0.5208345537207296,0,2,0
SIN0001367,POL003092,CLT02793,Santé,Optique,2024-09-26,2024-10-09,237,218,Ouvert,4,13,0,32,1,1,0.2192,1378,1.0871559633027523,0.17198838896952104,0.42145041724521204,0,0,0
SIN0001368,POL003099,CLT02828,Auto,Accident corporel,2024-12-06,2024-12-28,24939,18825,Ouvert,47,22,0,48,4,0,0.1509,2106,1.3247808764940239,11.841880341880342,0.48357121675735754,0,0,0
SIN0001369,POL003099,CLT02828,Auto,Vol,2022-07-02,2022-07-28,5162,3443,Ouvert,17,26,0,48,4,0,0.1509,2106,1.4992738890502468,2.4510921177587845,0.4068036913490432,0,0,0
SIN0001370,POL003100,CLT00725,Auto,Bris de glace,2023-12-27,2024-01-05,198,174,Fermé,20,9,0,45,1,0,0.2613,1636,1.1379310344827587,0.12102689486552567,0.4134967411392861,0,0,0
SIN0001371,POL003100,CLT00725,Auto,Accident matériel,2024-07-08,2024-07-10,8448,6396,Fermé,8,2,0,45,1,0,0.2613,1636,1.320825515947467,5.163814180929095,0.43551102728894014,0,0,0
SIN0001372,POL003106,CLT02078,Santé,Soins courants,2024-11-30,2024-12-13,216,199,Ouvert,54,13,0,53,1,1,0.2725,1172,1.085427135678392,0.18430034129692832,0.4274850743802081,0,0,0
SIN0001373,POL003106,CLT02078,Santé,Optique,2021-09-06,2021-09-27,332,271,Fermé,14,21,0,53,1,1,0.2725,1172,1.2250922509225093,0.2832764505119454,0.4040193887646606,0,0,0
SIN0001374,POL003106,CLT02078,Santé,Soins courants,2022-09-07,2022-09-17,845,702,Fermé,30,10,0,53,1,1,0.2725,1172,1.2037037037037037,0.7209897610921502,0.40358993165880197,0,0,0
SIN0001375,POL003108,CLT01711,Auto,Accident matériel,2023-02-06,2023-02-24,6201,5756,Litigieux,139,18,0,33,1,0,0.01,1036,1.0773106323835997,5.985521235521236,0.5166146639860375,0,0,0
SIN0001376,POL003109,CLT04566,Habitation,Incendie,2024-08-09,2024-08-25,41113,24443,Fermé,8,16,0,51,0,0,0.3175,3224,1.6819948451499407,12.752171215880892,0.5729082872744193,1,6,1
SIN0001377,POL003109,CLT04566,Habitation,Catastrophe naturelle,2023-08-09,2023-08-15,11533,8943,Ouvert,36,6,0,51,0,0,0.3175,3224,1.2896119870289613,3.5772332506203472,0.46500702497208735,0,0,0
SIN0001378,POL003113,CLT03871,Habitation,Vol/Cambriolage,2023-09-05,2023-09-27,9950,7555,Fermé,17,22,0,34,0,1,0.0182,1096,1.3170086035737922,9.078467153284672,0.42727922927888085,0,0,0
SIN0001379,POL003115,CLT04095,Santé,Soins courants,2023-06-07,2023-06-29,553,511,Ouvert,23,22,0,32,1,0,0.2555,641,1.082191780821918,0.8627145085803433,0.42075468987822034,0,0,0
SIN0001380,POL003117,CLT04806,Auto,Accident matériel,2023-12-26,2024-01-10,11763,6982,Fermé,24,15,0,55,0,0,0.0615,2405,1.6847608135204812,4.891060291060291,0.4393139692423871,0,3,0
SIN0001381,POL003124,CLT03780,Auto,Accident matériel,2024-05-31,2024-06-05,2128,1636,Fermé,5,5,0,43,6,0,0.1181,1469,1.3007334963325183,1.4486044928522805,0.41347964637613455,0,0,0
SIN0001382,POL003125,CLT03174,Habitation,Dégât des eaux,2024-08-12,2024-09-05,2456,1578,Fermé,10,24,0,43,1,0,0.064,1226,1.556400506970849,2.0032626427406197,0.40452130500651723,0,3,0
SIN0001383,POL003127,CLT03115,Habitation,Bris de glace,2024-10-13,2024-11-12,520,489,Ouvert,2,30,0,19,1,3,0.4736,1346,1.0633946830265848,0.3863298662704309,0.5715875689965051,1,2,0
SIN0001384,POL003127,CLT03115,Habitation,Incendie,2024-07-22,2024-08-04,24731,16873,Litigieux,108,13,0,19,1,3,0.4736,1346,1.465714455046524,18.37369985141159,0.6331547958523759,1,2,0
SIN0001385,POL003130,CLT03903,Auto,Accident corporel,2024-11-12,2024-11-13,16347,12980,Ouvert,40,1,0,33,1,0,0.214,2482,1.2593990755007705,6.586220789685737,0.464386780408122,0,2,0
SIN0001386,POL003131,CLT03738,Auto,Bris de glace,2024-06-22,2024-07-14,577,398,Fermé,28,22,0,79,1,2,0.2824,940,1.449748743718593,0.6138297872340426,0.47714683600035557,0,0,0
SIN0001387,POL003133,CLT01826,Habitation,Vol/Cambriolage,2023-10-26,2023-11-13,14472,11189,Ouvert,43,18,0,24,11,1,0.0793,1773,1.2934131736526946,8.16243654822335,0.49459319804652413,0,0,0
SIN0001388,POL003134,CLT00700,Auto,Vol,2023-02-01,2023-02-08,10280,8263,Fermé,27,7,0,28,1,1,0.1232,1567,1.2441002057364154,6.560306317804723,0.4251167613645959,0,0,0
SIN0001389,POL003135,CLT01010,Auto,Accident matériel,2024-04-15,2024-04-19,3721,2962,Fermé,15,4,0,51,0,0,0.1811,1440,1.2562457798784605,2.5840277777777776,0.40673642432318363,0,0,0
SIN0001390,POL003140,CLT03096,Habitation,Catastrophe naturelle,2022-10-03,2022-10-05,12286,8178,Ouvert,56,2,0,36,0,2,0.3389,3171,1.5023233064318904,3.8744875433617154,0.4943593152133819,0,3,0
SIN0001391,POL003140,CLT03096,Habitation,Dégât des eaux,2024-11-21,2024-12-07,3914,3711,Ouvert,44,16,0,36,0,2,0.3389,3171,1.05470223659391,1.2343109429202144,0.45000281336811077,0,0,0
SIN0001392,POL003142,CLT03586,Habitation,Dégât des eaux,2021-10-23,2021-10-24,5529,3342,Fermé,9,1,0,60,2,3,0.5688,1553,1.6543985637342908,3.56020605280103,0.549190331216751,0,7,0
SIN0001393,POL003149,CLT02480,Santé,Soins courants,2021-06-23,2021-07-04,228,188,Fermé,28,11,0,24,3,1,0.3634,711,1.2127659574468086,0.3206751054852321,0.42679577634640176,0,0,0
SIN0001394,POL003150,CLT03476,Habitation,Dégât des eaux,2024-02-29,2024-03-18,2237,1374,Fermé,17,18,0,52,2,0,0.0755,1993,1.6280931586608443,1.1224284997491218,0.4022250934793725,0,3,0
SIN0001395,POL003166,CLT03822,Auto,Incendie,2021-10-28,2021-11-13,70567,55535,Fermé,5,16,0,50,2,3,0.158,1430,1.270676150175565,49.347552447552445,0.6841927588819852,1,5,1
SIN0001396,POL003167,CLT03324,Habitation,Dégât des eaux,2023-06-29,2023-07-01,6023,4182,Ouvert,8,2,0,24,6,0,0.0586,1668,1.4402199904351984,3.6109112709832134,0.43328311276022885,0,0,0
SIN0001397,POL003167,CLT03324,Habitation,Catastrophe naturelle,2022-06-17,2022-07-14,17792,15512,Fermé,20,27,0,24,6,0,0.0586,1668,1.146982980917999,10.666666666666666,0.49740487519353804,0,0,0
SIN0001398,POL003175,CLT00058,Auto,Bris de glace,2022-08-13,2022-08-21,479,383,Ouvert,53,8,0,72,5,1,0.2134,899,1.2506527415143602,0.5328142380422692,0.4632938533486128,0,0,0
SIN0001399,POL003175,CLT00058,Auto,Accident matériel,2024-10-07,2024-10-26,2054,1222,Ouvert,50,19,0,72,5,1,0.2134,899,1.6808510638297873,2.28476084538376,0.4731698705895719,0,3,0
SIN0001400,POL003177,CLT00227,Habitation,Dégât des eaux,2024-11-20,2024-11-26,5922,3460,Ouvert,51,6,0,35,8,3,0.3328,1031,1.7115606936416186,5.743937924345296,0.5219087417595909,0,5,0
SIN0001401,POL003182,CLT03048,Santé,Soins courants,2023-04-02,2023-04-03,477,344,Fermé,21,1,0,50,0,0,0.2223,1598,1.3866279069767442,0.29849812265331666,0.4192913615061572,0,2,0
SIN0001402,POL003183,CLT01729,Santé,Optique,2024-04-14,2024-04-25,637,462,Fermé,18,11,0,18,0,1,0.3458,1044,1.378787878787879,0.6101532567049809,0.4363115465418581,0,0,0
SIN0001403,POL003191,CLT02505,Auto,Bris de glace,2023-03-22,2023-04-05,490,306,Litigieux,80,14,0,24,12,1,0.01,2023,1.6013071895424837,0.2422145328719723,0.5076248937455837,0,3,0
SIN0001404,POL003192,CLT03789,Habitation,Dégât des eaux,2023-03-02,2023-03-09,7251,4693,Ouvert,23,7,0,63,0,1,0.1752,1229,1.5450671212444065,5.8999186330349875,0.4322328384009946,0,3,0
SIN0001405,POL003192,CLT03789,Habitation,Dégât des eaux,2023-12-19,2024-01-16,6221,3593,Ouvert,1,28,0,63,0,1,0.1752,1229,1.731422209852491,5.061838893409276,0.4909661448880199,0,3,0
SIN0001406,POL003194,CLT04248,Santé,Soins courants,2022-12-30,2023-01-03,186,154,Fermé,30,4,0,37,3,1,0.0401,1223,1.2077922077922079,0.15208503679476695,0.41945344459637546,0,0,0
SIN0001407,POL003195,CLT04681,Auto,Bris de glace,2022-09-08,2022-10-07,850,645,Fermé,26,29,0,44,3,0,0.1653,2015,1.317829457364341,0.4218362282878412,0.4210251843096197,0,0,0
SIN0001408,POL003197,CLT03431,Santé,Soins courants,2022-10-28,2022-11-26,242,229,Fermé,18,29,0,47,0,2,0.3081,951,1.056768558951965,0.2544689800210305,0.47859006025711226,0,0,0
SIN0001409,POL003200,CLT01134,Auto,Vol,2023-04-21,2023-05-15,7547,4364,Ouvert,48,24,0,44,10,0,0.01,890,1.7293767186067828,8.479775280898876,0.4934402478747195,0,3,0
SIN0001410,POL003201,CLT01809,Auto,Accident matériel,2022-12-23,2023-01-04,2974,2014,Fermé,17,12,0,41,2,0,0.1663,1373,1.4766633565044687,2.166059723233795,0.39189290786362047,0,0,0
SIN0001411,POL003202,CLT00693,Habitation,Incendie,2024-11-22,2024-12-21,34319,23607,Ouvert,46,29,0,23,1,0,0.1351,1204,1.4537637141525819,28.504152823920265,0.5857916747567206,1,3,1
SIN0001412,POL003202,CLT00693,Habitation,Dégât des eaux,2024-10-09,2024-11-05,4233,3227,Ouvert,18,27,0,23,1,0,0.1351,1204,1.3117446544778433,3.51578073089701,0.42223285679436057,0,0,0
SIN0001413,POL003203,CLT02721,Auto,Accident matériel,2024-06-20,2024-06-29,6761,4414,Fermé,5,9,0,18,4,0,0.2167,866,1.531717263253285,7.80715935334873,0.447713716965829,0,3,0
SIN0001414,POL003205,CLT02690,Auto,Bris de glace,2021-02-23,2021-03-21,80,58,Fermé,11,26,0,46,4,1,0.2189,3111,1.3793103448275863,0.02571520411443266,0.42720211510826434,0,0,0
SIN0001415,POL003209,CLT02647,Habitation,Catastrophe naturelle,2024-04-27,2024-05-05,31824,20083,Fermé,21,8,0,63,2,0,0.1733,2069,1.5846238111835882,15.381343644272595,0.5121576680080947,0,6,0
SIN0001416,POL003211,CLT01383,Auto,Accident matériel,2022-06-18,2022-06-18,1353,1234,Ouvert,16,0,0,69,0,0,0.01,2278,1.0964343598055106,0.5939420544337137,0.48804319729203915,0,2,0
SIN0001417,POL003216,CLT02662,Auto,Accident corporel,2022-04-18,2022-04-24,9708,7622,Litigieux,67,6,0,34,3,1,0.1105,1180,1.27368144843873,8.227118644067797,0.45046730113602135,0,0,0
SIN0001418,POL003216,CLT02662,Auto,Accident matériel,2024-05-02,2024-05-24,4983,4319,Fermé,20,22,0,34,3,1,0.1105,1180,1.1537392915026627,4.222881355932204,0.39547409280647167,0,0,0
SIN0001419,POL003219,CLT03629,Santé,Soins courants,2024-08-30,2024-09-27,402,303,Fermé,28,28,0,54,1,1,0.1034,1571,1.3267326732673268,0.2558879694462126,0.42346434336282346,0,0,0
SIN0001420,POL003221,CLT03279,Habitation,Dégât des eaux,2023-05-13,2023-06-05,7720,4428,Fermé,15,23,0,49,2,0,0.01,1424,1.7434507678410118,5.421348314606742,0.44046465144223645,0,3,0
SIN0001421,POL003222,CLT04833,Santé,Hospitalisation,2023-11-27,2023-12-05,6549,5632,Fermé,20,8,0,40,5,3,0.3157,1593,1.1628196022727273,4.111111111111111,0.45261016476134486,0,2,0
SIN0001422,POL003222,CLT04833,Santé,Soins courants,2024-03-28,2024-04-14,240,183,Litigieux,141,17,0,40,5,3,0.3157,1593,1.3114754098360655,0.15065913370998116,0.5389324192626568,0,2,0
SIN0001423,POL003228,CLT01564,Habitation,Dégât des eaux,2024-12-17,2024-12-18,4798,3376,Ouvert,57,1,0,29,0,1,0.2641,1998,1.4212085308056872,2.4014014014014013,0.4494624471974561,0,2,0
SIN0001424,POL003230,CLT02037,Santé,Soins courants,2021-08-23,2021-09-19,535,386,Litigieux,165,27,0,72,1,2,0.1789,734,1.3860103626943006,0.728882833787466,0.5687393308187481,1,0,0
SIN0001425,POL003233,CLT00429,Auto,Bris de glace,2023-02-18,2023-03-10,347,328,Fermé,20,20,0,55,8,1,0.1701,907,1.0579268292682926,0.38257993384785005,0.4340774298102001,0,0,0
SIN0001426,POL003235,CLT03050,Santé,Optique,2022-12-22,2023-01-10,460,357,Fermé,11,19,0,52,7,1,0.1081,569,1.288515406162465,0.8084358523725835,0.41214499055001236,0,0,0
SIN0001427,POL003236,CLT00292,Santé,Maternité,2024-04-09,2024-04-30,719,447,Fermé,14,21,0,41,6,1,0.1952,1309,1.6085011185682327,0.5492742551566081,0.41188454181783885,0,3,0
SIN0001428,POL003237,CLT02044,Santé,Hospitalisation,2024-01-17,2024-02-04,4490,4067,Fermé,17,18,0,26,1,1,0.01,863,1.104007868207524,5.202780996523754,0.43109073265714776,0,0,0
SIN0001429,POL003242,CLT04219,Habitation,Bris de glace,2023-03-10,2023-03-12,405,252,Litigieux,118,2,0,25,1,3,0.2804,1593,1.6071428571428572,0.2542372881355932,0.5498022883974323,0,5,0
SIN0001430,POL003242,CLT04219,Habitation,Vol/Cambriolage,2024-06-14,2024-06-30,5416,4682,Fermé,5,16,0,25,1,3,0.2804,1593,1.1567706108500642,3.3998744507219083,0.46682198204912584,0,2,0
SIN0001431,POL003245,CLT03544,Auto,Accident corporel,2023-01-30,2023-02-14,43970,25376,Ouvert,30,15,0,34,0,1,0.1514,880,1.7327395964691046,49.96590909090909,0.627122973353844,1,6,1
SIN0001432,POL003254,CLT03162,Santé,Soins courants,2022-10-30,2022-11-02,203,183,Fermé,29,3,0,60,10,2,0.2735,1149,1.1092896174863387,0.17667536988685814,0.4873818602822929,0,0,0
SIN0001433,POL003255,CLT04164,Habitation,Dégât des eaux,2024-07-09,2024-07-13,4795,2942,Litigieux,155,4,0,26,0,1,0.1656,1992,1.6298436437797417,2.407128514056225,0.511736722398113,0,3,0
SIN0001434,POL003256,CLT02894,Santé,Hospitalisation,2024-04-08,2024-04-16,9436,5506,Fermé,17,8,0,29,20,0,0.01,1451,1.713766799854704,6.503101309441765,0.536565148341306,0,3,0
SIN0001435,POL003269,CLT00828,Auto,Accident corporel,2024-04-24,2024-04-24,18313,10291,Fermé,11,0,0,62,2,0,0.2607,964,1.7795160820134097,18.99688796680498,0.5509012035961582,0,5,0
SIN0001436,POL003271,CLT02040,Santé,Optique,2021-10-06,2021-10-13,176,146,Fermé,27,7,0,18,4,3,0.3581,643,1.2054794520547945,0.2737169517884914,0.487709316944002,0,2,0
SIN0001437,POL003273,CLT01104,Auto,Incendie,2024-11-01,2024-11-10,16700,14029,Ouvert,36,9,0,46,3,2,0.3984,2896,1.1903913322403592,5.766574585635359,0.49193245268781666,0,0,0
SIN0001438,POL003273,CLT01104,Auto,Bris de glace,2023-06-09,2023-06-28,793,554,Fermé,17,19,0,46,3,2,0.3984,2896,1.431407942238267,0.2738259668508287,0.4308677851059355,0,0,0
SIN0001439,POL003273,CLT01104,Auto,Vol,2023-11-05,2023-11-19,8379,6869,Fermé,20,14,0,46,3,2,0.3984,2896,1.2198282137137866,2.893301104972376,0.43897700299914266,0,0,0
SIN0001440,POL003273,CLT01104,Auto,Bris de glace,2024-03-13,2024-03-20,309,207,Fermé,20,7,0,46,3,2,0.3984,2896,1.4927536231884058,0.10669889502762431,0.44100840133664143,0,0,0
SIN0001441,POL003276,CLT04565,Habitation,Vol/Cambriolage,2022-04-11,2022-04-12,3214,2494,Fermé,11,1,0,39,4,2,0.2012,2201,1.2886928628708902,1.4602453430258973,0.42698792207918534,0,2,0
SIN0001442,POL003276,CLT04565,Habitation,Incendie,2023-11-04,2023-11-13,14658,9136,Ouvert,53,9,0,39,4,2,0.2012,2201,1.6044220665499125,6.659700136301681,0.4713566257279657,0,3,0
SIN0001443,POL003276,CLT04565,Habitation,Vol/Cambriolage,2022-05-14,2022-05-19,18448,11123,Fermé,12,5,0,39,4,2,0.2012,2201,1.6585453564685786,8.381644706951386,0.47225850504622496,0,3,0
SIN0001444,POL003276,CLT04565,Habitation,Dégât des eaux,2022-02-11,2022-02-28,6699,4037,Fermé,17,17,0,39,4,2,0.2012,2201,1.659400544959128,3.043616537937301,0.42380637979096647,0,3,0
SIN0001445,POL003278,CLT00848,Auto,Accident matériel,2024-06-21,2024-07-05,4982,3025,Fermé,29,14,0,57,0,0,0.0624,1171,1.6469421487603306,4.2544833475661825,0.41984887282677197,0,3,0
SIN0001446,POL003280,CLT02424,Habitation,Bris de glace,2024-07-22,2024-08-10,317,244,Fermé,28,19,0,56,1,0,0.2069,1242,1.2991803278688525,0.25523349436392917,0.4014092937847641,0,0,0
SIN0001447,POL003283,CLT02539,Auto,Accident matériel,2024-12-21,2024-12-21,2926,2096,Ouvert,33,0,0,55,11,0,0.0447,1005,1.3959923664122138,2.9114427860696517,0.45843713715598794,0,2,0
SIN0001448,POL003285,CLT04754,Auto,Accident matériel,2024-01-23,2024-01-23,5445,3974,Fermé,16,0,0,43,7,0,0.01,882,1.3701560140915954,6.173469387755102,0.45253217577303245,0,2,0
SIN0001449,POL003296,CLT03382,Auto,Accident matériel,2024-03-07,2024-03-09,3307,2350,Ouvert,56,2,0,47,20,1,0.0803,758,1.4072340425531915,4.362796833773087,0.5035588069439884,0,0,0
SIN0001450,POL003302,CLT01223,Auto,Accident corporel,2024-09-29,2024-10-17,21159,19739,Ouvert,6,18,0,42,15,0,0.123,1500,1.0719388013577182,14.106,0.5408170763343862,0,0,0
SIN0001451,POL003303,CLT00578,Auto,Vol,2024-12-09,2024-12-19,4624,3699,Ouvert,20,10,0,27,3,0,0.01,1065,1.2500675858340091,4.341784037558686,0.4131661396098838,0,0,0
SIN0001452,POL003307,CLT04701,Auto,Accident matériel,2024-04-16,2024-05-11,3251,2972,Fermé,23,25,0,65,2,1,0.2015,764,1.0938761776581427,4.255235602094241,0.4357096886000448,0,0,0
SIN0001453,POL003307,CLT04701,Auto,Accident corporel,2022-05-23,2022-05-29,22951,17634,Fermé,11,6,0,65,2,1,0.2015,764,1.3015197913122378,30.040575916230367,0.5373433416397533,0,0,0
SIN0001454,POL003311,CLT03983,Auto,Accident matériel,2023-08-27,2023-09-14,2744,1769,Ouvert,9,18,0,25,2,1,0.1121,1791,1.551158846806105,1.532104969290899,0.40796851218260105,0,3,0
SIN0001455,POL003315,CLT01897,Auto,Accident corporel,2024-08-21,2024-09-08,22837,16205,Fermé,26,18,0,55,2,1,0.2504,1261,1.4092564023449552,18.110229976209357,0.48422712981696076,0,0,0
SIN0001456,POL003322,CLT00448,Habitation,Incendie,2024-02-05,2024-02-20,23231,20860,Fermé,17,15,0,44,4,0,0.1042,1388,1.1136625119846597,16.737031700288185,0.4806817779755888,0,0,0
SIN0001457,POL003329,CLT03249,Auto,Accident corporel,2022-06-05,2022-06-13,12722,10838,Ouvert,43,8,0,42,9,0,0.0199,1542,1.1738328104816387,8.250324254215306,0.47327588813969856,0,0,0
SIN0001458,POL003332,CLT02365,Auto,Accident matériel,2024-04-15,2024-05-15,2874,2181,Fermé,13,30,0,26,1,1,0.1561,875,1.3177441540577717,3.2845714285714287,0.4326124544357949,0,0,0
SIN0001459,POL003335,CLT00569,Habitation,Vol/Cambriolage,2022-11-09,2022-11-14,4429,3555,Fermé,30,5,0,23,15,2,0.0938,2911,1.2458509142053447,1.5214702851253865,0.500173549429273,0,0,0
SIN0001460,POL003339,CLT00303,Auto,Bris de glace,2024-08-06,2024-09-03,274,194,Ouvert,43,28,0,31,6,0,0.0433,661,1.4123711340206186,0.4145234493192133,0.4590031803190378,0,0,0
SIN0001461,POL003339,CLT00303,Auto,Accident matériel,2023-05-04,2023-05-20,4080,2818,Ouvert,4,16,0,31,6,0,0.0433,661,1.4478353442157559,6.172465960665658,0.4225411103708536,0,0,0
SIN0001462,POL003339,CLT00303,Auto,Accident matériel,2023-05-18,2023-06-04,2236,1610,Fermé,27,17,0,31,6,0,0.0433,661,1.3888198757763974,3.3827534039334344,0.4049388247111341,0,0,0
SIN0001463,POL003341,CLT02278,Habitation,Vol/Cambriolage,2024-02-07,2024-02-18,8700,7860,Fermé,12,11,0,34,1,0,0.0433,1394,1.1068702290076335,6.24103299856528,0.43041878128124705,0,0,0
SIN0001464,POL003342,CLT02407,Auto,Accident matériel,2023-10-24,2023-11-12,1885,1062,Fermé,6,19,0,42,2,0,0.3563,1883,1.7749529190207156,1.0010621348911313,0.45254622811751927,0,3,0
SIN0001465,POL003344,CLT04252,Auto,Accident corporel,2024-04-04,2024-04-30,11239,6293,Fermé,22,26,0,62,3,0,0.0587,1300,1.7859526457969173,8.645384615384616,0.4734114953288212,0,3,0
SIN0001466,POL003346,CLT03933,Habitation,Bris de glace,2023-07-13,2023-08-11,714,566,Fermé,24,29,0,53,1,0,0.0657,1247,1.2614840989399294,0.5725741780272654,0.4263713378149727,0,0,0
SIN0001467,POL003346,CLT03933,Habitation,Catastrophe naturelle,2023-03-25,2023-04-08,15329,14268,Fermé,10,14,0,53,1,0,0.0657,1247,1.0743622091393328,12.29270248596632,0.46854068111429475,0,0,0
SIN0001468,POL003346,CLT03933,Habitation,Bris de glace,2024-08-31,2024-09-16,616,527,Ouvert,19,16,0,53,1,0,0.0657,1247,1.1688804554079697,0.49398556535685645,0.4000459943980159,0,0,0
SIN0001469,POL003352,CLT04058,Habitation,Dégât des eaux,2023-02-25,2023-03-01,7901,4579,Litigieux,158,4,0,44,0,1,0.2129,1292,1.725485913955012,6.115325077399381,0.5409467212223421,0,3,0
SIN0001470,POL003353,CLT04589,Santé,Hospitalisation,2024-09-02,2024-09-04,4434,3643,Fermé,20,2,0,39,1,0,0.0821,1442,1.2171287400494097,3.074895977808599,0.4078096013418566,0,0,0
SIN0001471,POL003355,CLT03179,Habitation,Dégât des eaux,2023-11-03,2023-11-17,2537,1888,Fermé,8,14,0,41,9,0,0.01,1700,1.34375,1.4923529411764707,0.42228526237102915,0,0,0
SIN0001472,POL003363,CLT00833,Santé,Hospitalisation,2023-08-21,2023-08-22,3485,3064,Fermé,20,1,0,40,2,1,0.1724,774,1.137402088772846,4.502583979328166,0.41008083119689215,0,2,0
SIN0001473,POL003364,CLT00041,Santé,Dentaire,2023-07-23,2023-07-25,1028,698,Fermé,15,2,0,28,1,1,0.2687,693,1.472779369627507,1.4834054834054835,0.4233647520859063,0,0,0
SIN0001474,POL003364,CLT00041,Santé,Optique,2023-01-24,2023-01-27,564,469,Fermé,24,3,0,28,1,1,0.2687,693,1.2025586353944564,0.8138528138528138,0.4129318943712331,0,0,0
SIN0001475,POL003364,CLT00041,Santé,Hospitalisation,2023-02-04,2023-02-24,2512,1556,Fermé,5,20,0,28,1,1,0.2687,693,1.6143958868894601,3.624819624819625,0.4273721246010243,0,3,0
SIN0001476,POL003365,CLT01084,Habitation,Catastrophe naturelle,2021-09-17,2021-10-11,15322,11680,Fermé,7,24,0,29,4,0,0.1547,2229,1.3118150684931507,6.873934499775684,0.4493257510203295,0,0,0
SIN0001477,POL003369,CLT00911,Habitation,Dégât des eaux,2021-10-18,2021-11-13,2725,2006,Ouvert,41,26,0,42,2,0,0.1848,1616,1.3584247258225324,1.6862623762376239,0.4081780307601921,0,0,0
SIN0001478,POL003369,CLT00911,Habitation,Dégât des eaux,2022-02-15,2022-02-23,3922,3375,Ouvert,38,8,0,42,2,0,0.1848,1616,1.162074074074074,2.426980198019802,0.4023018901389425,0,0,0
SIN0001479,POL003369,CLT00911,Habitation,Dégât des eaux,2021-07-06,2021-07-08,9846,5593,Fermé,12,2,0,42,2,0,0.1848,1616,1.7604148042195602,6.092821782178218,0.4526531668753602,0,3,0
SIN0001480,POL003369,CLT00911,Habitation,Catastrophe naturelle,2024-08-31,2024-09-05,18639,10951,Fermé,26,5,0,42,2,0,0.1848,1616,1.702036343712903,11.534034653465346,0.4656646772358481,0,3,0
SIN0001481,POL003369,CLT00911,Habitation,Vol/Cambriolage,2021-11-26,2021-12-14,12032,10823,Fermé,29,18,0,42,2,0,0.1848,1616,1.111706550863901,7.445544554455446,0.43285375077620636,0,0,0
SIN0001482,POL003373,CLT04556,Habitation,Incendie,2022-11-28,2022-12-06,30339,25012,Fermé,25,8,0,36,3,0,0.2269,2130,1.2129777706700784,14.243661971830987,0.49964523429271174,0,3,0
SIN0001483,POL003377,CLT04046,Habitation,Incendie,2024-03-15,2024-04-14,15951,15139,Fermé,17,30,0,75,4,1,0.1521,3078,1.0536363035867626,5.182261208576998,0.5364426508213619,0,0,0
SIN0001484,POL003377,CLT04046,Habitation,Dégât des eaux,2024-08-21,2024-09-19,4044,2459,Fermé,14,29,0,75,4,1,0.1521,3078,1.6445709638064254,1.3138401559454191,0.4856587275783253,0,3,0
SIN0001485,POL003380,CLT04345,Habitation,Incendie,2024-05-01,2024-05-29,17569,14324,Fermé,27,28,0,28,1,1,0.1712,2699,1.2265428651214745,6.509447943682845,0.472451829433767,0,0,0
SIN0001486,POL003382,CLT03150,Auto,Vol,2024-05-04,2024-05-30,5573,3330,Fermé,17,26,0,45,3,1,0.1851,1640,1.6735735735735735,3.398170731707317,0.42351128843770086,0,3,0
SIN0001487,POL003383,CLT01275,Auto,Bris de glace,2024-02-20,2024-02-29,185,124,Fermé,6,9,0,32,6,0,0.01,894,1.4919354838709677,0.20693512304250558,0.42853226646417564,0,0,0
SIN0001488,POL003386,CLT00123,Santé,Maternité,2024-05-20,2024-05-29,1069,762,Fermé,28,9,0,56,2,0,0.1454,619,1.4028871391076116,1.7269789983844912,0.4050507090404894,0,0,0
SIN0001489,POL003387,CLT04683,Habitation,Bris de glace,2023-04-05,2023-04-24,541,313,Fermé,26,19,0,59,1,0,0.2026,1758,1.7284345047923322,0.30773606370875994,0.43527123436156945,0,3,0
SIN0001490,POL003388,CLT04372,Auto,Vol,2023-04-19,2023-05-16,8422,6829,Fermé,12,27,0,40,3,0,0.01,2292,1.2332698784595109,3.674520069808028,0.4336780697742027,0,0,0
SIN0001491,POL003389,CLT00834,Auto,Accident matériel,2023-10-24,2023-11-21,2361,2021,Fermé,28,28,0,58,0,0,0.1317,1871,1.1682335477486392,1.261892036344201,0.4351922919096839,0,0,0
SIN0001492,POL003389,CLT00834,Auto,Accident matériel,2023-07-14,2023-07-17,2286,2107,Fermé,22,3,0,58,0,0,0.1317,1871,1.0849549121974371,1.2218065205772315,0.43543936499924485,0,0,0
SIN0001493,POL003392,CLT02108,Auto,Vol,2024-09-29,2024-10-17,3948,2718,Ouvert,57,18,0,38,0,0,0.1202,1191,1.4525386313465785,3.3148614609571787,0.4142274735261616,0,0,0
SIN0001494,POL003393,CLT02035,Santé,Hospitalisation,2024-06-19,2024-07-01,3703,3464,Fermé,24,12,0,50,1,0,0.1542,817,1.0689953810623556,4.532435740514076,0.4179768168984315,0,0,0
SIN0001495,POL003393,CLT02035,Santé,Optique,2024-06-27,2024-07-20,519,329,Ouvert,55,23,0,50,1,0,0.1542,817,1.5775075987841944,0.6352509179926561,0.4285513011641651,0,3,0
SIN0001496,POL003394,CLT04442,Auto,Accident corporel,2022-07-15,2022-08-07,14403,9049,Fermé,19,23,0,37,0,3,0.3208,831,1.591667587578738,17.332129963898918,0.5231727271455514,0,5,0
SIN0001497,POL003395,CLT01824,Auto,Bris de glace,2024-11-30,2024-11-30,200,116,Ouvert,33,0,0,29,6,0,0.0526,1380,1.7241379310344827,0.14492753623188406,0.4780140769044779,0,5,0
SIN0001498,POL003400,CLT01245,Auto,Bris de glace,2024-05-18,2024-06-09,1100,754,Ouvert,23,22,0,48,1,2,0.3889,1799,1.4588859416445623,0.6114508060033352,0.43012709683289285,0,0,0
SIN0001499,POL003400,CLT01245,Auto,Accident corporel,2024-01-08,2024-02-06,15690,10257,Fermé,18,29,0,48,1,2,0.3889,1799,1.5296870429950278,8.721511951083935,0.5053489322308993,0,3,0
SIN0001500,POL003402,CLT00185,Auto,Accident matériel,2024-09-08,2024-09-22,1256,1006,Fermé,15,14,0,20,1,1,0.1502,997,1.2485089463220675,1.259779338014042,0.4132632191635644,0,0,0
SIN0001501,POL003406,CLT02588,Habitation,Vol/Cambriolage,2024-06-03,2024-06-18,5387,3286,Fermé,11,15,0,56,0,0,0.0551,1279,1.6393791844187462,4.211884284597342,0.4207143672963273,0,3,0
SIN0001502,POL003407,CLT03699,Auto,Vol,2024-11-15,2024-12-01,6926,6085,Ouvert,58,16,0,36,2,2,0.0725,918,1.1382087099424816,7.544662309368192,0.45822951807608947,0,0,0
SIN0001503,POL003413,CLT04163,Habitation,Incendie,2022-02-14,2022-03-09,10640,8761,Ouvert,34,23,0,44,0,1,0.1059,1817,1.2144732336491268,5.855806274078151,0.42427442459703,0,0,0
SIN0001504,POL003413,CLT04163,Habitation,Dégât des eaux,2023-04-29,2023-05-23,5180,3123,Fermé,12,24,0,44,0,1,0.1059,1817,1.6586615433877683,2.8508530544854156,0.4184526180796993,0,3,0
SIN0001505,POL003413,CLT04163,Habitation,Vol/Cambriolage,2023-07-01,2023-07-15,6675,4674,Ouvert,45,14,0,44,0,1,0.1059,1817,1.4281129653401796,3.673637864611998,0.4092243413622267,0,0,0
SIN0001506,POL003414,CLT04577,Auto,Accident matériel,2022-12-11,2022-12-24,2180,1907,Fermé,21,13,0,41,0,1,0.1356,1476,1.1431567907708442,1.4769647696476964,0.3957137082406038,0,0,0
SIN0001507,POL003414,CLT04577,Auto,Accident matériel,2023-11-08,2023-11-22,3788,2226,Fermé,12,14,0,41,0,1,0.1356,1476,1.701707097933513,2.5663956639566394,0.40938034683326724,0,3,0
SIN0001508,POL003420,CLT01313,Habitation,Vol/Cambriolage,2024-03-27,2024-04-04,29255,24678,Ouvert,1,8,0,54,7,0,0.0854,1960,1.1854688386417052,14.926020408163266,0.533504025621415,0,3,0
SIN0001509,POL003421,CLT02673,Auto,Vol,2024-12-14,2024-12-25,2317,1798,Ouvert,30,11,0,61,4,1,0.1931,1597,1.2886540600667409,1.450845335003131,0.4100534624772602,0,0,0
SIN0001510,POL003421,CLT02673,Auto,Incendie,2023-06-05,2023-06-09,73344,57122,Fermé,11,4,0,61,4,1,0.1931,1597,1.2839886558593887,45.926111458985595,0.6833702708342988,1,3,1
SIN0001511,POL003422,CLT00749,Habitation,Dégât des eaux,2023-12-21,2024-01-06,3297,1847,Ouvert,44,16,0,25,8,1,0.0908,1321,1.785056848944234,2.4958364875094627,0.46535817134196705,0,3,0
SIN0001512,POL003424,CLT01056,Auto,Accident corporel,2023-02-07,2023-03-04,22325,16881,Fermé,21,25,0,41,2,2,0.3164,2406,1.3224927433208933,9.278886118038237,0.4864442147523732,0,0,0
SIN0001513,POL003427,CLT01560,Habitation,Catastrophe naturelle,2023-01-01,2023-01-23,10861,8049,Ouvert,11,22,0,36,0,0,0.1742,1898,1.349360168965089,5.7223393045310855,0.42206889537385045,0,0,0
SIN0001514,POL003428,CLT03743,Auto,Accident corporel,2023-08-02,2023-08-12,29750,18271,Ouvert,56,10,0,30,1,0,0.0986,895,1.6282633681790817,33.24022346368715,0.565308448255599,1,6,1
SIN0001515,POL003428,CLT03743,Auto,Bris de glace,2023-11-16,2023-12-05,478,341,Ouvert,4,19,0,30,1,0,0.0986,895,1.401759530791789,0.5340782122905028,0.4083599237004187,0,0,0
SIN0001516,POL003429,CLT04696,Auto,Accident corporel,2024-03-07,2024-03-13,13797,9854,Fermé,26,6,0,39,2,0,0.0157,2390,1.4001420742845545,5.772803347280335,0.43946336545223075,0,0,0
SIN0001517,POL003430,CLT00917,Santé,Hospitalisation,2023-12-01,2023-12-24,5213,3992,Fermé,7,23,0,22,0,3,0.3831,1106,1.3058617234468939,4.713381555153707,0.4806875110333581,0,2,0
SIN0001518,POL003431,CLT03493,Habitation,Catastrophe naturelle,2024-08-02,2024-08-21,14675,12602,Ouvert,1,19,0,39,2,2,0.451,2929,1.1644976987779718,5.0102424035507,0.5076133846704562,0,0,0
SIN0001519,POL003433,CLT02282,Santé,Soins courants,2022-02-28,2022-03-21,153,129,Fermé,7,21,0,41,0,0,0.01,379,1.186046511627907,0.40369393139841686,0.4156438068908646,0,0,0
SIN0001520,POL003442,CLT01091,Habitation,Dégât des eaux,2022-11-07,2022-11-14,4221,2941,Ouvert,19,7,0,18,4,1,0.1825,3649,1.435226113566814,1.1567552754179227,0.4129352618162183,0,0,0
SIN0001521,POL003444,CLT01926,Auto,Vol,2024-06-23,2024-07-19,9026,6426,Fermé,19,26,0,18,1,1,0.1829,882,1.4046062869592282,10.233560090702948,0.4452581650869889,0,0,0
SIN0001522,POL003447,CLT02701,Habitation,Dégât des eaux,2024-04-28,2024-05-26,2807,2067,Fermé,28,28,0,40,0,0,0.1779,2466,1.3580067731011127,1.138280616382806,0.41842820680902787,0,0,0
SIN0001523,POL003449,CLT01452,Auto,Accident matériel,2023-11-05,2023-11-08,2395,2016,Fermé,29,3,0,41,3,0,0.2009,1061,1.1879960317460319,2.257304429783223,0.4069083987287274,0,0,0
SIN0001524,POL003449,CLT01452,Auto,Bris de glace,2024-04-26,2024-05-15,770,582,Fermé,15,19,0,41,3,0,0.2009,1061,1.3230240549828178,0.7257304429783223,0.3947561014166062,0,0,0
SIN0001525,POL003452,CLT04858,Habitation,Catastrophe naturelle,2024-06-24,2024-07-01,10809,7197,Fermé,18,7,0,42,1,0,0.01,3015,1.5018757815756565,3.5850746268656715,0.42878381035637253,0,3,0
SIN0001526,POL003454,CLT01804,Auto,Accident matériel,2024-11-11,2024-12-04,5728,4542,Ouvert,40,23,0,54,1,2,0.5326,1665,1.2611184500220167,3.4402402402402403,0.48184793532138814,0,0,0
SIN0001527,POL003454,CLT01804,Auto,Accident matériel,2023-10-29,2023-11-27,2219,1582,Fermé,27,29,0,54,1,2,0.5326,1665,1.4026548672566372,1.3327327327327327,0.49629250459584917,0,0,0
SIN0001528,POL003457,CLT04975,Santé,Dentaire,2024-04-02,2024-05-02,1161,799,Fermé,13,30,0,18,6,0,0.0195,589,1.4530663329161453,1.971137521222411,0.47677037459402893,0,0,0
SIN0001529,POL003457,CLT04975,Santé,Hospitalisation,2024-03-08,2024-03-13,7734,6189,Fermé,20,5,0,18,6,0,0.0195,589,1.249636451769268,13.130730050933787,0.47814010891352304,0,0,0
SIN0001530,POL003459,CLT03832,Auto,Accident matériel,2024-11-24,2024-12-16,4244,3002,Ouvert,55,22,0,44,6,1,0.0785,950,1.413724183877415,4.467368421052631,0.4212588127008664,0,0,0
SIN0001531,POL003459,CLT03832,Auto,Accident matériel,2024-11-08,2024-12-05,3895,2201,Ouvert,29,27,0,44,6,1,0.0785,950,1.769650159018628,4.1,0.45795911247367843,0,3,0
SIN0001532,POL003459,CLT03832,Auto,Accident matériel,2024-04-20,2024-05-17,6048,4864,Fermé,21,27,0,44,6,1,0.0785,950,1.243421052631579,6.366315789473684,0.43126072589457254,0,0,0
SIN0001533,POL003462,CLT00894,Santé,Optique,2024-07-18,2024-07-21,189,159,Fermé,30,3,0,28,1,0,0.0865,1071,1.1886792452830188,0.17647058823529413,0.4243343589155683,0,0,0
SIN0001534,POL003464,CLT00498,Auto,Accident matériel,2024-03-27,2024-04-14,1402,830,Ouvert,11,18,0,25,5,0,0.0565,1218,1.689156626506024,1.1510673234811166,0.433135349498672,0,3,0
SIN0001535,POL003464,CLT00498,Auto,Vol,2022-08-27,2022-09-11,8402,5528,Ouvert,59,15,0,25,5,0,0.0565,1218,1.5198986975397974,6.898193760262726,0.4512151537033847,0,3,0
SIN0001536,POL003467,CLT00867,Habitation,Incendie,2024-12-23,2024-12-31,24556,17482,Ouvert,2,29,0,77,3,0,0.01,2162,1.4046447774854136,11.358001850138761,0.5532828547709367,1,0,0
SIN0001537,POL003469,CLT00862,Habitation,Dégât des eaux,2023-06-06,2023-06-13,3970,2547,Fermé,22,7,0,30,2,0,0.1224,2667,1.558696505692972,1.4885639295088113,0.4066195312872623,0,3,0
SIN0001538,POL003473,CLT04474,Habitation,Vol/Cambriolage,2023-06-07,2023-06-08,5384,3797,Fermé,11,1,0,63,2,2,0.034,1284,1.4179615485909929,4.193146417445483,0.47115967460619707,0,2,0
SIN0001539,POL003476,CLT02435,Habitation,Bris de glace,2023-07-01,2023-07-04,545,333,Ouvert,41,3,0,39,0,1,0.2034,1246,1.6366366366366367,0.4373996789727127,0.43234654547763873,0,3,0
SIN0001540,POL003476,CLT02435,Habitation,Dégât des eaux,2023-01-31,2023-02-09,5713,3703,Fermé,20,9,0,39,0,1,0.2034,1246,1.5428031325951932,4.585072231139647,0.40008339034874896,0,3,0
SIN0001541,POL003477,CLT02538,Auto,Bris de glace,2022-09-06,2022-10-05,572,360,Fermé,18,29,0,38,3,2,0.2981,2573,1.5888888888888888,0.22230858919549165,0.45707472024286927,0,3,0
SIN0001542,POL003477,CLT02538,Auto,Bris de glace,2023-03-07,2023-03-18,377,312,Fermé,7,11,0,38,3,2,0.2981,2573,1.2083333333333333,0.14652157015157405,0.42318887353645757,0,0,0
SIN0001543,POL003483,CLT04689,Santé,Dentaire,2023-04-11,2023-05-11,307,261,Fermé,11,30,0,40,9,1,0.1532,559,1.1762452107279693,0.5491949910554562,0.45343826159745426,0,0,0
SIN0001544,POL003484,CLT01827,Santé,Maternité,2024-04-16,2024-04-27,1419,889,Fermé,18,11,0,56,4,1,0.1045,1019,1.5961754780652417,1.392541707556428,0.41301870949657504,0,3,0
SIN0001545,POL003485,CLT04524,Auto,Bris de glace,2024-11-07,2024-11-16,238,225,Ouvert,6,9,0,51,6,0,0.01,1160,1.0577777777777777,0.20517241379310344,0.45035640156859585,0,0,0
SIN0001546,POL003486,CLT01787,Santé,Soins courants,2024-04-26,2024-05-08,239,184,Fermé,27,12,0,52,1,1,0.2198,1188,1.298913043478261,0.20117845117845118,0.39861832297031075,0,0,0
SIN0001547,POL003487,CLT01725,Auto,Accident matériel,2022-09-02,2022-09-09,1274,715,Fermé,27,7,0,42,0,0,0.01,1380,1.7818181818181817,0.9231884057971015,0.4468899007180033,0,3,0
SIN0001548,POL003488,CLT03818,Habitation,Dégât des eaux,2024-04-28,2024-05-08,2651,2021,Fermé,19,10,0,18,4,0,0.0706,1280,1.3117268678871845,2.07109375,0.414700420889986,0,0,0
SIN0001549,POL003490,CLT03178,Habitation,Bris de glace,2023-07-30,2023-08-05,703,419,Fermé,30,6,0,56,9,0,0.01,1291,1.6778042959427208,0.5445391169635941,0.45160897218411505,0,3,0
SIN0001550,POL003491,CLT04105,Auto,Accident matériel,2022-01-25,2022-01-27,3710,2236,Litigieux,52,2,0,30,0,2,0.4966,1088,1.6592128801431127,3.4099264705882355,0.5106593285880778,0,3,0
SIN0001551,POL003491,CLT04105,Auto,Accident matériel,2023-05-11,2023-05-23,5187,4487,Fermé,5,12,0,30,0,2,0.4966,1088,1.15600624024961,4.767463235294118,0.47739772587126966,0,0,0
SIN0001552,POL003494,CLT03217,Auto,Bris de glace,2024-02-28,2024-03-12,361,286,Fermé,30,13,0,62,5,0,0.1814,945,1.2622377622377623,0.382010582010582,0.42447481676913373,0,0,0
SIN0001553,POL003495,CLT02712,Santé,Optique,2024-11-14,2024-11-29,309,182,Ouvert,7,15,0,18,0,0,0.2551,716,1.6978021978021978,0.43156424581005587,0.45745173070899503,0,3,0
SIN0001554,POL003496,CLT04868,Habitation,Catastrophe naturelle,2022-11-19,2022-11-27,15607,11352,Fermé,30,8,0,66,8,2,0.0884,1518,1.3748238195912614,10.28129117259552,0.5175723037825635,0,0,0
SIN0001555,POL003500,CLT03368,Auto,Accident matériel,2023-08-18,2023-09-17,4416,3164,Ouvert,36,30,0,35,1,0,0.0187,1147,1.3957016434892542,3.850043591979076,0.44081945248050336,0,0,0
SIN0001556,POL003501,CLT02533,Auto,Bris de glace,2023-10-17,2023-11-10,729,478,Fermé,26,24,0,26,3,1,0.2181,2569,1.5251046025104602,0.28376800311405215,0.41417246368350075,0,3,0
SIN0001557,POL003504,CLT01209,Habitation,Catastrophe naturelle,2022-04-17,2022-04-28,18970,10553,Litigieux,176,11,0,50,1,0,0.1514,1592,1.7975931014877287,11.915829145728644,0.58380160190992,1,3,1
SIN0001558,POL003505,CLT02662,Auto,Accident matériel,2023-01-25,2023-01-31,5838,3725,Litigieux,49,6,0,34,3,1,0.1105,1276,1.567248322147651,4.575235109717869,0.4183332025016607,0,3,0
SIN0001559,POL003505,CLT02662,Auto,Bris de glace,2023-02-18,2023-02-19,979,686,Litigieux,126,1,0,34,3,1,0.1105,1276,1.4271137026239067,0.7672413793103449,0.4885532105357099,0,2,0
SIN0001560,POL003505,CLT02662,Auto,Bris de glace,2024-12-07,2024-12-11,214,178,Ouvert,17,4,0,34,3,1,0.1105,1276,1.202247191011236,0.1677115987460815,0.4070197024115869,0,0,0
SIN0001561,POL003509,CLT02653,Santé,Optique,2023-12-31,2024-01-11,303,206,Fermé,11,11,0,49,7,0,0.01,531,1.470873786407767,0.5706214689265536,0.4225556998332707,0,0,0
SIN0001562,POL003516,CLT03475,Santé,Soins courants,2024-08-02,2024-08-04,238,213,Fermé,14,2,0,33,1,1,0.1751,1022,1.1173708920187793,0.2328767123287671,0.4185465058201049,0,0,0
SIN0001563,POL003516,CLT03475,Santé,Optique,2022-08-12,2022-09-08,231,209,Fermé,29,27,0,33,1,1,0.1751,1022,1.105263157894737,0.22602739726027396,0.4225836288823922,0,0,0
SIN0001564,POL003518,CLT00192,Auto,Incendie,2024-12-10,2024-12-18,17229,11610,Ouvert,16,8,0,47,6,1,0.2011,1388,1.4839793281653746,12.412824207492795,0.45493449212246445,0,0,0
SIN0001565,POL003522,CLT03133,Auto,Incendie,2023-07-29,2023-08-22,25746,16302,Fermé,5,24,0,21,3,0,0.3212,935,1.5793154214206846,27.535828877005347,0.5680796719131612,1,3,1
SIN0001566,POL003535,CLT04652,Auto,Vol,2024-04-02,2024-04-05,4704,3997,Fermé,10,3,0,32,0,1,0.2014,1227,1.1768826619964974,3.8337408312958434,0.4067057396043479,0,0,0
SIN0001567,POL003537,CLT02807,Auto,Vol,2024-07-22,2024-07-23,7562,6527,Litigieux,54,1,0,34,2,1,0.1827,1393,1.1585720851846177,5.428571428571429,0.4445632022116667,0,2,0
SIN0001568,POL003538,CLT02053,Habitation,Bris de glace,2024-04-21,2024-04-28,359,282,Fermé,28,7,0,18,2,1,0.298,2071,1.2730496453900708,0.17334620956059874,0.4284660254691198,0,0,0
SIN0001569,POL003540,CLT02606,Habitation,Bris de glace,2024-12-28,2024-12-31,261,174,Ouvert,52,7,0,39,2,0,0.1139,1589,1.5,0.1642542479546885,0.42192298506428794,0,0,0
SIN0001570,POL003540,CLT02606,Habitation,Dégât des eaux,2023-01-29,2023-02-16,8712,5960,Litigieux,64,18,0,39,2,0,0.1139,1589,1.461744966442953,5.482693517935808,0.4345499730128102,0,0,0
SIN0001571,POL003546,CLT04227,Santé,Dentaire,2024-05-15,2024-05-26,368,327,Fermé,30,11,0,29,2,0,0.0728,663,1.1253822629969419,0.555052790346908,0.41020174549509014,0,0,0
SIN0001572,POL003548,CLT03289,Auto,Accident matériel,2024-06-22,2024-07-14,3145,1963,Fermé,23,22,0,37,0,0,0.01,1978,1.6021395822720326,1.589989888776542,0.409217698602224,0,3,0
SIN0001573,POL003556,CLT00450,Habitation,Vol/Cambriolage,2022-12-28,2023-01-13,4966,2762,Ouvert,59,16,0,33,9,0,0.0462,1239,1.7979724837074584,4.008071025020177,0.47374432093656066,0,3,0
SIN0001574,POL003559,CLT00440,Auto,Bris de glace,2021-03-18,2021-04-15,374,236,Fermé,10,28,0,29,1,0,0.1169,871,1.5847457627118644,0.4293915040183697,0.43996340448769644,0,3,0
SIN0001575,POL003562,CLT00097,Auto,Bris de glace,2024-09-29,2024-10-16,307,290,Ouvert,14,17,0,40,6,1,0.1118,791,1.0586206896551724,0.38811630847029077,0.41968670361279004,0,0,0
SIN0001576,POL003562,CLT00097,Auto,Bris de glace,2024-06-16,2024-07-05,297,203,Fermé,16,19,0,40,6,1,0.1118,791,1.4630541871921183,0.3754740834386852,0.4042693284922451,0,0,0
SIN0001577,POL003562,CLT00097,Auto,Accident matériel,2024-01-02,2024-01-20,4212,2601,Fermé,19,18,0,40,6,1,0.1118,791,1.6193771626297577,5.324905183312263,0.409193631718808,0,3,0
SIN0001578,POL003565,CLT03856,Auto,Accident matériel,2024-11-10,2024-12-02,6422,3959,Ouvert,1,22,0,56,5,0,0.01,1126,1.622126799696893,5.703374777975133,0.4475319715510804,0,3,0
SIN0001579,POL003571,CLT00323,Santé,Optique,2023-04-18,2023-04-21,187,158,Fermé,24,3,0,63,0,0,0.2219,1859,1.1835443037974684,0.10059171597633136,0.44889321141720767,0,0,0
SIN0001580,POL003571,CLT00323,Santé,Maternité,2023-06-22,2023-06-29,1624,927,Fermé,27,7,0,63,0,0,0.2219,1859,1.7518878101402373,0.8735879505110274,0.4674085221571164,0,3,0
SIN0001581,POL003575,CLT00040,Santé,Soins courants,2023-12-15,2023-12-22,453,296,Fermé,16,7,0,44,4,1,0.0383,417,1.5304054054054055,1.0863309352517985,0.41711013595947366,0,3,0
SIN0001582,POL003577,CLT03203,Habitation,Dégât des eaux,2023-07-30,2023-08-06,6768,3962,Fermé,10,7,0,70,2,1,0.2654,1349,1.7082281675921251,5.01704966641957,0.4699975629915404,0,3,0
SIN0001583,POL003578,CLT00286,Habitation,Vol/Cambriolage,2024-06-01,2024-06-28,6825,3957,Fermé,9,27,0,52,1,1,0.2181,928,1.7247915087187262,7.354525862068965,0.46009468979408585,0,3,0
SIN0001584,POL003582,CLT03616,Habitation,Vol/Cambriolage,2023-08-22,2023-09-13,4401,3738,Ouvert,2,22,0,48,3,0,0.01,1028,1.1773675762439808,4.281128404669261,0.4281622635552392,0,0,0
SIN0001585,POL003582,CLT03616,Habitation,Catastrophe naturelle,2021-10-23,2021-11-10,28334,24659,Fermé,13,18,0,48,3,0,0.01,1028,1.149032807494221,27.56225680933852,0.5333280112370571,0,3,0
SIN0001586,POL003585,CLT02634,Habitation,Catastrophe naturelle,2024-03-18,2024-03-20,10326,6011,Ouvert,28,2,0,42,3,1,0.2449,3114,1.7178506072200965,3.315992292870906,0.4513808950856842,0,3,0
SIN0001587,POL003592,CLT04490,Santé,Optique,2024-10-09,2024-10-30,528,488,Ouvert,12,21,0,34,0,0,0.0919,1094,1.0819672131147542,0.4826325411334552,0.41229750797937725,0,0,0
SIN0001588,POL003592,CLT04490,Santé,Hospitalisation,2022-07-06,2022-07-15,3429,3129,Fermé,22,9,0,34,0,0,0.0919,1094,1.0958772770853307,3.13436928702011,0.40608532326374486,0,0,0
SIN0001589,POL003593,CLT02310,Habitation,Dégât des eaux,2024-06-24,2024-07-06,3536,2634,Fermé,9,12,0,43,1,2,0.1863,1679,1.3424449506454061,2.106015485407981,0.40466346982994295,0,0,0
SIN0001590,POL003595,CLT02031,Santé,Optique,2023-09-16,2023-09-22,310,289,Fermé,25,6,0,51,0,1,0.4077,1856,1.0726643598615917,0.16702586206896552,0.45278567040804185,0,0,0
SIN0001591,POL003596,CLT02065,Habitation,Dégât des eaux,2024-06-22,2024-07-20,3848,3152,Fermé,27,28,0,44,2,1,0.1629,2641,1.2208121827411167,1.45702385460053,0.41712834480925876,0,0,0
SIN0001592,POL003597,CLT03521,Auto,Accident matériel,2023-04-11,2023-05-11,2789,1707,Fermé,10,30,0,41,2,0,0.2593,1054,1.63386057410662,2.646110056925996,0.4510708850831407,0,3,0
SIN0001593,POL003597,CLT03521,Auto,Bris de glace,2023-06-12,2023-06-26,352,270,Litigieux,172,14,0,41,2,0,0.2593,1054,1.3037037037037038,0.33396584440227706,0.5077100077211439,0,0,0
SIN0001594,POL003600,CLT04439,Habitation,Vol/Cambriolage,2023-12-16,2024-01-01,9070,6203,Fermé,10,16,0,55,5,2,0.3284,3586,1.4621957117523778,2.529280535415505,0.44787964911369893,0,0,0
SIN0001595,POL003601,CLT02699,Habitation,Dégât des eaux,2022-12-11,2022-12-20,5479,4611,Fermé,9,9,0,51,0,1,0.1799,2983,1.1882454998915637,1.8367415353670802,0.4060522250069984,0,0,0
SIN0001596,POL003603,CLT01116,Habitation,Bris de glace,2024-11-30,2024-12-30,478,325,Ouvert,18,30,0,61,0,0,0.0646,2291,1.4707692307692308,0.208642514185945,0.4552021569431661,0,0,0
SIN0001597,POL003606,CLT03088,Santé,Optique,2024-07-30,2024-07-30,370,255,Fermé,19,0,0,39,1,1,0.2918,961,1.4509803921568627,0.3850156087408949,0.42619938585975514,0,2,0
SIN0001598,POL003615,CLT04031,Auto,Accident matériel,2022-05-31,2022-06-14,4914,3117,Fermé,11,14,0,42,3,0,0.1819,1866,1.5765158806544755,2.6334405144694535,0.3956186666879806,0,3,0
SIN0001599,POL003624,CLT03124,Auto,Accident matériel,2022-12-28,2022-12-28,4771,3386,Fermé,23,0,0,40,5,2,0.3367,1062,1.409037212049616,4.492467043314501,0.45154989460952405,0,2,0
SIN0001600,POL003624,CLT03124,Auto,Accident matériel,2024-10-28,2024-10-29,3687,2847,Ouvert,21,1,0,40,5,2,0.3367,1062,1.2950474183350895,3.4717514124293785,0.43872855905545294,0,2,0
SIN0001601,POL003624,CLT03124,Auto,Accident matériel,2023-10-03,2023-10-09,5286,3078,Fermé,12,6,0,40,5,2,0.3367,1062,1.7173489278752436,4.977401129943503,0.45535391327697156,0,3,0
SIN0001602,POL003626,CLT02541,Auto,Vol,2023-05-20,2023-05-29,2022,1759,Ouvert,43,9,0,24,1,0,0.0576,1278,1.1495167708925527,1.5821596244131455,0.42511414280668675,0,0,0
SIN0001603,POL003629,CLT04427,Habitation,Incendie,2022-10-24,2022-11-01,24665,19035,Fermé,8,8,0,53,9,0,0.0636,2474,1.2957709482532178,9.969684721099433,0.5024761216780417,0,0,0
SIN0001604,POL003630,CLT01373,Auto,Accident corporel,2024-05-21,2024-06-01,17982,10796,Fermé,5,11,0,39,0,1,0.4501,930,1.6656168951463506,19.335483870967742,0.5317286559114837,0,3,0
SIN0001605,POL003630,CLT01373,Auto,Bris de glace,2024-10-01,2024-10-23,601,504,Ouvert,31,22,0,39,0,1,0.4501,930,1.1924603174603174,0.646236559139785,0.44426979908239883,0,0,0
SIN0001606,POL003634,CLT01180,Habitation,Dégât des eaux,2022-08-23,2022-09-07,4081,2452,Fermé,22,15,0,39,0,1,0.0971,2083,1.6643556280587275,1.959193470955353,0.4062206710604152,0,3,0
SIN0001607,POL003635,CLT01226,Auto,Bris de glace,2024-10-01,2024-10-11,368,283,Ouvert,2,10,0,56,0,1,0.1597,2217,1.3003533568904593,0.16599007668019847,0.4245718245833521,0,0,0
SIN0001608,POL003638,CLT02179,Habitation,Bris de glace,2024-04-02,2024-04-07,440,314,Fermé,27,5,0,48,1,0,0.1535,1120,1.4012738853503184,0.39285714285714285,0.4021921508790922,0,0,0
SIN0001609,POL003644,CLT00186,Auto,Accident matériel,2024-05-28,2024-06-10,2804,1897,Litigieux,77,13,0,28,4,2,0.5232,1001,1.478123352662098,2.8011988011988014,0.5089362822782074,0,0,0
SIN0001610,POL003649,CLT03771,Auto,Accident matériel,2023-06-22,2023-07-13,3685,2386,Ouvert,29,21,0,24,0,0,0.01,789,1.544425817267393,4.670468948035488,0.4365490804027698,0,3,0
SIN0001611,POL003660,CLT03080,Auto,Incendie,2023-09-21,2023-10-10,54686,45629,Ouvert,36,19,0,37,10,0,0.01,921,1.1984921869863463,59.37676438653637,0.683396199864001,1,3,1
SIN0001612,POL003662,CLT00139,Santé,Maternité,2022-09-08,2022-09-17,1612,1237,Fermé,23,9,0,33,0,0,0.1588,656,1.303152789005659,2.457317073170732,0.40115669633270834,0,0,0
SIN0001613,POL003662,CLT00139,Santé,Maternité,2023-06-06,2023-06-09,1737,1439,Fermé,21,3,0,33,0,0,0.1588,656,1.207088255733148,2.6478658536585367,0.4100309348225322,0,0,0
SIN0001614,POL003668,CLT04670,Auto,Bris de glace,2024-11-03,2024-11-24,375,276,Ouvert,21,21,0,21,0,1,0.2813,950,1.358695652173913,0.39473684210526316,0.4197145102480756,0,0,0
SIN0001615,POL003672,CLT01315,Habitation,Catastrophe naturelle,2024-08-06,2024-08-10,8619,6791,Fermé,22,4,0,38,3,0,0.1934,1346,1.269179796789869,6.403417533432393,0.4177722068719424,0,0,0
SIN0001616,POL003673,CLT00506,Santé,Dentaire,2024-09-06,2024-09-11,608,362,Fermé,20,5,0,55,13,2,0.3236,1422,1.6795580110497237,0.42756680731364277,0.5051030540683313,0,3,0
SIN0001617,POL003674,CLT04102,Auto,Vol,2023-03-23,2023-04-11,2566,2372,Fermé,10,19,0,46,16,2,0.1296,2143,1.081787521079258,1.1973868408772748,0.4820416464111584,0,0,0
SIN0001618,POL003675,CLT00789,Santé,Soins courants,2022-03-28,2022-04-15,226,184,Ouvert,23,18,0,54,1,1,0.1134,1239,1.2282608695652173,0.1824051654560129,0.4013975188668024,0,0,0
SIN0001619,POL003678,CLT03160,Habitation,Dégât des eaux,2023-12-02,2023-12-02,3608,2189,Fermé,30,0,0,29,3,4,0.4511,3410,1.6482412060301508,1.0580645161290323,0.5553758369234925,1,7,1
SIN0001620,POL003683,CLT03576,Auto,Accident corporel,2021-12-07,2021-12-13,19212,13903,Fermé,26,6,0,18,1,0,0.2776,1575,1.3818600302093074,12.198095238095238,0.4899024678601562,0,0,0
SIN0001621,POL003686,CLT02597,Habitation,Dégât des eaux,2024-04-26,2024-04-28,5521,4022,Fermé,28,2,0,48,2,0,0.01,1026,1.3727001491795128,5.381091617933723,0.4271807015781978,0,0,0
SIN0001622,POL003687,CLT03920,Habitation,Dégât des eaux,2022-07-01,2022-07-19,6292,4600,Ouvert,38,18,0,70,0,1,0.0932,1384,1.3678260869565217,4.546242774566474,0.4457172555295517,0,0,0
SIN0001623,POL003687,CLT03920,Habitation,Dégât des eaux,2023-07-14,2023-07-16,3107,2837,Fermé,30,2,0,70,0,1,0.0932,1384,1.0951709552344024,2.2449421965317917,0.46760556273917175,0,0,0
SIN0001624,POL003687,CLT03920,Habitation,Vol/Cambriolage,2022-09-15,2022-09-20,7185,5870,Fermé,22,5,0,70,0,1,0.0932,1384,1.2240204429301533,5.191473988439307,0.4517632350095362,0,0,0
SIN0001625,POL003689,CLT04536,Santé,Maternité,2022-05-27,2022-06-23,1534,1126,Fermé,19,27,0,37,2,2,0.3302,713,1.3623445825932505,2.1514726507713884,0.43956068796330233,0,0,0
SIN0001626,POL003689,CLT04536,Santé,Optique,2024-11-02,2024-11-28,753,708,Ouvert,34,26,0,37,2,2,0.3302,713,1.0635593220338984,1.056100981767181,0.46475992479728595,0,0,0
SIN0001627,POL003690,CLT02479,Habitation,Dégât des eaux,2024-07-08,2024-07-27,9765,7447,Fermé,28,19,0,37,1,0,0.1284,1700,1.3112662817241842,5.7441176470588236,0.40726037433422524,0,0,0
SIN0001628,POL003695,CLT01670,Habitation,Vol/Cambriolage,2022-05-29,2022-06-03,4049,3466,Fermé,6,5,0,62,3,0,0.0985,2730,1.168205424120023,1.4831501831501832,0.43064034910796695,0,0,0
SIN0001629,POL003700,CLT00296,Habitation,Dégât des eaux,2024-07-28,2024-08-02,4936,3723,Fermé,22,5,0,32,3,0,0.0979,1299,1.325812516787537,3.7998460354118553,0.3965971480224546,0,0,0
SIN0001630,POL003707,CLT01302,Auto,Accident matériel,2024-03-19,2024-04-02,2844,2610,Fermé,6,14,0,19,1,2,0.5403,1679,1.089655172413793,1.6938653960690888,0.4933156661969892,0,0,0
SIN0001631,POL003712,CLT01712,Auto,Accident matériel,2024-10-18,2024-11-11,4040,3623,Ouvert,32,24,0,29,2,0,0.1645,843,1.115097985095225,4.792408066429418,0.4185931745553789,0,0,0
SIN0001632,POL003716,CLT03269,Santé,Soins courants,2023-11-29,2023-11-30,308,265,Ouvert,35,1,0,52,4,1,0.2942,644,1.1622641509433962,0.4782608695652174,0.4348598416628007,0,2,0
SIN0001633,POL003724,CLT04523,Auto,Accident matériel,2023-08-10,2023-08-22,3406,3106,Fermé,21,12,0,51,3,1,0.01,1589,1.0965872504829361,2.1434864694776588,0.41689187827519414,0,0,0
SIN0001634,POL003726,CLT01165,Habitation,Catastrophe naturelle,2024-10-28,2024-11-22,13579,12697,Ouvert,53,25,0,40,5,0,0.1088,2318,1.0694652280066157,5.858067299396031,0.4713860133374451,0,0,0
SIN0001635,POL003729,CLT00937,Santé,Optique,2024-12-01,2024-12-02,230,160,Ouvert,8,1,0,42,6,1,0.01,1553,1.4375,0.14810045074050227,0.4457767616577118,0,2,0
SIN0001636,POL003729,CLT00937,Santé,Maternité,2021-08-10,2021-09-03,1266,740,Fermé,25,24,0,42,6,1,0.01,1553,1.7108108108108109,0.815196394075982,0.4502938426484284,0,3,0
SIN0001637,POL003733,CLT00267,Auto,Bris de glace,2023-08-07,2023-09-05,261,174,Fermé,6,29,0,33,0,2,0.3009,927,1.5,0.2815533980582524,0.47355960301353217,0,0,0
SIN0001638,POL003736,CLT00724,Auto,Accident matériel,2024-10-20,2024-11-07,2255,1343,Ouvert,30,18,0,30,7,0,0.01,1362,1.6790766939687267,1.655653450807636,0.4331686741370499,0,3,0
SIN0001639,POL003743,CLT04231,Habitation,Bris de glace,2022-10-01,2022-10-19,284,174,Fermé,8,18,0,59,0,0,0.1846,1399,1.632183908045977,0.20300214438884917,0.42701159556362406,0,3,0
SIN0001640,POL003747,CLT00734,Santé,Soins courants,2024-08-04,2024-08-07,546,488,Fermé,23,3,0,43,2,0,0.0498,1293,1.1188524590163935,0.4222737819025522,0.419434236727183,0,0,0
SIN0001641,POL003751,CLT01128,Auto,Bris de glace,2022-11-23,2022-12-05,1826,1222,Fermé,21,12,0,53,20,0,0.01,1998,1.4942716857610474,0.913913913913914,0.4985915420763347,0,0,0
SIN0001642,POL003751,CLT01128,Auto,Vol,2022-12-07,2022-12-22,14642,12988,Fermé,16,15,0,53,20,0,0.01,1998,1.127348321527564,7.328328328328328,0.5368331273949006,0,0,0
SIN0001643,POL003752,CLT03084,Habitation,Vol/Cambriolage,2024-09-28,2024-10-19,12677,7105,Ouvert,49,21,0,38,8,0,0.0159,1366,1.7842364532019706,9.280380673499268,0.49232753113694605,0,3,0
SIN0001644,POL003753,CLT00811,Habitation,Dégât des eaux,2024-05-19,2024-06-07,2940,2136,Fermé,21,19,0,66,4,2,0.3303,2394,1.3764044943820224,1.2280701754385965,0.44390256005177886,0,0,0
SIN0001645,POL003757,CLT03330,Habitation,Dégât des eaux,2022-04-30,2022-05-08,3094,2871,Ouvert,45,8,0,43,3,1,0.1693,2872,1.0776732845698362,1.0772980501392757,0.4119440287520783,0,0,0
SIN0001646,POL003757,CLT03330,Habitation,Dégât des eaux,2024-05-07,2024-06-05,18814,12189,Fermé,19,29,0,43,3,1,0.1693,2872,1.543522848469932,6.5508356545961,0.4684481593869803,0,3,0
SIN0001647,POL003757,CLT03330,Habitation,Incendie,2024-11-20,2024-12-03,35243,22257,Ouvert,5,13,0,43,3,1,0.1693,2872,1.5834568899672012,12.271239554317548,0.5093052917959608,0,6,0
SIN0001648,POL003758,CLT00571,Auto,Accident matériel,2024-04-18,2024-05-15,2356,1704,Fermé,28,27,0,48,5,0,0.01,2236,1.3826291079812207,1.0536672629695885,0.4208221710077128,0,0,0
SIN0001649,POL003758,CLT00571,Auto,Bris de glace,2024-05-22,2024-06-15,791,511,Ouvert,44,24,0,48,5,0,0.01,2236,1.547945205479452,0.3537567084078712,0.4302719825811548,0,3,0
SIN0001650,POL003758,CLT00571,Auto,Vol,2024-12-10,2024-12-29,7910,7244,Ouvert,21,19,0,48,5,0,0.01,2236,1.0919381557150745,3.537567084078712,0.425791277538536,0,0,0
SIN0001651,POL003758,CLT00571,Auto,Bris de glace,2022-09-07,2022-10-02,565,426,Fermé,19,25,0,48,5,0,0.01,2236,1.3262910798122065,0.25268336314847945,0.41349315460246866,0,0,0
SIN0001652,POL003764,CLT03505,Habitation,Vol/Cambriolage,2024-04-05,2024-04-06,5881,4062,Fermé,7,1,0,40,0,2,0.4013,1322,1.447808961102905,4.44856278366112,0.45906658519260735,0,2,0
SIN0001653,POL003766,CLT01069,Habitation,Vol/Cambriolage,2021-07-05,2021-07-28,3456,2805,Fermé,28,23,0,57,9,0,0.1704,1383,1.2320855614973263,2.4989154013015185,0.42642120030566205,0,0,0
SIN0001654,POL003766,CLT01069,Habitation,Bris de glace,2022-05-06,2022-05-17,678,561,Fermé,17,11,0,57,9,0,0.1704,1383,1.2085561497326203,0.49023861171366595,0.4292273773083378,0,0,0
SIN0001655,POL003773,CLT03646,Auto,Bris de glace,2023-07-16,2023-08-04,443,261,Fermé,25,19,0,66,8,2,0.2926,1692,1.6973180076628354,0.26182033096926716,0.4964428586234967,0,3,0
SIN0001656,POL003777,CLT02009,Auto,Bris de glace,2022-11-05,2022-11-11,584,527,Fermé,15,6,0,25,15,0,0.01,1049,1.1081593927893738,0.5567206863679695,0.4809383483501017,0,0,0
SIN0001657,POL003778,CLT04439,Auto,Bris de glace,2022-06-08,2022-06-19,600,478,Fermé,28,11,0,55,5,2,0.3284,1028,1.2552301255230125,0.5836575875486382,0.42937062803771037,0,0,0
SIN0001658,POL003780,CLT04545,Auto,Bris de glace,2024-03-17,2024-03-30,202,136,Fermé,8,13,0,21,3,1,0.2507,951,1.4852941176470589,0.21240799158780233,0.4256056937984009,0,0,0
SIN0001659,POL003780,CLT04545,Auto,Incendie,2023-04-21,2023-05-12,16213,12786,Fermé,19,21,0,21,3,1,0.2507,951,1.268027530111059,17.048370136698214,0.4800051230213688,0,0,0
SIN0001660,POL003780,CLT04545,Auto,Accident matériel,2022-05-24,2022-05-26,5117,3637,Fermé,9,2,0,21,3,1,0.2507,951,1.406928787462194,5.380651945320715,0.43140025267433546,0,0,0
SIN0001661,POL003785,CLT04726,Auto,Bris de glace,2022-04-27,2022-04-30,466,396,Ouvert,45,3,0,21,0,0,0.0717,2312,1.1767676767676767,0.20155709342560554,0.44108430699157686,0,0,0
SIN0001662,POL003789,CLT04229,Santé,Optique,2024-04-16,2024-05-05,118,71,Ouvert,40,19,0,76,10,1,0.2192,1330,1.6619718309859155,0.0887218045112782,0.5075052983896184,0,3,0
SIN0001663,POL003793,CLT02791,Auto,Accident matériel,2022-03-05,2022-03-24,2780,1643,Fermé,27,19,0,23,3,1,0.2399,1046,1.6920267802799756,2.6577437858508604,0.4280540226968133,0,3,0
SIN0001664,POL003794,CLT04546,Santé,Soins courants,2023-10-19,2023-10-22,652,443,Fermé,12,3,0,77,2,0,0.0116,900,1.471783295711061,0.7244444444444444,0.4829620892798472,0,0,0
SIN0001665,POL003796,CLT03325,Auto,Accident matériel,2024-07-31,2024-08-13,12864,9043,Fermé,8,13,0,26,1,0,0.1135,1058,1.4225367687714254,12.158790170132326,0.4468926932654878,0,0,0
SIN0001666,POL003798,CLT02958,Habitation,Dégât des eaux,2023-07-04,2023-07-10,6657,5326,Ouvert,58,6,0,23,0,0,0.1751,1965,1.2499061209162599,3.3877862595419845,0.4413743374777877,0,0,0
SIN0001667,POL003800,CLT01548,Habitation,Dégât des eaux,2021-01-21,2021-02-12,5741,5407,Fermé,22,22,0,44,0,0,0.1965,1949,1.061771777325689,2.9456131349409955,0.4135795533138504,0,0,0
SIN0001668,POL003801,CLT04864,Santé,Hospitalisation,2021-12-01,2021-12-27,2402,1419,Fermé,18,26,0,34,11,0,0.01,767,1.6927413671599718,3.1316818774445894,0.4539633548903882,0,3,0
SIN0001669,POL003804,CLT04752,Auto,Accident matériel,2022-02-13,2022-02-18,10557,6340,Fermé,13,5,0,42,0,0,0.0409,1030,1.6651419558359621,10.249514563106796,0.4572799806478619,0,3,0
SIN0001670,POL003807,CLT01442,Habitation,Dégât des eaux,2024-03-14,2024-03-25,4873,3266,Ouvert,59,11,0,23,9,1,0.1589,1407,1.4920391916717697,3.4633972992181947,0.4517180161932575,0,0,0
SIN0001671,POL003808,CLT02204,Santé,Optique,2024-05-10,2024-05-12,387,356,Fermé,24,2,0,65,0,0,0.1393,771,1.0870786516853932,0.5019455252918288,0.45609335437435083,0,0,0
SIN0001672,POL003811,CLT03905,Habitation,Vol/Cambriolage,2024-01-14,2024-01-17,8821,6896,Fermé,20,3,0,28,8,0,0.01,1343,1.279147331786543,6.56813104988831,0.4510063782070338,0,0,0
SIN0001673,POL003811,CLT03905,Habitation,Incendie,2024-12-12,2024-12-22,19265,11681,Ouvert,5,10,0,28,8,0,0.01,1343,1.6492594812088006,14.344750558451228,0.5097504941652362,0,3,0
SIN0001674,POL003813,CLT01471,Auto,Incendie,2023-12-11,2023-12-14,26744,25129,Fermé,12,3,0,44,11,0,0.01,2124,1.0642683751840503,12.591337099811676,0.5554710743356382,1,0,0
SIN0001675,POL003823,CLT02113,Auto,Accident matériel,2024-07-21,2024-08-18,2796,2330,Ouvert,58,28,0,46,0,0,0.1646,1137,1.2,2.45910290237467,0.4380452389976688,0,0,0
SIN0001676,POL003823,CLT02113,Auto,Vol,2023-08-03,2023-08-11,11143,9490,Fermé,27,8,0,46,0,0,0.1646,1137,1.1741833508956796,9.800351802990326,0.43961285601231737,0,0,0
SIN0001677,POL003825,CLT01795,Habitation,Dégât des eaux,2024-07-22,2024-07-28,5959,3783,Fermé,14,6,0,47,6,1,0.1285,1086,1.5752048638646576,5.487108655616943,0.4139650887116943,0,3,0
SIN0001678,POL003828,CLT01701,Auto,Vol,2022-06-04,2022-06-20,15655,9744,Fermé,7,16,0,47,1,1,0.0723,2106,1.6066297208538587,7.4335232668566,0.45166767734513724,0,3,0
SIN0001679,POL003828,CLT01701,Auto,Accident matériel,2022-03-06,2022-03-19,2031,1517,Fermé,17,13,0,47,1,1,0.0723,2106,1.3388266315095583,0.9643874643874644,0.3972163665161288,0,0,0
SIN0001680,POL003832,CLT03989,Santé,Optique,2021-08-05,2021-08-24,163,110,Fermé,11,19,0,45,2,0,0.1561,1066,1.481818181818182,0.1529080675422139,0.40663367415592966,0,0,0
SIN0001681,POL003833,CLT01796,Auto,Accident matériel,2023-08-15,2023-08-17,4906,4375,Fermé,23,2,0,28,1,1,0.0903,1389,1.1213714285714285,3.5320374370050396,0.4247817204187869,0,0,0
SIN0001682,POL003837,CLT03798,Habitation,Bris de glace,2023-02-04,2023-02-16,734,537,Ouvert,19,12,0,50,5,0,0.1085,1348,1.366852886405959,0.5445103857566765,0.3993966957164575,0,0,0
SIN0001683,POL003841,CLT04942,Habitation,Dégât des eaux,2024-11-28,2024-12-24,3328,1892,Ouvert,46,26,0,35,9,1,0.0795,3112,1.758985200845666,1.069408740359897,0.46754502473680276,0,3,0
SIN0001684,POL003845,CLT00662,Habitation,Dégât des eaux,2023-08-30,2023-08-30,3938,2947,Fermé,23,0,0,51,0,0,0.2597,1426,1.336274177129284,2.7615708274894812,0.4347801025947387,0,2,0
SIN0001685,POL003846,CLT03246,Auto,Accident corporel,2024-11-09,2024-12-09,7217,5094,Ouvert,2,30,0,76,0,0,0.2038,1935,1.416764821358461,3.729715762273902,0.5083484919417594,0,0,0
SIN0001686,POL003852,CLT02665,Auto,Accident corporel,2022-07-11,2022-07-23,78263,65596,Fermé,6,12,0,45,6,1,0.1303,1708,1.1931062869687177,45.82142857142857,0.6862731831236527,1,3,1
SIN0001687,POL003852,CLT02665,Auto,Accident corporel,2023-08-06,2023-08-25,18819,17434,Fermé,8,19,0,45,6,1,0.1303,1708,1.0794424687392452,11.018149882903982,0.4704407568060869,0,0,0
SIN0001688,POL003856,CLT03568,Habitation,Dégât des eaux,2023-12-10,2023-12-29,3351,2485,Fermé,5,19,0,42,1,1,0.2455,2182,1.3484909456740444,1.5357470210815765,0.3985164922689591,0,0,0
SIN0001689,POL003857,CLT00477,Habitation,Incendie,2023-02-21,2023-02-27,19834,17224,Fermé,14,6,0,45,1,0,0.1946,1300,1.151532745006967,15.256923076923076,0.4722185879658873,0,0,0
SIN0001690,POL003858,CLT00746,Auto,Accident corporel,2024-02-13,2024-03-06,12448,7323,Fermé,22,22,0,22,0,0,0.0531,845,1.6998497883381127,14.731360946745562,0.4839882329650694,0,3,0
SIN0001691,POL003859,CLT03115,Habitation,Dégât des eaux,2022-12-30,2023-01-01,7611,4397,Fermé,28,2,0,19,1,3,0.4736,1250,1.730952922447123,6.0888,0.5536895822952006,1,5,1
SIN0001692,POL003859,CLT03115,Habitation,Incendie,2023-10-21,2023-10-29,27121,15824,Ouvert,16,8,0,19,1,3,0.4736,1250,1.7139155712841254,21.6968,0.6040381698931981,1,8,1
SIN0001693,POL003863,CLT00787,Habitation,Dégât des eaux,2023-08-26,2023-09-25,1011,958,Fermé,30,30,0,54,1,1,0.2351,971,1.0553235908141962,1.0411946446961895,0.45888741095665114,0,0,0
SIN0001694,POL003863,CLT00787,Habitation,Dégât des eaux,2023-05-12,2023-05-28,3299,2954,Fermé,28,16,0,54,1,1,0.2351,971,1.1167907921462423,3.397528321318229,0.40110152855602654,0,0,0
SIN0001695,POL003864,CLT04255,Auto,Accident matériel,2023-10-04,2023-10-24,2759,2348,Litigieux,172,20,0,34,2,1,0.3346,1954,1.1750425894378194,1.4119754350051177,0.5217354403074348,0,0,0
SIN0001696,POL003865,CLT01703,Santé,Dentaire,2023-12-27,2024-01-01,1229,977,Fermé,24,5,0,24,0,0,0.1917,842,1.2579324462640737,1.4596199524940618,0.42150839413858876,0,0,0
SIN0001697,POL003867,CLT01620,Habitation,Incendie,2024-11-18,2024-12-14,13578,7664,Ouvert,32,26,0,50,5,0,0.304,2376,1.7716597077244258,5.7146464646464645,0.49507343577403795,0,3,0
SIN0001698,POL003873,CLT01916,Habitation,Vol/Cambriolage,2024-04-06,2024-04-09,12660,8525,Fermé,18,3,0,60,17,0,0.0668,3448,1.4850439882697948,3.67169373549884,0.5168726790767716,0,0,0
SIN0001699,POL003884,CLT00919,Auto,Accident matériel,2023-06-24,2023-07-04,3921,3604,Fermé,21,10,0,18,1,1,0.2638,1112,1.0879578246392896,3.5260791366906474,0.4258843896040867,0,0,0
SIN0001700,POL003889,CLT04775,Auto,Accident corporel,2021-12-07,2021-12-27,10216,7834,Fermé,24,20,0,47,7,0,0.082,1545,1.3040592290017872,6.612297734627831,0.4296239266511021,0,0,0
SIN0001701,POL003890,CLT01526,Auto,Vol,2022-03-05,2022-03-28,7741,4581,Fermé,18,23,0,60,0,0,0.3209,2214,1.6898057192752673,3.496386630532972,0.46242895897611913,0,3,0
SIN0001702,POL003891,CLT01948,Habitation,Dégât des eaux,2024-04-15,2024-05-12,6184,5211,Fermé,5,27,0,18,2,1,0.2905,2371,1.1867203991556323,2.608182201602699,0.46087369771626796,0,0,0
SIN0001703,POL003892,CLT02877,Habitation,Incendie,2024-07-10,2024-08-06,57007,41242,Fermé,9,27,0,57,0,1,0.2906,1992,1.3822559526696085,28.6179718875502,0.6294322215840865,1,3,1
SIN0001704,POL003902,CLT03287,Habitation,Dégât des eaux,2023-10-31,2023-11-13,4564,3922,Ouvert,51,13,0,39,1,0,0.01,1793,1.1636919938806731,2.5454545454545454,0.4162822309911792,0,0,0
SIN0001705,POL003906,CLT05000,Santé,Maternité,2022-06-27,2022-07-05,1048,658,Ouvert,9,8,0,64,3,0,0.0785,764,1.5927051671732524,1.3717277486910995,0.43252454616743424,0,3,0
SIN0001706,POL003910,CLT01105,Auto,Bris de glace,2023-06-16,2023-07-05,242,166,Fermé,18,19,0,35,4,0,0.1357,1896,1.4578313253012047,0.12763713080168776,0.4001724696163359,0,0,0
SIN0001707,POL003914,CLT03184,Auto,Accident matériel,2022-07-15,2022-07-20,3890,2427,Fermé,14,5,0,19,5,1,0.272,875,1.6028018129377832,4.445714285714286,0.43809828790295485,0,3,0
SIN0001708,POL003919,CLT01080,Santé,Dentaire,2023-10-27,2023-11-05,1262,799,Ouvert,29,9,0,18,0,2,0.5602,906,1.5794743429286608,1.3929359823399559,0.5049801030783642,0,3,0
SIN0001709,POL003920,CLT04987,Santé,Optique,2023-12-31,2024-01-02,711,563,Fermé,7,2,0,25,4,0,0.2077,703,1.2628774422735347,1.0113798008534851,0.43141313486129135,0,0,0
SIN0001710,POL003920,CLT04987,Santé,Soins courants,2022-02-13,2022-03-12,163,128,Fermé,26,27,0,25,4,0,0.2077,703,1.2734375,0.23186344238975817,0.4351853442554709,0,0,0
SIN0001711,POL003920,CLT04987,Santé,Dentaire,2022-03-06,2022-03-28,926,843,Ouvert,2,22,0,25,4,0,0.2077,703,1.0984578884934757,1.3172119487908962,0.4461031742128919,0,0,0
SIN0001712,POL003924,CLT04137,Habitation,Dégât des eaux,2023-04-11,2023-04-20,2825,2540,Ouvert,28,9,0,38,3,1,0.1872,2768,1.1122047244094488,1.0205924855491328,0.3963553972563428,0,0,0
SIN0001713,POL003926,CLT04486,Auto,Accident matériel,2023-04-10,2023-04-14,4244,3794,Ouvert,27,4,0,55,1,1,0.2825,976,1.1186083289404323,4.348360655737705,0.41933655697521965,0,0,0
SIN0001714,POL003927,CLT00730,Auto,Accident matériel,2023-10-06,2023-11-03,2802,2131,Ouvert,30,28,0,40,3,0,0.0793,2438,1.3148756452369779,1.1493027071369974,0.4128307294977287,0,0,0
SIN0001715,POL003932,CLT04620,Auto,Bris de glace,2023-08-02,2023-08-27,909,572,Fermé,30,25,0,79,5,2,0.317,940,1.5891608391608392,0.9670212765957447,0.49976456222732096,0,3,0
SIN0001716,POL003933,CLT03310,Auto,Bris de glace,2022-12-31,2023-01-14,928,846,Ouvert,25,14,0,26,3,0,0.0781,1408,1.0969267139479906,0.6590909090909091,0.4194600904275695,0,0,0
SIN0001717,POL003934,CLT04109,Auto,Vol,2024-12-03,2024-12-14,4599,3577,Ouvert,55,11,0,36,6,0,0.01,1743,1.2857142857142858,2.63855421686747,0.4290661655091013,0,0,0
SIN0001718,POL003934,CLT04109,Auto,Accident matériel,2024-05-24,2024-05-29,2945,2043,Fermé,12,5,0,36,6,0,0.01,1743,1.4415075868820362,1.6896156052782558,0.41522324936204946,0,0,0
SIN0001719,POL003936,CLT02854,Habitation,Dégât des eaux,2024-08-05,2024-08-15,3033,2466,Fermé,23,10,0,28,2,0,0.0619,1303,1.22992700729927,2.3277052954719877,0.4025043682990839,0,0,0
SIN0001720,POL003942,CLT04297,Santé,Optique,2024-03-14,2024-04-12,372,265,Ouvert,51,29,0,47,8,2,0.1209,912,1.4037735849056603,0.40789473684210525,0.4836269649609459,0,0,0
SIN0001721,POL003943,CLT03075,Santé,Optique,2021-08-27,2021-08-31,870,710,Fermé,29,4,0,31,4,0,0.1253,723,1.2253521126760563,1.2033195020746887,0.41194138023518984,0,0,0
SIN0001722,POL003948,CLT00377,Auto,Accident matériel,2024-07-14,2024-07-28,2326,1887,Fermé,18,14,0,54,0,1,0.2778,830,1.2326444091149973,2.802409638554217,0.4011780484097693,0,0,0
SIN0001723,POL003956,CLT01866,Auto,Accident matériel,2022-04-18,2022-05-09,3012,2307,Ouvert,27,21,0,50,4,0,0.0754,2385,1.305591677503251,1.2628930817610062,0.3915761413708586,0,0,0
SIN0001724,POL003958,CLT01884,Auto,Vol,2022-02-10,2022-03-09,4936,4521,Fermé,9,27,0,51,4,0,0.01,954,1.0917938509179386,5.174004192872117,0.44747949442577367,0,0,0
SIN0001725,POL003960,CLT04741,Auto,Incendie,2023-07-23,2023-07-26,17348,12710,Ouvert,27,3,0,57,10,2,0.1484,1056,1.3649095200629426,16.428030303030305,0.5320403713678818,0,0,0
SIN0001726,POL003961,CLT02271,Santé,Soins courants,2022-07-30,2022-08-26,203,166,Ouvert,42,27,0,65,1,0,0.0424,1047,1.2228915662650603,0.1938872970391595,0.4592787367664661,0,0,0
SIN0001727,POL003961,CLT02271,Santé,Soins courants,2022-06-07,2022-07-05,242,140,Fermé,7,28,0,65,1,0,0.0424,1047,1.7285714285714286,0.23113658070678128,0.4880256592830175,0,3,0
SIN0001728,POL003963,CLT02173,Habitation,Incendie,2024-08-12,2024-08-17,19014,18029,Ouvert,22,5,0,58,5,0,0.0329,2575,1.0546342004548228,7.384077669902912,0.5028797485969682,0,0,0
SIN0001729,POL003966,CLT04350,Auto,Accident matériel,2023-11-08,2023-12-04,3103,2182,Ouvert,9,26,0,62,0,1,0.1423,973,1.422089825847846,3.189105858170606,0.4293223494502154,0,0,0
SIN0001730,POL003967,CLT04636,Santé,Dentaire,2024-07-04,2024-07-07,449,401,Fermé,25,3,0,59,4,0,0.01,1392,1.119700748129676,0.3225574712643678,0.4397249667886101,0,0,0
SIN0001731,POL003968,CLT00894,Habitation,Catastrophe naturelle,2024-05-14,2024-06-09,9120,5361,Fermé,5,26,0,28,1,0,0.0865,2992,1.7011751538891997,3.0481283422459895,0.4520372888194831,0,3,0
SIN0001732,POL003969,CLT02546,Auto,Accident matériel,2023-12-16,2023-12-22,5665,3898,Fermé,29,6,0,51,1,0,0.3473,1494,1.4533093894304772,3.7918340026773762,0.4275072962355093,0,0,0
SIN0001733,POL003975,CLT02638,Auto,Bris de glace,2024-07-07,2024-07-27,623,579,Ouvert,4,20,0,60,1,0,0.01,882,1.075993091537133,0.7063492063492064,0.44624154133193494,0,0,0
SIN0001734,POL003982,CLT03872,Auto,Accident matériel,2024-08-15,2024-09-13,7742,6511,Fermé,6,29,0,60,2,2,0.1573,863,1.1890646598064813,8.971031286210891,0.4882251537023064,0,0,0
SIN0001735,POL003983,CLT03196,Habitation,Dégât des eaux,2023-10-25,2023-11-09,4223,2387,Fermé,5,15,0,19,0,0,0.056,1533,1.7691663175534142,2.7547292889758643,0.4564102300067422,0,3,0
SIN0001736,POL003985,CLT02422,Habitation,Catastrophe naturelle,2022-09-15,2022-10-02,13781,11229,Litigieux,125,17,0,30,5,2,0.196,2597,1.2272686793124945,5.3065075086638425,0.555796272091179,1,0,0
SIN0001737,POL003986,CLT02158,Auto,Accident matériel,2022-04-26,2022-05-20,2419,1736,Fermé,17,24,0,22,0,0,0.01,1329,1.3934331797235022,1.8201655379984951,0.42234436786676177,0,0,0
SIN0001738,POL003987,CLT03176,Auto,Accident matériel,2024-06-01,2024-06-08,14696,8397,Fermé,18,7,0,34,2,1,0.01,1557,1.7501488626890556,9.438664097623635,0.4702003007958888,0,3,0
SIN0001739,POL003991,CLT01991,Santé,Soins courants,2024-10-26,2024-11-05,213,137,Ouvert,7,10,0,26,2,0,0.086,1127,1.5547445255474452,0.18899733806566105,0.42153896536470353,0,3,0
SIN0001740,POL003992,CLT03541,Santé,Dentaire,2022-12-19,2023-01-05,1250,1135,Litigieux,90,17,0,46,1,0,0.0336,1081,1.1013215859030836,1.1563367252543941,0.4564979814970425,0,0,0
SIN0001741,POL003992,CLT03541,Santé,Soins courants,2023-02-17,2023-03-07,246,157,Fermé,16,18,0,46,1,0,0.0336,1081,1.5668789808917198,0.22756706753006475,0.4117053142677002,0,3,0
SIN0001742,POL003994,CLT02471,Habitation,Dégât des eaux,2024-11-12,2024-11-25,5811,4631,Ouvert,34,13,0,54,0,1,0.2998,1977,1.254804577844958,2.9393019726858878,0.4116263158914548,0,0,0
SIN0001743,POL003999,CLT04023,Santé,Optique,2021-08-10,2021-08-22,295,183,Fermé,25,12,0,49,4,0,0.01,687,1.6120218579234973,0.4294032023289665,0.4184803982310358,0,3,0
SIN0001744,POL003999,CLT04023,Santé,Optique,2021-07-08,2021-07-14,592,347,Litigieux,71,6,0,49,4,0,0.01,687,1.7060518731988472,0.8617176128093159,0.4661453340349882,0,3,0
SIN0001745,POL004000,CLT01726,Auto,Accident matériel,2024-12-03,2024-12-04,8021,6128,Ouvert,7,1,1,31,2,3,0.4653,1098,1.3089099216710183,7.305100182149363,0.5263913350279595,0,4,0
SIN0001746,POL004001,CLT04933,Auto,Accident corporel,2023-09-12,2023-10-08,22958,17162,Fermé,15,26,0,18,5,0,0.177,1494,1.3377228761216642,15.366800535475234,0.5102160798174803,0,0,0
SIN0001747,POL004003,CLT04304,Auto,Accident matériel,2024-05-02,2024-05-27,2025,1810,Ouvert,6,25,0,29,3,0,0.2396,762,1.1187845303867403,2.65748031496063,0.4327271180003519,0,0,0
SIN0001748,POL004003,CLT04304,Auto,Bris de glace,2024-08-17,2024-08-20,278,228,Fermé,22,3,0,29,3,0,0.2396,762,1.219298245614035,0.3648293963254593,0.4198088843158685,0,0,0
SIN0001749,POL004004,CLT03864,Habitation,Incendie,2024-12-02,2024-12-08,68471,62228,Ouvert,55,6,0,22,4,1,0.1941,2312,1.1003246127145336,29.615484429065745,0.6699039490870486,1,3,1
SIN0001750,POL004007,CLT04503,Santé,Dentaire,2024-08-23,2024-09-10,697,517,Fermé,23,18,0,36,3,2,0.3307,585,1.3481624758220503,1.1914529914529914,0.4201330429718836,0,0,0
SIN0001751,POL004011,CLT01766,Habitation,Bris de glace,2022-07-22,2022-08-13,752,711,Fermé,25,22,0,24,8,0,0.1159,1183,1.0576652601969059,0.6356720202874049,0.448513117248893,0,0,0
SIN0001752,POL004012,CLT02951,Habitation,Dégât des eaux,2024-09-28,2024-10-26,3179,2943,Ouvert,25,28,0,52,2,0,0.1007,3348,1.0801902820251443,0.9495221027479092,0.4335729720213069,0,0,0
SIN0001753,POL004013,CLT00301,Santé,Maternité,2024-04-13,2024-04-17,1784,1475,Fermé,18,4,0,46,3,0,0.0166,1112,1.2094915254237288,1.60431654676259,0.4138889858721013,0,0,0
SIN0001754,POL004014,CLT02238,Habitation,Incendie,2022-02-09,2022-02-12,45892,29205,Fermé,28,3,0,47,0,1,0.1212,2974,1.5713747645951035,15.431069266980497,0.565648767713727,1,6,1
SIN0001755,POL004014,CLT02238,Habitation,Dégât des eaux,2022-10-23,2022-11-01,4261,2618,Litigieux,152,9,0,47,0,1,0.1212,2974,1.6275783040488923,1.4327505043712172,0.49358859551771406,0,3,0
SIN0001756,POL004015,CLT02068,Habitation,Vol/Cambriolage,2023-04-02,2023-04-22,10711,6679,Litigieux,143,20,0,20,7,1,0.1143,1246,1.6036831861057044,8.596308186195827,0.5484108035721023,0,3,0
SIN0001757,POL004020,CLT00156,Auto,Accident matériel,2023-03-25,2023-04-21,6297,4361,Ouvert,47,27,0,77,2,0,0.1324,1264,1.443934877321715,4.981803797468355,0.4909686362777356,0,0,0
SIN0001758,POL004021,CLT02068,Habitation,Bris de glace,2022-08-20,2022-08-20,571,460,Fermé,9,0,0,20,7,1,0.1143,2207,1.241304347826087,0.2587222473946534,0.4600556676038857,0,2,0
SIN0001759,POL004023,CLT03050,Habitation,Dégât des eaux,2022-05-31,2022-06-04,1790,1414,Fermé,19,4,0,52,7,1,0.1081,1132,1.265912305516266,1.5812720848056536,0.42138209476503047,0,0,0
SIN0001760,POL004028,CLT01710,Santé,Hospitalisation,2024-04-06,2024-04-15,5114,4395,Fermé,11,9,0,31,1,2,0.3611,742,1.1635949943117179,6.892183288409703,0.4417733684621664,0,0,0
SIN0001761,POL004032,CLT04015,Santé,Dentaire,2022-03-27,2022-04-19,1069,939,Ouvert,45,23,0,43,16,0,0.0395,731,1.1384451544195953,1.4623803009575924,0.47860564101109015,0,0,0
SIN0001762,POL004044,CLT03170,Habitation,Dégât des eaux,2022-05-13,2022-06-07,2871,2506,Fermé,24,25,0,43,5,0,0.01,2011,1.1456504389465283,1.4276479363500747,0.4115282172755745,0,0,0
SIN0001763,POL004048,CLT03822,Habitation,Incendie,2022-12-03,2023-01-01,15108,9058,Fermé,7,29,0,50,2,3,0.158,1359,1.6679178626628395,11.116997792494482,0.5262365760123516,0,5,0
SIN0001764,POL004048,CLT03822,Habitation,Dégât des eaux,2022-12-07,2022-12-21,6000,5532,Ouvert,1,14,0,50,2,3,0.158,1359,1.0845986984815619,4.415011037527594,0.47377174500962366,0,2,0
SIN0001765,POL004053,CLT03923,Santé,Dentaire,2024-12-30,2024-12-31,252,172,Ouvert,38,19,0,28,6,2,0.071,997,1.4651162790697674,0.25275827482447344,0.45003861779773274,0,0,0
SIN0001766,POL004057,CLT02162,Habitation,Dégât des eaux,2023-04-30,2023-05-13,7765,4535,Ouvert,28,13,0,38,0,0,0.1727,2146,1.7122381477398017,3.618359739049394,0.4248959810929791,0,3,0
SIN0001767,POL004058,CLT02125,Santé,Optique,2023-11-01,2023-11-02,433,310,Fermé,27,1,0,29,10,0,0.0102,1059,1.396774193548387,0.408876298394712,0.4512895317043098,0,2,0
SIN0001768,POL004061,CLT01063,Auto,Vol,2022-09-06,2022-09-29,11277,10517,Ouvert,32,23,0,46,12,1,0.0933,2132,1.0722639535989351,5.289399624765478,0.4795151328755117,0,0,0
SIN0001769,POL004069,CLT04300,Auto,Bris de glace,2022-07-16,2022-07-18,222,194,Fermé,6,2,0,63,0,0,0.1911,2053,1.1443298969072164,0.10813443740867024,0.4546772521701437,0,0,0
SIN0001770,POL004069,CLT04300,Auto,Vol,2021-10-21,2021-10-21,7148,6447,Litigieux,97,0,0,63,0,0,0.1911,2053,1.108732743911897,3.481734047735022,0.523508015173797,0,2,0
SIN0001771,POL004069,CLT04300,Auto,Accident matériel,2021-06-07,2021-07-03,2067,1294,Fermé,25,26,0,63,0,0,0.1911,2053,1.5973724884080371,1.0068192888455918,0.44344116159020336,0,3,0
SIN0001772,POL004070,CLT03757,Auto,Bris de glace,2023-05-31,2023-06-18,755,617,Fermé,17,18,0,31,0,0,0.1887,2639,1.2236628849270665,0.28609321712769986,0.40089775360152696,0,0,0
SIN0001773,POL004075,CLT03828,Auto,Bris de glace,2024-09-16,2024-10-11,772,482,Ouvert,23,25,0,44,1,0,0.2749,1778,1.6016597510373445,0.4341957255343082,0.42953281798689663,0,3,0
SIN0001774,POL004076,CLT00306,Auto,Accident matériel,2022-11-21,2022-12-08,5065,3640,Ouvert,23,17,0,38,0,1,0.3727,2216,1.3914835164835164,2.285649819494585,0.41251794674395514,0,0,0
SIN0001775,POL004076,CLT00306,Auto,Accident matériel,2022-10-13,2022-10-17,3346,2518,Fermé,27,4,0,38,0,1,0.3727,2216,1.328832406671962,1.509927797833935,0.4236003679897726,0,0,0
SIN0001776,POL004076,CLT00306,Auto,Bris de glace,2023-01-21,2023-02-16,294,234,Fermé,10,26,0,38,0,1,0.3727,2216,1.2564102564102564,0.13267148014440433,0.4340829067391776,0,0,0
SIN0001777,POL004076,CLT00306,Auto,Vol,2021-10-23,2021-10-28,3149,2687,Fermé,11,5,0,38,0,1,0.3727,2216,1.1719389653889096,1.421028880866426,0.4261745289636009,0,0,0
SIN0001778,POL004082,CLT03781,Habitation,Dégât des eaux,2023-08-21,2023-09-06,3811,3318,Fermé,5,16,0,53,0,0,0.0649,1742,1.148583484026522,2.187715269804822,0.409601647801226,0,0,0
SIN0001779,POL004083,CLT01934,Santé,Optique,2023-10-14,2023-11-02,338,316,Ouvert,46,19,0,23,9,0,0.01,552,1.0696202531645569,0.6123188405797102,0.46430252523433974,0,0,0
SIN0001780,POL004086,CLT02818,Habitation,Incendie,2024-08-15,2024-08-30,38163,34460,Ouvert,21,15,0,41,3,1,0.01,2735,1.107457922228671,13.953564899451553,0.5448101957388034,0,3,0
SIN0001781,POL004088,CLT03854,Auto,Accident matériel,2024-07-18,2024-07-29,8414,7917,Litigieux,72,11,0,28,4,0,0.0673,2302,1.0627763041556144,3.6550825369244135,0.4793214541388104,0,0,0
SIN0001782,POL004093,CLT00840,Habitation,Vol/Cambriolage,2022-09-03,2022-09-11,3949,3285,Fermé,29,8,0,37,0,2,0.1551,3248,1.202130898021309,1.2158251231527093,0.41729921881318516,0,0,0
SIN0001783,POL004096,CLT03314,Santé,Hospitalisation,2024-11-05,2024-11-29,3553,3277,Ouvert,44,24,0,71,1,1,0.2896,639,1.0842233750381447,5.560250391236306,0.4733037955510371,0,0,0
SIN0001784,POL004096,CLT03314,Santé,Soins courants,2023-09-17,2023-09-25,437,348,Fermé,26,8,0,71,1,1,0.2896,639,1.2557471264367817,0.6838810641627543,0.45109809879874846,0,0,0
SIN0001785,POL004100,CLT02878,Habitation,Bris de glace,2023-01-10,2023-02-09,501,400,Fermé,6,30,0,39,0,0,0.01,1970,1.2525,0.25431472081218276,0.44387159246767083,0,0,0
SIN0001786,POL004102,CLT01514,Habitation,Vol/Cambriolage,2023-07-20,2023-08-10,4513,3117,Ouvert,35,21,0,25,0,1,0.2087,1517,1.4478665383381457,2.974950560316414,0.4108627782183379,0,0,0
SIN0001787,POL004104,CLT03195,Santé,Dentaire,2022-02-20,2022-03-09,340,237,Fermé,10,17,0,18,4,1,0.1016,508,1.4345991561181435,0.6692913385826772,0.42575291378174984,0,0,0
SIN0001788,POL004104,CLT03195,Santé,Soins courants,2022-12-16,2023-01-06,247,138,Fermé,23,21,0,18,4,1,0.1016,508,1.789855072463768,0.4862204724409449,0.4579679944833173,0,3,0
SIN0001789,POL004104,CLT03195,Santé,Dentaire,2023-01-10,2023-01-24,674,469,Ouvert,43,14,0,18,4,1,0.1016,508,1.4371002132196162,1.3267716535433072,0.4370734094658741,0,0,0
SIN0001790,POL004107,CLT04814,Auto,Bris de glace,2023-10-01,2023-10-17,256,213,Fermé,26,16,0,36,5,0,0.01,887,1.2018779342723005,0.28861330326944756,0.40423228934561056,0,0,0
SIN0001791,POL004109,CLT02804,Auto,Accident matériel,2024-10-10,2024-11-04,4429,4056,Ouvert,20,25,0,53,5,0,0.012,1549,1.0919625246548323,2.8592640413169788,0.4290794726700004,0,0,0
SIN0001792,POL004112,CLT01794,Auto,Accident matériel,2023-10-08,2023-10-10,2234,1452,Fermé,10,2,0,64,2,2,0.3879,1598,1.5385674931129476,1.3979974968710889,0.4729547437747968,0,3,0
SIN0001793,POL004113,CLT02935,Santé,Soins courants,2023-07-08,2023-07-22,260,150,Fermé,28,14,0,70,1,1,0.1944,695,1.7333333333333334,0.37410071942446044,0.463772218661211,0,3,0
SIN0001794,POL004113,CLT02935,Santé,Optique,2023-03-16,2023-03-20,466,387,Fermé,6,4,0,70,1,1,0.1944,695,1.2041343669250646,0.6705035971223021,0.4550885026620999,0,0,0
SIN0001795,POL004115,CLT02894,Auto,Accident corporel,2022-07-27,2022-08-02,13740,9051,Ouvert,6,6,0,29,20,0,0.01,2803,1.5180643022870401,4.90189083125223,0.5444940000251406,0,3,0
SIN0001796,POL004115,CLT02894,Auto,Accident matériel,2024-05-03,2024-05-07,9767,8081,Fermé,30,4,0,29,20,0,0.01,2803,1.2086375448583095,3.484480913307171,0.5278179413711638,0,0,0
SIN0001797,POL004116,CLT03793,Auto,Accident matériel,2023-11-19,2023-11-22,1367,1041,Litigieux,63,3,0,39,2,1,0.1306,781,1.3131604226705091,1.7503201024327786,0.4295212566567288,0,0,0
SIN0001798,POL004116,CLT03793,Auto,Accident matériel,2023-08-19,2023-08-29,4883,3387,Fermé,28,10,0,39,2,1,0.1306,781,1.4416888101564806,6.25224071702945,0.3968861310773717,0,0,0
SIN0001799,POL004119,CLT00320,Habitation,Bris de glace,2024-12-10,2024-12-31,436,304,Ouvert,22,29,0,18,0,0,0.1624,1342,1.4342105263157894,0.32488822652757077,0.45561692608073245,0,0,0
SIN0001800,POL004121,CLT00267,Habitation,Vol/Cambriolage,2021-12-09,2022-01-04,7511,5069,Fermé,10,26,0,33,0,2,0.3009,3293,1.4817518248175183,2.2808988764044944,0.446492602249043,0,0,0
SIN0001801,POL004123,CLT04229,Auto,Bris de glace,2023-09-27,2023-10-23,341,215,Fermé,19,26,0,76,10,1,0.2192,1950,1.586046511627907,0.17487179487179488,0.49812101642535084,0,3,0
SIN0001802,POL004131,CLT02773,Habitation,Incendie,2024-10-24,2024-10-30,21512,15307,Ouvert,40,6,0,68,0,1,0.2011,1187,1.4053700921147187,18.12299915754002,0.528743648557769,0,0,0
SIN0001803,POL004136,CLT04182,Habitation,Bris de glace,2023-11-28,2023-12-15,667,401,Fermé,24,17,0,29,0,1,0.1948,1595,1.6633416458852868,0.41818181818181815,0.41946314692042885,0,3,0
SIN0001804,POL004138,CLT03384,Habitation,Vol/Cambriolage,2023-07-29,2023-08-06,4791,3935,Fermé,17,8,0,42,4,1,0.2341,1038,1.2175349428208386,4.615606936416185,0.3966145156182043,0,0,0
SIN0001805,POL004139,CLT01724,Auto,Accident matériel,2024-11-12,2024-11-27,3632,2611,Ouvert,14,15,0,48,2,0,0.01,955,1.3910379165070854,3.8031413612565443,0.4022201313957576,0,0,0
SIN0001806,POL004140,CLT00508,Habitation,Vol/Cambriolage,2022-05-06,2022-05-30,3771,3444,Fermé,25,24,0,47,2,0,0.0675,1809,1.0949477351916377,2.084577114427861,0.4110877042401911,0,0,0
SIN0001807,POL004140,CLT00508,Habitation,Vol/Cambriolage,2022-12-03,2022-12-20,5206,3599,Litigieux,162,17,0,47,2,0,0.0675,1809,1.4465129202556266,2.8778330569375346,0.49574321170030733,0,0,0
SIN0001808,POL004142,CLT04040,Auto,Bris de glace,2022-06-24,2022-07-10,272,238,Ouvert,14,16,0,56,5,0,0.01,1094,1.1428571428571428,0.24862888482632542,0.41385265967918733,0,0,0
SIN0001809,POL004143,CLT00963,Auto,Bris de glace,2023-08-18,2023-08-18,939,573,Fermé,24,0,1,40,0,3,0.5665,1958,1.638743455497382,0.4795709908069459,0.5494354753094719,0,7,0
SIN0001810,POL004143,CLT00963,Auto,Accident corporel,2024-10-24,2024-11-13,19639,15814,Ouvert,22,20,0,40,0,3,0.5665,1958,1.2418742886050336,10.030132788559754,0.5504807959686016,0,2,0
SIN0001811,POL004143,CLT00963,Auto,Accident matériel,2022-01-14,2022-01-26,5039,4713,Fermé,16,12,0,40,0,3,0.5665,1958,1.0691703798005516,2.573544433094995,0.5128392686968302,0,2,0
SIN0001812,POL004150,CLT00245,Santé,Hospitalisation,2023-08-29,2023-09-06,7325,4482,Fermé,19,8,0,67,8,2,0.2558,1669,1.6343150379294957,4.38885560215698,0.4888294980500249,0,3,0
SIN0001813,POL004150,CLT00245,Santé,Maternité,2024-05-08,2024-05-20,1231,1066,Ouvert,41,12,0,67,8,2,0.2558,1669,1.1547842401500938,0.7375674056321151,0.48112325083126894,0,0,0
SIN0001814,POL004154,CLT01655,Auto,Accident matériel,2021-09-05,2021-09-20,1603,1194,Litigieux,130,15,0,24,12,0,0.1616,1851,1.3425460636515913,0.8660183684494868,0.5266791408947612,0,0,0
SIN0001815,POL004154,CLT01655,Auto,Bris de glace,2023-11-14,2023-12-12,534,343,Fermé,14,28,0,24,12,0,0.1616,1851,1.5568513119533527,0.2884927066450567,0.47778536927227194,0,3,0
SIN0001816,POL004154,CLT01655,Auto,Accident matériel,2024-02-11,2024-03-08,1972,1692,Fermé,14,26,0,24,12,0,0.1616,1851,1.16548463356974,1.0653700702323068,0.4610800074841888,0,0,0
SIN0001817,POL004155,CLT02318,Santé,Soins courants,2023-05-14,2023-05-27,250,164,Ouvert,23,13,0,56,6,0,0.1208,636,1.524390243902439,0.39308176100628933,0.4187861531680952,0,3,0
SIN0001818,POL004157,CLT01535,Santé,Hospitalisation,2024-07-04,2024-07-22,9633,7724,Fermé,15,18,0,64,1,1,0.2777,1084,1.2471517348524082,8.886531365313653,0.4467559267860907,0,0,0
SIN0001819,POL004158,CLT01759,Auto,Accident matériel,2023-10-05,2023-10-07,1681,1229,Fermé,17,2,0,54,1,1,0.3242,1992,1.3677786818551667,0.8438755020080321,0.42418740888505385,0,0,0
SIN0001820,POL004164,CLT01828,Auto,Vol,2022-08-17,2022-09-03,6595,4726,Fermé,15,17,0,31,0,2,0.4498,802,1.3954718578078713,8.223192019950124,0.4688896590778042,0,0,0
SIN0001821,POL004167,CLT00201,Santé,Soins courants,2023-02-04,2023-02-06,446,405,Fermé,9,2,0,34,2,1,0.3209,590,1.1012345679012345,0.7559322033898305,0.438247796163379,0,0,0
SIN0001822,POL004167,CLT00201,Santé,Soins courants,2024-10-24,2024-11-14,301,200,Ouvert,42,21,0,34,2,1,0.3209,590,1.505,0.5101694915254237,0.42407352559968103,0,3,0
SIN0001823,POL004167,CLT00201,Santé,Maternité,2023-12-02,2023-12-19,859,738,Fermé,7,17,0,34,2,1,0.3209,590,1.1639566395663956,1.4559322033898305,0.4162267609203695,0,0,0
SIN0001824,POL004170,CLT01556,Habitation,Dégât des eaux,2022-05-14,2022-06-13,3874,2143,Fermé,24,30,0,52,0,0,0.1267,1976,1.8077461502566496,1.9605263157894737,0.4600542974639099,0,3,0
SIN0001825,POL004170,CLT01556,Habitation,Dégât des eaux,2023-10-08,2023-10-26,5133,4302,Fermé,27,18,0,52,0,0,0.1267,1976,1.193165969316597,2.597672064777328,0.3989331973434715,0,0,0
SIN0001826,POL004172,CLT01935,Habitation,Dégât des eaux,2024-09-13,2024-10-05,9254,8387,Ouvert,60,22,0,44,1,0,0.01,1855,1.103374269703112,4.988679245283019,0.4570518675685038,0,0,0
SIN0001827,POL004176,CLT01107,Habitation,Dégât des eaux,2024-09-03,2024-09-04,4101,3520,Fermé,14,1,0,41,9,0,0.01,1663,1.1650568181818182,2.466025255562237,0.4463281590178368,0,2,0
SIN0001828,POL004177,CLT00760,Auto,Bris de glace,2024-09-01,2024-09-14,401,310,Fermé,30,13,0,65,4,0,0.1671,1060,1.293548387096774,0.37830188679245286,0.4285371647537535,0,0,0
SIN0001829,POL004178,CLT03939,Auto,Accident corporel,2023-06-11,2023-07-07,16222,11875,Ouvert,53,26,0,51,7,0,0.0462,1408,1.3660631578947369,11.521306818181818,0.4980065271591488,0,0,0
SIN0001830,POL004186,CLT02706,Santé,Dentaire,2024-10-13,2024-10-19,1356,1163,Ouvert,11,6,0,41,1,1,0.1821,975,1.1659501289767842,1.3907692307692308,0.4001165569491554,0,0,0
SIN0001831,POL004186,CLT02706,Santé,Optique,2023-12-06,2023-12-28,441,300,Fermé,14,22,0,41,1,1,0.1821,975,1.47,0.4523076923076923,0.3927488476627851,0,0,0
SIN0001832,POL004186,CLT02706,Santé,Hospitalisation,2021-11-29,2021-12-20,8183,5012,Fermé,26,21,0,41,1,1,0.1821,975,1.6326815642458101,8.392820512820514,0.41520730507386794,0,3,0
SIN0001833,POL004188,CLT04779,Habitation,Incendie,2024-06-24,2024-07-04,19743,12960,Fermé,14,10,0,54,3,1,0.2653,3299,1.5233796296296296,5.984540769930282,0.45400912871495275,0,3,0
SIN0001834,POL004194,CLT02211,Auto,Accident corporel,2023-08-28,2023-09-02,17605,13069,Fermé,24,5,0,39,8,1,0.1385,946,1.347080878414569,18.609936575052853,0.49091873956257853,0,0,0
SIN0001835,POL004194,CLT02211,Auto,Accident matériel,2021-06-18,2021-07-11,3732,2957,Fermé,7,23,0,39,8,1,0.1385,946,1.2620899560365235,3.9450317124735728,0.41641953259286,0,0,0
SIN0001836,POL004196,CLT04062,Habitation,Dégât des eaux,2023-06-03,2023-07-02,1599,1513,Fermé,8,29,0,45,11,0,0.01,1443,1.0568407138136153,1.1081081081081081,0.4840733897839484,0,0,0
SIN0001837,POL004199,CLT03772,Habitation,Dégât des eaux,2022-04-04,2022-04-12,4340,3110,Fermé,11,8,0,36,0,2,0.3864,2153,1.3954983922829582,2.0157919182535995,0.43638030322552257,0,0,0
SIN0001838,POL004199,CLT03772,Habitation,Incendie,2022-06-18,2022-06-30,30577,27953,Fermé,12,12,0,36,0,2,0.3864,2153,1.0938718563302687,14.20204366000929,0.542710052315394,0,3,0
SIN0001839,POL004202,CLT02163,Auto,Accident corporel,2023-06-15,2023-06-30,10383,7353,Fermé,18,15,0,18,1,0,0.2282,1477,1.4120767033863728,7.029790115098172,0.4376626698384347,0,0,0
SIN0001840,POL004204,CLT02059,Habitation,Dégât des eaux,2021-06-21,2021-06-27,2656,1666,Fermé,13,6,0,29,0,1,0.4698,1492,1.5942376950780313,1.7801608579088473,0.4641663142458794,0,3,0
SIN0001841,POL004206,CLT00818,Santé,Optique,2022-11-30,2022-12-03,556,426,Fermé,28,3,0,64,1,1,0.2474,622,1.3051643192488263,0.8938906752411575,0.43623695896614995,0,0,0
SIN0001842,POL004208,CLT00178,Santé,Soins courants,2023-06-03,2023-07-03,214,191,Litigieux,156,30,0,41,8,1,0.2303,1125,1.1204188481675392,0.1902222222222222,0.5520154384327921,0,0,0
SIN0001843,POL004209,CLT02594,Santé,Soins courants,2023-03-23,2023-04-03,273,217,Fermé,12,11,0,46,2,1,0.2193,1084,1.2580645161290323,0.2518450184501845,0.3944379773183136,0,0,0
SIN0001844,POL004209,CLT02594,Santé,Soins courants,2023-07-03,2023-07-28,308,221,Litigieux,171,25,0,46,2,1,0.2193,1084,1.3936651583710407,0.28413284132841327,0.5129010904051434,0,0,0
SIN0001845,POL004210,CLT02156,Santé,Dentaire,2024-01-06,2024-01-16,1707,1133,Fermé,17,10,0,53,11,1,0.1648,1374,1.5066195939982348,1.24235807860262,0.4402541073946195,0,3,0
SIN0001846,POL004214,CLT00013,Auto,Bris de glace,2024-09-02,2024-09-11,448,343,Ouvert,1,9,0,50,5,1,0.2388,2247,1.3061224489795917,0.19937694704049844,0.42577365412958057,0,0,0
SIN0001847,POL004216,CLT01040,Habitation,Dégât des eaux,2024-06-04,2024-06-30,1343,870,Fermé,17,26,0,42,0,0,0.1558,1898,1.5436781609195402,0.7075869336143309,0.4169937620652342,0,3,0
SIN0001848,POL004218,CLT00172,Auto,Accident matériel,2021-12-30,2022-01-03,2905,2520,Litigieux,158,4,0,38,5,2,0.2125,940,1.1527777777777777,3.0904255319148937,0.522481173011366,0,0,0
SIN0001849,POL004219,CLT02879,Habitation,Dégât des eaux,2024-11-16,2024-12-04,5884,5569,Ouvert,38,18,0,62,5,1,0.0804,1746,1.05656311725624,3.3699885452462772,0.4504188693830543,0,0,0
SIN0001850,POL004222,CLT00329,Auto,Accident matériel,2024-11-03,2024-11-23,4305,3269,Ouvert,47,20,0,34,2,2,0.1629,1202,1.316916488222698,3.58153078202995,0.4183362713121122,0,0,0
SIN0001851,POL004226,CLT02311,Auto,Vol,2024-06-17,2024-07-15,5823,3823,Fermé,23,28,0,42,3,1,0.153,1016,1.523149359142035,5.731299212598425,0.42806253065553995,0,3,0
SIN0001852,POL004228,CLT00709,Santé,Optique,2023-03-07,2023-03-07,1048,829,Fermé,26,0,0,34,5,0,0.0858,1791,1.264173703256936,0.5851479620323842,0.42766348571372,0,2,0
SIN0001853,POL004229,CLT03429,Habitation,Dégât des eaux,2024-12-25,2024-12-31,3003,2541,Ouvert,12,28,0,33,3,0,0.0953,1219,1.1818181818181819,2.4634946677604592,0.4173453818913063,0,0,0
SIN0001854,POL004231,CLT03320,Habitation,Incendie,2022-12-02,2023-01-01,32359,22442,Fermé,11,30,0,33,5,2,0.2282,2391,1.441894661794849,13.53366792137181,0.5483394118008256,0,3,0
SIN0001855,POL004231,CLT03320,Habitation,Dégât des eaux,2022-04-20,2022-05-11,4333,2793,Fermé,18,21,0,33,5,2,0.2282,2391,1.5513784461152882,1.8122124634044332,0.41741837846866126,0,3,0
SIN0001856,POL004232,CLT02573,Auto,Accident matériel,2023-09-17,2023-10-14,2088,1273,Litigieux,54,27,0,39,1,0,0.1093,936,1.6402199528672428,2.230769230769231,0.44043226405397295,0,3,0
SIN0001857,POL004234,CLT03788,Santé,Soins courants,2023-04-23,2023-05-13,100,58,Fermé,19,20,0,36,3,0,0.092,1920,1.7241379310344827,0.052083333333333336,0.429179014488256,0,3,0
SIN0001858,POL004237,CLT01882,Habitation,Vol/Cambriolage,2023-11-18,2023-12-17,5803,3482,Fermé,9,29,0,38,5,0,0.0446,3149,1.6665709362435381,1.8428072403937759,0.44617909341419415,0,3,0
SIN0001859,POL004237,CLT01882,Habitation,Catastrophe naturelle,2021-05-07,2021-06-03,18581,13706,Litigieux,119,27,0,38,5,0,0.0446,3149,1.355683642200496,5.900603366147983,0.5466976909674649,0,0,0
SIN0001860,POL004245,CLT02590,Auto,Accident matériel,2023-09-18,2023-10-13,7173,6701,Ouvert,57,25,0,37,2,1,0.0453,1206,1.0704372481719147,5.947761194029851,0.46421530445966597,0,0,0
SIN0001861,POL004245,CLT02590,Auto,Bris de glace,2023-05-04,2023-05-23,791,476,Ouvert,31,19,0,37,2,1,0.0453,1206,1.661764705882353,0.6558872305140961,0.4187927570294878,0,3,0
SIN0001862,POL004245,CLT02590,Auto,Vol,2024-12-09,2024-12-31,7771,6395,Ouvert,60,27,0,37,2,1,0.0453,1206,1.215168100078186,6.4436152570480925,0.4638642984865841,0,0,0
SIN0001863,POL004245,CLT02590,Auto,Accident matériel,2024-02-20,2024-03-09,3625,2264,Fermé,16,18,0,37,2,1,0.0453,1206,1.601148409893993,3.005804311774461,0.4028531389431278,0,3,0
SIN0001864,POL004245,CLT02590,Auto,Bris de glace,2022-03-16,2022-04-08,656,499,Fermé,13,23,0,37,2,1,0.0453,1206,1.314629258517034,0.5439469320066335,0.4034957499336123,0,0,0
SIN0001865,POL004247,CLT01951,Auto,Accident matériel,2023-11-24,2023-12-11,2410,2108,Ouvert,34,17,0,35,3,1,0.4686,1869,1.1432637571157496,1.2894596040663457,0.4462674356906315,0,0,0
SIN0001866,POL004250,CLT03678,Auto,Accident matériel,2021-10-14,2021-10-23,5460,3022,Fermé,14,9,0,26,2,0,0.1336,1573,1.8067504963600265,3.4710743801652892,0.4343985034604663,0,3,0
SIN0001867,POL004250,CLT03678,Auto,Accident corporel,2022-02-14,2022-02-22,17046,11448,Fermé,21,8,0,26,2,0,0.1336,1573,1.4889937106918238,10.83661792752702,0.4527790800390892,0,0,0
SIN0001868,POL004252,CLT01507,Auto,Bris de glace,2024-11-07,2024-11-21,716,540,Ouvert,37,14,0,37,3,2,0.3235,1616,1.325925925925926,0.4430693069306931,0.42310134569585045,0,0,0
SIN0001869,POL004257,CLT04611,Auto,Bris de glace,2021-10-27,2021-11-06,415,249,Fermé,17,10,0,53,0,1,0.3334,2867,1.6666666666666667,0.14475061039414022,0.4405684275931981,0,3,0
SIN0001870,POL004257,CLT04611,Auto,Vol,2022-04-15,2022-04-19,3494,2045,Fermé,25,4,0,53,0,1,0.3334,2867,1.708557457212714,1.218695500523195,0.44658959924242814,0,3,0
SIN0001871,POL004259,CLT03101,Habitation,Dégât des eaux,2024-02-28,2024-03-23,5829,4961,Fermé,25,24,0,39,0,0,0.01,1667,1.1749647248538602,3.4967006598680266,0.4149399252168397,0,0,0
SIN0001872,POL004259,CLT03101,Habitation,Dégât des eaux,2023-12-10,2023-12-26,5217,4177,Fermé,5,16,0,39,0,0,0.01,1667,1.2489825233421115,3.129574085182963,0.40720857230796687,0,0,0
SIN0001873,POL004263,CLT02908,Santé,Soins courants,2024-03-19,2024-04-15,322,237,Fermé,12,27,0,37,8,0,0.0401,1141,1.358649789029536,0.2822085889570552,0.43759944493763564,0,0,0
SIN0001874,POL004264,CLT03020,Habitation,Dégât des eaux,2024-11-21,2024-12-13,2616,2183,Ouvert,38,22,0,42,3,1,0.1487,1874,1.1983508932661475,1.3959445037353255,0.3926562441287122,0,0,0
SIN0001875,POL004265,CLT00055,Habitation,Dégât des eaux,2024-08-31,2024-09-19,3791,3024,Fermé,8,19,0,18,3,0,0.1617,1138,1.253637566137566,3.3312829525483303,0.4166579020992895,0,0,0
SIN0001876,POL004265,CLT00055,Habitation,Bris de glace,2024-09-27,2024-10-22,295,215,Ouvert,50,25,0,18,3,0,0.1617,1138,1.372093023255814,0.2592267135325132,0.44440760940725665,0,0,0
SIN0001877,POL004267,CLT04760,Habitation,Bris de glace,2023-12-16,2023-12-25,288,265,Fermé,17,9,0,62,3,0,0.2028,1247,1.0867924528301887,0.2309542902967121,0.4322648774190534,0,0,0
SIN0001878,POL004268,CLT03138,Habitation,Incendie,2023-12-04,2023-12-12,25671,21177,Fermé,15,8,0,39,4,0,0.0919,2627,1.2122113613826322,9.77198325085649,0.468942921643135,0,0,0
SIN0001879,POL004272,CLT04553,Auto,Accident matériel,2023-10-08,2023-10-16,1915,1674,Litigieux,126,8,0,38,4,1,0.2251,1232,1.1439665471923537,1.5543831168831168,0.479179218059985,0,0,0
SIN0001880,POL004272,CLT04553,Auto,Bris de glace,2023-09-30,2023-10-17,531,378,Fermé,18,17,0,38,4,1,0.2251,1232,1.4047619047619047,0.4310064935064935,0.39251215260430106,0,0,0
SIN0001881,POL004273,CLT01114,Habitation,Dégât des eaux,2024-06-05,2024-06-08,6898,5586,Fermé,12,3,0,44,1,0,0.128,1783,1.234872896527032,3.868760515984296,0.4118544076459728,0,0,0
SIN0001882,POL004277,CLT00824,Auto,Accident matériel,2024-10-27,2024-11-18,6663,4841,Ouvert,26,22,0,43,0,2,0.0871,821,1.3763685189010535,8.115712545676004,0.4388367453386056,0,0,0
SIN0001883,POL004280,CLT04857,Santé,Dentaire,2024-01-08,2024-01-26,529,459,Ouvert,57,18,0,59,0,1,0.0526,496,1.1525054466230937,1.0665322580645162,0.43145527237447756,0,0,0
SIN0001884,POL004285,CLT03874,Auto,Accident matériel,2024-03-10,2024-04-07,2840,2055,Fermé,18,28,0,36,1,3,0.3083,1447,1.3819951338199514,1.962681409813407,0.4699570125864058,0,2,0
SIN0001885,POL004287,CLT02312,Habitation,Incendie,2023-12-10,2023-12-25,22561,12451,Fermé,15,15,0,57,6,2,0.0899,1583,1.8119829732551602,14.252053063802906,0.5319180077662896,0,3,0
SIN0001886,POL004289,CLT03168,Habitation,Incendie,2023-02-01,2023-02-09,51445,41057,Fermé,11,8,0,51,1,0,0.0469,1883,1.2530141023455197,27.320764737121614,0.6047607642765614,1,3,1
SIN0001887,POL004290,CLT01185,Habitation,Dégât des eaux,2024-06-28,2024-06-28,2382,1576,Fermé,7,0,0,41,1,0,0.2355,2665,1.5114213197969544,0.8938086303939963,0.4317210555436592,0,5,0
SIN0001888,POL004292,CLT03126,Santé,Hospitalisation,2024-08-15,2024-08-31,8077,4659,Fermé,8,16,0,22,8,1,0.1227,470,1.7336338270015024,17.185106382978724,0.5134791127286543,0,3,0
SIN0001889,POL004295,CLT01776,Auto,Bris de glace,2024-10-10,2024-10-31,349,229,Ouvert,18,21,0,46,2,0,0.1276,1283,1.5240174672489082,0.2720187061574435,0.3988316355537161,0,3,0
SIN0001890,POL004300,CLT03018,Auto,Accident matériel,2022-05-27,2022-05-29,5224,3246,Fermé,6,2,0,23,3,0,0.0408,1127,1.6093653727664818,4.6353149955634425,0.4442519707410365,0,3,0
SIN0001891,POL004314,CLT04745,Habitation,Catastrophe naturelle,2024-02-20,2024-03-16,15102,9222,Fermé,13,25,0,25,6,0,0.1418,1317,1.6376057254391672,11.466970387243736,0.4816455767234691,0,3,0
SIN0001892,POL004314,CLT04745,Habitation,Vol/Cambriolage,2022-02-12,2022-02-22,7114,6670,Fermé,23,10,0,25,6,0,0.1418,1317,1.0665667166416792,5.40167046317388,0.44369729265696833,0,0,0
SIN0001893,POL004316,CLT04858,Habitation,Incendie,2024-08-09,2024-09-05,31328,17507,Ouvert,57,27,0,42,1,0,0.01,1743,1.7894556463129034,17.973608720596673,0.5695852284164112,1,6,1
SIN0001894,POL004320,CLT03673,Santé,Soins courants,2024-08-31,2024-09-01,153,137,Fermé,7,1,0,68,0,0,0.0442,619,1.1167883211678833,0.24717285945072698,0.48205263332562204,0,2,0
SIN0001895,POL004324,CLT01322,Auto,Accident matériel,2023-10-11,2023-11-05,3248,2743,Fermé,9,25,0,37,0,2,0.3771,902,1.1841049945315347,3.600886917960089,0.44450053600662504,0,0,0
SIN0001896,POL004327,CLT01390,Auto,Accident matériel,2024-10-12,2024-10-27,2952,2709,Ouvert,33,15,0,43,9,1,0.01,1026,1.089700996677741,2.8771929824561404,0.43544512650530326,0,0,0
SIN0001897,POL004328,CLT00683,Habitation,Bris de glace,2024-10-03,2024-10-18,469,357,Ouvert,12,15,0,22,2,0,0.1821,1404,1.3137254901960784,0.33404558404558404,0.41051224870036435,0,0,0
SIN0001898,POL004330,CLT02124,Habitation,Incendie,2024-11-22,2024-12-17,36977,26629,Ouvert,18,25,0,48,1,0,0.0646,1163,1.388598895940516,31.794496990541703,0.5675588600285473,1,3,1
SIN0001899,POL004332,CLT04736,Santé,Dentaire,2024-05-05,2024-05-27,891,627,Fermé,15,22,0,36,14,1,0.1612,588,1.4210526315789473,1.5153061224489797,0.44742348116627584,0,0,0
SIN0001900,POL004333,CLT01094,Auto,Accident matériel,2023-03-20,2023-04-10,8432,7811,Fermé,10,21,0,30,4,1,0.1523,1696,1.0795032646268083,4.971698113207547,0.43183758922694704,0,0,0
SIN0001901,POL004335,CLT03272,Auto,Accident matériel,2024-06-24,2024-07-14,4184,2366,Fermé,30,20,0,34,2,0,0.1626,1142,1.768385460693153,3.6637478108581436,0.41737140511230164,0,3,0
SIN0001902,POL004335,CLT03272,Auto,Vol,2024-09-07,2024-09-19,8549,6668,Fermé,25,12,0,34,2,0,0.1626,1142,1.2820935812837433,7.4859894921190895,0.4154243591383247,0,0,0
SIN0001903,POL004336,CLT02074,Habitation,Dégât des eaux,2022-11-20,2022-12-05,6257,4144,Ouvert,12,15,0,35,1,2,0.1835,1088,1.5098938223938223,5.750919117647059,0.4156329450135428,0,3,0
SIN0001904,POL004336,CLT02074,Habitation,Vol/Cambriolage,2023-04-20,2023-04-24,11233,6873,Ouvert,50,4,0,35,1,2,0.1835,1088,1.6343663611232357,10.324448529411764,0.4718303757225293,0,3,0
SIN0001905,POL004337,CLT01571,Auto,Accident matériel,2023-07-10,2023-08-02,5011,4337,Litigieux,142,23,0,39,4,0,0.1812,1107,1.1554069633387134,4.526648599819332,0.4993782455744421,0,0,0
SIN0001906,POL004339,CLT00552,Auto,Incendie,2024-03-20,2024-04-17,13226,8609,Fermé,27,28,0,52,11,1,0.0709,1177,1.5362992217446858,11.237043330501274,0.5031389428063714,0,3,0
SIN0001907,POL004341,CLT04496,Auto,Accident matériel,2023-09-11,2023-10-05,2601,1486,Fermé,16,24,0,40,0,1,0.2902,896,1.750336473755047,2.9029017857142856,0.43842994344771463,0,3,0
SIN0001908,POL004347,CLT01380,Auto,Accident matériel,2024-02-22,2024-03-23,5306,3160,Fermé,6,30,0,33,9,2,0.2847,1147,1.679113924050633,4.6259808195292065,0.5073429496534437,0,3,0
SIN0001909,POL004348,CLT00251,Auto,Accident corporel,2024-06-07,2024-07-05,28999,17465,Fermé,27,28,0,57,5,1,0.1389,1031,1.6604065273403952,28.1270611057226,0.5520104914034646,0,6,0
SIN0001910,POL004353,CLT02679,Santé,Soins courants,2024-10-09,2024-11-01,332,264,Ouvert,25,23,0,29,3,0,0.0166,1568,1.2575757575757576,0.21173469387755103,0.41110507733666807,0,0,0
SIN0001911,POL004354,CLT02238,Habitation,Vol/Cambriolage,2024-06-04,2024-06-20,7306,6824,Fermé,9,16,0,47,0,1,0.1212,2151,1.0706330597889802,3.396559739655974,0.41523576559906467,0,0,0
SIN0001912,POL004361,CLT01296,Auto,Accident corporel,2023-03-02,2023-03-02,12760,8182,Litigieux,69,0,0,31,0,1,0.3667,843,1.5595208995355658,15.136417556346382,0.5430429953898209,0,5,0
SIN0001913,POL004361,CLT01296,Auto,Accident corporel,2022-12-11,2022-12-24,19840,15047,Fermé,26,13,0,31,0,1,0.3667,843,1.3185352561972485,23.534994068801897,0.5083550160305044,0,0,0
SIN0001914,POL004361,CLT01296,Auto,Accident matériel,2024-12-05,2024-12-27,2369,1792,Ouvert,40,22,0,31,0,1,0.3667,843,1.3219866071428572,2.8102016607354687,0.42808799556311794,0,0,0
SIN0001915,POL004363,CLT03672,Habitation,Catastrophe naturelle,2022-05-13,2022-06-03,10708,9559,Ouvert,57,21,0,28,5,2,0.3212,1204,1.120200857830317,8.893687707641195,0.49992257998471334,0,0,0
SIN0001916,POL004365,CLT04043,Habitation,Dégât des eaux,2024-09-03,2024-09-22,4238,3996,Fermé,14,19,0,42,7,0,0.01,2743,1.0605605605605606,1.5450236966824644,0.42834335313019667,0,0,0
SIN0001917,POL004365,CLT04043,Habitation,Incendie,2023-08-15,2023-08-26,27018,24038,Fermé,20,11,0,42,7,0,0.01,2743,1.1239703802313004,9.849799489609916,0.499746399412201,0,3,0
SIN0001918,POL004370,CLT04902,Habitation,Vol/Cambriolage,2022-09-30,2022-10-12,5480,3218,Ouvert,2,12,0,40,6,0,0.1091,1726,1.7029210689869485,3.1749710312862107,0.43084847981229,0,3,0
SIN0001919,POL004371,CLT03785,Santé,Dentaire,2023-10-05,2023-10-05,958,811,Ouvert,50,0,0,52,2,1,0.1705,569,1.1812577065351417,1.6836555360281196,0.44241285565591093,0,2,0
SIN0001920,POL004376,CLT03124,Habitation,Catastrophe naturelle,2022-08-28,2022-09-04,22044,17281,Fermé,9,7,0,40,5,2,0.3367,2685,1.2756206238064927,8.210055865921788,0.48966384936013335,0,0,0
SIN0001921,POL004377,CLT03764,Habitation,Dégât des eaux,2024-12-12,2024-12-12,3915,2566,Ouvert,41,0,0,42,3,0,0.1721,1925,1.5257209664848013,2.033766233766234,0.4356031373424656,0,5,0
SIN0001922,POL004377,CLT03764,Habitation,Dégât des eaux,2023-10-08,2023-10-25,3014,2306,Fermé,25,17,0,42,3,0,0.1721,1925,1.3070251517779705,1.5657142857142856,0.3881645387357715,0,0,0
SIN0001923,POL004382,CLT02560,Habitation,Incendie,2024-06-27,2024-07-01,33465,26673,Fermé,18,4,0,42,1,0,0.1078,1949,1.2546395231132605,17.170343766033863,0.5229682885347436,0,3,0
SIN0001924,POL004383,CLT03845,Santé,Soins courants,2022-10-11,2022-10-17,279,218,Fermé,9,6,0,30,3,1,0.3055,1351,1.2798165137614679,0.20651369356032567,0.4170829252547976,0,0,0
SIN0001925,POL004383,CLT03845,Santé,Soins courants,2021-12-21,2021-12-24,145,90,Fermé,22,3,0,30,3,1,0.3055,1351,1.6111111111111112,0.1073279052553664,0.4417672848888423,0,3,0
SIN0001926,POL004385,CLT04734,Habitation,Dégât des eaux,2024-12-27,2024-12-27,2980,2149,Ouvert,21,0,0,52,1,0,0.0713,2514,1.386691484411354,1.1853619729514717,0.42073190903845625,0,2,0
SIN0001927,POL004387,CLT00580,Auto,Bris de glace,2023-06-08,2023-07-02,294,224,Litigieux,74,24,0,67,1,0,0.0243,2241,1.3125,0.13119143239625167,0.48500100704025356,0,0,0
SIN0001928,POL004393,CLT03365,Habitation,Vol/Cambriolage,2022-09-17,2022-09-24,4172,2378,Fermé,9,7,0,30,0,1,0.1358,1197,1.7544154751892347,3.4853801169590644,0.4350457004072884,0,3,0
SIN0001929,POL004398,CLT00324,Santé,Soins courants,2023-06-03,2023-06-07,1025,572,Fermé,29,4,0,39,0,1,0.3491,574,1.7919580419580419,1.7857142857142858,0.46460047649576813,0,3,0
SIN0001930,POL004402,CLT02623,Santé,Dentaire,2021-12-30,2022-01-15,1000,856,Fermé,21,16,0,33,1,0,0.01,1625,1.1682242990654206,0.6153846153846154,0.4007461772948484,0,0,0
SIN0001931,POL004404,CLT04080,Santé,Maternité,2021-12-12,2021-12-20,1522,1182,Ouvert,38,8,0,73,4,0,0.0248,636,1.287648054145516,2.393081761006289,0.4636621001522177,0,0,0
SIN0001932,POL004406,CLT04128,Auto,Vol,2022-10-28,2022-11-14,15092,11534,Litigieux,72,17,0,22,4,1,0.1985,2316,1.308479278654413,6.5164075993091535,0.4870479314359343,0,0,0
SIN0001933,POL004409,CLT00154,Auto,Incendie,2024-04-19,2024-04-25,43821,32686,Fermé,11,6,0,66,10,1,0.159,1494,1.3406657284464296,29.33132530120482,0.6253357885615554,1,3,1
SIN0001934,POL004413,CLT04507,Habitation,Dégât des eaux,2024-11-21,2024-12-21,12112,9501,Ouvert,28,30,0,40,10,1,0.0857,1914,1.274813177560257,6.328108672936259,0.48119863400862045,0,0,0
SIN0001935,POL004414,CLT00527,Auto,Bris de glace,2024-03-27,2024-03-30,322,225,Fermé,23,3,0,42,13,0,0.0231,1429,1.431111111111111,0.22533240027991602,0.4601307593066145,0,0,0
SIN0001936,POL004415,CLT00089,Auto,Accident matériel,2021-05-15,2021-05-31,1744,1468,Fermé,29,16,0,51,1,1,0.1499,1060,1.1880108991825613,1.6452830188679246,0.39971766300210765,0,0,0
SIN0001937,POL004416,CLT02551,Habitation,Incendie,2023-04-03,2023-04-07,29839,20718,Litigieux,58,4,0,55,1,0,0.1691,1358,1.4402451974128776,21.972754050073636,0.534899355596269,0,3,0
SIN0001938,POL004417,CLT01063,Auto,Accident matériel,2022-08-23,2022-09-06,2196,1565,Litigieux,111,14,0,46,12,1,0.0933,1260,1.4031948881789138,1.7428571428571429,0.49311415106267814,0,0,0
SIN0001939,POL004418,CLT00171,Auto,Vol,2022-05-15,2022-05-17,8467,5118,Ouvert,23,2,0,43,0,1,0.187,929,1.654357170769832,9.114101184068891,0.4438800115739065,0,3,0
SIN0001940,POL004420,CLT03730,Habitation,Vol/Cambriolage,2024-10-21,2024-10-30,5893,3591,Ouvert,9,9,0,59,2,0,0.1266,1244,1.6410470620996938,4.737138263665595,0.42083004036575117,0,3,0
SIN0001941,POL004423,CLT00698,Habitation,Dégât des eaux,2021-08-03,2021-08-25,2273,2073,Fermé,13,22,0,46,3,1,0.2075,3049,1.0964785335262903,0.7454903246966218,0.4013916434436146,0,0,0
SIN0001942,POL004426,CLT03588,Santé,Maternité,2024-10-06,2024-10-25,1870,1149,Ouvert,41,19,0,72,2,2,0.2925,1405,1.6275021758050479,1.3309608540925266,0.4773242877939902,0,3,0
SIN0001943,POL004428,CLT00689,Habitation,Vol/Cambriolage,2024-10-16,2024-11-10,7873,5408,Ouvert,17,25,0,38,1,0,0.1954,2065,1.4558062130177514,3.812590799031477,0.4085919605144401,0,0,0
SIN0001944,POL004430,CLT02960,Auto,Accident matériel,2023-05-29,2023-06-19,4484,3177,Fermé,26,21,0,18,4,0,0.0775,755,1.4113943972300913,5.9390728476821195,0.43014422891017684,0,0,0
SIN0001945,POL004431,CLT03358,Santé,Dentaire,2022-08-07,2022-08-08,1330,784,Fermé,13,1,0,44,3,2,0.3695,1669,1.6964285714285714,0.7968843618933493,0.47213937499553416,0,5,0
SIN0001946,POL004434,CLT00329,Auto,Accident corporel,2023-08-24,2023-09-13,8907,5016,Fermé,11,20,0,34,2,2,0.1629,1422,1.7757177033492824,6.263713080168777,0.44946156507460555,0,3,0
SIN0001947,POL004435,CLT03969,Santé,Dentaire,2024-10-13,2024-11-08,968,878,Ouvert,15,26,0,54,0,0,0.2343,1219,1.10250569476082,0.7940935192780968,0.43033793650499697,0,0,0
SIN0001948,POL004437,CLT03206,Habitation,Dégât des eaux,2022-09-15,2022-10-09,2190,1632,Ouvert,4,24,0,41,5,0,0.01,973,1.3419117647058822,2.250770811921891,0.41768516541557626,0,0,0
SIN0001949,POL004437,CLT03206,Habitation,Incendie,2022-07-30,2022-08-25,12516,10587,Fermé,22,26,0,41,5,0,0.01,973,1.1822045905355625,12.863309352517986,0.45955480083573863,0,0,0
SIN0001950,POL004438,CLT04923,Auto,Accident matériel,2024-07-29,2024-08-13,6280,3674,Fermé,18,15,0,59,1,0,0.01,901,1.7093086554164398,6.9700332963374025,0.4426419121962326,0,3,0
SIN0001951,POL004442,CLT01616,Habitation,Vol/Cambriolage,2024-03-07,2024-03-22,3823,3319,Ouvert,33,15,0,24,7,0,0.2167,1576,1.1518529677613738,2.425761421319797,0.4246129547534611,0,0,0
SIN0001952,POL004443,CLT02838,Auto,Accident matériel,2024-05-05,2024-05-19,6729,3926,Ouvert,6,14,0,33,3,0,0.1791,1159,1.7139582272032603,5.805867126833477,0.4313992638539248,0,3,0
SIN0001953,POL004443,CLT02838,Auto,Vol,2024-12-12,2024-12-22,3432,3205,Ouvert,15,10,0,33,3,0,0.1791,1159,1.0708268330733228,2.9611734253666953,0.4121710624355286,0,0,0
SIN0001954,POL004444,CLT02619,Auto,Accident matériel,2023-01-24,2023-01-31,1355,1169,Fermé,20,7,0,62,1,1,0.1013,2259,1.1591103507271172,0.5998229305002213,0.42143756264769483,0,0,0
SIN0001955,POL004449,CLT01146,Habitation,Catastrophe naturelle,2024-03-16,2024-04-15,27746,18670,Fermé,12,30,0,57,2,0,0.1225,1398,1.4861274772362079,19.846924177396282,0.5287442268163601,0,3,0
SIN0001956,POL004452,CLT04403,Habitation,Incendie,2024-08-31,2024-09-18,8267,6356,Ouvert,19,18,0,18,1,1,0.2488,2880,1.300660792951542,2.870486111111111,0.4239877251335263,0,0,0
SIN0001957,POL004466,CLT01570,Auto,Bris de glace,2022-10-10,2022-10-20,302,177,Fermé,28,10,0,60,1,1,0.1209,1643,1.7062146892655368,0.18381010346926355,0.44090253243197436,0,3,0
SIN0001958,POL004466,CLT01570,Auto,Accident matériel,2024-12-12,2024-12-26,4007,2973,Ouvert,7,14,0,60,1,1,0.1209,1643,1.3477968382105616,2.4388314059646987,0.4093180605812803,0,0,0
SIN0001959,POL004467,CLT02028,Auto,Incendie,2023-06-23,2023-07-07,15696,11478,Litigieux,164,14,0,41,0,0,0.114,959,1.367485624673288,16.367049009384775,0.5569539231926888,1,0,0
SIN0001960,POL004469,CLT04872,Auto,Accident matériel,2021-07-25,2021-08-08,4405,3372,Fermé,17,14,0,50,2,0,0.01,1504,1.3063463819691579,2.9288563829787235,0.4004406729927044,0,0,0
SIN0001961,POL004470,CLT02222,Auto,Accident matériel,2024-01-13,2024-01-14,4243,3289,Ouvert,52,1,0,58,6,0,0.1988,2261,1.2900577683186378,1.8766032728881026,0.4484149814684529,0,2,0
SIN0001962,POL004470,CLT02222,Auto,Vol,2022-12-18,2022-12-23,4121,2806,Fermé,9,5,0,58,6,0,0.1988,2261,1.4686386315039202,1.8226448474126493,0.4223089360668985,0,0,0
SIN0001963,POL004470,CLT02222,Auto,Bris de glace,2023-06-09,2023-06-22,365,207,Fermé,19,13,0,58,6,0,0.1988,2261,1.7632850241545894,0.16143299425033172,0.45545010698714206,0,3,0
SIN0001964,POL004474,CLT00545,Auto,Vol,2023-08-28,2023-09-01,6548,3618,Fermé,20,4,0,31,10,1,0.01,2204,1.8098396904367053,2.970961887477314,0.4797331957353782,0,3,0
SIN0001965,POL004474,CLT00545,Auto,Bris de glace,2021-04-12,2021-04-14,882,715,Fermé,15,2,0,31,10,1,0.01,2204,1.2335664335664336,0.40018148820326677,0.4527636153421849,0,0,0
SIN0001966,POL004476,CLT04777,Auto,Vol,2023-12-15,2024-01-06,6158,3897,Fermé,19,22,0,58,6,0,0.1745,1936,1.5801898896587119,3.1807851239669422,0.41498115453930995,0,3,0
SIN0001967,POL004476,CLT04777,Auto,Bris de glace,2024-05-14,2024-05-21,350,314,Fermé,6,7,0,58,6,0,0.1745,1936,1.1146496815286624,0.18078512396694216,0.43896670480470373,0,0,0
SIN0001968,POL004477,CLT01447,Auto,Bris de glace,2023-10-04,2023-10-26,410,350,Fermé,14,22,0,68,0,1,0.1054,1217,1.1714285714285715,0.3368940016433854,0.4423428660367742,0,0,0
SIN0001969,POL004478,CLT03473,Habitation,Dégât des eaux,2024-01-25,2024-02-19,7649,6684,Fermé,21,25,0,46,3,0,0.0854,2053,1.1443746259724716,3.725767169995129,0.41583812349915683,0,0,0
SIN0001970,POL004480,CLT03477,Auto,Accident corporel,2021-11-05,2021-11-30,22168,18860,Fermé,8,25,0,26,0,0,0.3393,2398,1.1753976670201485,9.244370308590492,0.5187851265002286,0,0,0
SIN0001971,POL004483,CLT02699,Auto,Vol,2024-02-22,2024-03-13,7664,4561,Fermé,28,20,0,51,0,1,0.1799,1678,1.6803332602499452,4.567342073897497,0.419865693858443,0,3,0
SIN0001972,POL004488,CLT01690,Santé,Dentaire,2023-01-06,2023-01-13,686,433,Fermé,10,7,0,40,1,2,0.2446,1073,1.584295612009238,0.6393289841565704,0.4291699673162774,0,3,0
SIN0001973,POL004497,CLT03748,Auto,Incendie,2022-12-04,2022-12-11,25102,19188,Fermé,28,7,0,58,7,2,0.1922,742,1.308213466750052,33.83018867924528,0.5692899180308743,1,0,0
SIN0001974,POL004500,CLT00994,Auto,Accident matériel,2021-03-10,2021-03-27,2761,1954,Fermé,14,17,0,64,1,0,0.0787,2203,1.4129989764585467,1.253290966863368,0.4125222324163988,0,0,0
SIN0001975,POL004503,CLT01824,Auto,Accident matériel,2023-11-30,2023-12-15,3141,2862,Ouvert,8,15,0,29,6,0,0.0526,1347,1.0974842767295598,2.33184855233853,0.41975120423574186,0,0,0
SIN0001976,POL004506,CLT00466,Auto,Bris de glace,2024-04-11,2024-04-21,311,236,Ouvert,2,10,0,40,1,0,0.1348,1240,1.3177966101694916,0.2508064516129032,0.41035681093219695,0,0,0
SIN0001977,POL004508,CLT04352,Auto,Incendie,2022-12-19,2023-01-07,29558,21905,Fermé,6,19,0,62,1,2,0.3586,837,1.3493722894316367,35.3142174432497,0.5897084841738834,1,3,1
SIN0001978,POL004508,CLT04352,Auto,Bris de glace,2023-02-26,2023-03-14,503,277,Litigieux,32,16,0,62,1,2,0.3586,837,1.815884476534296,0.6009557945041816,0.48545996136300057,0,3,0
SIN0001979,POL004509,CLT04696,Auto,Accident matériel,2023-05-26,2023-06-03,2892,2030,Fermé,12,8,0,39,2,0,0.0157,1324,1.4246305418719212,2.1842900302114803,0.40362822468805737,0,0,0
SIN0001980,POL004510,CLT04091,Habitation,Incendie,2023-12-10,2023-12-13,17257,9828,Fermé,27,3,0,44,3,2,0.1182,1239,1.755901505901506,13.92816787732042,0.5026580372309193,0,3,0
SIN0001981,POL004512,CLT02901,Santé,Optique,2021-10-24,2021-11-18,237,182,Ouvert,36,25,0,51,5,0,0.01,993,1.3021978021978022,0.23867069486404835,0.4223542481052231,0,0,0
SIN0001982,POL004515,CLT01189,Santé,Dentaire,2024-08-24,2024-09-20,727,552,Litigieux,169,27,0,38,5,0,0.01,530,1.3170289855072463,1.3716981132075472,0.519227459308287,0,0,0
SIN0001983,POL004516,CLT04913,Santé,Soins courants,2024-10-04,2024-10-19,211,121,Ouvert,37,15,0,63,2,2,0.1609,801,1.743801652892562,0.2634207240948814,0.4679128901719201,0,3,0
SIN0001984,POL004518,CLT02268,Santé,Dentaire,2024-10-08,2024-10-22,1833,1675,Ouvert,45,14,0,40,1,0,0.251,687,1.0943283582089551,2.668122270742358,0.423828803609228,0,0,0
SIN0001985,POL004518,CLT02268,Santé,Soins courants,2024-10-26,2024-10-30,132,77,Ouvert,31,4,0,40,1,0,0.251,687,1.7142857142857142,0.19213973799126638,0.45121030701680637,0,3,0
SIN0001986,POL004519,CLT03004,Auto,Accident corporel,2024-11-10,2024-11-28,13797,12182,Ouvert,34,18,0,33,2,0,0.2135,1089,1.1325726481694303,12.669421487603305,0.4558637526194397,0,0,0
SIN0001987,POL004525,CLT02236,Auto,Accident matériel,2024-09-30,2024-10-21,2888,2470,Ouvert,35,21,0,18,9,1,0.097,1550,1.1692307692307693,1.863225806451613,0.44117849815446625,0,0,0
SIN0001988,POL004527,CLT01092,Habitation,Dégât des eaux,2024-08-30,2024-09-17,2578,2069,Fermé,6,18,0,29,0,1,0.0867,2210,1.2460125664572257,1.1665158371040725,0.4083909525858381,0,0,0
SIN0001989,POL004527,CLT01092,Habitation,Incendie,2022-04-19,2022-04-27,13300,9258,Litigieux,147,8,0,29,0,1,0.0867,2210,1.436595376971268,6.018099547511312,0.5276616172959896,0,0,0
SIN0001990,POL004529,CLT00098,Auto,Accident corporel,2024-01-10,2024-02-08,26861,20676,Fermé,12,29,0,18,14,2,0.3914,1026,1.299139098471658,26.180311890838208,0.6265454883442059,1,3,1
SIN0001991,POL004529,CLT00098,Auto,Accident corporel,2024-07-23,2024-08-10,30580,21024,Fermé,23,18,0,18,14,2,0.3914,1026,1.4545281582952816,29.80506822612086,0.6244012790616854,1,3,1
SIN0001992,POL004530,CLT00555,Auto,Bris de glace,2023-12-09,2023-12-21,345,266,Fermé,19,12,0,42,2,2,0.351,1800,1.2969924812030076,0.19166666666666668,0.4165673356633344,0,0,0
SIN0001993,POL004535,CLT00249,Habitation,Vol/Cambriolage,2024-12-26,2024-12-31,9874,9151,Ouvert,48,19,0,66,1,3,0.4336,2256,1.0790077587148945,4.37677304964539,0.5463965045261915,0,2,0
SIN0001994,POL004535,CLT00249,Habitation,Incendie,2023-09-30,2023-10-08,109558,87301,Ouvert,38,8,0,66,1,3,0.4336,2256,1.254945533269951,48.562943262411345,0.7293650498088313,1,5,1
SIN0001995,POL004536,CLT01717,Santé,Hospitalisation,2023-10-22,2023-11-02,3069,1829,Fermé,8,11,0,36,1,0,0.1441,966,1.6779661016949152,3.1770186335403725,0.4097793639122526,0,3,0
SIN0001996,POL004537,CLT01067,Habitation,Dégât des eaux,2024-06-01,2024-06-06,7077,5113,Fermé,10,5,0,18,4,1,0.1244,2811,1.3841189125757871,2.51760939167556,0.42872593956810173,0,0,0
SIN0001997,POL004537,CLT01067,Habitation,Dégât des eaux,2023-10-31,2023-11-07,2796,2009,Fermé,8,7,0,18,4,1,0.1244,2811,1.3917371826779492,0.9946638207043756,0.4163905140634518,0,0,0
SIN0001998,POL004538,CLT02551,Habitation,Bris de glace,2022-02-27,2022-03-15,367,215,Fermé,15,16,0,55,1,0,0.1691,1300,1.7069767441860466,0.2823076923076923,0.4240339362715939,0,3,0
SIN0001999,POL004539,CLT03719,Habitation,Incendie,2024-07-10,2024-08-06,14985,12582,Fermé,9,27,0,46,0,1,0.3296,3195,1.1909871244635193,4.690140845070423,0.4782885785811937,0,0,0
SIN0002000,POL004541,CLT00482,Habitation,Dégât des eaux,2024-10-23,2024-11-21,9337,5309,Ouvert,52,29,0,40,2,2,0.3804,1441,1.7587116217743455,6.479528105482304,0.5159657508842975,0,3,0
SIN0002001,POL004551,CLT03970,Auto,Accident matériel,2024-10-31,2024-11-29,2616,1733,Ouvert,11,29,0,31,4,2,0.2042,1489,1.5095210617426429,1.7568838146406984,0.44687318399089154,0,3,0
SIN0002002,POL004551,CLT03970,Auto,Accident matériel,2023-11-11,2023-12-07,842,634,Litigieux,154,26,0,31,4,2,0.2042,1489,1.3280757097791798,0.5654801880456682,0.5279556986501666,0,0,0
SIN0002003,POL004557,CLT01852,Habitation,Catastrophe naturelle,2024-11-11,2024-12-10,7700,5208,Ouvert,10,29,0,27,0,1,0.236,1508,1.478494623655914,5.106100795755968,0.449381373274091,0,0,0
SIN0002004,POL004558,CLT02124,Santé,Soins courants,2024-12-11,2024-12-14,436,275,Ouvert,15,3,0,48,1,0,0.0646,625,1.5854545454545454,0.6976,0.4179710600385564,0,3,0
SIN0002005,POL004560,CLT04703,Santé,Soins courants,2024-03-14,2024-03-26,90,70,Litigieux,89,12,0,30,0,1,0.2315,797,1.2857142857142858,0.11292346298619825,0.47360693881699667,0,0,0
SIN0002006,POL004560,CLT04703,Santé,Optique,2024-04-15,2024-04-29,699,552,Fermé,16,14,0,30,0,1,0.2315,797,1.266304347826087,0.877038895859473,0.4034926458651148,0,0,0
SIN0002007,POL004567,CLT02284,Habitation,Catastrophe naturelle,2024-01-29,2024-02-02,12008,10321,Fermé,19,4,0,56,0,1,0.2294,3110,1.1634531537641701,3.8610932475884243,0.44749188489959935,0,0,0
SIN0002008,POL004573,CLT04830,Auto,Accident matériel,2023-11-03,2023-11-19,2742,2222,Fermé,18,16,0,43,2,1,0.4676,1267,1.234023402340234,2.164167324388319,0.4312446340665316,0,0,0
SIN0002009,POL004573,CLT04830,Auto,Accident matériel,2022-10-07,2022-10-29,5137,4166,Litigieux,130,22,0,43,2,1,0.4676,1267,1.2330772923667788,4.054459352801894,0.5166878545257744,0,0,0
SIN0002010,POL004576,CLT00593,Auto,Bris de glace,2023-01-04,2023-01-24,354,318,Ouvert,19,20,0,29,0,1,0.3695,962,1.1132075471698113,0.367983367983368,0.4300643075331365,0,0,0
SIN0002011,POL004580,CLT00007,Santé,Dentaire,2024-10-21,2024-10-22,723,481,Ouvert,51,1,0,33,4,0,0.0308,463,1.503118503118503,1.5615550755939525,0.44475766289589885,0,5,0
SIN0002012,POL004581,CLT01744,Auto,Accident corporel,2023-08-10,2023-09-01,10255,5918,Fermé,18,22,0,42,5,1,0.1577,1104,1.732848935451166,9.288949275362318,0.4424099127722091,0,3,0
SIN0002013,POL004590,CLT02325,Auto,Bris de glace,2024-10-19,2024-11-04,444,294,Ouvert,28,16,0,47,5,1,0.01,1330,1.510204081632653,0.33383458646616543,0.41180143938666236,0,3,0
SIN0002014,POL004593,CLT00051,Habitation,Vol/Cambriolage,2024-03-23,2024-04-17,12145,8028,Fermé,9,25,0,28,1,3,0.5282,1353,1.5128300946686597,8.976348854397635,0.5415951189558998,0,5,0
SIN0002015,POL004593,CLT00051,Habitation,Vol/Cambriolage,2024-06-30,2024-07-15,4858,2709,Ouvert,25,15,0,28,1,3,0.5282,1353,1.79328165374677,3.5905395417590538,0.5240382514881765,0,5,0
SIN0002016,POL004595,CLT04092,Auto,Bris de glace,2024-03-13,2024-03-20,814,474,Ouvert,39,7,0,33,3,0,0.1107,865,1.7172995780590716,0.9410404624277456,0.4359827806476205,0,3,0
SIN0002017,POL004598,CLT01410,Auto,Accident matériel,2022-07-05,2022-07-07,2889,1737,Ouvert,2,2,0,39,0,0,0.2424,818,1.6632124352331605,3.531784841075795,0.4507661812720725,0,3,0
SIN0002018,POL004600,CLT01305,Auto,Accident matériel,2023-10-10,2023-10-27,3898,2796,Fermé,8,17,0,23,3,0,0.1584,1530,1.394134477825465,2.5477124183006534,0.405604300300781,0,0,0
SIN0002019,POL004601,CLT01007,Auto,Incendie,2023-12-11,2024-01-06,16994,13036,Litigieux,134,26,0,39,7,0,0.106,1931,1.3036207425590671,8.800621439668566,0.5581454350873821,1,0,0
SIN0002020,POL004602,CLT02238,Santé,Soins courants,2024-10-05,2024-10-13,282,267,Ouvert,35,8,0,47,0,1,0.1212,689,1.0561797752808988,0.409288824383164,0.42768173727138115,0,0,0
SIN0002021,POL004602,CLT02238,Santé,Optique,2023-02-07,2023-02-13,340,292,Ouvert,12,6,0,47,0,1,0.1212,689,1.1643835616438356,0.4934687953555878,0.4039118036893316,0,0,0
SIN0002022,POL004604,CLT03807,Habitation,Dégât des eaux,2023-12-06,2023-12-08,2774,1914,Fermé,12,2,0,65,2,0,0.2101,1381,1.4493207941483803,2.008689355539464,0.43680885754994736,0,0,0
SIN0002023,POL004610,CLT00069,Habitation,Vol/Cambriolage,2023-05-04,2023-05-09,5404,4044,Fermé,13,5,0,64,2,0,0.01,2100,1.3363006923837784,2.5733333333333333,0.4372530682232014,0,0,0
SIN0002024,POL004613,CLT04255,Habitation,Vol/Cambriolage,2024-08-25,2024-09-02,10284,7934,Fermé,16,8,0,34,2,1,0.3346,1190,1.2961935971767078,8.642016806722689,0.43743814330785497,0,0,0
SIN0002025,POL004613,CLT04255,Habitation,Vol/Cambriolage,2024-07-12,2024-08-05,5691,4215,Fermé,20,24,0,34,2,1,0.3346,1190,1.3501779359430606,4.7823529411764705,0.4128633565289761,0,0,0
SIN0002026,POL004616,CLT00333,Auto,Bris de glace,2024-08-24,2024-09-09,837,684,Ouvert,46,16,0,25,1,1,0.186,1306,1.2236842105263157,0.6408882082695253,0.4127567858214136,0,0,0
SIN0002027,POL004616,CLT00333,Auto,Accident corporel,2024-06-16,2024-06-25,52243,36021,Fermé,19,9,0,25,1,1,0.186,1306,1.4503484078731852,40.00229709035222,0.6149079612371607,1,3,1
SIN0002028,POL004620,CLT01329,Santé,Dentaire,2024-06-06,2024-06-27,472,396,Fermé,7,21,0,39,2,2,0.1303,560,1.1919191919191918,0.8428571428571429,0.4201193837668883,0,0,0
SIN0002029,POL004620,CLT01329,Santé,Optique,2022-06-15,2022-06-28,277,164,Litigieux,172,13,0,39,2,2,0.1303,560,1.6890243902439024,0.49464285714285716,0.5390742426271911,0,3,0
SIN0002030,POL004621,CLT00729,Habitation,Dégât des eaux,2024-12-22,2024-12-31,7755,4938,Ouvert,17,24,0,52,2,0,0.1089,1194,1.5704738760631836,6.494974874371859,0.4178322637700132,0,3,0
SIN0002031,POL004621,CLT00729,Habitation,Dégât des eaux,2024-03-08,2024-03-29,5287,2925,Ouvert,8,21,0,52,2,0,0.1089,1194,1.8075213675213675,4.427973199329983,0.43262467571197216,0,3,0
SIN0002032,POL004623,CLT00918,Santé,Soins courants,2023-07-11,2023-07-30,338,224,Litigieux,72,19,0,46,2,0,0.0968,1104,1.5089285714285714,0.3061594202898551,0.43144819997297695,0,3,0
SIN0002033,POL004629,CLT04110,Habitation,Dégât des eaux,2023-05-29,2023-05-31,2794,1581,Ouvert,9,2,0,43,1,0,0.01,3005,1.767235926628716,0.929783693843594,0.4508869565709552,0,3,0
SIN0002034,POL004638,CLT03536,Habitation,Dégât des eaux,2022-10-20,2022-11-18,2559,2382,Fermé,20,29,0,30,0,1,0.1417,1082,1.0743073047858942,2.365064695009242,0.44498566903781134,0,0,0
SIN0002035,POL004638,CLT03536,Habitation,Incendie,2024-06-04,2024-06-22,21200,16998,Fermé,7,18,0,30,0,1,0.1417,1082,1.2472055535945406,19.593345656192238,0.48941622120506895,0,0,0
SIN0002036,POL004640,CLT04967,Santé,Soins courants,2021-06-15,2021-06-20,466,309,Litigieux,71,5,0,18,0,0,0.1195,581,1.5080906148867315,0.802065404475043,0.4673448117661873,0,3,0
SIN0002037,POL004646,CLT03136,Auto,Bris de glace,2023-02-16,2023-02-26,227,198,Ouvert,46,10,0,44,20,0,0.0619,801,1.1464646464646464,0.2833957553058677,0.4984635274201101,0,0,0
SIN0002038,POL004648,CLT01779,Habitation,Catastrophe naturelle,2022-10-25,2022-11-05,22957,16121,Fermé,7,11,0,37,15,0,0.01,1153,1.424043173500403,19.910667823070252,0.5569460515686793,1,0,0
SIN0002039,POL004652,CLT04877,Habitation,Dégât des eaux,2023-07-20,2023-07-25,8117,4528,Fermé,15,5,0,59,1,0,0.1624,2941,1.7926236749116609,2.759945596735804,0.4511497407032028,0,3,0
SIN0002040,POL004654,CLT02839,Auto,Bris de glace,2021-08-27,2021-09-15,300,237,Fermé,15,19,0,25,3,1,0.1826,883,1.2658227848101267,0.33975084937712347,0.40171139481751483,0,0,0
SIN0002041,POL004657,CLT00201,Auto,Accident matériel,2024-12-06,2024-12-31,1861,1297,Ouvert,56,30,0,34,2,1,0.3209,1081,1.4348496530454895,1.7215541165587418,0.463773955728792,0,0,0
SIN0002042,POL004657,CLT00201,Auto,Accident matériel,2023-05-05,2023-05-20,4980,4317,Fermé,30,15,0,34,2,1,0.3209,1081,1.1535788742182072,4.606845513413506,0.41368550748152516,0,0,0
SIN0002043,POL004659,CLT00789,Habitation,Incendie,2024-03-30,2024-04-07,20967,17819,Fermé,8,8,0,54,1,1,0.1134,1137,1.1766653572029855,18.440633245382585,0.49603308722068157,0,0,0
SIN0002044,POL004660,CLT01979,Santé,Dentaire,2024-03-28,2024-04-25,839,514,Fermé,6,28,0,40,0,0,0.2889,499,1.632295719844358,1.6813627254509018,0.4637597335213011,0,3,0
SIN0002045,POL004661,CLT01808,Habitation,Dégât des eaux,2023-02-17,2023-02-22,3099,1841,Fermé,7,5,0,57,4,0,0.1673,989,1.6833242802824553,3.133468149646107,0.4275255527055196,0,3,0
SIN0002046,POL004663,CLT02766,Auto,Accident corporel,2024-05-27,2024-06-20,16613,13165,Fermé,9,24,0,49,0,1,0.2768,1708,1.2619065704519559,9.726580796252927,0.45876702856655854,0,0,0
SIN0002047,POL004666,CLT01045,Habitation,Dégât des eaux,2024-10-01,2024-10-13,4050,2270,Ouvert,28,12,0,33,1,0,0.1404,1156,1.7841409691629957,3.5034602076124566,0.4234565919558559,0,3,0
SIN0002048,POL004666,CLT01045,Habitation,Bris de glace,2024-12-28,2024-12-31,267,241,Ouvert,2,14,0,33,1,0,0.1404,1156,1.107883817427386,0.2309688581314879,0.4218787891666975,0,0,0
SIN0002049,POL004672,CLT04940,Santé,Soins courants,2022-07-06,2022-07-21,209,166,Fermé,28,15,0,61,4,1,0.2613,2100,1.2590361445783131,0.09952380952380953,0.4211351425227201,0,0,0
SIN0002050,POL004672,CLT04940,Santé,Soins courants,2023-12-18,2024-01-06,110,68,Fermé,20,19,0,61,4,1,0.2613,2100,1.6176470588235294,0.05238095238095238,0.435268218985549,0,3,0
SIN0002051,POL004673,CLT00917,Habitation,Dégât des eaux,2024-01-28,2024-02-12,4521,2694,Fermé,26,15,0,22,0,3,0.3831,1419,1.678173719376392,3.186046511627907,0.4891072501489118,0,5,0
SIN0002052,POL004674,CLT01986,Habitation,Incendie,2023-06-29,2023-07-15,22645,19858,Fermé,28,16,0,43,7,0,0.1798,2893,1.140346459865042,7.827514690632562,0.47477204278318175,0,0,0
SIN0002053,POL004679,CLT02058,Santé,Dentaire,2024-08-17,2024-09-05,645,413,Fermé,20,19,0,22,1,0,0.3052,677,1.5617433414043584,0.9527326440177253,0.43597921769681114,0,3,0
SIN0002054,POL004681,CLT02072,Auto,Accident corporel,2021-08-08,2021-08-25,5476,5021,Fermé,15,17,0,33,1,0,0.1312,1206,1.09061939852619,4.540630182421228,0.40651088984091116,0,0,0
SIN0002055,POL004682,CLT03797,Habitation,Dégât des eaux,2023-11-28,2023-11-28,4302,3270,Fermé,13,0,0,61,0,1,0.1286,1174,1.3155963302752294,3.664395229982964,0.4398222947304783,0,2,0
SIN0002056,POL004688,CLT03475,Habitation,Bris de glace,2024-09-11,2024-09-22,235,201,Fermé,21,11,0,33,1,1,0.1751,1831,1.1691542288557213,0.12834516657564174,0.39892425214539495,0,0,0
SIN0002057,POL004692,CLT02352,Santé,Soins courants,2024-11-30,2024-12-08,311,272,Ouvert,60,8,0,46,0,0,0.205,592,1.1433823529411764,0.5253378378378378,0.4220569338842817,0,0,0
SIN0002058,POL004692,CLT02352,Santé,Soins courants,2024-02-17,2024-03-12,173,159,Fermé,25,24,0,46,0,0,0.205,592,1.0880503144654088,0.2922297297297297,0.4219905241307636,0,0,0
SIN0002059,POL004693,CLT04329,Auto,Bris de glace,2024-08-17,2024-09-13,596,477,Fermé,13,27,0,44,12,0,0.0939,1995,1.249475890985325,0.2987468671679198,0.4437137657882267,0,0,0
SIN0002060,POL004695,CLT01672,Auto,Accident matériel,2021-12-09,2021-12-10,3776,3184,Ouvert,24,1,0,27,2,1,0.3461,2743,1.185929648241206,1.3765949690120307,0.4402441162216406,0,2,0
SIN0002061,POL004695,CLT01672,Auto,Bris de glace,2024-06-16,2024-06-30,358,300,Fermé,24,14,0,27,2,1,0.3461,2743,1.1933333333333334,0.13051403572730588,0.4239488618167128,0,0,0
SIN0002062,POL004695,CLT01672,Auto,Vol,2022-04-22,2022-04-26,6515,4645,Ouvert,57,4,0,27,2,1,0.3461,2743,1.402583423035522,2.3751367116296027,0.45072931243648356,0,0,0
SIN0002063,POL004696,CLT04217,Auto,Accident matériel,2024-11-26,2024-12-19,2708,1646,Ouvert,21,23,0,33,0,0,0.2157,2203,1.6452004860267315,1.2292328642759873,0.4133318483990972,0,3,0
SIN0002064,POL004696,CLT04217,Auto,Accident matériel,2024-01-18,2024-01-28,3907,3499,Fermé,27,10,0,33,0,0,0.2157,2203,1.1166047442126321,1.7734906945074898,0.4059729082730204,0,0,0
SIN0002065,POL004697,CLT03168,Auto,Bris de glace,2024-11-17,2024-11-22,331,297,Ouvert,12,5,0,51,1,0,0.0469,2382,1.1144781144781144,0.13895885810243494,0.4231194137010251,0,0,0
SIN0002066,POL004701,CLT01145,Auto,Incendie,2022-12-23,2023-01-03,9197,8015,Fermé,14,11,0,46,0,0,0.2262,1425,1.1474734872114785,6.454035087719299,0.4303020060397045,0,0,0
SIN0002067,POL004702,CLT01048,Auto,Vol,2024-06-30,2024-07-25,9031,5480,Fermé,15,25,0,18,0,1,0.2592,1525,1.647992700729927,5.921967213114754,0.4599480673477447,0,3,0
SIN0002068,POL004704,CLT01069,Auto,Vol,2022-08-22,2022-09-12,9495,6979,Fermé,23,21,0,57,9,0,0.1704,1060,1.3605101017337728,8.95754716981132,0.4486633563985751,0,0,0
SIN0002069,POL004715,CLT02486,Auto,Accident matériel,2023-06-27,2023-07-07,1809,1691,Fermé,18,10,0,22,0,2,0.2306,1966,1.0697811945594322,0.9201424211597151,0.4476078180421236,0,0,0
SIN0002070,POL004715,CLT02486,Auto,Accident corporel,2024-05-07,2024-05-11,17196,9511,Fermé,17,4,0,22,0,2,0.2306,1966,1.8080117758385028,8.746693794506612,0.5063559011701624,0,3,0
SIN0002071,POL004716,CLT04604,Auto,Accident matériel,2023-09-30,2023-10-16,3108,2354,Fermé,5,16,0,49,5,0,0.0827,2435,1.320305862361937,1.2763860369609856,0.39537300227739686,0,0,0
SIN0002072,POL004723,CLT04963,Habitation,Bris de glace,2023-02-06,2023-03-06,671,625,Fermé,11,28,0,32,6,0,0.01,1586,1.0736,0.4230769230769231,0.4537303380822128,0,0,0
SIN0002073,POL004726,CLT00377,Auto,Accident corporel,2023-10-18,2023-10-31,22597,14040,Fermé,29,13,0,54,0,1,0.2778,2286,1.6094729344729344,9.884951881014873,0.47938286093262095,0,3,0
SIN0002074,POL004726,CLT00377,Auto,Accident corporel,2023-07-06,2023-07-06,15864,9002,Fermé,23,0,0,54,0,1,0.2778,2286,1.7622750499888913,6.939632545931759,0.49844275313236186,0,5,0
SIN0002075,POL004727,CLT03165,Auto,Bris de glace,2023-03-26,2023-04-09,665,569,Fermé,28,14,0,18,0,1,0.2913,965,1.1687170474516695,0.689119170984456,0.42802341398529165,0,0,0
SIN0002076,POL004728,CLT03243,Auto,Accident matériel,2024-11-23,2024-12-23,1956,1095,Ouvert,32,30,0,53,12,1,0.0986,2650,1.7863013698630137,0.7381132075471698,0.5059503206484025,0,3,0
SIN0002077,POL004730,CLT02227,Santé,Soins courants,2023-12-03,2023-12-03,114,63,Fermé,7,0,0,39,1,1,0.1028,917,1.8095238095238095,0.12431842966194111,0.4758153568795604,0,5,0
SIN0002078,POL004731,CLT02014,Habitation,Dégât des eaux,2024-12-16,2024-12-31,3497,2995,Ouvert,17,24,0,36,7,2,0.2168,2239,1.1676126878130217,1.5618579723090666,0.42798502849549863,0,0,0
SIN0002079,POL004734,CLT04426,Auto,Accident matériel,2022-08-04,2022-08-23,2422,1878,Fermé,24,19,0,54,14,1,0.2624,1639,1.2896698615548456,1.4777303233679073,0.45198002131211695,0,0,0
SIN0002080,POL004734,CLT04426,Auto,Accident matériel,2023-06-08,2023-06-08,6380,4198,Fermé,15,0,0,54,14,1,0.2624,1639,1.5197713196760363,3.8926174496644297,0.48984884714552834,0,5,0
SIN0002081,POL004735,CLT04461,Auto,Vol,2023-08-24,2023-09-10,7259,5678,Fermé,25,17,0,26,7,0,0.01,1017,1.278443113772455,7.137659783677483,0.43901185213868793,0,0,0
SIN0002082,POL004736,CLT03448,Habitation,Dégât des eaux,2023-02-23,2023-03-20,3982,3639,Fermé,12,25,0,34,6,2,0.3803,3083,1.094256663918659,1.2915990917937075,0.4577314013110032,0,0,0
SIN0002083,POL004737,CLT04046,Habitation,Catastrophe naturelle,2024-12-02,2024-12-14,5460,3588,Ouvert,9,12,0,75,4,1,0.1521,3245,1.5217391304347827,1.6825885978428352,0.4523327076557483,0,3,0
SIN0002084,POL004740,CLT01478,Auto,Accident matériel,2024-01-05,2024-01-12,2314,1962,Litigieux,46,7,0,18,0,0,0.01,1239,1.17940876656473,1.867635189669088,0.44171954821452586,0,0,0
SIN0002085,POL004744,CLT01504,Auto,Accident matériel,2024-10-04,2024-10-28,2431,2181,Ouvert,33,24,0,78,5,1,0.2098,1506,1.1146263182026592,1.6142098273572376,0.4763518812656527,0,0,0
SIN0002086,POL004745,CLT00287,Santé,Optique,2023-06-25,2023-07-08,197,129,Fermé,22,13,0,39,0,0,0.1553,485,1.5271317829457365,0.4061855670103093,0.40270914674718167,0,3,0
SIN0002087,POL004746,CLT02007,Auto,Vol,2024-03-20,2024-04-06,2723,1629,Fermé,6,17,0,58,4,2,0.3763,2487,1.6715776550030694,1.0948934459187776,0.46153619059885453,0,3,0
SIN0002088,POL004747,CLT03268,Santé,Optique,2024-10-13,2024-11-12,242,177,Ouvert,17,30,0,65,0,3,0.4917,1289,1.3672316384180792,0.18774243599689683,0.5442563679922413,0,2,0
SIN0002089,POL004748,CLT00047,Habitation,Dégât des eaux,2022-01-12,2022-01-27,4391,2714,Fermé,11,15,0,48,13,1,0.0927,1713,1.617907148120855,2.5633391710449502,0.44671795764999644,0,3,0
SIN0002090,POL004748,CLT00047,Habitation,Dégât des eaux,2022-05-06,2022-05-19,1813,1081,Litigieux,46,13,0,48,13,1,0.0927,1713,1.6771507863089732,1.0583771161704612,0.4764150448970666,0,3,0
SIN0002091,POL004749,CLT03082,Santé,Dentaire,2022-05-19,2022-06-05,561,476,Fermé,13,17,0,37,1,1,0.3059,1996,1.1785714285714286,0.28106212424849697,0.39999488507628844,0,0,0
SIN0002092,POL004752,CLT00596,Auto,Accident matériel,2023-04-09,2023-05-08,4956,4077,Fermé,29,29,0,35,5,0,0.01,1712,1.215599705665931,2.8948598130841123,0.4327971212893951,0,0,0
SIN0002093,POL004754,CLT04526,Habitation,Catastrophe naturelle,2024-04-18,2024-05-09,13422,7655,Fermé,17,21,0,52,12,0,0.0448,1376,1.7533638145003265,9.75436046511628,0.4947215053820513,0,3,0
SIN0002094,POL004754,CLT04526,Habitation,Dégât des eaux,2022-10-18,2022-10-31,4273,3492,Fermé,21,13,0,52,12,0,0.0448,1376,1.2236540664375717,3.105377906976744,0.431301679617522,0,0,0
SIN0002095,POL004756,CLT01945,Habitation,Incendie,2024-10-07,2024-10-26,11639,6831,Ouvert,22,19,0,29,2,4,0.387,2056,1.703850095154443,5.660992217898833,0.526196346657721,0,5,0
SIN0002096,POL004756,CLT01945,Habitation,Incendie,2024-05-12,2024-05-18,14703,8271,Ouvert,38,6,0,29,2,4,0.387,2056,1.7776568734131302,7.151264591439689,0.5590616222424808,1,5,1
SIN0002097,POL004758,CLT01465,Santé,Optique,2024-06-21,2024-07-08,358,222,Litigieux,50,17,0,42,2,0,0.1892,552,1.6126126126126126,0.6485507246376812,0.41704709104254734,0,3,0
SIN0002098,POL004758,CLT01465,Santé,Soins courants,2024-04-23,2024-05-09,446,367,Fermé,24,16,0,42,2,0,0.1892,552,1.215258855585831,0.8079710144927537,0.39455288469414285,0,0,0
SIN0002099,POL004758,CLT01465,Santé,Soins courants,2023-05-09,2023-05-12,163,96,Fermé,29,3,0,42,2,0,0.1892,552,1.6979166666666667,0.29528985507246375,0.43680304301142897,0,3,0
SIN0002100,POL004761,CLT03694,Auto,Bris de glace,2024-05-05,2024-05-19,287,161,Fermé,14,14,0,26,0,0,0.1016,1106,1.7826086956521738,0.25949367088607594,0.4427158753389278,0,3,0
SIN0002101,POL004761,CLT03694,Auto,Vol,2022-04-30,2022-05-25,6790,4352,Fermé,20,25,0,26,0,0,0.1016,1106,1.560202205882353,6.139240506329114,0.429423605837741,0,3,0
SIN0002102,POL004761,CLT03694,Auto,Vol,2024-02-04,2024-02-28,3346,1867,Fermé,15,24,0,26,0,0,0.1016,1106,1.7921799678628816,3.0253164556962027,0.4371436674951375,0,3,0
SIN0002103,POL004763,CLT02377,Auto,Accident corporel,2024-09-18,2024-10-03,13367,10865,Ouvert,30,15,0,62,2,0,0.0722,2618,1.2302807179015187,5.105805958747135,0.454842579898241,0,0,0
SIN0002104,POL004764,CLT03165,Habitation,Dégât des eaux,2021-09-09,2021-09-25,2333,1468,Ouvert,51,16,0,18,0,1,0.2913,1296,1.5892370572207084,1.8001543209876543,0.4491882247099614,0,3,0
SIN0002105,POL004764,CLT03165,Habitation,Dégât des eaux,2023-05-15,2023-06-01,1399,1209,Fermé,26,17,0,18,0,1,0.2913,1296,1.1571546732837055,1.0794753086419753,0.4301955756751218,0,0,0
SIN0002106,POL004765,CLT04142,Auto,Accident matériel,2024-05-20,2024-06-14,8269,5262,Fermé,18,25,0,37,5,1,0.2171,2014,1.571455720258457,4.105759682224429,0.4252635369447075,0,3,0
SIN0002107,POL004765,CLT04142,Auto,Accident matériel,2024-12-13,2024-12-31,3157,2708,Ouvert,11,23,0,37,5,1,0.2171,2014,1.1658050221565732,1.567527308838133,0.39986874492093444,0,0,0
SIN0002108,POL004766,CLT04400,Auto,Bris de glace,2024-11-05,2024-11-16,654,485,Ouvert,5,11,0,52,12,2,0.0662,1055,1.3484536082474228,0.6199052132701421,0.47152389135779865,0,0,0
SIN0002109,POL004767,CLT02621,Auto,Vol,2024-02-17,2024-03-01,2236,1376,Fermé,20,13,0,40,11,1,0.3592,1214,1.625,1.841845140032949,0.4556591536349191,0,3,0
SIN0002110,POL004768,CLT01387,Auto,Accident corporel,2021-07-24,2021-08-22,16920,14457,Fermé,17,29,0,31,1,1,0.2283,830,1.1703672961195268,20.3855421686747,0.4985101520872055,0,0,0
SIN0002111,POL004769,CLT00335,Habitation,Dégât des eaux,2024-04-09,2024-05-07,3344,2680,Ouvert,37,28,0,57,2,0,0.01,1047,1.2477611940298508,3.1938872970391596,0.4437954811321321,0,0,0
SIN0002112,POL004770,CLT02769,Auto,Accident corporel,2024-02-06,2024-02-07,33651,26597,Ouvert,9,1,0,41,6,1,0.01,2220,1.265217881715983,15.158108108108108,0.5532408545247597,1,5,1
SIN0002113,POL004772,CLT00609,Auto,Accident corporel,2023-12-06,2023-12-06,12316,10243,Fermé,15,0,0,35,4,0,0.2044,810,1.202382114614859,15.204938271604938,0.4812025684835376,0,2,0
SIN0002114,POL004780,CLT01986,Santé,Soins courants,2023-05-21,2023-06-16,405,258,Fermé,28,26,0,43,7,0,0.1798,639,1.569767441860465,0.6338028169014085,0.4321151676276559,0,3,0
SIN0002115,POL004780,CLT01986,Santé,Dentaire,2023-08-10,2023-09-08,1255,1071,Fermé,18,29,0,43,7,0,0.1798,639,1.1718020541549954,1.9640062597809076,0.440217563208438,0,0,0
SIN0002116,POL004780,CLT01986,Santé,Hospitalisation,2024-04-20,2024-05-10,4954,2728,Fermé,29,20,0,43,7,0,0.1798,639,1.815982404692082,7.752738654147105,0.46218161416629866,0,3,0
SIN0002117,POL004785,CLT02481,Auto,Accident matériel,2022-04-10,2022-04-17,6864,4597,Fermé,15,7,0,50,1,0,0.1076,610,1.4931477050250164,11.252459016393443,0.42973695472843976,0,0,0
SIN0002118,POL004785,CLT02481,Auto,Vol,2024-05-23,2024-05-29,5882,4682,Fermé,11,6,0,50,1,0,0.1076,610,1.256300726185391,9.642622950819671,0.4263506202045193,0,0,0
SIN0002119,POL004789,CLT01600,Habitation,Vol/Cambriolage,2023-01-22,2023-01-29,4967,3973,Fermé,13,7,0,49,2,0,0.1328,1164,1.2501887742260256,4.267182130584192,0.4022881441999235,0,0,0
SIN0002120,POL004790,CLT03669,Habitation,Vol/Cambriolage,2024-07-20,2024-07-24,3967,2250,Fermé,14,4,0,41,0,1,0.2166,2168,1.763111111111111,1.8297970479704797,0.4279956243490194,0,3,0
SIN0002121,POL004792,CLT04270,Auto,Accident corporel,2024-12-08,2024-12-29,12915,10152,Ouvert,52,21,0,36,1,1,0.3289,1024,1.2721631205673758,12.6123046875,0.4675602197985742,0,0,0
SIN0002122,POL004792,CLT04270,Auto,Bris de glace,2022-09-03,2022-09-26,896,781,Fermé,30,23,0,36,1,1,0.3289,1024,1.147247119078105,0.875,0.4127356416393011,0,0,0
SIN0002123,POL004795,CLT02772,Auto,Accident matériel,2023-08-08,2023-08-18,1958,1102,Fermé,20,10,0,51,6,0,0.1176,1510,1.7767695099818512,1.2966887417218542,0.43520058670971357,0,3,0
SIN0002124,POL004797,CLT02713,Auto,Vol,2024-11-25,2024-12-17,9982,6078,Ouvert,3,22,0,29,12,0,0.01,2141,1.6423165514972031,4.662307333021952,0.49114779672824116,0,3,0
SIN0002125,POL004797,CLT02713,Auto,Accident corporel,2023-08-24,2023-08-28,10000,8689,Ouvert,60,4,0,29,12,0,0.01,2141,1.1508804235239958,4.670714619336758,0.5108320328066771,0,0,0
SIN0002126,POL004798,CLT00329,Auto,Accident matériel,2022-05-17,2022-05-17,2402,1991,Fermé,10,0,0,34,2,2,0.1629,886,1.2064289301858362,2.711060948081264,0.44084321598611326,0,2,0
SIN0002127,POL004805,CLT02781,Habitation,Vol/Cambriolage,2023-04-30,2023-05-13,5409,4989,Ouvert,30,13,0,24,1,0,0.0667,2898,1.084185207456404,1.8664596273291925,0.43048472026051904,0,0,0
SIN0002128,POL004805,CLT02781,Habitation,Vol/Cambriolage,2023-12-09,2023-12-31,9377,7771,Fermé,17,22,0,24,1,0,0.0667,2898,1.2066658087762192,3.23567977915804,0.4282949138785245,0,0,0
SIN0002129,POL004809,CLT03727,Auto,Bris de glace,2023-08-27,2023-09-18,324,181,Fermé,27,22,0,30,0,0,0.2346,1555,1.7900552486187846,0.20836012861736333,0.45280503779174397,0,3,0
SIN0002130,POL004809,CLT03727,Auto,Accident corporel,2022-12-26,2023-01-07,10059,6799,Litigieux,66,12,0,30,0,0,0.2346,1555,1.4794822768054126,6.468810289389068,0.46057270492362623,0,0,0
SIN0002131,POL004810,CLT03219,Habitation,Bris de glace,2024-04-17,2024-05-02,430,405,Ouvert,23,15,0,72,20,0,0.1101,1211,1.0617283950617284,0.3550784475639967,0.5464404729289026,0,0,0
SIN0002132,POL004810,CLT03219,Habitation,Dégât des eaux,2024-10-07,2024-10-30,7702,6969,Ouvert,19,23,0,72,20,0,0.1101,1211,1.105180083225714,6.360033030553262,0.5477614248772804,0,0,0
SIN0002133,POL004811,CLT04531,Habitation,Bris de glace,2023-12-31,2024-01-11,501,305,Fermé,7,11,0,44,14,4,0.2462,1683,1.6426229508196721,0.2976827094474153,0.5264282691120018,0,5,0
SIN0002134,POL004815,CLT00956,Auto,Accident matériel,2024-09-25,2024-09-28,3481,2971,Fermé,11,3,0,46,2,0,0.0698,1863,1.1716593739481656,1.868491680085883,0.4131744077942024,0,0,0
SIN0002135,POL004816,CLT01608,Auto,Accident matériel,2024-03-16,2024-03-26,1868,1060,Litigieux,70,10,0,18,2,1,0.3353,1424,1.7622641509433963,1.3117977528089888,0.4968313566777177,0,3,0
SIN0002136,POL004824,CLT02460,Auto,Incendie,2023-04-06,2023-05-06,24416,19992,Fermé,17,30,0,32,3,1,0.2538,1459,1.2212885154061626,16.73474982864976,0.5135558179215277,0,0,0
SIN0002137,POL004825,CLT00912,Auto,Vol,2022-11-10,2022-11-22,5595,5060,Fermé,9,12,0,45,3,0,0.0138,2099,1.1057312252964426,2.665555026202954,0.4220797425433536,0,0,0
SIN0002138,POL004828,CLT01674,Auto,Vol,2024-08-14,2024-08-20,5074,4283,Fermé,8,6,0,27,2,1,0.3584,1430,1.184683632967546,3.548251748251748,0.4305747293233615,0,0,0
SIN0002139,POL004829,CLT04062,Auto,Bris de glace,2021-12-08,2022-01-01,799,497,Ouvert,57,24,0,45,11,0,0.01,1503,1.607645875251509,0.5316034597471723,0.46966127899756394,0,3,0
SIN0002140,POL004829,CLT04062,Auto,Vol,2022-04-24,2022-05-08,6907,4249,Fermé,14,14,0,45,11,0,0.01,1503,1.6255589550482465,4.595475715236194,0.44670729054328523,0,3,0
SIN0002141,POL004833,CLT03814,Santé,Soins courants,2022-07-07,2022-07-24,391,258,Fermé,22,17,0,18,3,1,0.184,939,1.5155038759689923,0.4164004259850905,0.4190861186956366,0,3,0
SIN0002142,POL004833,CLT03814,Santé,Maternité,2023-03-15,2023-04-02,2479,1588,Fermé,28,18,0,18,3,1,0.184,939,1.5610831234256928,2.6400425985090523,0.41914876801367085,0,3,0
SIN0002143,POL004835,CLT02057,Auto,Accident matériel,2023-08-13,2023-08-30,3891,2875,Ouvert,59,17,0,53,12,0,0.0798,950,1.353391304347826,4.095789473684211,0.45137458983967416,0,0,0
SIN0002144,POL004836,CLT04384,Habitation,Dégât des eaux,2023-07-11,2023-08-10,5340,4378,Fermé,8,30,0,18,0,0,0.2437,2825,1.2197350388305161,1.8902654867256636,0.45492318656290753,0,0,0
SIN0002145,POL004837,CLT02528,Auto,Bris de glace,2022-09-01,2022-09-09,555,370,Fermé,17,8,0,46,3,3,0.3638,962,1.5,0.5769230769230769,0.46532888209626616,0,2,0
SIN0002146,POL004840,CLT03653,Santé,Soins courants,2024-07-28,2024-08-06,322,263,Fermé,5,9,0,43,9,0,0.113,1119,1.2243346007604563,0.2877569258266309,0.428019356699727,0,0,0
SIN0002147,POL004841,CLT00524,Habitation,Catastrophe naturelle,2024-10-12,2024-10-19,25946,18886,Ouvert,7,7,0,44,6,0,0.0644,2000,1.3738218786402627,12.973,0.49398633071523035,0,0,0
SIN0002148,POL004843,CLT02868,Habitation,Dégât des eaux,2024-01-20,2024-01-28,6161,4756,Fermé,28,8,0,26,1,0,0.01,1114,1.295416316232128,5.5305206463195695,0.42156009937486566,0,0,0
SIN0002149,POL004859,CLT03844,Habitation,Incendie,2024-07-14,2024-07-30,17720,15146,Fermé,22,16,0,54,0,3,0.3341,2022,1.1699458602931467,8.763600395647874,0.5123842755278957,0,2,0
SIN0002150,POL004862,CLT04387,Auto,Accident matériel,2023-02-08,2023-02-27,5169,3604,Fermé,26,19,0,61,3,0,0.01,1097,1.4342397336293007,4.711941659070192,0.4292511283225828,0,0,0
SIN0002151,POL004865,CLT04519,Habitation,Catastrophe naturelle,2023-09-09,2023-10-09,29740,17256,Fermé,19,30,0,48,0,1,0.3451,2141,1.7234585071859063,13.89070527790752,0.5542965057060131,1,6,1
SIN0002152,POL004872,CLT04969,Habitation,Incendie,2023-03-08,2023-03-13,13479,11081,Ouvert,19,5,0,39,7,0,0.01,1267,1.216406461510694,10.638516179952644,0.46489970721174523,0,0,0
SIN0002153,POL004874,CLT04840,Auto,Vol,2024-07-01,2024-07-07,11543,7585,Ouvert,24,6,0,46,4,2,0.0831,2232,1.5218193803559656,5.171594982078853,0.4534004047187162,0,3,0
SIN0002154,POL004882,CLT01328,Auto,Bris de glace,2024-09-13,2024-10-04,609,353,Ouvert,5,21,0,42,0,0,0.01,1470,1.725212464589235,0.4142857142857143,0.4365227884050678,0,3,0
SIN0002155,POL004883,CLT04791,Santé,Soins courants,2024-12-25,2024-12-31,327,199,Ouvert,37,19,0,27,15,0,0.1353,1151,1.64321608040201,0.2841007819287576,0.48683323433652853,0,3,0
SIN0002156,POL004883,CLT04791,Santé,Dentaire,2022-10-08,2022-11-06,1037,637,Fermé,27,29,0,27,15,0,0.1353,1151,1.6279434850863421,0.9009556907037359,0.5047185951430204,0,3,0
SIN0002157,POL004883,CLT04791,Santé,Optique,2022-01-08,2022-01-18,215,202,Fermé,15,10,0,27,15,0,0.1353,1151,1.0643564356435644,0.18679409209383144,0.4839785725887967,0,0,0
SIN0002158,POL004885,CLT00483,Habitation,Vol/Cambriolage,2023-08-02,2023-09-01,4929,3471,Fermé,29,30,0,69,5,1,0.1259,2298,1.4200518582541055,2.1449086161879896,0.4733252362812067,0,0,0
SIN0002159,POL004889,CLT02029,Auto,Accident corporel,2024-05-12,2024-05-20,34090,27823,Fermé,20,8,0,49,6,1,0.2032,1586,1.2252453006505408,21.494325346784365,0.5356722489728389,0,3,0
SIN0002160,POL004890,CLT01072,Habitation,Dégât des eaux,2024-08-14,2024-09-10,3500,3004,Fermé,13,27,0,32,1,0,0.0927,2008,1.1651131824234353,1.7430278884462151,0.4072401552522819,0,0,0
SIN0002161,POL004890,CLT01072,Habitation,Dégât des eaux,2024-11-01,2024-11-19,1675,955,Ouvert,17,18,0,32,1,0,0.0927,2008,1.7539267015706805,0.8341633466135459,0.4237766150771695,0,3,0
SIN0002162,POL004893,CLT01548,Auto,Accident matériel,2023-05-06,2023-05-06,5142,4590,Fermé,25,0,0,44,0,0,0.1965,1623,1.1202614379084967,3.168207024029575,0.436405315673957,0,2,0
SIN0002163,POL004896,CLT00697,Santé,Dentaire,2024-02-05,2024-02-22,377,278,Fermé,5,17,0,26,0,1,0.2681,1840,1.356115107913669,0.2048913043478261,0.41668320190340474,0,0,0
SIN0002164,POL004896,CLT00697,Santé,Optique,2021-09-05,2021-09-12,678,606,Ouvert,41,7,0,26,0,1,0.2681,1840,1.118811881188119,0.3684782608695652,0.4278941007910891,0,0,0
SIN0002165,POL004897,CLT01658,Santé,Soins courants,2024-09-03,2024-09-12,140,120,Litigieux,47,9,0,31,2,0,0.01,1246,1.1666666666666667,0.11235955056179775,0.4294140285085935,0,0,0
SIN0002166,POL004899,CLT03522,Auto,Accident matériel,2021-08-24,2021-09-18,2117,1829,Ouvert,3,25,0,18,5,2,0.314,1002,1.1574630945872062,2.1127744510978044,0.48402754899884737,0,0,0
SIN0002167,POL004899,CLT03522,Auto,Accident matériel,2024-02-15,2024-03-01,1509,1049,Fermé,16,15,0,18,5,2,0.314,1002,1.438512869399428,1.5059880239520957,0.44944648529310843,0,0,0
SIN0002168,POL004900,CLT01632,Auto,Accident matériel,2024-02-28,2024-03-27,3573,2993,Fermé,14,28,0,62,6,1,0.1207,1343,1.1937854994988306,2.6604616530156364,0.4501987305967911,0,0,0
SIN0002169,POL004903,CLT03750,Habitation,Vol/Cambriolage,2024-03-19,2024-03-28,6408,4826,Fermé,26,9,0,48,0,1,0.1882,1861,1.3278077082469955,3.4433100483610963,0.39833984423574753,0,0,0
SIN0002170,POL004907,CLT00910,Auto,Bris de glace,2024-05-09,2024-06-08,379,252,Fermé,17,30,0,22,2,0,0.01,953,1.503968253968254,0.39769150052465896,0.4656587165642398,0,3,0
SIN0002171,POL004911,CLT00234,Habitation,Catastrophe naturelle,2022-12-01,2022-12-06,16155,9824,Fermé,28,5,0,46,5,2,0.2957,1204,1.6444421824104234,13.417774086378737,0.499706943821521,0,3,0
SIN0002172,POL004913,CLT00870,Auto,Vol,2024-12-05,2024-12-13,16086,13017,Ouvert,7,8,0,26,1,0,0.0864,2559,1.235768610278866,6.286049237983588,0.45333831266054525,0,0,0
SIN0002173,POL004918,CLT03916,Santé,Optique,2021-04-15,2021-04-26,390,287,Litigieux,127,11,0,49,1,0,0.1529,808,1.3588850174216027,0.48267326732673266,0.475474207761286,0,0,0
SIN0002174,POL004920,CLT01318,Auto,Accident corporel,2024-03-01,2024-03-24,12792,11708,Fermé,11,23,0,57,2,2,0.301,1097,1.0925862658011616,11.660893345487693,0.4873514039868754,0,0,0
SIN0002175,POL004923,CLT02735,Habitation,Vol/Cambriolage,2024-11-06,2024-11-30,7497,5054,Ouvert,3,24,0,46,5,0,0.1124,1246,1.4833795013850415,6.01685393258427,0.43202081088879096,0,0,0
SIN0002176,POL004925,CLT02634,Auto,Accident corporel,2021-01-31,2021-02-26,12389,7165,Fermé,26,26,0,42,3,1,0.2449,2051,1.7290997906489882,6.0404680643588495,0.4506857139315713,0,3,0
SIN0002177,POL004929,CLT04908,Habitation,Incendie,2024-06-17,2024-06-21,13697,12640,Fermé,15,4,0,55,3,1,0.2088,2378,1.083623417721519,5.759882253994954,0.4512821631634529,0,0,0
SIN0002178,POL004932,CLT01051,Santé,Dentaire,2022-05-17,2022-06-16,808,656,Fermé,23,30,0,40,2,1,0.0912,931,1.2317073170731707,0.8678839957035446,0.4296807978846649,0,0,0
SIN0002179,POL004932,CLT01051,Santé,Dentaire,2023-03-12,2023-03-14,408,262,Fermé,16,2,0,40,2,1,0.0912,931,1.5572519083969465,0.43823845327604727,0.4179314171600494,0,3,0
SIN0002180,POL004933,CLT02537,Habitation,Vol/Cambriolage,2021-06-27,2021-07-06,7982,7055,Fermé,5,9,0,64,3,2,0.4189,1975,1.1313961729270021,4.041518987341772,0.49522937558788305,0,0,0
SIN0002181,POL004935,CLT02034,Auto,Accident matériel,2024-02-18,2024-02-24,5477,3973,Fermé,26,6,0,50,3,0,0.01,783,1.3785552479234835,6.9948914431673055,0.417909228522861,0,0,0
SIN0002182,POL004935,CLT02034,Auto,Bris de glace,2023-10-08,2023-10-12,274,220,Fermé,12,4,0,50,3,0,0.01,783,1.2454545454545454,0.3499361430395913,0.42192442362688665,0,0,0
SIN0002183,POL004937,CLT02198,Auto,Bris de glace,2024-01-10,2024-01-20,707,571,Fermé,10,10,0,54,2,2,0.1256,937,1.2381786339754817,0.7545357524012807,0.42595028064470086,0,0,0
SIN0002184,POL004944,CLT00354,Habitation,Incendie,2024-05-21,2024-05-30,32530,29966,Fermé,12,9,0,59,5,0,0.0521,1840,1.0855636387906293,17.679347826086957,0.543335124004301,0,3,0
SIN0002185,POL004946,CLT03386,Auto,Accident matériel,2024-07-10,2024-07-22,3444,2980,Ouvert,11,12,0,31,16,0,0.01,1559,1.1557046979865773,2.209108402822322,0.46076850530028296,0,0,0
SIN0002186,POL004949,CLT03311,Auto,Bris de glace,2023-09-15,2023-09-16,278,167,Fermé,30,1,0,29,2,2,0.2827,991,1.6646706586826348,0.2805247225025227,0.47023932038277155,0,5,0
SIN0002187,POL004949,CLT03311,Auto,Accident matériel,2024-10-13,2024-10-19,2977,2220,Ouvert,58,6,0,29,2,2,0.2827,991,1.340990990990991,3.004036326942482,0.44451858212666623,0,0,0
SIN0002188,POL004957,CLT02307,Auto,Vol,2021-10-28,2021-11-25,3885,3541,Litigieux,30,28,0,44,6,0,0.01,2092,1.0971476983902853,1.857074569789675,0.4425984011796988,0,0,0
SIN0002189,POL004961,CLT01229,Auto,Accident matériel,2024-05-12,2024-05-20,4972,3018,Fermé,16,8,0,49,1,2,0.2772,1004,1.6474486414844267,4.952191235059761,0.4345190852936182,0,3,0
SIN0002190,POL004961,CLT01229,Auto,Bris de glace,2022-03-24,2022-03-31,355,244,Fermé,30,7,0,49,1,2,0.2772,1004,1.4549180327868851,0.35358565737051795,0.42220645525111167,0,0,0
SIN0002191,POL004961,CLT01229,Auto,Vol,2023-11-22,2023-12-15,8809,6477,Fermé,7,23,0,49,1,2,0.2772,1004,1.3600432298903813,8.77390438247012,0.44718708096373044,0,0,0
SIN0002192,POL004964,CLT00532,Auto,Accident corporel,2024-12-11,2024-12-16,6750,5505,Ouvert,38,5,0,46,0,0,0.162,1220,1.2261580381471389,5.532786885245901,0.42225935531684966,0,0,0
SIN0002193,POL004965,CLT00290,Auto,Accident corporel,2024-10-24,2024-10-25,23114,13258,Ouvert,8,1,0,28,0,1,0.1775,1433,1.7434002111932418,16.1297976273552,0.5293746187152037,0,5,0
SIN0002194,POL004968,CLT02662,Auto,Vol,2022-12-21,2022-12-29,17269,10374,Ouvert,14,8,0,34,3,1,0.1105,1435,1.664642375168691,12.034146341463414,0.4582561935646776,0,3,0
SIN0002195,POL004969,CLT00663,Auto,Accident matériel,2023-11-20,2023-12-14,4725,3374,Fermé,22,24,0,58,1,1,0.3071,1935,1.400414937759336,2.441860465116279,0.41629944122750323,0,0,0
SIN0002196,POL004969,CLT00663,Auto,Accident matériel,2023-03-15,2023-04-10,4598,3269,Fermé,26,26,0,58,1,1,0.3071,1935,1.4065463444478434,2.3762273901808784,0.4245867046953022,0,0,0
SIN0002197,POL004970,CLT01990,Santé,Optique,2024-07-21,2024-08-12,230,144,Fermé,28,22,0,18,2,0,0.0409,1141,1.5972222222222223,0.20157756354075373,0.44248797775991816,0,3,0
SIN0002198,POL004971,CLT04774,Auto,Accident corporel,2024-08-30,2024-09-27,37996,29525,Litigieux,158,28,0,30,1,0,0.0277,1301,1.286909398814564,29.20522674865488,0.6450869835946764,1,3,1
SIN0002199,POL004976,CLT01436,Habitation,Dégât des eaux,2024-11-03,2024-11-15,6764,3744,Ouvert,34,12,0,48,11,0,0.2098,1781,1.8066239316239316,3.797866367209433,0.4758641287418222,0,3,0
SIN0002200,POL004976,CLT01436,Habitation,Vol/Cambriolage,2022-10-05,2022-10-10,4243,2492,Fermé,19,5,0,48,11,0,0.2098,1781,1.7026484751203852,2.382369455362156,0.45343014717218433,0,3,0
SIN0002201,POL004977,CLT02674,Habitation,Incendie,2023-12-27,2024-01-07,24591,16776,Fermé,16,11,0,23,1,0,0.0174,1048,1.4658440629470673,23.46469465648855,0.518432829845401,0,0,0
SIN0002202,POL004979,CLT00253,Santé,Dentaire,2024-08-01,2024-08-25,632,421,Ouvert,20,24,0,45,2,1,0.2847,1050,1.501187648456057,0.6019047619047619,0.40985476783664354,0,3,0
SIN0002203,POL004981,CLT02056,Habitation,Bris de glace,2024-01-02,2024-01-17,743,529,Fermé,5,15,0,48,0,1,0.3468,981,1.4045368620037808,0.7573904179408767,0.4228208638477832,0,0,0
SIN0002204,POL004986,CLT02393,Habitation,Dégât des eaux,2024-02-07,2024-02-11,3467,3142,Ouvert,9,4,0,52,4,0,0.2086,1886,1.1034373010821132,1.8382820784729585,0.420456285483182,0,0,0
SIN0002205,POL004988,CLT00033,Santé,Dentaire,2024-02-25,2024-03-05,989,697,Fermé,9,9,0,65,0,0,0.1874,613,1.4189383070301291,1.6133768352365416,0.43529929085329794,0,0,0
SIN0002206,POL004988,CLT00033,Santé,Dentaire,2022-08-25,2022-08-27,708,589,Fermé,6,2,0,65,0,0,0.1874,613,1.202037351443124,1.1549755301794453,0.4537523081420411,0,0,0
SIN0002207,POL004996,CLT03353,Santé,Optique,2024-10-30,2024-11-10,761,472,Ouvert,33,11,0,58,2,0,0.0775,589,1.6122881355932204,1.2920203735144313,0.4185291506416198,0,3,0
SIN0002208,POL004997,CLT04392,Santé,Dentaire,2023-09-05,2023-09-24,441,344,Fermé,7,19,0,57,2,0,0.2389,596,1.2819767441860466,0.7399328859060402,0.41470418050718516,0,0,0
SIN0002209,POL005001,CLT04843,Habitation,Vol/Cambriolage,2022-02-07,2022-03-02,8661,7038,Fermé,27,23,0,40,1,1,0.1309,1394,1.2306052855924978,6.2130559540889525,0.4066824649875821,0,0,0
SIN0002210,POL005002,CLT04745,Habitation,Dégât des eaux,2024-06-20,2024-07-04,3240,2302,Ouvert,29,14,0,25,6,0,0.1418,1343,1.4074717636837533,2.4125093075204767,0.4101702437352755,0,0,0
SIN0002211,POL005003,CLT03137,Auto,Vol,2022-08-17,2022-08-22,3611,2423,Fermé,14,5,0,38,3,2,0.2815,2748,1.4903012794056953,1.3140465793304221,0.4186068615219026,0,0,0
SIN0002212,POL005005,CLT01146,Auto,Accident corporel,2023-09-14,2023-09-26,45990,39315,Fermé,11,12,0,57,2,0,0.1225,2096,1.1697825257535293,21.94179389312977,0.5952483786197533,1,3,1
SIN0002213,POL005005,CLT01146,Auto,Accident matériel,2024-05-14,2024-05-21,2344,1384,Litigieux,155,7,0,57,2,0,0.1225,2096,1.69364161849711,1.118320610687023,0.5055400667641631,0,3,0
SIN0002214,POL005006,CLT01759,Habitation,Dégât des eaux,2023-05-06,2023-05-12,6824,6433,Fermé,19,6,0,54,1,1,0.3242,2154,1.0607803513135396,3.1680594243268336,0.4446217367808662,0,0,0
SIN0002215,POL005007,CLT04734,Habitation,Dégât des eaux,2024-02-03,2024-03-03,5473,4617,Fermé,19,29,0,52,1,0,0.0713,1328,1.1854017760450508,4.121234939759036,0.4328280768109083,0,0,0
SIN0002216,POL005008,CLT01801,Auto,Vol,2023-05-04,2023-05-05,2039,1777,Ouvert,46,1,0,33,10,0,0.2452,2106,1.1474395047833428,0.9681861348528015,0.47023081691030555,0,2,0
SIN0002217,POL005009,CLT01832,Auto,Incendie,2023-02-25,2023-03-14,26449,16540,Fermé,9,17,0,49,0,2,0.3457,1074,1.599093107617896,24.626629422718807,0.5427917242116479,0,3,0
SIN0002218,POL005012,CLT02671,Habitation,Incendie,2024-07-02,2024-07-13,9291,6470,Fermé,30,11,0,29,3,1,0.1679,1256,1.4360123647604328,7.397292993630574,0.41707893402670854,0,0,0
SIN0002219,POL005014,CLT01649,Habitation,Vol/Cambriolage,2023-07-01,2023-07-28,8824,6941,Litigieux,180,27,0,36,0,1,0.1238,1177,1.2712865581328339,7.497026338147833,0.5565376671297355,1,0,0
SIN0002220,POL005018,CLT04118,Auto,Incendie,2023-11-03,2023-11-24,45883,41051,Fermé,22,21,0,38,12,0,0.01,728,1.1177072422109084,63.0260989010989,0.6752319093409743,1,3,1
SIN0002221,POL005023,CLT02585,Habitation,Vol/Cambriolage,2022-04-20,2022-05-10,4968,3110,Fermé,12,20,0,18,1,1,0.2398,2154,1.597427652733119,2.3064066852367686,0.426120474909346,0,3,0
SIN0002222,POL005025,CLT04253,Habitation,Vol/Cambriolage,2024-08-18,2024-09-16,5759,3172,Fermé,21,29,0,52,3,3,0.3956,1516,1.8155737704918034,3.798812664907652,0.5308905664325947,0,5,0
SIN0002223,POL005025,CLT04253,Habitation,Bris de glace,2023-12-14,2024-01-04,120,103,Ouvert,45,21,0,52,3,3,0.3956,1516,1.1650485436893203,0.079155672823219,0.48542813285916003,0,2,0
SIN0002224,POL005027,CLT03293,Habitation,Catastrophe naturelle,2024-08-27,2024-09-16,13324,9278,Ouvert,37,20,0,53,7,1,0.2526,1264,1.436085363224833,10.541139240506329,0.46660225016444373,0,0,0
SIN0002225,POL005028,CLT00266,Habitation,Incendie,2023-04-20,2023-05-03,12076,9210,Fermé,18,13,0,40,10,0,0.01,1138,1.3111834961997828,10.611599297012303,0.4634609826832405,0,0,0
SIN0002226,POL005030,CLT01795,Auto,Accident matériel,2021-03-12,2021-03-26,2514,2378,Fermé,15,14,0,47,6,1,0.1285,1130,1.0571909167367535,2.224778761061947,0.42196078381985475,0,0,0
SIN0002227,POL005030,CLT01795,Auto,Accident matériel,2021-08-19,2021-09-17,2337,1372,Fermé,29,29,0,47,6,1,0.1285,1130,1.7033527696793003,2.068141592920354,0.45536449118871763,0,3,0
SIN0002228,POL005030,CLT01795,Auto,Accident matériel,2021-08-14,2021-08-15,6752,5515,Fermé,14,1,0,47,6,1,0.1285,1130,1.2242973708068903,5.975221238938053,0.4254317061471981,0,2,0
SIN0002229,POL005031,CLT01031,Santé,Dentaire,2024-03-04,2024-03-21,923,628,Fermé,21,17,0,40,3,0,0.01,990,1.4697452229299364,0.9323232323232323,0.40183726325500674,0,0,0
SIN0002230,POL005033,CLT04776,Habitation,Incendie,2024-09-05,2024-10-02,25370,23426,Fermé,8,27,0,19,0,1,0.3166,1485,1.0829847178348844,17.084175084175083,0.554083566433067,1,0,0
SIN0002231,POL005039,CLT04290,Habitation,Dégât des eaux,2024-07-05,2024-07-21,6880,5360,Fermé,7,16,0,30,1,1,0.2228,1116,1.2835820895522387,6.164874551971326,0.4072577040870607,0,0,0
SIN0002232,POL005040,CLT02538,Auto,Accident corporel,2024-12-11,2024-12-27,32605,29861,Ouvert,9,16,0,38,3,2,0.2981,1190,1.0918924349485952,27.399159663865547,0.5686262815092039,1,3,1
SIN0002233,POL005042,CLT01593,Auto,Accident corporel,2022-02-23,2022-03-21,18180,12032,Fermé,10,26,0,35,2,1,0.1982,944,1.5109707446808511,19.258474576271187,0.482088160633743,0,3,0
SIN0002234,POL005047,CLT00864,Auto,Bris de glace,2024-09-30,2024-10-06,674,448,Ouvert,23,6,0,28,0,0,0.2629,1992,1.5044642857142858,0.33835341365461846,0.41819782463374766,0,3,0
SIN0002235,POL005048,CLT03586,Santé,Dentaire,2024-01-04,2024-01-24,512,484,Ouvert,12,20,0,60,2,3,0.5688,959,1.0578512396694215,0.5338894681960376,0.5315015502977241,0,2,0
SIN0002236,POL005049,CLT04858,Auto,Accident matériel,2024-03-14,2024-03-25,3284,2012,Fermé,7,11,0,42,1,0,0.01,1061,1.63220675944334,3.0951932139491047,0.411957052157669,0,3,0
SIN0002237,POL005050,CLT01105,Habitation,Catastrophe naturelle,2023-08-05,2023-08-24,9404,8436,Ouvert,31,19,0,35,4,0,0.1357,2312,1.114746325272641,4.067474048442906,0.42528066427426126,0,0,0
SIN0002238,POL005050,CLT01105,Habitation,Incendie,2021-05-22,2021-06-01,22420,16604,Fermé,15,10,0,35,4,0,0.1357,2312,1.3502770416767045,9.697231833910035,0.45659075384865555,0,0,0
SIN0002239,POL005051,CLT04348,Santé,Dentaire,2023-12-06,2024-01-03,796,666,Fermé,9,28,0,37,6,0,0.1233,1790,1.1951951951951951,0.4446927374301676,0.431909343522745,0,0,0
SIN0002240,POL005056,CLT03813,Auto,Vol,2024-10-03,2024-10-05,4690,3323,Ouvert,57,2,0,61,1,1,0.2963,2473,1.4113752633162804,1.8964820056611402,0.44976577343662694,0,0,0
SIN0002241,POL005056,CLT03813,Auto,Accident matériel,2023-11-02,2023-11-04,7639,6522,Fermé,5,2,0,61,1,1,0.2963,2473,1.1712664826740264,3.0889607763849574,0.4523502733222125,0,0,0
SIN0002242,POL005057,CLT03394,Habitation,Vol/Cambriolage,2024-11-27,2024-12-04,21536,20285,Ouvert,46,7,0,36,2,0,0.1545,1339,1.0616711856051269,16.083644510828975,0.5060936520285265,0,0,0
SIN0002243,POL005058,CLT02533,Auto,Accident matériel,2024-08-26,2024-09-20,5563,5160,Fermé,15,25,0,26,3,1,0.2181,1399,1.0781007751937985,3.976411722659042,0.42839377962227765,0,0,0
SIN0002244,POL005063,CLT02046,Habitation,Bris de glace,2023-12-16,2024-01-04,453,252,Ouvert,8,19,0,34,1,0,0.2618,1126,1.7976190476190477,0.40230905861456484,0.44131289081551783,0,3,0
SIN0002245,POL005063,CLT02046,Habitation,Bris de glace,2023-08-09,2023-09-03,428,248,Fermé,11,25,0,34,1,0,0.2618,1126,1.7258064516129032,0.38010657193605685,0.43998157083945083,0,3,0
SIN0002246,POL005066,CLT04985,Habitation,Catastrophe naturelle,2022-07-09,2022-07-19,29418,17682,Fermé,13,10,0,26,9,0,0.01,1855,1.663725822870716,15.858760107816712,0.5404291234783786,0,6,0
SIN0002247,POL005067,CLT04776,Auto,Incendie,2022-06-26,2022-07-24,31852,19436,Fermé,9,28,0,19,0,1,0.3166,1591,1.638814570899362,20.020113136392204,0.5745876830307381,1,6,1
SIN0002248,POL005067,CLT04776,Auto,Bris de glace,2021-10-12,2021-11-04,221,135,Fermé,25,23,0,19,0,1,0.3166,1591,1.637037037037037,0.13890634820867379,0.4560702099314324,0,3,0
SIN0002249,POL005069,CLT02452,Habitation,Dégât des eaux,2024-03-21,2024-03-27,3979,3032,Ouvert,5,6,0,61,7,1,0.2063,3185,1.312335092348285,1.249293563579278,0.43691784532967676,0,0,0
SIN0002250,POL005069,CLT02452,Habitation,Catastrophe naturelle,2024-08-01,2024-08-23,36554,29381,Fermé,28,22,0,61,7,1,0.2063,3185,1.2441373676866,11.476923076923077,0.5474701047833673,0,3,0
SIN0002251,POL005069,CLT02452,Habitation,Incendie,2023-02-27,2023-03-19,19776,12655,Fermé,22,20,0,61,7,1,0.2063,3185,1.5627024891347294,6.209105180533752,0.479022968209812,0,3,0
SIN0002252,POL005070,CLT01975,Santé,Optique,2024-07-14,2024-07-25,400,262,Fermé,15,11,0,64,1,0,0.1545,1792,1.5267175572519085,0.22321428571428573,0.42416872493203817,0,3,0
SIN0002253,POL005075,CLT02207,Santé,Soins courants,2023-06-21,2023-07-02,171,96,Fermé,8,11,0,36,0,0,0.1177,832,1.78125,0.20552884615384615,0.43999055333808224,0,3,0
SIN0002254,POL005076,CLT03093,Auto,Accident corporel,2023-10-23,2023-10-26,20669,16874,Fermé,14,3,0,25,3,0,0.2107,1675,1.2249022164276402,12.339701492537314,0.4859894133893989,0,0,0
SIN0002255,POL005081,CLT00787,Habitation,Bris de glace,2021-09-16,2021-10-16,665,476,Litigieux,178,30,0,54,1,1,0.2351,2742,1.3970588235294117,0.2425237053245806,0.5350025332193731,0,0,0
SIN0002256,POL005083,CLT01440,Santé,Optique,2023-03-21,2023-04-16,671,381,Fermé,16,26,0,47,2,0,0.1495,995,1.7611548556430445,0.6743718592964824,0.43362825864535354,0,3,0
SIN0002257,POL005085,CLT01972,Habitation,Vol/Cambriolage,2021-08-26,2021-09-24,10402,9120,Fermé,27,29,0,41,0,1,0.4159,1600,1.1405701754385964,6.50125,0.5002420029371546,0,0,0
SIN0002258,POL005088,CLT00030,Auto,Accident matériel,2024-05-29,2024-06-06,3662,2043,Ouvert,31,8,0,46,1,1,0.1893,1217,1.792462065589819,3.009038619556286,0.42518100356193717,0,3,0
SIN0002259,POL005089,CLT01664,Santé,Soins courants,2024-12-18,2024-12-31,270,237,Ouvert,45,26,0,48,0,1,0.1297,674,1.139240506329114,0.40059347181008903,0.42582199160234724,0,0,0
SIN0002260,POL005093,CLT01141,Auto,Accident matériel,2024-09-13,2024-09-21,1347,956,Fermé,22,8,0,24,12,2,0.2102,869,1.4089958158995817,1.5500575373993095,0.4731289594733121,0,0,0
SIN0002261,POL005096,CLT04292,Santé,Dentaire,2023-01-17,2023-01-19,902,554,Fermé,15,2,0,52,2,0,0.3387,1553,1.628158844765343,0.5808113329040566,0.45504097352214634,0,3,0
SIN0002262,POL005096,CLT04292,Santé,Maternité,2023-04-18,2023-05-12,1027,783,Fermé,22,24,0,52,2,0,0.3387,1553,1.3116219667943805,0.6613007083065036,0.42126822662128444,0,0,0
SIN0002263,POL005098,CLT04899,Habitation,Vol/Cambriolage,2024-07-12,2024-08-07,5965,5567,Fermé,5,26,0,26,3,1,0.01,1991,1.0714927249865278,2.9959819186338525,0.46048550785563475,0,0,0
SIN0002264,POL005103,CLT02327,Habitation,Catastrophe naturelle,2023-10-25,2023-11-18,13682,8636,Fermé,13,24,0,54,13,1,0.1023,1591,1.5842982862436312,8.599622878692646,0.4951562094342155,0,3,0
SIN0002265,POL005104,CLT00740,Auto,Vol,2023-05-26,2023-06-16,5200,4684,Litigieux,100,21,0,18,10,0,0.0171,2207,1.1101622544833476,2.3561395559583143,0.5149429112524773,0,0,0
SIN0002266,POL005104,CLT00740,Auto,Accident matériel,2023-04-09,2023-04-10,1912,1105,Fermé,10,1,0,18,10,0,0.0171,2207,1.730316742081448,0.8663343905754418,0.4947651418975126,0,5,0
SIN0002267,POL005106,CLT00501,Habitation,Incendie,2024-07-14,2024-07-26,24667,15175,Fermé,9,12,0,37,7,0,0.0455,1811,1.625502471169687,13.620651573716179,0.5002897786270531,0,3,0
SIN0002268,POL005107,CLT03075,Auto,Accident matériel,2022-02-10,2022-02-23,5870,4592,Ouvert,56,13,0,31,4,0,0.1253,2169,1.2783101045296168,2.7063162747810052,0.4134077181423884,0,0,0
SIN0002269,POL005107,CLT03075,Auto,Accident corporel,2023-09-09,2023-09-14,19985,13224,Fermé,11,5,0,31,4,0,0.1253,2169,1.5112673926194797,9.2139234670355,0.4616385239282555,0,3,0
SIN0002270,POL005110,CLT04710,Auto,Bris de glace,2023-03-06,2023-03-14,200,118,Ouvert,23,8,0,35,0,2,0.3405,2862,1.694915254237288,0.06988120195667366,0.463400089126754,0,3,0
SIN0002271,POL005111,CLT04190,Auto,Bris de glace,2021-11-22,2021-12-14,318,262,Ouvert,3,22,0,64,3,0,0.1713,1370,1.213740458015267,0.2321167883211679,0.4369652894775842,0,0,0
SIN0002272,POL005119,CLT00459,Santé,Soins courants,2023-11-27,2023-12-06,279,165,Fermé,7,9,0,60,1,0,0.2296,1462,1.690909090909091,0.1908344733242134,0.4529292506085941,0,3,0
SIN0002273,POL005125,CLT02784,Auto,Vol,2022-02-27,2022-03-26,6758,3989,Ouvert,36,27,0,45,5,3,0.3479,1011,1.6941589370769616,6.684470820969337,0.5223456859191998,0,5,0
SIN0002274,POL005131,CLT03609,Santé,Soins courants,2024-01-03,2024-01-09,285,252,Fermé,14,6,0,27,1,0,0.1866,747,1.130952380952381,0.3815261044176707,0.4106583405453801,0,0,0
SIN0002275,POL005133,CLT02684,Habitation,Dégât des eaux,2024-04-24,2024-05-09,5763,4477,Fermé,26,15,0,64,13,1,0.01,1672,1.28724592360956,3.4467703349282295,0.46527339651003097,0,0,0
SIN0002276,POL005134,CLT01114,Auto,Vol,2022-10-16,2022-10-21,5170,4677,Fermé,28,5,0,44,1,0,0.128,2060,1.1054094505024588,2.5097087378640777,0.41357124603210627,0,0,0
SIN0002277,POL005135,CLT04922,Auto,Incendie,2023-06-17,2023-06-22,35675,33243,Ouvert,30,5,0,50,0,2,0.3876,1037,1.0731582588815691,34.40212150433944,0.6242850714690106,1,3,1
SIN0002278,POL005136,CLT01380,Habitation,Bris de glace,2023-09-30,2023-10-06,241,220,Fermé,23,6,0,33,9,2,0.2847,2103,1.0954545454545455,0.11459819305753685,0.4658553206727465,0,0,0
SIN0002279,POL005136,CLT01380,Habitation,Catastrophe naturelle,2022-07-23,2022-08-01,12906,9650,Litigieux,137,9,0,33,9,2,0.2847,2103,1.3374093264248705,6.136947218259629,0.5715983329184814,1,0,0
SIN0002280,POL005139,CLT04785,Habitation,Incendie,2024-11-12,2024-12-08,16549,9858,Ouvert,42,26,0,83,14,1,0.2846,1546,1.6787380807466017,10.704398447606726,0.5908979085339605,1,3,1
SIN0002281,POL005139,CLT04785,Habitation,Vol/Cambriolage,2024-06-04,2024-06-09,6987,5981,Fermé,15,5,0,83,14,1,0.2846,1546,1.1681992977762916,4.519404915912031,0.52657736123659,0,0,0
SIN0002282,POL005143,CLT02726,Santé,Dentaire,2024-12-17,2024-12-31,529,437,Ouvert,2,24,0,25,4,1,0.3162,1604,1.2105263157894737,0.32980049875311723,0.4504283827726992,0,0,0
SIN0002283,POL005146,CLT01396,Auto,Accident matériel,2023-12-19,2024-01-02,1256,1191,Litigieux,96,14,0,31,10,1,0.1865,1471,1.054575986565911,0.8538409245411285,0.5032890181391706,0,0,0
SIN0002284,POL005147,CLT02107,Habitation,Vol/Cambriolage,2024-12-30,2024-12-30,6833,4488,Ouvert,34,0,0,29,6,0,0.1688,1640,1.5225044563279857,4.166463414634146,0.4473238632172437,0,5,0
SIN0002285,POL005148,CLT00588,Habitation,Dégât des eaux,2024-11-10,2024-11-13,8990,5628,Ouvert,31,3,0,40,0,1,0.2186,2165,1.5973702914001422,4.15242494226328,0.42912912862755836,0,3,0
SIN0002286,POL005148,CLT00588,Habitation,Catastrophe naturelle,2023-05-12,2023-05-28,24384,20999,Ouvert,57,16,0,40,0,1,0.2186,2165,1.1611981522929664,11.262817551963048,0.48448154976120694,0,0,0
SIN0002287,POL005149,CLT00081,Auto,Vol,2024-05-17,2024-06-09,5986,3671,Fermé,10,23,0,32,3,0,0.0691,1371,1.6306183601198583,4.366156090444931,0.4148097645254957,0,3,0
SIN0002288,POL005149,CLT00081,Auto,Accident matériel,2023-03-26,2023-04-22,1259,1172,Fermé,25,27,0,32,3,0,0.0691,1371,1.0742320819112627,0.9183078045222466,0.4290816868534759,0,0,0
SIN0002289,POL005151,CLT03988,Habitation,Vol/Cambriolage,2024-08-02,2024-08-31,5240,3311,Fermé,28,29,0,48,1,0,0.1947,2266,1.5826034430685594,2.3124448367166814,0.42809596331710487,0,3,0
SIN0002290,POL005154,CLT01213,Auto,Accident matériel,2024-07-25,2024-07-29,3668,2241,Fermé,13,4,0,27,0,0,0.01,924,1.636769299419902,3.9696969696969697,0.44300797118456897,0,3,0
SIN0002291,POL005155,CLT04234,Habitation,Dégât des eaux,2022-02-16,2022-02-22,3078,1801,Fermé,22,6,0,57,3,0,0.0108,1884,1.7090505274847307,1.6337579617834395,0.4290446464696833,0,3,0
SIN0002292,POL005159,CLT03614,Auto,Accident corporel,2024-01-02,2024-01-19,12432,10574,Fermé,29,17,0,50,5,0,0.0483,1481,1.175714015509741,8.39432815665091,0.4436624853558585,0,0,0
SIN0002293,POL005161,CLT00809,Auto,Bris de glace,2024-06-08,2024-07-04,545,476,Fermé,6,26,0,25,2,1,0.0725,1130,1.1449579831932772,0.4823008849557522,0.4346333587590671,0,0,0
SIN0002294,POL005164,CLT04221,Auto,Accident matériel,2022-10-28,2022-11-18,5708,5118,Fermé,12,21,0,40,1,2,0.4181,1678,1.1152794060179758,3.401668653158522,0.4474286871218236,0,0,0
SIN0002295,POL005164,CLT04221,Auto,Accident corporel,2023-04-29,2023-05-11,9280,7417,Fermé,13,12,0,40,1,2,0.4181,1678,1.2511797222596737,5.530393325387366,0.45340848216750773,0,0,0
SIN0002296,POL005168,CLT02081,Habitation,Vol/Cambriolage,2023-03-28,2023-04-10,4261,2919,Ouvert,33,13,0,18,3,0,0.2921,2492,1.459746488523467,1.7098715890850722,0.4312606724055727,0,0,0
SIN0002297,POL005168,CLT02081,Habitation,Dégât des eaux,2024-06-14,2024-07-13,4609,4082,Fermé,7,29,0,18,3,0,0.2921,2492,1.1291033806957373,1.8495184590690208,0.47214478737136295,0,0,0
SIN0002298,POL005179,CLT03477,Santé,Optique,2024-04-03,2024-04-20,580,388,Fermé,15,17,0,26,0,0,0.3393,1234,1.4948453608247423,0.4700162074554295,0.43371911842580846,0,0,0
SIN0002299,POL005179,CLT03477,Santé,Dentaire,2022-03-16,2022-04-11,566,454,Fermé,25,26,0,26,0,0,0.3393,1234,1.2466960352422907,0.4586709886547812,0.4423139827902079,0,0,0
SIN0002300,POL005179,CLT03477,Santé,Dentaire,2023-03-19,2023-04-13,717,444,Fermé,15,25,0,26,0,0,0.3393,1234,1.614864864864865,0.5810372771474879,0.45459874856583193,0,3,0
SIN0002301,POL005179,CLT03477,Santé,Soins courants,2022-06-21,2022-07-10,176,112,Fermé,20,19,0,26,0,0,0.3393,1234,1.5714285714285714,0.1426256077795786,0.4425914475524273,0,3,0
SIN0002302,POL005180,CLT04148,Habitation,Dégât des eaux,2024-10-11,2024-10-21,6039,4526,Ouvert,56,10,0,44,2,0,0.0395,1165,1.33429076447194,5.183690987124463,0.42953753246750803,0,0,0
SIN0002303,POL005186,CLT04375,Habitation,Catastrophe naturelle,2024-12-17,2024-12-23,8902,7581,Ouvert,42,6,0,32,0,0,0.01,2498,1.1742514180187311,3.563650920736589,0.44206938451679795,0,0,0
SIN0002304,POL005187,CLT04772,Auto,Accident corporel,2024-10-30,2024-11-11,11905,8210,Ouvert,27,12,0,49,3,0,0.01,3143,1.4500609013398296,3.787782373528476,0.43677815511566026,0,0,0
SIN0002305,POL005191,CLT02629,Auto,Accident matériel,2024-02-10,2024-03-07,2441,1343,Fermé,30,26,0,53,3,1,0.3453,1504,1.817572598659717,1.6230053191489362,0.47183303020194256,0,3,0
SIN0002306,POL005197,CLT04787,Auto,Accident corporel,2022-03-09,2022-03-28,28314,16788,Fermé,15,19,0,46,3,0,0.0802,1346,1.6865618298784846,21.035661218424963,0.5180948604924123,0,6,0
SIN0002307,POL005198,CLT04124,Habitation,Dégât des eaux,2023-01-11,2023-01-23,2891,2531,Fermé,14,12,0,49,1,0,0.0251,1494,1.1422362702489135,1.9350736278447123,0.40429961054404767,0,0,0
SIN0002308,POL005200,CLT04717,Santé,Optique,2024-05-27,2024-06-10,259,194,Fermé,16,14,0,31,1,0,0.1199,1318,1.3350515463917525,0.19650986342943855,0.3958664984187572,0,0,0
SIN0002309,POL005203,CLT03781,Santé,Dentaire,2023-02-03,2023-02-24,689,624,Fermé,7,21,0,53,0,0,0.0649,1076,1.1041666666666667,0.6403345724907064,0.4201401486227711,0,0,0
SIN0002310,POL005204,CLT03968,Santé,Maternité,2024-09-13,2024-09-21,865,805,Ouvert,56,8,0,31,2,0,0.078,1679,1.0745341614906831,0.5151876116736153,0.43250381683948513,0,0,0
SIN0002311,POL005209,CLT00483,Auto,Accident matériel,2023-01-27,2023-02-11,3870,3172,Fermé,8,15,0,69,5,1,0.1259,891,1.2200504413619169,4.343434343434343,0.4367885402802447,0,0,0
SIN0002312,POL005211,CLT00005,Auto,Incendie,2024-09-13,2024-09-28,28212,25757,Fermé,30,15,0,29,2,1,0.0388,2799,1.0953138952517762,10.079314040728832,0.5133221633169616,0,3,0
SIN0002313,POL005213,CLT02422,Auto,Vol,2023-06-02,2023-06-21,3850,2328,Ouvert,30,19,0,30,5,2,0.196,1788,1.6537800687285222,2.1532438478747205,0.4319928219862948,0,3,0
SIN0002314,POL005213,CLT02422,Auto,Accident matériel,2023-02-24,2023-03-07,3242,2151,Fermé,21,11,0,30,5,2,0.196,1788,1.507205950720595,1.813199105145414,0.4165697616395674,0,3,0
SIN0002315,POL005213,CLT02422,Auto,Accident matériel,2023-12-07,2023-12-20,3743,2529,Fermé,23,13,0,30,5,2,0.196,1788,1.4800316330565442,2.093400447427293,0.41420894218013915,0,0,0
SIN0002316,POL005214,CLT04977,Santé,Soins courants,2023-11-16,2023-12-07,299,254,Fermé,18,21,0,31,0,1,0.1474,1072,1.1771653543307086,0.2789179104477612,0.399676492319332,0,0,0
SIN0002317,POL005214,CLT04977,Santé,Dentaire,2022-10-16,2022-10-26,1445,1283,Fermé,9,10,0,31,0,1,0.1474,1072,1.1262665627435697,1.3479477611940298,0.41417299017760306,0,0,0
SIN0002318,POL005214,CLT04977,Santé,Soins courants,2023-05-19,2023-06-15,136,84,Fermé,14,27,0,31,0,1,0.1474,1072,1.619047619047619,0.12686567164179105,0.4460321067386842,0,3,0
SIN0002319,POL005219,CLT01034,Auto,Accident corporel,2022-09-09,2022-09-19,20445,16323,Fermé,19,10,0,51,13,0,0.0183,1070,1.2525271089873184,19.10747663551402,0.5304248901253608,0,0,0
SIN0002320,POL005220,CLT03829,Santé,Soins courants,2023-04-17,2023-05-08,403,279,Ouvert,6,21,0,56,0,1,0.049,1050,1.4444444444444444,0.3838095238095238,0.41907354008331643,0,0,0
SIN0002321,POL005227,CLT00934,Habitation,Dégât des eaux,2024-12-17,2024-12-31,4570,4135,Ouvert,14,29,0,63,10,3,0.3069,2114,1.1051995163240629,2.161778618732261,0.5373354006404744,0,2,0
SIN0002322,POL005232,CLT03634,Santé,Soins courants,2024-07-23,2024-07-31,364,217,Fermé,17,8,0,42,8,0,0.0988,1997,1.6774193548387097,0.18227341011517276,0.4374432764198273,0,3,0
SIN0002323,POL005233,CLT02924,Auto,Accident corporel,2024-12-01,2024-12-27,13780,10472,Ouvert,47,26,0,68,0,0,0.1666,805,1.3158899923605807,17.11801242236025,0.5055149605072442,0,0,0
SIN0002324,POL005235,CLT04078,Auto,Vol,2023-01-10,2023-01-26,2562,2102,Fermé,16,16,0,70,4,0,0.0183,1873,1.21883920076118,1.3678590496529632,0.44126426785460576,0,0,0
SIN0002325,POL005236,CLT03060,Auto,Vol,2024-12-14,2024-12-31,10345,9355,Ouvert,19,19,0,28,0,2,0.2838,845,1.1058257616247995,12.242603550295858,0.47368256626826916,0,0,0
SIN0002326,POL005236,CLT03060,Auto,Vol,2024-01-29,2024-02-27,2538,2198,Fermé,11,29,0,28,0,2,0.2838,845,1.1546860782529573,3.003550295857988,0.4648195832727236,0,0,0
SIN0002327,POL005237,CLT02187,Auto,Bris de glace,2022-12-19,2023-01-07,536,489,Fermé,12,19,0,41,0,1,0.1713,991,1.096114519427403,0.5408678102926338,0.40550693062012033,0,0,0
SIN0002328,POL005237,CLT02187,Auto,Accident matériel,2022-07-10,2022-08-01,4230,3997,Fermé,26,22,0,41,0,1,0.1713,991,1.0582937202902176,4.268415741675076,0.41477611352554394,0,0,0
SIN0002329,POL005241,CLT01533,Auto,Accident corporel,2024-04-22,2024-05-14,14996,11306,Fermé,13,22,0,29,0,0,0.1132,913,1.3263753759065984,16.424972617743702,0.45924622097361373,0,0,0
SIN0002330,POL005244,CLT01785,Auto,Bris de glace,2024-10-20,2024-11-05,421,340,Ouvert,54,16,0,18,1,0,0.3582,2156,1.238235294117647,0.19526901669758812,0.46007430581250397,0,0,0
SIN0002331,POL005246,CLT00163,Habitation,Incendie,2024-05-23,2024-05-29,54802,34250,Fermé,19,6,0,32,5,0,0.0649,1695,1.600058394160584,32.33156342182891,0.6145527800330695,1,6,1
SIN0002332,POL005247,CLT01307,Auto,Accident matériel,2023-07-31,2023-08-03,1779,1539,Fermé,13,3,0,21,3,0,0.01,2621,1.1559454191033138,0.6787485692483785,0.43844737988421423,0,0,0
SIN0002333,POL005250,CLT02144,Santé,Soins courants,2021-11-11,2021-12-02,202,138,Fermé,9,21,0,49,1,1,0.1762,1718,1.463768115942029,0.11757857974388825,0.4042430931671095,0,0,0
SIN0002334,POL005252,CLT00886,Auto,Accident matériel,2024-10-14,2024-10-29,7055,4819,Ouvert,43,15,0,53,1,0,0.1686,1559,1.463996679809089,4.5253367543296985,0.4122454719632933,0,0,0
SIN0002335,POL005252,CLT00886,Auto,Accident matériel,2024-01-10,2024-01-31,1612,1489,Fermé,8,21,0,53,1,0,0.1686,1559,1.0826057756883816,1.0339961513790892,0.4175280708689589,0,0,0
SIN0002336,POL005254,CLT02057,Auto,Accident matériel,2024-09-17,2024-10-05,2308,1912,Ouvert,30,18,0,53,12,0,0.0798,1915,1.207112970711297,1.2052219321148825,0.43242969849014806,0,0,0
SIN0002337,POL005254,CLT02057,Auto,Accident matériel,2024-12-27,2024-12-27,4276,2674,Ouvert,18,0,0,53,12,0,0.0798,1915,1.5991024682124158,2.2328981723237598,0.46744687034906324,0,5,0
SIN0002338,POL005257,CLT02652,Habitation,Dégât des eaux,2024-06-15,2024-07-03,6701,3788,Ouvert,49,18,0,64,2,1,0.2717,2646,1.7690073917634637,2.5325018896447467,0.4668463731966511,0,3,0
SIN0002339,POL005259,CLT00990,Auto,Accident corporel,2023-06-04,2023-06-26,17833,16939,Ouvert,39,22,0,34,2,1,0.1712,852,1.0527776137906606,20.93075117370892,0.4963083348551334,0,0,0
SIN0002340,POL005259,CLT00990,Auto,Accident corporel,2023-06-24,2023-07-15,14484,13002,Ouvert,55,21,0,34,2,1,0.1712,852,1.1139824642362715,17.0,0.47552890773812034,0,0,0
SIN0002341,POL005259,CLT00990,Auto,Accident matériel,2023-12-07,2023-12-16,3824,3417,Fermé,7,9,0,34,2,1,0.1712,852,1.1191103306994439,4.488262910798122,0.40088986740795557,0,0,0
SIN0002342,POL005262,CLT04246,Habitation,Dégât des eaux,2024-06-01,2024-06-29,6140,5166,Fermé,5,28,0,26,3,3,0.4486,1853,1.1885404568331397,3.313545601726929,0.5346713382866168,0,2,0
SIN0002343,POL005263,CLT01511,Santé,Soins courants,2021-11-04,2021-11-09,186,158,Ouvert,34,5,0,37,0,1,0.0452,1289,1.1772151898734178,0.1442979053529868,0.4304622521579184,0,0,0
SIN0002344,POL005266,CLT03671,Santé,Dentaire,2024-08-14,2024-09-01,474,283,Fermé,11,18,0,43,2,1,0.1468,1892,1.674911660777385,0.25052854122621565,0.4114254484246121,0,3,0
SIN0002345,POL005269,CLT02192,Habitation,Vol/Cambriolage,2022-07-24,2022-08-10,17984,16013,Fermé,28,17,0,25,2,0,0.1272,2968,1.1230874914132267,6.059299191374663,0.46623580025884415,0,0,0
SIN0002346,POL005278,CLT01557,Habitation,Dégât des eaux,2024-04-02,2024-04-23,3064,2141,Fermé,7,21,0,46,5,1,0.0512,1156,1.4311069593647827,2.6505190311418687,0.4032876720589218,0,0,0
SIN0002347,POL005278,CLT01557,Habitation,Vol/Cambriolage,2022-05-14,2022-05-15,7322,6420,Fermé,25,1,0,46,5,1,0.0512,1156,1.1404984423676012,6.333910034602076,0.4397125261841443,0,2,0
SIN0002348,POL005279,CLT00189,Habitation,Catastrophe naturelle,2023-01-09,2023-01-17,6915,6564,Fermé,29,8,0,33,1,2,0.4712,1346,1.053473491773309,5.137444279346211,0.4936563231735894,0,0,0
SIN0002349,POL005279,CLT00189,Habitation,Dégât des eaux,2024-12-08,2024-12-31,7027,4806,Ouvert,41,30,0,33,1,2,0.4712,1346,1.4621306699958385,5.220653789004458,0.5066615889975882,0,0,0
SIN0002350,POL005280,CLT04527,Santé,Soins courants,2024-09-20,2024-10-08,323,220,Ouvert,41,18,0,18,0,0,0.3036,647,1.4681818181818183,0.4992272024729521,0.4472063316243735,0,0,0
SIN0002351,POL005280,CLT04527,Santé,Optique,2022-07-12,2022-07-24,627,579,Ouvert,15,12,0,18,0,0,0.3036,647,1.0829015544041452,0.9690880989180835,0.4494192717645921,0,0,0
SIN0002352,POL005283,CLT00110,Habitation,Dégât des eaux,2023-12-31,2024-01-01,2398,1373,Fermé,5,1,0,41,1,1,0.2303,2834,1.7465404224326293,0.8461538461538461,0.4522573191299946,0,5,0
SIN0002353,POL005283,CLT00110,Habitation,Vol/Cambriolage,2024-07-28,2024-08-11,4509,2607,Ouvert,18,14,0,41,1,1,0.2303,2834,1.7295742232451092,1.5910374029640084,0.41096365011467956,0,3,0
SIN0002354,POL005284,CLT02559,Santé,Maternité,2024-05-26,2024-05-30,2326,1594,Fermé,16,4,0,33,3,1,0.15,644,1.4592220828105396,3.611801242236025,0.3985773857030477,0,0,0
SIN0002355,POL005286,CLT02891,Habitation,Catastrophe naturelle,2024-03-20,2024-04-08,13970,7990,Fermé,11,19,0,39,0,0,0.01,3122,1.7484355444305382,4.474695707879564,0.464113591377845,0,3,0
SIN0002356,POL005288,CLT01457,Auto,Accident matériel,2023-06-16,2023-07-12,2359,1557,Ouvert,18,26,0,39,1,0,0.1118,2172,1.515093127809891,1.08609576427256,0.40420217489991067,0,3,0
SIN0002357,POL005294,CLT00146,Auto,Accident matériel,2024-05-31,2024-06-05,2438,1686,Fermé,16,5,0,44,0,0,0.1248,1749,1.4460260972716488,1.393939393939394,0.40621548390316375,0,0,0
SIN0002358,POL005294,CLT00146,Auto,Accident corporel,2024-04-05,2024-04-13,7162,4412,Ouvert,33,8,0,44,0,0,0.1248,1749,1.6233000906618313,4.094911377930246,0.4191759736970589,0,3,0
SIN0002359,POL005296,CLT00146,Auto,Bris de glace,2024-10-05,2024-11-04,434,245,Ouvert,6,30,0,44,0,0,0.1248,1111,1.7714285714285714,0.39063906390639064,0.46670659541983056,0,3,0
SIN0002360,POL005299,CLT01526,Santé,Optique,2024-01-16,2024-01-25,164,105,Litigieux,162,9,0,60,0,0,0.3209,886,1.561904761904762,0.18510158013544017,0.5394827582242876,0,3,0
SIN0002361,POL005299,CLT01526,Santé,Dentaire,2023-04-12,2023-04-14,1053,885,Litigieux,50,2,0,60,0,0,0.3209,886,1.1898305084745762,1.1884875846501128,0.4636311141160154,0,0,0
SIN0002362,POL005300,CLT03533,Santé,Soins courants,2024-01-09,2024-01-27,244,159,Fermé,16,18,0,48,3,2,0.1192,1301,1.5345911949685536,0.18754803996925443,0.4237372846749287,0,3,0
SIN0002363,POL005300,CLT03533,Santé,Optique,2024-07-12,2024-07-18,522,410,Ouvert,3,6,0,48,3,2,0.1192,1301,1.273170731707317,0.4012298232129131,0.433722377806733,0,0,0
SIN0002364,POL005302,CLT02106,Habitation,Vol/Cambriolage,2022-08-01,2022-08-15,11783,8441,Fermé,15,14,0,45,5,0,0.098,1783,1.3959246534770762,6.608524957936063,0.42928335315121663,0,0,0
SIN0002365,POL005304,CLT01888,Habitation,Dégât des eaux,2024-01-03,2024-01-25,2082,1168,Litigieux,83,22,0,26,4,0,0.0236,1322,1.7825342465753424,1.5748865355521937,0.4839674304959236,0,3,0
SIN0002366,POL005311,CLT02821,Auto,Accident matériel,2022-11-22,2022-11-29,4782,3520,Ouvert,34,7,0,42,7,0,0.0997,838,1.3585227272727274,5.706443914081145,0.42033208196836314,0,0,0
SIN0002367,POL005312,CLT03539,Santé,Dentaire,2024-08-14,2024-08-29,457,279,Fermé,15,15,0,66,5,1,0.1398,650,1.6379928315412187,0.703076923076923,0.4447029819480195,0,3,0
SIN0002368,POL005312,CLT03539,Santé,Optique,2024-05-02,2024-05-07,236,173,Ouvert,33,5,0,66,5,1,0.1398,650,1.3641618497109826,0.3630769230769231,0.44301968115447593,0,0,0
SIN0002369,POL005314,CLT04142,Santé,Soins courants,2023-03-09,2023-04-07,159,125,Fermé,20,29,0,37,5,1,0.2171,637,1.272,0.24960753532182103,0.4376349055305935,0,0,0
SIN0002370,POL005333,CLT03237,Auto,Incendie,2024-10-10,2024-11-04,41300,33523,Ouvert,28,25,0,37,1,0,0.1462,975,1.2319899770306952,42.35897435897436,0.6135008570577888,1,3,1
SIN0002371,POL005334,CLT02787,Auto,Accident matériel,2021-11-25,2021-12-03,6153,3461,Fermé,24,8,0,46,6,1,0.1742,2100,1.777809881537128,2.93,0.43396041869415414,0,3,0
SIN0002372,POL005340,CLT04230,Auto,Accident matériel,2023-08-16,2023-09-10,1883,1072,Ouvert,56,25,0,69,4,1,0.0804,743,1.7565298507462686,2.534320323014805,0.502685281809972,0,3,0
SIN0002373,POL005341,CLT01019,Habitation,Catastrophe naturelle,2023-11-06,2023-11-18,23184,21147,Fermé,8,12,0,38,4,1,0.1602,1620,1.096325719960278,14.311111111111112,0.47763581535426763,0,0,0
SIN0002374,POL005346,CLT00571,Auto,Accident matériel,2024-08-09,2024-08-25,6761,6076,Fermé,29,16,0,48,5,0,0.01,1309,1.1127386438446347,5.165011459129106,0.4229551780375999,0,0,0
SIN0002375,POL005348,CLT01494,Santé,Soins courants,2024-07-19,2024-08-04,266,222,Fermé,12,16,0,53,2,2,0.3106,550,1.1981981981981982,0.48363636363636364,0.422066845185856,0,0,0
SIN0002376,POL005349,CLT04723,Habitation,Vol/Cambriolage,2023-05-06,2023-05-25,6555,5925,Fermé,15,19,0,31,8,1,0.0607,1602,1.1063291139240505,4.091760299625468,0.43711838037962575,0,0,0
SIN0002377,POL005351,CLT02237,Habitation,Catastrophe naturelle,2024-12-10,2024-12-16,11887,7169,Ouvert,42,6,0,44,1,1,0.1202,2980,1.658111312595899,3.9889261744966444,0.440141277750696,0,3,0
SIN0002378,POL005353,CLT02007,Habitation,Dégât des eaux,2022-06-08,2022-07-05,9337,5972,Fermé,23,27,0,58,4,2,0.3763,1992,1.5634628265237775,4.687248995983936,0.47917854956843486,0,3,0
SIN0002379,POL005357,CLT04590,Habitation,Dégât des eaux,2024-04-30,2024-05-23,2922,2163,Fermé,30,23,0,31,20,0,0.01,1764,1.3509015256588073,1.6564625850340136,0.4943531537289113,0,0,0
SIN0002380,POL005359,CLT02196,Santé,Optique,2023-08-19,2023-08-22,136,94,Fermé,28,3,0,44,5,2,0.3651,1101,1.446808510638298,0.12352406902815623,0.4528656452436136,0,0,0
SIN0002381,POL005359,CLT02196,Santé,Soins courants,2023-01-02,2023-01-06,192,176,Ouvert,54,4,0,44,5,2,0.3651,1101,1.0909090909090908,0.17438692098092642,0.4665594058571154,0,0,0
SIN0002382,POL005362,CLT03616,Auto,Bris de glace,2022-12-18,2023-01-14,450,277,Fermé,11,27,0,48,3,0,0.01,1695,1.6245487364620939,0.26548672566371684,0.43288200198620846,0,3,0
SIN0002383,POL005365,CLT03227,Auto,Accident matériel,2024-08-08,2024-08-08,4479,3056,Fermé,19,0,0,48,1,1,0.2963,1138,1.4656413612565444,3.9358523725834798,0.42689347687078766,0,2,0
SIN0002384,POL005367,CLT04182,Habitation,Dégât des eaux,2021-09-20,2021-10-07,3060,2846,Fermé,22,17,0,29,0,1,0.1948,2043,1.0751932536893887,1.497797356828194,0.40764575299988937,0,0,0
SIN0002385,POL005370,CLT02019,Habitation,Catastrophe naturelle,2022-01-06,2022-01-20,8967,8297,Fermé,17,14,0,57,4,1,0.1575,1329,1.0807520790647223,6.747178329571106,0.43213560323062067,0,0,0
SIN0002386,POL005374,CLT01493,Habitation,Catastrophe naturelle,2023-07-26,2023-07-27,12083,9334,Fermé,18,1,0,44,0,1,0.3094,2809,1.294514677523034,4.301530793876824,0.4470515308318046,0,2,0
SIN0002387,POL005377,CLT00860,Auto,Accident matériel,2024-04-25,2024-05-07,4401,3151,Fermé,17,12,0,46,0,1,0.1939,874,1.3966994604887337,5.035469107551488,0.3939791268281215,0,0,0
SIN0002388,POL005381,CLT04312,Auto,Accident matériel,2024-03-06,2024-03-29,4244,3937,Ouvert,26,23,0,26,2,1,0.2387,1114,1.077978155956312,3.809694793536804,0.42016500436213267,0,0,0
SIN0002389,POL005383,CLT02987,Auto,Accident matériel,2024-12-18,2024-12-31,1222,686,Ouvert,14,21,0,18,1,1,0.2197,1232,1.78134110787172,0.9918831168831169,0.45191836887034803,0,3,0
SIN0002390,POL005385,CLT04017,Habitation,Bris de glace,2023-11-08,2023-12-03,579,381,Fermé,9,25,0,56,2,0,0.01,2830,1.5196850393700787,0.20459363957597174,0.4267008147333587,0,3,0
SIN0002391,POL005386,CLT01240,Habitation,Catastrophe naturelle,2023-03-06,2023-04-02,13573,9854,Fermé,14,27,0,39,15,1,0.0673,1742,1.3774101887558352,7.791618828932262,0.5039614822804519,0,0,0
SIN0002392,POL005394,CLT04423,Habitation,Bris de glace,2023-04-03,2023-04-06,331,281,Fermé,20,3,0,50,13,0,0.0217,2085,1.1779359430604983,0.15875299760191847,0.45917025441942233,0,0,0
SIN0002393,POL005396,CLT00099,Auto,Accident corporel,2024-03-17,2024-04-03,11785,8508,Ouvert,58,17,0,19,0,4,0.3881,1034,1.3851669017395392,11.397485493230175,0.5615348878979814,1,2,0
SIN0002394,POL005399,CLT04354,Santé,Hospitalisation,2024-11-25,2024-12-09,2070,1344,Ouvert,46,14,0,26,1,0,0.2507,862,1.5401785714285714,2.4013921113689096,0.4237920475851555,0,3,0
SIN0002395,POL005400,CLT03147,Habitation,Vol/Cambriolage,2024-04-01,2024-04-24,5945,4313,Fermé,29,23,0,30,1,0,0.0713,1343,1.3783909111987016,4.426656738644825,0.40821488537192224,0,0,0
SIN0002396,POL005406,CLT04086,Auto,Accident matériel,2022-07-31,2022-08-06,2757,2358,Fermé,19,6,0,33,5,1,0.2132,2963,1.1692111959287532,0.9304758690516368,0.3968835788393899,0,0,0
SIN0002397,POL005410,CLT00623,Auto,Bris de glace,2024-07-11,2024-08-05,181,107,Litigieux,85,25,0,43,3,0,0.1145,1796,1.691588785046729,0.10077951002227171,0.48329691371249206,0,3,0
SIN0002398,POL005411,CLT03357,Auto,Vol,2024-07-17,2024-08-01,7352,6525,Fermé,16,15,0,47,2,1,0.3553,1926,1.1267432950191572,3.8172377985462096,0.42071413609200636,0,0,0
SIN0002399,POL005414,CLT04332,Habitation,Vol/Cambriolage,2022-11-27,2022-12-02,7098,3958,Fermé,23,5,0,62,0,0,0.3891,2112,1.7933299646286003,3.3607954545454546,0.5008201934009686,0,3,0
SIN0002400,POL005417,CLT02150,Auto,Bris de glace,2024-10-20,2024-10-24,175,140,Ouvert,57,4,0,59,0,1,0.4474,2539,1.25,0.06892477353288697,0.48205750424738764,0,0,0
SIN0002401,POL005419,CLT02777,Habitation,Dégât des eaux,2024-01-14,2024-01-20,4289,3762,Fermé,28,6,0,42,3,2,0.2503,1561,1.1400850611376927,2.7475976937860347,0.4153630035283824,0,0,0
SIN0002402,POL005421,CLT04221,Habitation,Dégât des eaux,2024-01-25,2024-02-22,9096,7708,Fermé,5,28,0,40,1,2,0.4181,1546,1.1800726517903477,5.883570504527814,0.502904295088694,0,0,0
SIN0002403,POL005425,CLT00234,Santé,Dentaire,2022-11-16,2022-11-17,1220,1068,Litigieux,150,1,0,46,5,2,0.2957,654,1.142322097378277,1.8654434250764527,0.5207064509994193,0,2,0
SIN0002404,POL005426,CLT02873,Habitation,Vol/Cambriolage,2024-10-25,2024-11-14,5183,3174,Ouvert,6,20,0,33,17,1,0.222,2122,1.632955261499685,2.442507068803016,0.4861901925370043,0,3,0
SIN0002405,POL005431,CLT03047,Santé,Maternité,2024-10-04,2024-10-08,1586,994,Ouvert,13,4,0,18,4,2,0.1732,714,1.595573440643863,2.2212885154061626,0.45480106369239753,0,3,0
SIN0002406,POL005434,CLT00984,Habitation,Catastrophe naturelle,2024-07-09,2024-07-27,6424,5717,Fermé,14,18,0,65,2,0,0.1161,2721,1.1236662585271995,2.3608967291436973,0.43312468557238454,0,0,0
SIN0002407,POL005439,CLT03583,Santé,Optique,2024-12-15,2024-12-31,306,216,Ouvert,28,26,0,58,3,0,0.0224,828,1.4166666666666667,0.3695652173913043,0.4290757930718539,0,0,0
SIN0002408,POL005440,CLT04665,Santé,Optique,2023-01-27,2023-02-03,222,127,Fermé,27,7,0,60,3,0,0.2176,1301,1.7480314960629921,0.1706379707916987,0.4584313661773636,0,3,0
SIN0002409,POL005441,CLT00092,Habitation,Dégât des eaux,2024-07-23,2024-07-29,8265,4732,Litigieux,173,6,0,72,3,1,0.0933,2927,1.7466187658495351,2.823710283566792,0.572170680319776,1,3,1
SIN0002410,POL005444,CLT00142,Santé,Soins courants,2023-05-04,2023-06-02,460,366,Fermé,19,29,0,32,1,1,0.01,788,1.2568306010928962,0.583756345177665,0.43837818764288145,0,0,0
SIN0002411,POL005444,CLT00142,Santé,Dentaire,2023-02-18,2023-03-20,1874,1170,Fermé,7,30,0,32,1,1,0.01,788,1.6017094017094018,2.3781725888324874,0.46437133586518653,0,3,0
SIN0002412,POL005445,CLT01209,Auto,Accident matériel,2023-12-26,2024-01-04,2631,1454,Fermé,18,9,0,50,1,0,0.1514,894,1.8094910591471802,2.942953020134228,0.42832394256681283,0,3,0
SIN0002413,POL005446,CLT02373,Auto,Accident matériel,2024-09-07,2024-10-05,2976,2468,Ouvert,58,28,0,25,6,0,0.1536,1183,1.2058346839546192,2.5156382079459,0.456551805603331,0,0,0
SIN0002414,POL005447,CLT00643,Habitation,Incendie,2023-06-21,2023-07-08,36496,25276,Fermé,8,17,0,67,1,0,0.0682,1687,1.4438993511631588,21.633669235328988,0.5639889452684003,1,3,1
SIN0002415,POL005451,CLT02492,Auto,Vol,2022-10-19,2022-10-31,3814,3410,Fermé,24,12,0,25,3,0,0.0742,861,1.118475073313783,4.429732868757259,0.41464694081411757,0,0,0
SIN0002416,POL005451,CLT02492,Auto,Vol,2024-08-15,2024-09-12,16054,10942,Fermé,30,28,0,25,3,0,0.0742,861,1.4671906415646134,18.64576074332172,0.5054949804698045,0,0,0
SIN0002417,POL005454,CLT00273,Habitation,Vol/Cambriolage,2022-01-21,2022-02-19,6844,4562,Fermé,28,29,0,55,3,0,0.1008,1626,1.5002192021043401,4.2091020910209105,0.4328557396043351,0,3,0
SIN0002418,POL005473,CLT00175,Auto,Vol,2023-12-03,2023-12-21,2800,1617,Fermé,15,18,0,32,3,0,0.01,2436,1.7316017316017316,1.1494252873563218,0.4215201064754554,0,3,0
SIN0002419,POL005477,CLT00732,Auto,Vol,2024-01-05,2024-01-23,5459,4643,Fermé,25,18,0,18,11,2,0.3142,917,1.1757484385095842,5.953107960741549,0.4930659707081567,0,0,0
SIN0002420,POL005484,CLT02400,Habitation,Dégât des eaux,2022-11-20,2022-12-19,4251,2876,Ouvert,44,29,0,49,7,0,0.01,2403,1.478094575799722,1.7690387016229714,0.4501211751063569,0,0,0
SIN0002421,POL005485,CLT04178,Santé,Optique,2024-02-13,2024-03-06,391,262,Fermé,5,22,0,47,0,0,0.165,781,1.4923664122137406,0.5006402048655569,0.4069578182239643,0,0,0
SIN0002422,POL005487,CLT01508,Auto,Accident corporel,2024-08-05,2024-08-09,10546,7976,Fermé,9,4,0,26,1,2,0.4202,1822,1.3222166499498496,5.7881448957189905,0.48070691028667506,0,0,0
SIN0002423,POL005489,CLT00333,Habitation,Vol/Cambriolage,2024-12-23,2024-12-31,11852,8214,Ouvert,29,9,0,25,1,1,0.186,1292,1.4429023618212808,9.173374613003096,0.432999850157294,0,0,0
SIN0002424,POL005489,CLT00333,Habitation,Incendie,2022-05-19,2022-05-21,18001,12806,Fermé,29,2,0,25,1,1,0.186,1292,1.4056692175542715,13.93266253869969,0.4741397768060374,0,0,0
SIN0002425,POL005493,CLT03585,Auto,Accident matériel,2023-11-10,2023-11-10,1917,1190,Fermé,22,0,0,54,3,1,0.1556,1547,1.6109243697478992,1.2391725921137686,0.4302728450476015,0,5,0
SIN0002426,POL005499,CLT01258,Auto,Accident matériel,2023-05-19,2023-05-27,3253,2815,Fermé,12,8,0,46,3,0,0.2178,816,1.155595026642984,3.986519607843137,0.4050149133401743,0,0,0
SIN0002427,POL005508,CLT03420,Auto,Accident corporel,2022-11-10,2022-11-18,25176,15486,Fermé,14,8,0,18,4,0,0.0898,2535,1.625726462611391,9.931360946745562,0.49384301583012147,0,3,0
SIN0002428,POL005510,CLT04098,Habitation,Dégât des eaux,2024-09-17,2024-10-03,3431,2006,Ouvert,17,16,0,60,0,2,0.3267,1308,1.7103688933200398,2.6230886850152904,0.4509977117476587,0,3,0
SIN0002429,POL005511,CLT02342,Habitation,Incendie,2024-04-13,2024-04-14,23438,15057,Fermé,23,1,0,21,7,0,0.1915,1610,1.556618184233247,14.557763975155279,0.525757636139439,0,5,0
SIN0002430,POL005512,CLT04697,Habitation,Dégât des eaux,2024-02-09,2024-02-29,1845,1347,Fermé,6,20,0,18,2,1,0.31,1222,1.3697104677060135,1.5098199672667758,0.4322381204173048,0,0,0
SIN0002431,POL005516,CLT02560,Santé,Optique,2024-05-21,2024-06-04,195,162,Ouvert,39,14,0,42,1,0,0.1078,1919,1.2037037037037037,0.10161542470036478,0.4051625231232773,0,0,0
SIN0002432,POL005516,CLT02560,Santé,Dentaire,2023-05-14,2023-05-23,684,436,Fermé,28,9,0,42,1,0,0.1078,1919,1.5688073394495412,0.3564356435643564,0.40330053429379564,0,3,0
SIN0002433,POL005517,CLT03981,Auto,Accident corporel,2024-11-24,2024-12-12,17128,15172,Ouvert,12,18,0,30,0,2,0.3504,1125,1.1289216978644872,15.22488888888889,0.4951735841733305,0,0,0
SIN0002434,POL005519,CLT01567,Auto,Bris de glace,2023-08-03,2023-08-12,662,556,Ouvert,2,9,0,28,0,0,0.01,988,1.1906474820143884,0.6700404858299596,0.4361429540023465,0,0,0
SIN0002435,POL005534,CLT01238,Santé,Dentaire,2024-07-06,2024-08-02,630,574,Fermé,16,27,0,39,1,0,0.01,495,1.0975609756097562,1.2727272727272727,0.43703764488425717,0,0,0
SIN0002436,POL005534,CLT01238,Santé,Hospitalisation,2024-10-30,2024-11-20,4327,3395,Ouvert,7,21,0,39,1,0,0.01,495,1.274521354933726,8.741414141414142,0.42037136882748677,0,0,0
SIN0002437,POL005536,CLT03304,Auto,Accident matériel,2024-08-25,2024-09-18,4510,4063,Fermé,22,24,0,45,5,0,0.01,816,1.1100172286487817,5.526960784313726,0.4285527258856307,0,0,0
SIN0002438,POL005537,CLT00038,Santé,Soins courants,2023-06-15,2023-07-15,339,318,Fermé,30,30,0,60,9,2,0.1233,725,1.0660377358490567,0.4675862068965517,0.5092848909471033,0,0,0
SIN0002439,POL005538,CLT03598,Habitation,Catastrophe naturelle,2024-06-20,2024-07-16,37815,26260,Fermé,22,26,0,20,4,0,0.2094,1323,1.44002284843869,28.582766439909296,0.5830330818580232,1,3,1
SIN0002440,POL005539,CLT00620,Auto,Vol,2022-08-25,2022-09-16,4505,4113,Fermé,18,22,0,38,1,0,0.1325,2079,1.0953075613907124,2.166907166907167,0.3998399987318187,0,0,0
SIN0002441,POL005542,CLT02613,Habitation,Vol/Cambriolage,2023-12-29,2024-01-20,5495,5074,Fermé,18,22,0,35,2,0,0.1397,1881,1.0829720141899881,2.921318447634237,0.4048127750498419,0,0,0
SIN0002442,POL005545,CLT01820,Habitation,Dégât des eaux,2024-06-17,2024-06-26,6766,6276,Fermé,23,9,0,50,9,3,0.319,3208,1.0780752071383046,2.1091022443890273,0.495202934058457,0,2,0
SIN0002443,POL005546,CLT02994,Santé,Optique,2024-12-21,2024-12-31,238,162,Ouvert,4,17,0,40,8,0,0.01,735,1.4691358024691359,0.3238095238095238,0.43535087268841105,0,0,0
SIN0002444,POL005549,CLT00692,Auto,Bris de glace,2024-04-04,2024-04-06,428,291,Fermé,5,2,0,18,4,0,0.2024,1025,1.470790378006873,0.4175609756097561,0.43821369185839404,0,0,0
SIN0002445,POL005554,CLT04508,Santé,Optique,2023-10-23,2023-11-03,696,616,Litigieux,75,11,0,18,3,0,0.1736,633,1.12987012987013,1.099526066350711,0.4659957080366056,0,0,0
SIN0002446,POL005555,CLT00814,Santé,Soins courants,2023-12-23,2024-01-03,162,116,Fermé,20,11,0,41,3,0,0.01,1542,1.396551724137931,0.10505836575875487,0.4121298957725433,0,0,0
SIN0002447,POL005559,CLT04624,Santé,Soins courants,2023-06-08,2023-07-05,171,102,Ouvert,58,27,0,30,0,1,0.1192,1146,1.6764705882352942,0.14921465968586387,0.4789673817285008,0,3,0
SIN0002448,POL005561,CLT04370,Auto,Accident matériel,2023-08-15,2023-09-12,2816,1930,Ouvert,33,28,0,45,16,1,0.1322,1465,1.4590673575129534,1.9221843003412968,0.48167815287323024,0,0,0
SIN0002449,POL005561,CLT04370,Auto,Accident corporel,2023-04-25,2023-05-04,15768,11500,Fermé,18,9,0,45,16,1,0.1322,1465,1.3711304347826088,10.763139931740614,0.4965695909944926,0,0,0
SIN0002450,POL005562,CLT01344,Auto,Bris de glace,2024-07-29,2024-08-09,317,237,Fermé,23,11,0,34,0,0,0.01,1019,1.3375527426160339,0.31108930323846906,0.4067787465008082,0,0,0
SIN0002451,POL005562,CLT01344,Auto,Accident matériel,2024-08-18,2024-08-19,3093,2843,Fermé,25,1,0,34,0,0,0.01,1019,1.0879352796341892,3.0353287536800786,0.4484008353489077,0,2,0
SIN0002452,POL005569,CLT04339,Habitation,Vol/Cambriolage,2023-10-26,2023-11-16,3390,2766,Litigieux,151,21,0,59,3,2,0.1362,1318,1.2255965292841648,2.5720789074355084,0.520699789686134,0,0,0
SIN0002453,POL005570,CLT04366,Auto,Vol,2022-01-21,2022-02-19,12388,7536,Fermé,30,29,0,42,4,1,0.015,884,1.6438428874734607,14.013574660633484,0.49174317431185344,0,3,0
SIN0002454,POL005570,CLT04366,Auto,Accident matériel,2023-07-25,2023-08-09,5288,4691,Fermé,5,15,0,42,4,1,0.015,884,1.1272649754849713,5.981900452488688,0.4250125511327675,0,0,0
SIN0002455,POL005572,CLT02687,Auto,Bris de glace,2024-11-26,2024-12-10,324,227,Ouvert,53,14,0,25,0,2,0.3103,788,1.4273127753303965,0.41116751269035534,0.45596651812682554,0,0,0
SIN0002456,POL005575,CLT02551,Auto,Accident matériel,2024-03-28,2024-04-09,4383,3123,Fermé,10,12,0,55,1,0,0.1691,804,1.4034582132564841,5.451492537313433,0.401974467072662,0,0,0
SIN0002457,POL005581,CLT00257,Habitation,Catastrophe naturelle,2024-12-25,2024-12-31,5944,3381,Ouvert,8,27,0,41,1,1,0.3073,1609,1.7580597456373854,3.6942200124300806,0.4534957537488243,0,3,0
SIN0002458,POL005581,CLT00257,Habitation,Dégât des eaux,2023-02-18,2023-02-28,2237,1972,Fermé,6,10,0,41,1,1,0.3073,1609,1.1343813387423936,1.3903045369794904,0.40815844132602397,0,0,0
SIN0002459,POL005581,CLT00257,Habitation,Catastrophe naturelle,2022-06-21,2022-06-22,9306,8709,Fermé,28,1,0,41,1,1,0.3073,1609,1.0685497760936962,5.783716594157862,0.4594899224912971,0,2,0
SIN0002460,POL005582,CLT01187,Auto,Accident corporel,2022-05-08,2022-05-12,9381,5636,Fermé,11,4,0,41,3,1,0.1564,2461,1.6644783534421577,3.8118650954896385,0.4266828821556797,0,3,0
SIN0002461,POL005585,CLT02168,Auto,Accident matériel,2023-02-21,2023-02-27,7926,5521,Fermé,5,6,0,46,1,1,0.237,914,1.435609491034233,8.671772428884026,0.42735642820336783,0,0,0
SIN0002462,POL005586,CLT00743,Santé,Soins courants,2024-10-18,2024-10-27,368,229,Ouvert,48,9,0,37,2,0,0.097,895,1.6069868995633187,0.4111731843575419,0.41817850313921145,0,3,0
SIN0002463,POL005587,CLT00059,Santé,Dentaire,2024-01-19,2024-02-03,478,317,Ouvert,58,15,0,56,1,0,0.0271,826,1.5078864353312302,0.5786924939467313,0.42798063795265173,0,3,0
SIN0002464,POL005588,CLT03140,Auto,Accident corporel,2024-05-30,2024-06-05,14483,8589,Fermé,17,6,0,47,1,0,0.1213,1588,1.6862265688671556,9.120277078085643,0.4495620295940966,0,3,0
SIN0002465,POL005594,CLT04692,Auto,Bris de glace,2024-07-15,2024-07-18,740,540,Fermé,14,3,0,42,0,0,0.1165,1722,1.3703703703703705,0.429732868757259,0.4091584049420154,0,0,0
SIN0002466,POL005595,CLT00096,Auto,Accident matériel,2023-08-26,2023-09-02,3381,1930,Ouvert,20,7,0,23,10,1,0.2991,1902,1.7518134715025906,1.777602523659306,0.4713170172580243,0,3,0
SIN0002467,POL005598,CLT03541,Auto,Accident corporel,2022-03-30,2022-04-21,15688,9224,Ouvert,46,22,0,46,1,0,0.0336,933,1.7007805724197744,16.814576634512324,0.49630753209756656,0,3,0
SIN0002468,POL005599,CLT00231,Auto,Accident corporel,2024-03-02,2024-03-28,47586,37803,Fermé,16,26,0,51,2,1,0.1701,936,1.2587889850011904,50.83974358974359,0.6370190440479905,1,3,1
SIN0002469,POL005602,CLT03001,Santé,Dentaire,2023-11-18,2023-12-11,893,709,Fermé,18,23,0,41,0,1,0.3983,813,1.2595204513399154,1.09840098400984,0.4204135308401213,0,0,0
SIN0002470,POL005603,CLT02466,Habitation,Vol/Cambriolage,2022-10-14,2022-10-20,13443,11745,Litigieux,44,6,0,31,3,1,0.3495,1080,1.1445721583652617,12.447222222222223,0.47769219358537196,0,0,0
SIN0002471,POL005603,CLT02466,Habitation,Dégât des eaux,2021-07-27,2021-08-02,6957,5609,Ouvert,3,6,0,31,3,1,0.3495,1080,1.240328044214655,6.441666666666666,0.44645413464616107,0,0,0
SIN0002472,POL005603,CLT02466,Habitation,Vol/Cambriolage,2023-05-20,2023-06-06,6744,4960,Ouvert,33,17,0,31,3,1,0.3495,1080,1.3596774193548387,6.2444444444444445,0.4256445506282509,0,0,0
SIN0002473,POL005607,CLT04294,Habitation,Dégât des eaux,2024-09-08,2024-09-19,4869,4472,Fermé,5,11,0,54,11,0,0.0938,1547,1.0887745974955276,3.147382029734971,0.45759950018779605,0,0,0
SIN0002474,POL005609,CLT00929,Auto,Bris de glace,2023-09-06,2023-09-10,345,312,Fermé,16,4,0,31,12,0,0.01,1027,1.1057692307692308,0.3359298928919182,0.4561808035694803,0,0,0
SIN0002475,POL005610,CLT02399,Habitation,Bris de glace,2024-07-18,2024-08-08,626,512,Fermé,28,21,0,59,2,1,0.0555,2143,1.22265625,0.2921138590760616,0.4163893365074136,0,0,0
SIN0002476,POL005610,CLT02399,Habitation,Vol/Cambriolage,2024-09-19,2024-09-27,6040,3713,Fermé,23,8,0,59,2,1,0.0555,2143,1.6267169404793966,2.818478768082128,0.4240715338016983,0,3,0
SIN0002477,POL005613,CLT00005,Habitation,Vol/Cambriolage,2024-12-12,2024-12-20,6479,4692,Ouvert,29,8,0,29,2,1,0.0388,1564,1.380861040068201,4.142583120204604,0.4138855765910129,0,0,0
SIN0002478,POL005616,CLT00744,Santé,Maternité,2022-11-01,2022-11-07,1205,948,Fermé,24,6,0,50,4,0,0.0757,893,1.271097046413502,1.349384098544233,0.4022146747346674,0,0,0
SIN0002479,POL005616,CLT00744,Santé,Dentaire,2024-06-22,2024-07-04,462,437,Fermé,16,12,0,50,4,0,0.0757,893,1.05720823798627,0.5173572228443449,0.4194409376091371,0,0,0
SIN0002480,POL005618,CLT01030,Habitation,Dégât des eaux,2024-08-07,2024-08-17,4514,2828,Ouvert,4,10,0,28,0,0,0.1982,1824,1.5961810466760962,2.474780701754386,0.4206537866864784,0,3,0
SIN0002481,POL005623,CLT03586,Habitation,Catastrophe naturelle,2023-01-06,2023-01-06,20443,12767,Fermé,5,0,0,60,2,3,0.5688,2527,1.6012375655988094,8.089829837752275,0.6008421958022868,1,7,1
SIN0002482,POL005623,CLT03586,Habitation,Dégât des eaux,2024-02-27,2024-03-20,2255,1359,Fermé,20,22,0,60,2,3,0.5688,2527,1.6593083149374541,0.8923624851602691,0.5306010180520506,0,5,0
SIN0002483,POL005623,CLT03586,Habitation,Bris de glace,2024-07-09,2024-07-30,895,548,Fermé,27,21,0,60,2,3,0.5688,2527,1.6332116788321167,0.3541749109616146,0.5318754501271269,0,5,0
SIN0002484,POL005623,CLT03586,Habitation,Dégât des eaux,2024-04-18,2024-04-29,9361,6468,Fermé,10,11,0,60,2,3,0.5688,2527,1.4472789115646258,3.704392560348239,0.5259616878993421,0,2,0
SIN0002485,POL005626,CLT02390,Habitation,Bris de glace,2023-05-19,2023-05-31,514,335,Fermé,22,12,0,48,2,1,0.1498,2431,1.5343283582089553,0.21143562320032908,0.39912834033651495,0,3,0
SIN0002486,POL005626,CLT02390,Habitation,Dégât des eaux,2023-11-19,2023-12-17,3540,2496,Litigieux,55,28,0,48,2,1,0.1498,2431,1.4182692307692308,1.4561908679555737,0.4326736266628384,0,0,0
SIN0002487,POL005626,CLT02390,Habitation,Dégât des eaux,2022-06-12,2022-07-02,5961,4437,Fermé,8,20,0,48,2,1,0.1498,2431,1.343475321162948,2.4520773344302755,0.396227038513496,0,0,0
SIN0002488,POL005627,CLT04327,Auto,Vol,2021-07-30,2021-08-22,6909,4138,Fermé,21,23,0,20,1,0,0.1525,926,1.6696471725471242,7.461123110151188,0.44982548761807006,0,3,0
SIN0002489,POL005629,CLT04188,Auto,Bris de glace,2024-04-16,2024-04-16,526,404,Fermé,19,0,0,35,0,1,0.1032,992,1.301980198019802,0.530241935483871,0.42808522368179447,0,2,0
SIN0002490,POL005634,CLT02215,Habitation,Catastrophe naturelle,2024-08-04,2024-08-24,33780,20786,Fermé,28,20,0,60,0,0,0.1422,1337,1.6251323005869336,25.265519820493644,0.543300737102785,0,6,0
SIN0002491,POL005635,CLT02651,Habitation,Dégât des eaux,2022-10-10,2022-11-03,11661,7717,Fermé,19,24,0,24,0,1,0.1627,1416,1.5110794350136063,8.235169491525424,0.4366594808820847,0,3,0
SIN0002492,POL005636,CLT01747,Habitation,Catastrophe naturelle,2023-04-26,2023-05-22,23703,19702,Fermé,23,26,0,55,0,1,0.4566,3294,1.2030758298649884,7.195810564663024,0.5249200573698327,0,0,0
SIN0002493,POL005636,CLT01747,Habitation,Incendie,2022-07-26,2022-07-29,25696,17468,Fermé,12,3,0,55,0,1,0.4566,3294,1.4710327455919396,7.800850030358227,0.5280478574282312,0,0,0
SIN0002494,POL005637,CLT02381,Habitation,Vol/Cambriolage,2023-01-12,2023-02-08,7467,4168,Fermé,19,27,0,44,6,1,0.2918,2307,1.791506717850288,3.2366710013003903,0.48035791117782445,0,3,0
SIN0002495,POL005637,CLT02381,Habitation,Catastrophe naturelle,2023-04-04,2023-04-10,17723,13969,Fermé,15,6,0,44,6,1,0.2918,2307,1.2687379196792898,7.682271348071088,0.4596618864395981,0,0,0
SIN0002496,POL005638,CLT00098,Santé,Soins courants,2024-04-26,2024-05-08,290,187,Fermé,10,12,0,18,14,2,0.3914,1104,1.5508021390374331,0.26268115942028986,0.5146808439896463,0,3,0
SIN0002497,POL005641,CLT00113,Auto,Bris de glace,2023-04-03,2023-04-11,631,493,Litigieux,42,8,0,34,0,0,0.0207,1725,1.279918864097363,0.36579710144927535,0.4189355708831141,0,0,0
SIN0002498,POL005650,CLT02937,Auto,Accident matériel,2023-11-12,2023-11-30,5040,3325,Fermé,27,18,0,18,0,0,0.1496,983,1.5157894736842106,5.127161749745676,0.4352750690101556,0,3,0
SIN0002499,POL005650,CLT02937,Auto,Accident matériel,2024-07-01,2024-07-03,3464,2769,Fermé,15,2,0,18,0,0,0.1496,983,1.250993138317082,3.523906408952187,0.4272400271312226,0,0,0
SIN0002500,POL005653,CLT03250,Santé,Hospitalisation,2024-06-06,2024-06-11,15366,9781,Fermé,20,5,0,59,0,1,0.2087,1160,1.5710050097127084,13.24655172413793,0.461663426962122,0,3,0
SIN0002501,POL005657,CLT04365,Santé,Maternité,2022-10-20,2022-10-20,2906,2497,Litigieux,165,0,0,47,14,2,0.3412,1195,1.1637965558670404,2.4317991631799165,0.5766910422814624,1,2,0
SIN0002502,POL005658,CLT01650,Auto,Accident corporel,2023-09-30,2023-10-20,11100,7639,Fermé,27,20,0,38,3,0,0.0361,925,1.4530697735305669,12.0,0.444573618584008,0,0,0
SIN0002503,POL005660,CLT01313,Auto,Accident corporel,2023-07-03,2023-07-30,10846,7532,Fermé,12,27,0,54,7,0,0.0854,3185,1.4399893786510887,3.405337519623234,0.4558513144339439,0,0,0
SIN0002504,POL005662,CLT02819,Santé,Soins courants,2024-11-02,2024-12-01,267,210,Ouvert,46,29,0,38,2,1,0.1923,1374,1.2714285714285714,0.1943231441048035,0.4354175663525684,0,0,0
SIN0002505,POL005669,CLT02356,Auto,Bris de glace,2024-01-24,2024-02-02,485,420,Fermé,25,9,0,41,6,2,0.1591,859,1.1547619047619047,0.5646100116414435,0.4254257688067989,0,0,0
SIN0002506,POL005674,CLT02853,Habitation,Dégât des eaux,2022-05-04,2022-05-31,7075,4968,Fermé,21,27,0,37,8,1,0.2103,1534,1.4241143317230274,4.612125162972621,0.43575702539759364,0,0,0
SIN0002507,POL005676,CLT00836,Habitation,Dégât des eaux,2023-06-06,2023-06-29,6969,3875,Fermé,27,23,0,49,0,0,0.0186,2443,1.7984516129032257,2.852640196479738,0.44643548977175745,0,3,0
SIN0002508,POL005677,CLT00416,Auto,Accident matériel,2023-08-27,2023-09-11,3061,2483,Fermé,23,15,0,49,8,2,0.238,1376,1.2327829238824004,2.224563953488372,0.4286153963560486,0,0,0
SIN0002509,POL005677,CLT00416,Auto,Bris de glace,2024-10-09,2024-10-29,455,267,Ouvert,40,20,0,49,8,2,0.238,1376,1.7041198501872659,0.33066860465116277,0.4730094876926482,0,3,0
SIN0002510,POL005678,CLT00364,Auto,Bris de glace,2024-07-06,2024-07-25,501,327,Fermé,9,19,0,34,4,0,0.3158,875,1.5321100917431192,0.5725714285714286,0.4250349588522258,0,3,0
SIN0002511,POL005679,CLT04304,Santé,Hospitalisation,2023-08-26,2023-09-21,4203,3588,Fermé,30,26,0,29,3,0,0.2396,2001,1.1714046822742474,2.100449775112444,0.4228393540910461,0,0,0
SIN0002512,POL005686,CLT00915,Auto,Accident matériel,2024-10-04,2024-10-04,7889,5797,Ouvert,53,0,0,54,20,0,0.01,2133,1.3608763153355183,3.6985466479137363,0.5466826761550622,0,2,0
SIN0002513,POL005688,CLT04883,Auto,Accident matériel,2022-08-28,2022-09-20,3015,1880,Fermé,5,23,0,52,1,0,0.01,979,1.6037234042553192,3.0796731358529112,0.42072953015707637,0,3,0
SIN0002514,POL005688,CLT04883,Auto,Accident matériel,2023-01-01,2023-01-20,1318,1086,Fermé,8,19,0,52,1,0,0.01,979,1.2136279926335174,1.3462717058222675,0.41042534333236846,0,0,0
SIN0002515,POL005690,CLT04904,Habitation,Dégât des eaux,2023-12-21,2024-01-07,3132,1931,Litigieux,66,17,0,31,4,2,0.1567,2969,1.6219575349559814,1.0549006399461098,0.451808360153474,0,3,0
SIN0002516,POL005693,CLT02050,Habitation,Vol/Cambriolage,2024-03-01,2024-03-16,2081,1498,Fermé,12,15,0,18,0,0,0.2296,1457,1.3891855807743658,1.428277282086479,0.41922190890389827,0,0,0
SIN0002517,POL005701,CLT04223,Habitation,Dégât des eaux,2024-04-18,2024-05-17,3217,1816,Litigieux,58,29,0,43,1,2,0.2551,1066,1.77147577092511,3.0178236397748592,0.4912484760146699,0,3,0
SIN0002518,POL005705,CLT01909,Auto,Incendie,2024-12-03,2024-12-31,18166,14855,Ouvert,39,29,0,35,0,0,0.1543,1260,1.2228879165264221,14.417460317460318,0.4875500856755667,0,0,0
SIN0002519,POL005707,CLT01805,Auto,Accident matériel,2022-04-07,2022-04-08,2260,2134,Fermé,30,1,0,38,5,0,0.1369,890,1.0590440487347703,2.539325842696629,0.4522162682455985,0,2,0
SIN0002520,POL005713,CLT02215,Auto,Vol,2021-10-03,2021-10-10,11644,8878,Fermé,7,7,0,60,0,0,0.1422,1412,1.3115566569047084,8.246458923512748,0.45114915997912214,0,0,0
SIN0002521,POL005719,CLT03906,Habitation,Dégât des eaux,2024-08-08,2024-08-08,4588,3851,Fermé,16,0,0,28,10,3,0.2434,2230,1.1913788626330823,2.0573991031390135,0.5083276091253126,0,4,0
SIN0002522,POL005724,CLT01520,Auto,Incendie,2023-12-08,2023-12-25,22758,15470,Ouvert,11,17,0,48,0,0,0.01,739,1.4711053652230124,30.795669824086602,0.5219419062230995,0,0,0
SIN0002523,POL005725,CLT02962,Santé,Hospitalisation,2024-03-29,2024-04-27,5921,3378,Fermé,21,29,0,49,4,0,0.147,1467,1.7528123149792776,4.03612815269257,0.45057714477097055,0,3,0
SIN0002524,POL005729,CLT00197,Auto,Accident matériel,2023-01-20,2023-01-27,3917,3161,Litigieux,115,7,0,27,5,0,0.1778,2385,1.2391648212590953,1.6423480083857442,0.4808892151892729,0,0,0
SIN0002525,POL005730,CLT00273,Auto,Accident matériel,2022-10-03,2022-11-01,6227,3845,Ouvert,58,29,0,55,3,0,0.1008,1687,1.6195058517555267,3.6911677534084175,0.4544966304566359,0,3,0
SIN0002526,POL005731,CLT03922,Auto,Accident corporel,2023-05-16,2023-06-13,27375,22871,Fermé,30,28,0,45,1,0,0.01,789,1.196930610817192,34.6958174904943,0.5830309698923668,1,3,1
SIN0002527,POL005733,CLT00402,Auto,Accident corporel,2022-06-30,2022-07-17,11358,8603,Fermé,25,17,0,70,0,2,0.1932,2034,1.3202371265837498,5.584070796460177,0.4751200594656299,0,0,0
SIN0002528,POL005740,CLT00731,Santé,Optique,2022-02-22,2022-03-23,237,154,Fermé,12,29,0,63,0,1,0.2602,606,1.5389610389610389,0.3910891089108911,0.4710174223805833,0,3,0
SIN0002529,POL005741,CLT03147,Auto,Bris de glace,2024-12-02,2024-12-04,461,276,Ouvert,21,2,0,30,1,0,0.0713,1397,1.6702898550724639,0.3299928418038654,0.43250366625041253,0,3,0
SIN0002530,POL005742,CLT00963,Auto,Vol,2024-02-17,2024-03-15,12922,8757,Ouvert,32,27,0,40,0,3,0.5665,782,1.4756195043964828,16.524296675191817,0.5748335489681089,1,2,0
SIN0002531,POL005742,CLT00963,Auto,Accident matériel,2021-12-06,2022-01-04,1769,1625,Fermé,14,29,0,40,0,3,0.5665,782,1.0886153846153845,2.262148337595908,0.53984734045694,0,2,0
SIN0002532,POL005742,CLT00963,Auto,Accident matériel,2023-01-31,2023-02-10,1856,1177,Fermé,22,10,0,40,0,3,0.5665,782,1.5768903993203058,2.373401534526854,0.5104432180116593,0,5,0
SIN0002533,POL005742,CLT00963,Auto,Accident matériel,2024-01-16,2024-02-11,2019,1440,Fermé,29,26,0,40,0,3,0.5665,782,1.4020833333333333,2.581841432225064,0.5167664608652063,0,2,0
SIN0002534,POL005746,CLT00832,Habitation,Bris de glace,2024-04-14,2024-05-13,167,117,Ouvert,35,29,0,54,2,0,0.0939,2327,1.4273504273504274,0.07176622260421144,0.4394385180786761,0,0,0
SIN0002535,POL005752,CLT04166,Santé,Soins courants,2021-10-15,2021-10-21,385,312,Litigieux,72,6,0,50,2,1,0.2613,598,1.233974358974359,0.6438127090301003,0.4406857674334364,0,0,0
SIN0002536,POL005753,CLT01984,Santé,Soins courants,2023-02-24,2023-03-20,169,96,Fermé,9,24,0,46,3,1,0.0865,640,1.7604166666666667,0.2640625,0.44046076638576986,0,3,0
SIN0002537,POL005759,CLT03320,Auto,Accident corporel,2024-09-08,2024-09-27,19932,16013,Fermé,9,19,0,33,5,2,0.2282,2483,1.2447386498469992,8.027386226339106,0.47236054977392106,0,0,0
SIN0002538,POL005760,CLT02370,Habitation,Incendie,2024-10-17,2024-10-26,15776,9073,Ouvert,25,9,0,44,4,1,0.122,2533,1.738785407252287,6.228187919463087,0.4573252980585316,0,3,0
SIN0002539,POL005761,CLT00150,Habitation,Dégât des eaux,2023-11-28,2023-12-08,5763,4751,Fermé,13,10,0,55,4,1,0.2574,2017,1.21300778783414,2.8572136836886464,0.40530817283343834,0,0,0
SIN0002540,POL005763,CLT01686,Habitation,Dégât des eaux,2024-12-28,2024-12-29,3470,1913,Ouvert,47,1,0,65,1,2,0.2077,1282,1.8139048614741244,2.706708268330733,0.5056143130703565,0,5,0
SIN0002541,POL005765,CLT03469,Auto,Vol,2023-11-04,2023-11-04,7083,4304,Fermé,21,0,0,49,1,0,0.2502,1218,1.64567843866171,5.815270935960591,0.4485765963947822,0,5,0
SIN0002542,POL005765,CLT03469,Auto,Accident matériel,2024-04-15,2024-05-08,4079,3273,Fermé,5,23,0,49,1,0,0.2502,1218,1.2462572563397494,3.3489326765188836,0.4115940164956352,0,0,0
SIN0002543,POL005768,CLT02074,Auto,Bris de glace,2024-12-13,2024-12-31,869,531,Ouvert,17,21,0,35,1,2,0.1835,1689,1.6365348399246704,0.5145056246299585,0.4303536216982221,0,3,0
SIN0002544,POL005772,CLT01742,Habitation,Dégât des eaux,2024-10-11,2024-10-27,5229,4879,Ouvert,31,16,0,38,7,1,0.0801,1373,1.0717360114777619,3.808448652585579,0.4206084765383564,0,0,0
SIN0002545,POL005776,CLT00150,Habitation,Dégât des eaux,2024-05-13,2024-06-06,3460,3141,Ouvert,58,24,0,55,4,1,0.2574,1150,1.1015600127347978,3.008695652173913,0.43482620370049285,0,0,0
SIN0002546,POL005777,CLT02312,Auto,Accident corporel,2024-11-22,2024-12-10,12393,11395,Ouvert,18,18,0,57,6,2,0.0899,2378,1.0875822729267222,5.21152228763667,0.48026992495135473,0,0,0
SIN0002547,POL005778,CLT04410,Auto,Accident corporel,2022-04-02,2022-04-19,19626,14362,Ouvert,59,17,0,49,0,2,0.1946,2358,1.366522768416655,8.323155216284988,0.49019551745840567,0,0,0
SIN0002548,POL005783,CLT02736,Auto,Vol,2023-02-06,2023-03-01,11205,8214,Fermé,9,23,0,56,1,1,0.1204,1480,1.3641344046749453,7.570945945945946,0.43010589788141407,0,0,0
SIN0002549,POL005785,CLT01171,Habitation,Dégât des eaux,2023-11-25,2023-12-08,8157,4541,Fermé,7,13,0,47,0,1,0.1038,1576,1.7963003743668795,5.175761421319797,0.449462606186489,0,3,0
SIN0002550,POL005793,CLT03826,Habitation,Vol/Cambriolage,2023-09-15,2023-09-18,7728,5673,Fermé,16,3,0,37,1,0,0.1485,1278,1.3622421998942358,6.046948356807512,0.40856288116454675,0,0,0
SIN0002551,POL005796,CLT03857,Santé,Soins courants,2023-01-18,2023-02-12,942,566,Fermé,20,25,0,49,1,2,0.3013,800,1.6643109540636043,1.1775,0.4506895042601247,0,3,0
SIN0002552,POL005797,CLT00812,Auto,Accident matériel,2024-04-18,2024-04-28,2499,2093,Fermé,29,10,0,52,0,0,0.2439,999,1.193979933110368,2.5015015015015014,0.4106976272097928,0,0,0
SIN0002553,POL005807,CLT02156,Auto,Vol,2023-06-29,2023-07-08,1204,833,Fermé,8,9,0,53,11,1,0.1648,1007,1.4453781512605042,1.195630585898709,0.4402614029641894,0,0,0
SIN0002554,POL005810,CLT04938,Santé,Maternité,2023-10-01,2023-10-28,967,810,Ouvert,23,27,0,19,0,1,0.3922,1646,1.193827160493827,0.5874848116646415,0.4691952653604253,0,0,0
SIN0002555,POL005810,CLT04938,Santé,Optique,2024-09-13,2024-10-04,227,199,Ouvert,36,21,0,19,0,1,0.3922,1646,1.1407035175879396,0.137910085054678,0.46447299054710967,0,0,0
SIN0002556,POL005812,CLT04569,Habitation,Dégât des eaux,2024-04-06,2024-05-05,4492,3711,Fermé,9,29,0,41,17,1,0.0611,1389,1.210455402856373,3.23398128149748,0.48692305510318556,0,0,0
SIN0002557,POL005817,CLT04715,Auto,Accident matériel,2022-12-12,2022-12-31,1295,988,Ouvert,27,19,0,49,2,0,0.0402,881,1.3107287449392713,1.4699205448354142,0.3964844847567234,0,0,0
SIN0002558,POL005817,CLT04715,Auto,Accident matériel,2024-11-15,2024-12-05,1200,776,Ouvert,7,20,0,49,2,0,0.0402,881,1.5463917525773196,1.362088535754824,0.4123258761218609,0,3,0
SIN0002559,POL005818,CLT02704,Auto,Vol,2023-10-14,2023-11-01,6114,4376,Fermé,29,18,0,42,0,1,0.221,1033,1.397166361974406,5.918683446272992,0.39976346062251916,0,0,0
SIN0002560,POL005819,CLT01194,Auto,Bris de glace,2023-03-21,2023-04-14,706,633,Litigieux,101,24,0,51,3,0,0.0501,2473,1.1153238546603474,0.2854832187626365,0.47687709668073774,0,0,0
SIN0002561,POL005821,CLT03780,Habitation,Dégât des eaux,2023-08-14,2023-08-22,3328,2827,Fermé,16,8,0,43,6,0,0.1181,2046,1.177219667492041,1.6265884652981428,0.4008684838857209,0,0,0
SIN0002562,POL005836,CLT00380,Habitation,Catastrophe naturelle,2024-01-03,2024-01-14,17110,15334,Fermé,18,11,0,38,1,1,0.2267,1683,1.1158210512586408,10.166369578134285,0.44182202178403734,0,0,0
SIN0002563,POL005843,CLT01295,Santé,Dentaire,2023-02-06,2023-02-21,1368,1157,Ouvert,52,15,0,60,0,2,0.3169,693,1.1823681936041486,1.974025974025974,0.4441020671981068,0,0,0
SIN0002564,POL005843,CLT01295,Santé,Soins courants,2023-04-10,2023-05-07,249,153,Ouvert,24,27,0,60,0,2,0.3169,693,1.6274509803921569,0.3593073593073593,0.47578184146486047,0,3,0
SIN0002565,POL005843,CLT01295,Santé,Dentaire,2023-02-10,2023-02-25,567,446,Fermé,8,15,0,60,0,2,0.3169,693,1.2713004484304933,0.8181818181818182,0.4380271357322249,0,0,0
SIN0002566,POL005844,CLT00001,Auto,Accident matériel,2023-10-27,2023-10-28,8672,8025,Fermé,25,1,0,48,5,1,0.1362,876,1.0806230529595016,9.899543378995434,0.4640104312499376,0,2,0
SIN0002567,POL005845,CLT04863,Auto,Bris de glace,2023-10-21,2023-11-06,374,309,Fermé,5,16,0,61,7,0,0.1944,1730,1.2103559870550162,0.2161849710982659,0.43880379843177997,0,0,0
SIN0002568,POL005853,CLT04973,Auto,Accident matériel,2024-12-30,2024-12-31,4490,3656,Ouvert,60,24,0,18,1,0,0.0562,927,1.2281181619256019,4.843581445523193,0.45586456938215814,0,0,0
SIN0002569,POL005854,CLT04116,Santé,Dentaire,2023-01-21,2023-01-25,1114,618,Fermé,6,4,0,32,4,1,0.072,523,1.802588996763754,2.130019120458891,0.459065366651563,0,3,0
SIN0002570,POL005858,CLT02113,Santé,Soins courants,2023-11-28,2023-12-20,193,137,Fermé,20,22,0,46,0,0,0.1646,1008,1.4087591240875912,0.19146825396825398,0.3994000291794241,0,0,0
SIN0002571,POL005864,CLT02374,Auto,Accident matériel,2023-04-22,2023-05-13,3952,2587,Fermé,11,21,0,18,1,1,0.3462,1001,1.5276381909547738,3.948051948051948,0.4377107715236212,0,3,0
SIN0002572,POL005869,CLT03640,Auto,Accident matériel,2024-02-07,2024-02-14,3312,2395,Fermé,9,7,0,36,1,2,0.1371,969,1.3828810020876827,3.417956656346749,0.4159874742825427,0,0,0
SIN0002573,POL005870,CLT04616,Habitation,Dégât des eaux,2021-12-05,2021-12-21,7434,5605,Fermé,6,16,0,37,0,1,0.2798,1217,1.3263157894736841,6.108463434675431,0.41282019833866596,0,0,0
SIN0002574,POL005870,CLT04616,Habitation,Dégât des eaux,2024-09-07,2024-09-25,3016,2615,Fermé,13,18,0,37,0,1,0.2798,1217,1.1533460803059274,2.4782251437962204,0.3987671107564502,0,0,0
SIN0002575,POL005874,CLT03830,Auto,Bris de glace,2024-09-23,2024-09-29,779,450,Ouvert,44,6,0,42,3,0,0.0356,1526,1.731111111111111,0.5104849279161205,0.4511494614969789,0,3,0
SIN0002576,POL005877,CLT00909,Habitation,Vol/Cambriolage,2022-07-12,2022-08-10,6823,5556,Litigieux,130,29,0,42,14,0,0.01,2194,1.2280417566594672,3.109845031905196,0.5586979948498965,1,0,0
SIN0002577,POL005877,CLT00909,Habitation,Dégât des eaux,2024-05-24,2024-06-22,4291,3915,Fermé,12,29,0,42,14,0,0.01,2194,1.0960408684546616,1.955788514129444,0.48256398517933585,0,0,0
SIN0002578,POL005879,CLT03013,Auto,Vol,2024-06-10,2024-07-07,13038,9393,Fermé,30,27,0,57,10,3,0.2448,1379,1.3880549345257107,9.454677302393039,0.5408204476917765,0,2,0
SIN0002579,POL005882,CLT01906,Auto,Accident matériel,2023-05-13,2023-05-22,2919,1939,Fermé,30,9,0,36,1,0,0.1526,2195,1.5054151624548737,1.3298405466970387,0.3925607006582761,0,3,0
SIN0002580,POL005885,CLT03464,Santé,Soins courants,2024-11-26,2024-12-09,65,57,Ouvert,6,13,0,18,1,3,0.4039,1114,1.1403508771929824,0.05834829443447038,0.500620813789693,0,2,0
SIN0002581,POL005886,CLT00446,Santé,Maternité,2024-08-05,2024-08-24,550,420,Ouvert,58,19,0,18,0,0,0.0841,1049,1.3095238095238095,0.5243088655862727,0.4428302372318569,0,0,0
SIN0002582,POL005889,CLT04370,Santé,Soins courants,2023-10-21,2023-11-13,214,169,Fermé,7,23,0,45,16,1,0.1322,950,1.2662721893491125,0.22526315789473683,0.4647523631301366,0,0,0
SIN0002583,POL005889,CLT04370,Santé,Soins courants,2021-11-15,2021-12-03,212,126,Fermé,17,18,0,45,16,1,0.1322,950,1.6825396825396826,0.2231578947368421,0.4863344708929229,0,3,0
SIN0002584,POL005892,CLT01219,Auto,Accident matériel,2022-04-05,2022-04-30,4607,3370,Fermé,27,25,0,65,5,1,0.1805,1749,1.3670623145400593,2.6340766152086905,0.42834549636740216,0,0,0
SIN0002585,POL005893,CLT03305,Santé,Dentaire,2023-10-31,2023-11-20,436,294,Ouvert,29,20,0,37,0,1,0.0132,693,1.4829931972789117,0.6291486291486291,0.41445994732001146,0,0,0
SIN0002586,POL005895,CLT02762,Habitation,Bris de glace,2024-11-26,2024-12-04,583,379,Ouvert,20,8,0,23,6,2,0.26,3444,1.5382585751978892,0.16927990708478513,0.4443257071367659,0,3,0
SIN0002587,POL005897,CLT03387,Auto,Accident matériel,2024-04-16,2024-05-09,2910,1615,Fermé,29,23,0,29,1,0,0.0994,1573,1.8018575851393188,1.8499682136045772,0.4352588682996694,0,3,0
SIN0002588,POL005901,CLT02673,Santé,Soins courants,2024-05-25,2024-06-22,218,141,Fermé,19,28,0,61,4,1,0.1931,751,1.5460992907801419,0.29027962716378164,0.45038455440285624,0,3,0
SIN0002589,POL005904,CLT00794,Santé,Dentaire,2024-04-17,2024-05-05,928,805,Ouvert,30,18,0,43,2,0,0.0527,975,1.1527950310559005,0.9517948717948718,0.4023852241192855,0,0,0
SIN0002590,POL005910,CLT04991,Habitation,Vol/Cambriolage,2024-10-04,2024-10-17,5418,4727,Ouvert,26,13,0,49,2,0,0.1336,3037,1.146181510471758,1.7839973658215345,0.40078815315986527,0,0,0
SIN0002591,POL005913,CLT02580,Habitation,Dégât des eaux,2022-11-09,2022-11-16,3658,2789,Fermé,26,7,0,47,4,0,0.1707,3260,1.3115812119039083,1.122085889570552,0.39529105807329173,0,0,0
SIN0002592,POL005917,CLT00969,Santé,Maternité,2024-12-13,2024-12-25,1007,804,Ouvert,3,12,0,56,3,0,0.015,1021,1.2524875621890548,0.9862879529872673,0.4268332655500266,0,0,0
SIN0002593,POL005920,CLT01311,Habitation,Bris de glace,2024-04-27,2024-05-13,346,312,Litigieux,74,16,0,60,10,0,0.01,2008,1.108974358974359,0.17231075697211157,0.4842171745109649,0,0,0
SIN0002594,POL005923,CLT00960,Auto,Accident matériel,2023-12-05,2023-12-25,7681,4816,Ouvert,47,20,0,40,4,0,0.01,847,1.594892026578073,9.068476977567887,0.4428949771360315,0,3,0
SIN0002595,POL005923,CLT00960,Auto,Accident corporel,2024-11-07,2024-11-09,23730,17136,Ouvert,32,2,0,40,4,0,0.01,847,1.3848039215686274,28.016528925619834,0.5218713492947991,0,0,0
SIN0002596,POL005930,CLT01744,Auto,Bris de glace,2024-08-01,2024-08-21,505,284,Fermé,18,20,0,42,5,1,0.1577,2604,1.778169014084507,0.19393241167434716,0.42930615618407353,0,3,0
SIN0002597,POL005933,CLT01664,Auto,Accident matériel,2023-08-05,2023-08-07,4257,2958,Fermé,19,2,0,48,0,1,0.1297,2611,1.4391480730223123,1.6304098046725393,0.40796648410387454,0,0,0
SIN0002598,POL005934,CLT01669,Habitation,Vol/Cambriolage,2021-11-12,2021-12-05,7858,6345,Fermé,17,23,0,51,4,1,0.267,1499,1.238455476753349,5.242161440960641,0.4162018879537695,0,0,0
SIN0002599,POL005937,CLT01122,Habitation,Vol/Cambriolage,2024-08-09,2024-08-25,6017,4694,Fermé,12,16,0,39,6,1,0.1538,1723,1.281849169152109,3.4921648287869993,0.39974687425337957,0,0,0
SIN0002600,POL005943,CLT01907,Habitation,Dégât des eaux,2022-04-05,2022-05-04,3373,2537,Fermé,26,29,0,21,1,0,0.1214,2756,1.3295230587307845,1.2238751814223512,0.4357989454293064,0,0,0
SIN0002601,POL005950,CLT04476,Santé,Dentaire,2024-09-13,2024-09-19,382,291,Fermé,29,6,0,50,6,2,0.3293,1635,1.3127147766323024,0.23363914373088684,0.43471135414709655,0,0,0
SIN0002602,POL005953,CLT03495,Auto,Bris de glace,2024-06-19,2024-06-29,1052,717,Ouvert,1,10,0,52,5,1,0.2933,1615,1.4672245467224547,0.6513931888544892,0.43291206432593315,0,0,0
SIN0002603,POL005953,CLT03495,Auto,Accident matériel,2023-10-29,2023-11-12,3209,2938,Fermé,13,14,0,52,5,1,0.2933,1615,1.0922396187882915,1.9869969040247677,0.4129231892639209,0,0,0
SIN0002604,POL005954,CLT03978,Auto,Accident corporel,2024-12-10,2024-12-15,23829,19557,Ouvert,55,5,0,35,4,0,0.1996,769,1.2184384107992023,30.98699609882965,0.545086634782216,0,0,0
SIN0002605,POL005955,CLT01207,Auto,Vol,2024-11-22,2024-11-25,7673,4230,Ouvert,27,3,0,78,0,0,0.2138,2284,1.8139479905437352,3.3594570928196146,0.5220914437197575,0,3,0
SIN0002606,POL005959,CLT04154,Habitation,Catastrophe naturelle,2023-06-08,2023-06-25,9729,7241,Fermé,9,17,0,44,13,1,0.0445,2970,1.3435989504212125,3.275757575757576,0.46181091981460765,0,0,0
SIN0002607,POL005970,CLT02833,Santé,Optique,2024-09-24,2024-10-22,572,323,Ouvert,42,28,0,33,2,1,0.0984,551,1.7708978328173375,1.0381125226860255,0.46103950672313987,0,3,0
SIN0002608,POL005982,CLT00807,Auto,Bris de glace,2024-07-08,2024-07-31,524,420,Fermé,19,23,0,33,0,1,0.1712,1565,1.2476190476190476,0.3348242811501597,0.39455433347424557,0,0,0
SIN0002609,POL005986,CLT04070,Santé,Dentaire,2022-11-30,2022-12-19,577,467,Fermé,12,19,0,50,17,3,0.4688,765,1.2355460385438972,0.7542483660130719,0.5397908485950275,0,2,0
SIN0002610,POL005986,CLT04070,Santé,Dentaire,2022-08-17,2022-09-01,838,570,Fermé,5,15,0,50,17,3,0.4688,765,1.4701754385964911,1.0954248366013073,0.555283886345181,1,2,0
SIN0002611,POL005988,CLT01105,Auto,Accident matériel,2023-08-14,2023-08-25,6414,4058,Fermé,13,11,0,35,4,0,0.1357,980,1.5805815672745194,6.544897959183674,0.4117134309281433,0,3,0
SIN0002612,POL005994,CLT03457,Auto,Accident matériel,2023-07-19,2023-07-22,9612,6508,Fermé,21,3,0,51,0,0,0.01,954,1.4769514443761524,10.075471698113208,0.44956260253532415,0,0,0
SIN0002613,POL005994,CLT03457,Auto,Accident matériel,2024-10-22,2024-11-09,3369,2268,Ouvert,5,18,0,51,0,0,0.01,954,1.4854497354497354,3.5314465408805034,0.4146068928122143,0,0,0
SIN0002614,POL005996,CLT02223,Auto,Accident corporel,2022-05-23,2022-06-17,17236,9620,Fermé,9,25,0,52,1,0,0.1973,1321,1.7916839916839917,13.047691143073429,0.48863676713798543,0,3,0
SIN0002615,POL005996,CLT02223,Auto,Accident matériel,2024-03-08,2024-03-27,7391,5240,Fermé,20,19,0,52,1,0,0.1973,1321,1.410496183206107,5.595003785011355,0.40107389806166105,0,0,0
SIN0002616,POL006006,CLT00034,Habitation,Incendie,2024-09-09,2024-09-30,37814,24823,Fermé,28,21,0,51,0,1,0.0777,1060,1.5233452846150748,35.67358490566038,0.5875473314465367,1,6,1
SIN0002617,POL006007,CLT03506,Auto,Accident corporel,2024-04-25,2024-04-28,25689,21284,Litigieux,74,3,0,48,4,0,0.106,806,1.2069629768840444,31.872208436724566,0.5811407989709939,1,0,0
SIN0002618,POL006008,CLT00298,Habitation,Dégât des eaux,2024-07-30,2024-08-01,2884,1992,Fermé,13,2,0,59,3,0,0.2323,1445,1.4477911646586346,1.9958477508650518,0.42336247215770295,0,0,0
SIN0002619,POL006008,CLT00298,Habitation,Dégât des eaux,2023-01-29,2023-02-15,6280,4896,Fermé,9,17,0,59,3,0,0.2323,1445,1.2826797385620916,4.346020761245675,0.4199031892180864,0,0,0
SIN0002620,POL006010,CLT00872,Auto,Bris de glace,2024-09-19,2024-09-19,737,590,Fermé,10,0,0,18,5,0,0.1028,681,1.2491525423728813,1.0822320117474302,0.4488713636568852,0,2,0
SIN0002621,POL006012,CLT00788,Habitation,Vol/Cambriolage,2023-05-02,2023-05-28,6318,5240,Fermé,7,26,0,64,3,0,0.1617,2100,1.2057251908396946,3.0085714285714285,0.44359791067413373,0,0,0
SIN0002622,POL006013,CLT01068,Habitation,Bris de glace,2023-10-31,2023-11-10,1135,840,Fermé,27,10,0,33,2,1,0.2701,2899,1.3511904761904763,0.3915143152811314,0.3978513064599084,0,0,0
SIN0002623,POL006014,CLT01281,Santé,Dentaire,2024-05-04,2024-05-17,1501,1081,Fermé,10,13,0,40,5,1,0.1516,557,1.3885291396854764,2.6947935368043088,0.40100978218164973,0,0,0
SIN0002624,POL006014,CLT01281,Santé,Dentaire,2023-10-05,2023-10-20,350,206,Ouvert,20,15,0,40,5,1,0.1516,557,1.6990291262135921,0.6283662477558348,0.42109233908334903,0,3,0
SIN0002625,POL006015,CLT01070,Auto,Bris de glace,2024-12-17,2024-12-31,1128,1041,Ouvert,13,25,0,47,1,0,0.2457,1553,1.0835734870317002,0.7263361236316807,0.4286934663154958,0,0,0
SIN0002626,POL006019,CLT04360,Habitation,Catastrophe naturelle,2022-05-09,2022-05-15,12398,9932,Litigieux,163,6,0,38,2,1,0.3696,1744,1.2482883608538058,7.10894495412844,0.5457177515574254,0,0,0
SIN0002627,POL006019,CLT04360,Habitation,Dégât des eaux,2024-11-10,2024-11-28,5651,3761,Ouvert,12,18,0,38,2,1,0.3696,1744,1.5025259239563946,3.240252293577982,0.4154934401808097,0,3,0
SIN0002628,POL006029,CLT02593,Habitation,Catastrophe naturelle,2024-09-09,2024-09-11,11141,7341,Fermé,29,2,0,21,3,0,0.01,1825,1.5176406484130227,6.104657534246575,0.4689075436872794,0,3,0
SIN0002629,POL006030,CLT00572,Habitation,Dégât des eaux,2023-12-20,2024-01-03,3673,2416,Fermé,14,14,0,41,1,2,0.3355,3318,1.5202814569536425,1.1069921639541893,0.4111962747047897,0,3,0
SIN0002630,POL006032,CLT00408,Santé,Soins courants,2023-02-14,2023-03-12,137,127,Fermé,22,26,0,60,1,0,0.0877,658,1.078740157480315,0.20820668693009117,0.43767015038139556,0,0,0
SIN0002631,POL006033,CLT00168,Santé,Maternité,2022-01-23,2022-02-13,659,487,Fermé,19,21,0,53,2,0,0.01,526,1.353182751540041,1.252851711026616,0.40577203192878963,0,0,0
SIN0002632,POL006035,CLT01192,Habitation,Dégât des eaux,2024-06-18,2024-06-27,2809,2358,Fermé,6,9,0,28,9,0,0.1258,1283,1.1912637828668362,2.189399844115355,0.4299193355460879,0,0,0
SIN0002633,POL006036,CLT04087,Habitation,Catastrophe naturelle,2022-01-19,2022-02-01,44311,41435,Fermé,17,13,0,69,4,0,0.01,2310,1.0694099191504767,19.18225108225108,0.6221681221341288,1,3,1
SIN0002634,POL006044,CLT03849,Santé,Dentaire,2022-10-21,2022-11-08,1141,1012,Litigieux,147,18,0,51,16,1,0.338,606,1.1274703557312253,1.8828382838283828,0.5669648056950504,1,0,0
SIN0002635,POL006051,CLT01961,Habitation,Vol/Cambriolage,2024-12-11,2024-12-19,15360,10346,Ouvert,8,8,0,38,0,0,0.0543,1512,1.4846317417359365,10.158730158730158,0.44629648600439303,0,0,0
SIN0002636,POL006051,CLT01961,Habitation,Incendie,2024-12-30,2024-12-31,20973,14257,Ouvert,28,29,0,38,0,0,0.0543,1512,1.471066844357158,13.871031746031745,0.48644427300579746,0,0,0
SIN0002637,POL006056,CLT02098,Auto,Accident matériel,2024-03-01,2024-03-16,3958,2644,Fermé,27,15,0,18,3,2,0.469,1220,1.4969742813918305,3.2442622950819673,0.47822776181676785,0,0,0
SIN0002638,POL006058,CLT00478,Auto,Accident matériel,2021-05-26,2021-05-26,2897,2635,Litigieux,144,0,0,50,1,0,0.0175,847,1.0994307400379506,3.4203069657615113,0.5193849274662022,0,2,0
SIN0002639,POL006058,CLT00478,Auto,Accident corporel,2023-10-11,2023-10-23,20743,15803,Fermé,26,12,0,50,1,0,0.0175,847,1.312598873631589,24.48996458087367,0.4984932226805384,0,0,0
SIN0002640,POL006063,CLT04206,Habitation,Dégât des eaux,2022-11-09,2022-11-14,6798,4527,Fermé,25,5,0,48,1,0,0.0771,2734,1.5016567263088139,2.4864667154352595,0.4103381333657201,0,3,0
SIN0002641,POL006064,CLT04237,Habitation,Bris de glace,2024-04-28,2024-05-07,492,415,Ouvert,14,9,0,28,0,1,0.3029,1993,1.1855421686746987,0.24686402408429503,0.40930866084162837,0,0,0
SIN0002642,POL006068,CLT03706,Santé,Optique,2022-08-17,2022-08-24,249,189,Fermé,10,7,0,52,1,0,0.01,1729,1.3174603174603174,0.14401388085598613,0.4197916291997702,0,0,0
SIN0002643,POL006069,CLT03275,Santé,Soins courants,2024-06-23,2024-07-02,289,236,Fermé,13,9,0,42,3,0,0.1875,796,1.2245762711864407,0.3630653266331658,0.4003072705980349,0,0,0
SIN0002644,POL006073,CLT01582,Santé,Maternité,2024-08-17,2024-08-22,821,679,Fermé,8,5,0,18,2,1,0.4261,673,1.2091310751104565,1.2199108469539377,0.45961431720197826,0,0,0
SIN0002645,POL006074,CLT01866,Auto,Accident matériel,2022-09-27,2022-10-02,9114,5851,Fermé,25,5,0,50,4,0,0.0754,1208,1.5576824474448812,7.5447019867549665,0.43220938685356375,0,3,0
SIN0002646,POL006075,CLT02700,Santé,Dentaire,2024-11-10,2024-11-18,887,776,Ouvert,57,8,0,55,2,2,0.2995,1529,1.143041237113402,0.5801177240026161,0.4391680740096474,0,0,0
SIN0002647,POL006077,CLT00168,Santé,Soins courants,2024-03-21,2024-03-31,172,157,Fermé,10,10,0,53,2,0,0.01,1667,1.0955414012738853,0.10317936412717456,0.43125731985121024,0,0,0
SIN0002648,POL006079,CLT04275,Habitation,Dégât des eaux,2024-01-16,2024-01-19,3460,2964,Fermé,17,3,0,40,1,1,0.1985,2855,1.1673414304993253,1.2119089316987741,0.39928498370224336,0,0,0
SIN0002649,POL006082,CLT00023,Auto,Accident matériel,2024-10-13,2024-11-01,5889,5169,Ouvert,27,19,0,32,1,0,0.0572,1016,1.139291932675566,5.796259842519685,0.40860609032447764,0,0,0
SIN0002650,POL006096,CLT01279,Auto,Accident matériel,2023-06-24,2023-06-24,3319,1989,Ouvert,42,0,0,29,3,0,0.0689,1383,1.668677727501257,2.3998553868402026,0.4519566507720107,0,5,0
SIN0002651,POL006096,CLT01279,Auto,Bris de glace,2023-12-13,2023-12-17,540,304,Fermé,24,4,0,29,3,0,0.0689,1383,1.7763157894736843,0.39045553145336226,0.4432747286860255,0,3,0
SIN0002652,POL006099,CLT03058,Auto,Bris de glace,2023-07-07,2023-07-28,495,385,Litigieux,69,21,0,54,0,0,0.0692,2855,1.2857142857142858,0.1733800350262697,0.43227838180070144,0,0,0
SIN0002653,POL006099,CLT03058,Auto,Accident matériel,2022-07-05,2022-07-27,2109,1740,Ouvert,19,22,0,54,0,0,0.0692,2855,1.2120689655172414,0.7387040280210158,0.40413476575857815,0,0,0
SIN0002654,POL006104,CLT03235,Auto,Vol,2022-02-19,2022-03-03,8746,5033,Fermé,12,12,0,68,1,0,0.01,1466,1.7377309755612955,5.965893587994543,0.4810060041139947,0,3,0
SIN0002655,POL006111,CLT00104,Auto,Bris de glace,2024-02-03,2024-02-19,285,204,Litigieux,165,16,0,38,0,0,0.1972,1402,1.3970588235294117,0.20328102710413695,0.5080873601184115,0,0,0
SIN0002656,POL006115,CLT00414,Auto,Accident corporel,2024-08-03,2024-08-17,19343,14144,Fermé,26,14,0,34,4,1,0.2378,939,1.3675763574660633,20.59957401490948,0.4794336787029738,0,0,0
SIN0002657,POL006116,CLT03551,Santé,Optique,2022-12-02,2022-12-15,1022,941,Fermé,28,13,0,18,2,2,0.2543,953,1.0860786397449522,1.0724029380902413,0.4496304933746056,0,0,0
SIN0002658,POL006119,CLT04713,Santé,Dentaire,2021-10-26,2021-11-12,1266,1108,Fermé,12,17,0,58,1,0,0.1173,1178,1.1425992779783394,1.0747028862478778,0.4066374219776563,0,0,0
SIN0002659,POL006137,CLT01932,Habitation,Catastrophe naturelle,2023-07-29,2023-07-31,31163,27641,Fermé,14,2,0,57,2,0,0.1019,1697,1.1274194131905502,18.363582793164408,0.5383067526511154,0,3,0
SIN0002660,POL006137,CLT01932,Habitation,Vol/Cambriolage,2023-08-21,2023-08-24,11986,10902,Fermé,12,3,0,57,2,0,0.1019,1697,1.099431297009723,7.063052445492045,0.45851760243583783,0,0,0
SIN0002661,POL006139,CLT03123,Santé,Dentaire,2022-07-27,2022-08-09,2173,1520,Fermé,24,13,0,43,3,1,0.01,1765,1.4296052631578948,1.2311614730878186,0.40200363085812,0,0,0
SIN0002662,POL006139,CLT03123,Santé,Hospitalisation,2023-04-22,2023-05-14,6422,5232,Fermé,21,22,0,43,3,1,0.01,1765,1.2274464831804281,3.638526912181303,0.4079276392465495,0,0,0
SIN0002663,POL006142,CLT00805,Habitation,Incendie,2023-04-24,2023-05-11,19411,15223,Litigieux,78,17,0,50,0,1,0.4766,1156,1.2751100308743348,16.791522491349482,0.5607438982089286,1,0,0
SIN0002664,POL006142,CLT00805,Habitation,Vol/Cambriolage,2022-10-30,2022-11-19,13288,9965,Ouvert,51,20,0,50,0,1,0.4766,1156,1.3334671349724034,11.494809688581315,0.5055914351526145,0,0,0
SIN0002665,POL006143,CLT04052,Habitation,Catastrophe naturelle,2024-11-14,2024-12-09,18689,13363,Ouvert,13,25,0,48,4,1,0.1621,3129,1.3985631968869265,5.972834771492489,0.4486641967581771,0,0,0
SIN0002666,POL006145,CLT04101,Santé,Maternité,2024-04-25,2024-05-18,1832,1291,Fermé,7,23,0,40,3,2,0.231,993,1.4190549961270333,1.8449144008056395,0.42166031522735725,0,0,0
SIN0002667,POL006146,CLT04282,Auto,Vol,2024-01-21,2024-02-12,7093,6213,Ouvert,22,22,0,49,2,1,0.3455,2501,1.1416384999195235,2.8360655737704916,0.42444221632081264,0,0,0
SIN0002668,POL006146,CLT04282,Auto,Accident matériel,2024-10-06,2024-10-14,4309,3399,Ouvert,54,8,0,49,2,1,0.3455,2501,1.2677258017063842,1.7229108356657337,0.42631374003734346,0,0,0
SIN0002669,POL006146,CLT04282,Auto,Accident corporel,2024-06-06,2024-07-06,18516,13203,Fermé,23,30,0,49,2,1,0.3455,2501,1.402408543512838,7.40343862455018,0.4898251266696633,0,0,0
SIN0002670,POL006149,CLT00017,Auto,Vol,2023-11-16,2023-12-09,4339,3426,Ouvert,32,23,0,62,2,0,0.1138,2325,1.2664915353181554,1.866236559139785,0.4144219745998742,0,0,0
SIN0002671,POL006153,CLT01448,Auto,Accident matériel,2024-12-08,2024-12-24,2569,1879,Ouvert,2,16,0,38,0,2,0.288,991,1.3672166045769025,2.5923309788092834,0.43561000294591506,0,0,0
SIN0002672,POL006153,CLT01448,Auto,Accident matériel,2022-07-19,2022-07-27,3751,2332,Fermé,11,8,0,38,0,2,0.288,991,1.6084905660377358,3.7850655903128154,0.43278122944168274,0,3,0
SIN0002673,POL006163,CLT02953,Habitation,Dégât des eaux,2024-09-24,2024-10-16,4096,3181,Ouvert,44,22,0,20,12,0,0.2986,1215,1.287645394530022,3.37119341563786,0.4880988311215276,0,0,0
SIN0002674,POL006164,CLT01490,Auto,Vol,2024-06-12,2024-07-10,4830,3631,Fermé,14,28,0,58,0,1,0.0783,1554,1.330212062792619,3.108108108108108,0.43761472198098184,0,0,0
SIN0002675,POL006165,CLT02567,Habitation,Dégât des eaux,2023-04-19,2023-05-15,4487,2815,Fermé,9,26,0,59,0,2,0.2743,1267,1.5939609236234458,3.541436464088398,0.45366509172852004,0,3,0
SIN0002676,POL006166,CLT00817,Habitation,Bris de glace,2022-05-14,2022-06-12,676,484,Fermé,27,29,0,26,1,2,0.3735,1136,1.396694214876033,0.5950704225352113,0.4703670573547125,0,0,0
SIN0002677,POL006169,CLT04131,Habitation,Catastrophe naturelle,2023-11-27,2023-12-09,17241,15758,Fermé,17,12,0,32,5,0,0.01,1775,1.0941109277827135,9.713239436619718,0.46715509516474063,0,0,0
SIN0002678,POL006174,CLT01617,Santé,Soins courants,2024-12-17,2024-12-23,177,163,Ouvert,17,6,0,42,6,0,0.0609,585,1.0858895705521472,0.30256410256410254,0.42949730994422747,0,0,0
SIN0002679,POL006182,CLT02885,Habitation,Vol/Cambriolage,2024-09-12,2024-09-14,14272,11134,Fermé,14,2,0,51,6,0,0.01,2461,1.2818394108137237,5.799268590004063,0.46601104536266114,0,0,0
SIN0002680,POL006183,CLT01662,Santé,Dentaire,2023-07-22,2023-07-24,2443,1611,Ouvert,29,2,0,52,0,2,0.2949,1203,1.5164494103041588,2.030756442227764,0.4393210693713413,0,3,0
SIN0002681,POL006186,CLT01762,Santé,Optique,2023-09-18,2023-10-02,424,280,Fermé,20,14,0,18,2,0,0.1145,1682,1.5142857142857142,0.2520808561236623,0.422712606613996,0,3,0
SIN0002682,POL006187,CLT03636,Habitation,Dégât des eaux,2024-01-07,2024-01-09,4059,2275,Fermé,13,2,0,58,20,0,0.01,1394,1.784175824175824,2.911764705882353,0.5311111179056289,0,3,0
SIN0002683,POL006195,CLT01299,Habitation,Dégât des eaux,2024-03-21,2024-03-23,14477,8191,Fermé,11,2,1,37,2,3,0.431,3395,1.767427664509828,4.2642120765832106,0.5368935065010388,0,5,0
SIN0002684,POL006198,CLT03168,Auto,Bris de glace,2024-01-03,2024-01-11,523,448,Fermé,8,8,0,51,1,0,0.0469,1701,1.1674107142857142,0.30746619635508526,0.4116203713922112,0,0,0
SIN0002685,POL006198,CLT03168,Auto,Vol,2024-10-17,2024-11-04,3863,3179,Ouvert,17,18,0,51,1,0,0.0469,1701,1.2151620006291286,2.2710170487948265,0.3971267897553837,0,0,0
SIN0002686,POL006204,CLT04059,Habitation,Bris de glace,2023-07-23,2023-07-26,593,497,Fermé,6,3,0,40,4,0,0.2679,1197,1.193158953722334,0.4954051796157059,0.4264588413301975,0,0,0
SIN0002687,POL006204,CLT04059,Habitation,Dégât des eaux,2024-11-21,2024-12-13,3494,2975,Ouvert,3,22,0,40,4,0,0.2679,1197,1.174453781512605,2.918964076858814,0.422484494076923,0,0,0
SIN0002688,POL006208,CLT04482,Habitation,Dégât des eaux,2022-11-15,2022-12-14,6351,3623,Fermé,13,29,0,40,5,0,0.01,1487,1.752967154292023,4.271015467383995,0.4614114712681159,0,3,0
SIN0002689,POL006211,CLT02313,Habitation,Dégât des eaux,2024-08-30,2024-09-03,3941,2987,Fermé,13,4,0,55,2,0,0.1169,1411,1.3193839973217274,2.793054571226081,0.4035349299803852,0,0,0
SIN0002690,POL006212,CLT00211,Auto,Accident matériel,2024-08-29,2024-09-24,2106,1918,Ouvert,52,26,0,34,1,0,0.1533,1695,1.0980187695516164,1.2424778761061948,0.42756313969106585,0,0,0
SIN0002691,POL006214,CLT02229,Auto,Accident matériel,2022-05-30,2022-06-06,1150,1024,Litigieux,76,7,0,42,7,0,0.0995,2347,1.123046875,0.489987217724755,0.45227628379251233,0,0,0
SIN0002692,POL006220,CLT03079,Habitation,Dégât des eaux,2022-01-08,2022-02-06,3427,2855,Ouvert,43,29,0,26,1,0,0.0167,2892,1.2003502626970228,1.1849930843706777,0.44941886645307183,0,0,0
SIN0002693,POL006224,CLT03611,Auto,Bris de glace,2023-02-12,2023-03-13,727,522,Fermé,22,29,0,53,0,1,0.2059,953,1.39272030651341,0.7628541448058762,0.43510649774255306,0,0,0
SIN0002694,POL006228,CLT01367,Auto,Bris de glace,2024-07-30,2024-08-17,804,582,Fermé,24,18,0,38,3,0,0.1372,965,1.3814432989690721,0.8331606217616581,0.3921169959298736,0,0,0
SIN0002695,POL006229,CLT02819,Auto,Accident corporel,2023-05-07,2023-05-25,28398,18932,Fermé,7,18,0,38,2,1,0.1923,1570,1.5,18.087898089171976,0.49310336842971425,0,3,0
SIN0002696,POL006230,CLT04641,Auto,Bris de glace,2022-11-04,2022-12-02,168,95,Fermé,13,28,0,69,2,0,0.01,1294,1.768421052631579,0.12982998454404945,0.5013110706837145,0,3,0
SIN0002697,POL006233,CLT01392,Auto,Vol,2021-05-02,2021-05-08,3445,2042,Fermé,21,6,0,56,2,0,0.0893,1416,1.6870714985308521,2.4329096045197742,0.4146106539206339,0,3,0
SIN0002698,POL006233,CLT01392,Auto,Accident matériel,2021-03-10,2021-03-25,4833,3821,Fermé,14,15,0,56,2,0,0.0893,1416,1.2648521329494897,3.413135593220339,0.39935837449978184,0,0,0
SIN0002699,POL006234,CLT03677,Santé,Soins courants,2024-09-30,2024-10-04,702,517,Ouvert,13,4,0,36,7,1,0.2501,630,1.3578336557059962,1.1142857142857143,0.42497106510016125,0,0,0
SIN0002700,POL006236,CLT00613,Santé,Dentaire,2024-02-12,2024-02-15,375,266,Fermé,16,3,0,18,1,2,0.3993,1900,1.4097744360902256,0.19736842105263158,0.4631797632015116,0,0,0
SIN0002701,POL006242,CLT03296,Habitation,Catastrophe naturelle,2024-07-19,2024-08-02,7419,6266,Fermé,9,14,0,24,9,0,0.0909,2152,1.1840089371209703,3.4474907063197024,0.44387744190276207,0,0,0
SIN0002702,POL006249,CLT01957,Auto,Accident corporel,2024-02-04,2024-02-14,17773,14595,Fermé,20,10,0,40,0,0,0.1575,989,1.217745803357314,17.97067745197169,0.46781031978182336,0,0,0
SIN0002703,POL006252,CLT00096,Auto,Vol,2022-12-05,2022-12-08,7537,5101,Fermé,6,3,0,23,10,1,0.2991,1324,1.4775534208978631,5.692598187311178,0.47510283689763394,0,0,0
SIN0002704,POL006256,CLT02956,Habitation,Vol/Cambriolage,2023-01-23,2023-02-07,13189,11405,Fermé,11,15,0,48,4,2,0.2071,2099,1.1564226216571678,6.2834683182467845,0.46134298741706636,0,0,0
SIN0002705,POL006258,CLT04898,Auto,Incendie,2022-09-03,2022-09-20,43780,28880,Litigieux,137,17,0,36,0,0,0.0419,779,1.515927977839335,56.2002567394095,0.6622992883929752,1,6,1
SIN0002706,POL006259,CLT02852,Auto,Bris de glace,2024-08-21,2024-09-13,229,205,Fermé,28,23,0,48,3,0,0.01,1501,1.1170731707317074,0.1525649566955363,0.41823095085075906,0,0,0
SIN0002707,POL006266,CLT04089,Habitation,Dégât des eaux,2024-10-08,2024-11-03,4415,3411,Ouvert,60,26,0,45,3,1,0.061,1250,1.2943418352389329,3.532,0.43079014872920385,0,0,0
SIN0002708,POL006269,CLT03997,Auto,Accident matériel,2024-10-08,2024-11-05,7682,5414,Ouvert,21,28,0,53,0,0,0.1602,1004,1.4189139268562985,7.651394422310757,0.4425107192265454,0,0,0
SIN0002709,POL006272,CLT02430,Auto,Bris de glace,2021-12-21,2022-01-18,371,260,Fermé,6,28,0,49,1,3,0.2827,1038,1.426923076923077,0.35741811175337185,0.49153584072838025,0,2,0
SIN0002710,POL006272,CLT02430,Auto,Vol,2024-06-07,2024-07-01,2871,1961,Fermé,7,24,0,49,1,3,0.2827,1038,1.4640489546149924,2.7658959537572256,0.4589180126767277,0,2,0
SIN0002711,POL006272,CLT02430,Auto,Accident matériel,2021-09-14,2021-09-24,4908,2868,Fermé,17,10,0,49,1,3,0.2827,1038,1.711297071129707,4.728323699421965,0.4766525380914836,0,5,0
SIN0002712,POL006273,CLT00418,Auto,Accident corporel,2024-03-16,2024-04-06,12364,11646,Fermé,19,21,0,18,7,0,0.01,1239,1.0616520693800446,9.979015334947539,0.5004098828512896,0,0,0
SIN0002713,POL006274,CLT04774,Auto,Bris de glace,2023-05-12,2023-05-20,305,187,Fermé,9,8,0,30,1,0,0.0277,1672,1.6310160427807487,0.18241626794258373,0.4325499931133369,0,3,0
SIN0002714,POL006275,CLT02084,Auto,Vol,2024-10-14,2024-11-04,6487,5903,Ouvert,5,21,0,34,0,2,0.249,1295,1.0989327460613247,5.009266409266409,0.43593447830234044,0,0,0
SIN0002715,POL006275,CLT02084,Auto,Accident matériel,2022-09-22,2022-10-19,5539,4527,Fermé,25,27,0,34,0,2,0.249,1295,1.2235476032692731,4.277220077220077,0.43333240958913705,0,0,0
SIN0002716,POL006275,CLT02084,Auto,Vol,2022-10-17,2022-10-25,4968,4640,Fermé,17,8,0,34,0,2,0.249,1295,1.0706896551724139,3.8362934362934364,0.43168202256286503,0,0,0
SIN0002717,POL006276,CLT01665,Auto,Accident matériel,2024-09-02,2024-09-11,5987,5106,Litigieux,41,9,0,29,4,1,0.1012,848,1.172542107324716,7.060141509433962,0.4185948620861991,0,0,0
SIN0002718,POL006278,CLT00954,Auto,Bris de glace,2023-07-29,2023-08-08,556,499,Fermé,21,10,0,60,1,2,0.2247,1653,1.1142284569138277,0.33635813672111314,0.43506210026586706,0,0,0
SIN0002719,POL006280,CLT04031,Auto,Bris de glace,2024-10-27,2024-11-23,441,378,Ouvert,41,27,0,42,3,0,0.1819,1096,1.1666666666666667,0.4023722627737226,0.42790710175712243,0,0,0
SIN0002720,POL006284,CLT00568,Habitation,Catastrophe naturelle,2021-06-03,2021-06-15,11062,6779,Fermé,14,12,0,36,6,0,0.1077,1121,1.6318041008998376,9.867975022301517,0.43879357405829794,0,3,0
SIN0002721,POL006290,CLT00894,Auto,Accident matériel,2024-09-06,2024-09-21,4864,2784,Fermé,22,15,0,28,1,0,0.0865,831,1.7471264367816093,5.853188929001203,0.4370779620960232,0,3,0
SIN0002722,POL006296,CLT04753,Habitation,Bris de glace,2024-03-25,2024-04-13,259,202,Fermé,22,19,0,38,4,0,0.0991,1103,1.2821782178217822,0.23481414324569355,0.3932149269469107,0,0,0
SIN0002723,POL006296,CLT04753,Habitation,Catastrophe naturelle,2024-04-10,2024-05-04,16427,12872,Fermé,5,24,0,38,4,0,0.0991,1103,1.2761808576755749,14.893019038984587,0.4612063632376832,0,0,0
SIN0002724,POL006301,CLT04611,Habitation,Dégât des eaux,2023-05-14,2023-06-08,3746,2775,Fermé,29,25,0,53,0,1,0.3334,2459,1.3499099099099099,1.5233834892232614,0.4220379173098779,0,0,0
SIN0002725,POL006301,CLT04611,Habitation,Bris de glace,2024-07-22,2024-08-11,194,153,Fermé,14,20,0,53,0,1,0.3334,2459,1.2679738562091503,0.07889385929239529,0.41570233853869315,0,0,0
SIN0002726,POL006304,CLT00123,Habitation,Dégât des eaux,2024-11-27,2024-12-01,2210,1227,Ouvert,37,4,0,56,2,0,0.1454,2176,1.8011409942950285,1.015625,0.4534806116072403,0,3,0
SIN0002727,POL006312,CLT02013,Auto,Accident corporel,2024-07-06,2024-07-06,21694,13239,Fermé,5,0,0,38,1,1,0.1911,1235,1.6386434020696428,17.565991902834007,0.5196173747501536,0,5,0
SIN0002728,POL006313,CLT03053,Auto,Bris de glace,2024-02-27,2024-03-12,212,176,Fermé,6,14,0,32,0,0,0.01,1519,1.2045454545454546,0.13956550362080317,0.4208155613615874,0,0,0
SIN0002729,POL006313,CLT03053,Auto,Accident corporel,2024-03-05,2024-04-02,23195,16688,Fermé,12,28,0,32,0,0,0.01,1519,1.3899209012464047,15.269914417379855,0.5052319985575734,0,0,0
SIN0002730,POL006319,CLT00173,Santé,Hospitalisation,2023-12-02,2023-12-09,4800,4342,Fermé,17,7,0,26,1,1,0.2516,393,1.105481345002303,12.213740458015268,0.44257837391600247,0,0,0
SIN0002731,POL006322,CLT03857,Habitation,Catastrophe naturelle,2023-10-22,2023-11-05,24849,17976,Fermé,9,14,0,49,1,2,0.3013,1595,1.3823431241655542,15.579310344827586,0.5023791290100916,0,0,0
SIN0002732,POL006326,CLT02822,Santé,Optique,2024-11-29,2024-12-03,511,413,Ouvert,35,4,0,25,0,0,0.107,1028,1.2372881355932204,0.4970817120622568,0.4247074583057405,0,0,0
SIN0002733,POL006327,CLT04601,Auto,Accident matériel,2022-06-02,2022-07-01,3384,2803,Ouvert,29,29,0,34,2,0,0.01,917,1.2072779165180163,3.6902944383860414,0.4342036419742896,0,0,0
SIN0002734,POL006337,CLT00387,Santé,Optique,2022-10-10,2022-11-04,318,289,Fermé,16,25,0,36,1,1,0.1358,1539,1.1003460207612457,0.20662768031189083,0.41315243147794234,0,0,0
SIN0002735,POL006340,CLT03541,Auto,Accident matériel,2023-10-25,2023-10-29,3360,2998,Fermé,21,4,0,46,1,0,0.0336,1120,1.1207471647765177,3.0,0.42002435298995316,0,0,0
SIN0002736,POL006342,CLT00641,Auto,Bris de glace,2024-05-18,2024-06-12,435,385,Fermé,25,25,0,44,5,2,0.2382,1008,1.12987012987013,0.43154761904761907,0.43688252881613654,0,0,0
SIN0002737,POL006342,CLT00641,Auto,Bris de glace,2021-08-15,2021-08-24,900,641,Ouvert,28,9,0,44,5,2,0.2382,1008,1.4040561622464898,0.8928571428571429,0.41818666000524085,0,0,0
SIN0002738,POL006346,CLT01883,Auto,Accident matériel,2022-12-30,2023-01-04,2914,1698,Fermé,9,5,0,43,5,1,0.113,931,1.7161366313309776,3.129967776584318,0.4309565283445377,0,3,0
SIN0002739,POL006348,CLT03336,Habitation,Vol/Cambriolage,2022-08-16,2022-08-18,6198,4569,Fermé,29,2,0,50,1,0,0.01,1190,1.356533158240315,5.208403361344538,0.42990657337623933,0,0,0
SIN0002740,POL006349,CLT03892,Habitation,Catastrophe naturelle,2023-09-25,2023-10-04,17121,11500,Fermé,14,9,0,34,10,1,0.3073,3523,1.4887826086956522,4.8597785977859775,0.47894360595952645,0,0,0
SIN0002741,POL006350,CLT04575,Auto,Vol,2024-05-18,2024-06-11,8849,6720,Fermé,9,24,0,18,2,1,0.1783,976,1.3168154761904762,9.066598360655737,0.43988592396981846,0,0,0
SIN0002742,POL006352,CLT01433,Auto,Vol,2023-08-22,2023-09-13,7670,4687,Fermé,26,22,0,33,5,0,0.01,956,1.6364412203968424,8.023012552301255,0.4328886763937437,0,3,0
SIN0002743,POL006353,CLT01954,Auto,Vol,2024-03-14,2024-04-09,7714,5404,Fermé,5,26,0,58,1,2,0.1245,894,1.427461139896373,8.628635346756152,0.46096001099509404,0,0,0
SIN0002744,POL006355,CLT00118,Habitation,Incendie,2023-02-05,2023-03-05,11547,10750,Fermé,26,28,0,65,0,0,0.0751,1908,1.0741395348837208,6.05188679245283,0.4960197880420721,0,0,0
SIN0002745,POL006361,CLT04235,Auto,Accident corporel,2024-04-29,2024-05-06,19814,16855,Fermé,24,7,0,34,5,2,0.429,1372,1.1755562147730643,14.441690962099125,0.519507969711881,0,0,0
SIN0002746,POL006362,CLT02595,Auto,Vol,2024-07-17,2024-08-16,4392,3999,Fermé,14,30,0,42,2,1,0.1648,2840,1.0982745686421604,1.5464788732394366,0.4301140181497867,0,0,0
SIN0002747,POL006365,CLT00701,Auto,Vol,2024-02-07,2024-02-07,9201,6645,Fermé,20,0,0,64,0,0,0.0794,2540,1.3846501128668172,3.6224409448818897,0.46463298513886003,0,2,0
SIN0002748,POL006367,CLT04719,Auto,Accident matériel,2023-03-15,2023-03-16,4968,4242,Fermé,10,1,0,52,6,3,0.2836,1732,1.1711456859971712,2.868360277136259,0.478273516392629,0,4,0
SIN0002749,POL006368,CLT00635,Santé,Maternité,2022-09-05,2022-09-05,1194,885,Fermé,5,0,0,26,1,0,0.0211,881,1.3491525423728814,1.35527809307605,0.4491457611354361,0,2,0
SIN0002750,POL006369,CLT03585,Auto,Accident matériel,2022-04-24,2022-05-08,3607,3285,Fermé,18,14,0,54,3,1,0.1556,2434,1.098021308980213,1.4819227608874281,0.4014487434325471,0,0,0
SIN0002751,POL006370,CLT04603,Auto,Incendie,2024-05-23,2024-06-20,39466,32440,Ouvert,58,28,0,56,6,0,0.01,1017,1.2165844636251542,38.806293018682396,0.636512918918589,1,3,1
SIN0002752,POL006372,CLT04461,Habitation,Vol/Cambriolage,2023-02-18,2023-02-24,7974,5982,Fermé,13,6,0,26,7,0,0.01,1922,1.332998996990973,4.148803329864724,0.43997085500014077,0,0,0
SIN0002753,POL006374,CLT03337,Auto,Accident matériel,2022-03-28,2022-03-30,3335,2439,Fermé,5,2,0,37,0,0,0.01,1235,1.3673636736367363,2.700404858299595,0.42283352586752376,0,0,0
SIN0002754,POL006378,CLT03402,Auto,Accident matériel,2022-08-13,2022-09-11,3376,2167,Fermé,18,29,0,46,6,2,0.0164,1187,1.5579141670512229,2.844144903117102,0.4655762762201665,0,3,0
SIN0002755,POL006382,CLT04138,Auto,Accident corporel,2024-06-21,2024-07-04,14751,8677,Fermé,16,13,0,20,5,0,0.1007,933,1.7000115247205256,15.810289389067524,0.49214444036043165,0,3,0
SIN0002756,POL006384,CLT01558,Habitation,Dégât des eaux,2024-03-26,2024-04-23,2752,1636,Fermé,30,28,0,33,8,0,0.034,3197,1.6821515892420538,0.8608070065686582,0.4583901990291428,0,3,0
SIN0002757,POL006385,CLT01070,Auto,Bris de glace,2023-02-25,2023-03-09,515,291,Fermé,29,12,0,47,1,0,0.2457,906,1.7697594501718212,0.5684326710816777,0.43838034715359114,0,3,0
SIN0002758,POL006388,CLT00587,Santé,Maternité,2021-03-19,2021-04-06,674,576,Fermé,28,18,0,18,1,2,0.3332,1503,1.1701388888888888,0.44843646041250834,0.44703302828842767,0,0,0
SIN0002759,POL006394,CLT04863,Habitation,Dégât des eaux,2024-06-28,2024-07-24,5035,4364,Fermé,7,26,0,61,7,0,0.1944,3400,1.1537580201649862,1.4808823529411765,0.4500177190131648,0,0,0
SIN0002760,POL006394,CLT04863,Habitation,Catastrophe naturelle,2024-08-04,2024-08-25,7922,4477,Fermé,27,21,0,61,7,0,0.1944,3400,1.769488496761224,2.33,0.46142818116021844,0,3,0
SIN0002761,POL006399,CLT01217,Habitation,Incendie,2024-12-01,2024-12-02,56238,38293,Ouvert,20,1,0,60,9,1,0.01,2833,1.4686235082129893,19.85104129897635,0.64430480230455,1,5,1
SIN0002762,POL006403,CLT00954,Auto,Accident matériel,2024-04-06,2024-04-21,3680,2621,Ouvert,4,15,0,60,1,2,0.2247,2749,1.4040442579168257,1.3386686067660967,0.4324169125413212,0,0,0
SIN0002763,POL006404,CLT01587,Santé,Dentaire,2023-09-26,2023-10-11,455,407,Fermé,12,15,0,38,3,2,0.1363,835,1.117936117936118,0.5449101796407185,0.42281834513931255,0,0,0
SIN0002764,POL006408,CLT02966,Auto,Bris de glace,2023-07-09,2023-07-17,573,487,Ouvert,30,8,0,46,0,0,0.0663,2425,1.1765913757700206,0.23628865979381444,0.4063721647586482,0,0,0
SIN0002765,POL006408,CLT02966,Auto,Accident corporel,2023-10-21,2023-10-23,17515,10717,Fermé,27,2,0,46,0,0,0.0663,2425,1.63431930577587,7.222680412371134,0.4740959339576265,0,3,0
SIN0002766,POL006409,CLT02199,Habitation,Catastrophe naturelle,2022-09-09,2022-09-14,15378,9160,Fermé,5,5,0,32,0,1,0.154,1332,1.67882096069869,11.545045045045045,0.4712883556227396,0,3,0
SIN0002767,POL006409,CLT02199,Habitation,Incendie,2024-01-08,2024-01-31,27637,25381,Fermé,9,23,0,32,0,1,0.154,1332,1.0888853867065915,20.7484984984985,0.5241348605439106,0,3,0
SIN0002768,POL006412,CLT04479,Habitation,Catastrophe naturelle,2022-10-05,2022-10-24,9894,6682,Fermé,23,19,0,25,5,0,0.1577,3247,1.4806944028733913,3.0471204188481678,0.425710631568505,0,0,0
SIN0002769,POL006412,CLT04479,Habitation,Incendie,2023-05-11,2023-06-02,25462,16427,Fermé,26,22,0,25,5,0,0.1577,3247,1.550009131308212,7.841700030797659,0.48171738627352656,0,3,0
SIN0002770,POL006413,CLT02624,Habitation,Catastrophe naturelle,2022-10-20,2022-11-19,6544,4648,Fermé,20,30,0,44,7,1,0.2421,1207,1.4079173838209982,5.421706710853355,0.4512720433872929,0,0,0
SIN0002771,POL006414,CLT00161,Auto,Accident matériel,2024-05-16,2024-06-07,4721,3786,Fermé,24,22,0,53,1,1,0.1743,2674,1.2469624933967247,1.7655198204936424,0.3931370402387524,0,0,0
SIN0002772,POL006428,CLT04928,Auto,Accident matériel,2021-12-06,2021-12-13,7232,6528,Fermé,14,7,0,36,0,0,0.1808,923,1.107843137254902,7.835319609967497,0.4287902927603043,0,0,0
SIN0002773,POL006434,CLT03184,Auto,Bris de glace,2024-08-12,2024-08-14,400,238,Fermé,26,2,0,19,5,1,0.272,1002,1.680672268907563,0.3992015968063872,0.46197767598503287,0,3,0
SIN0002774,POL006435,CLT04147,Habitation,Vol/Cambriolage,2024-07-30,2024-08-11,6675,5681,Fermé,17,12,0,33,0,0,0.1978,1332,1.1749691955641612,5.011261261261262,0.4077143753958215,0,0,0
SIN0002775,POL006435,CLT04147,Habitation,Vol/Cambriolage,2024-06-25,2024-07-24,8046,4922,Fermé,16,29,0,33,0,0,0.1978,1332,1.634701340918326,6.04054054054054,0.44814462401639493,0,3,0
SIN0002776,POL006442,CLT04929,Auto,Accident matériel,2023-12-21,2024-01-13,2068,1258,Fermé,24,23,0,27,10,0,0.0681,1743,1.643879173290938,1.1864601262191623,0.4405231434884403,0,3,0
SIN0002777,POL006443,CLT02272,Santé,Soins courants,2024-06-11,2024-06-16,175,140,Fermé,18,5,0,26,0,1,0.0295,886,1.25,0.19751693002257337,0.428221797927745,0,0,0
SIN0002778,POL006448,CLT03935,Habitation,Vol/Cambriolage,2023-10-07,2023-10-13,8680,7715,Fermé,12,6,0,59,1,1,0.2595,3324,1.1250810110174985,2.611311672683514,0.43504121518543565,0,0,0
SIN0002779,POL006451,CLT03702,Santé,Optique,2024-05-31,2024-06-21,594,449,Ouvert,10,21,0,47,1,1,0.0469,1634,1.3229398663697105,0.3635250917992656,0.4025889741345747,0,0,0
SIN0002780,POL006453,CLT03926,Habitation,Catastrophe naturelle,2024-10-30,2024-11-28,27672,20202,Ouvert,21,29,0,48,8,0,0.01,1284,1.3697653697653698,21.55140186915888,0.537639001096642,0,3,0
SIN0002781,POL006459,CLT02268,Habitation,Catastrophe naturelle,2023-03-25,2023-03-27,9333,5220,Fermé,13,2,0,40,1,0,0.251,1671,1.7879310344827586,5.585278276481149,0.46217093820376237,0,3,0
SIN0002782,POL006460,CLT02433,Auto,Accident corporel,2022-07-11,2022-07-20,31730,20168,Fermé,6,9,0,41,3,0,0.095,1756,1.5732844109480364,18.069476082004556,0.5153267550986338,0,6,0
SIN0002783,POL006468,CLT01790,Auto,Accident matériel,2023-07-09,2023-07-12,3276,2225,Fermé,27,3,0,24,2,1,0.3035,1821,1.4723595505617977,1.799011532125206,0.4212441309206028,0,0,0
SIN0002784,POL006468,CLT01790,Auto,Vol,2023-08-28,2023-09-09,10922,8559,Fermé,7,12,0,24,2,1,0.3035,1821,1.2760836546325505,5.99780340472268,0.4426013969357189,0,0,0
SIN0002785,POL006468,CLT01790,Auto,Bris de glace,2022-12-05,2022-12-13,868,722,Fermé,12,8,0,24,2,1,0.3035,1821,1.2022160664819945,0.47666117517847334,0.4128375695188765,0,0,0
SIN0002786,POL006468,CLT01790,Auto,Accident matériel,2024-10-15,2024-10-15,9048,7506,Ouvert,20,0,0,24,2,1,0.3035,1821,1.205435651478817,4.968698517298188,0.4549365738253211,0,2,0
SIN0002787,POL006471,CLT04238,Auto,Accident corporel,2024-03-08,2024-04-05,28155,18289,Fermé,27,28,0,55,8,0,0.01,2535,1.5394499425884411,11.106508875739644,0.523649709831651,0,6,0
SIN0002788,POL006474,CLT00164,Auto,Accident matériel,2023-10-19,2023-11-12,2811,2063,Fermé,7,24,0,40,0,0,0.1155,1071,1.3625787687833253,2.6246498599439776,0.39955878461921146,0,0,0
SIN0002789,POL006475,CLT03099,Auto,Bris de glace,2024-09-04,2024-09-28,681,489,Fermé,19,24,0,43,11,0,0.0489,2503,1.392638036809816,0.272073511785857,0.4286980847462839,0,0,0
SIN0002790,POL006475,CLT03099,Auto,Accident matériel,2024-02-03,2024-02-15,7121,4695,Ouvert,39,12,0,43,11,0,0.0489,2503,1.516719914802982,2.844986016779864,0.44625059412946144,0,3,0
SIN0002791,POL006475,CLT03099,Auto,Bris de glace,2024-09-29,2024-10-14,400,257,Ouvert,59,15,0,43,11,0,0.0489,2503,1.556420233463035,0.15980823012385137,0.4589409050549815,0,3,0
SIN0002792,POL006478,CLT01480,Habitation,Catastrophe naturelle,2023-07-01,2023-07-25,9197,6980,Fermé,13,24,0,31,7,2,0.311,1647,1.317621776504298,5.5840922890103215,0.458763458000672,0,0,0
SIN0002793,POL006478,CLT01480,Habitation,Dégât des eaux,2024-08-24,2024-09-02,5636,3504,Ouvert,5,9,0,31,7,2,0.311,1647,1.6084474885844748,3.421979356405586,0.45827640852868873,0,3,0
SIN0002794,POL006478,CLT01480,Habitation,Dégât des eaux,2024-10-22,2024-11-12,3921,3114,Ouvert,27,21,0,31,7,2,0.311,1647,1.2591522157996147,2.3806921675774135,0.43259496859290353,0,0,0
SIN0002795,POL006478,CLT01480,Habitation,Catastrophe naturelle,2022-05-20,2022-05-24,18446,10726,Ouvert,33,4,0,31,7,2,0.311,1647,1.7197464105910871,11.199757134183363,0.5345332158260337,0,3,0
SIN0002796,POL006478,CLT01480,Habitation,Dégât des eaux,2022-05-19,2022-05-24,8613,6843,Fermé,27,5,0,31,7,2,0.311,1647,1.258658483121438,5.229508196721311,0.4603177676038408,0,0,0
SIN0002797,POL006479,CLT03507,Auto,Accident corporel,2024-07-31,2024-08-14,23931,22604,Fermé,23,14,0,52,2,0,0.1122,2523,1.0587064236418333,9.485136741973841,0.485223964914784,0,0,0
SIN0002798,POL006484,CLT00939,Santé,Optique,2023-09-04,2023-09-25,418,344,Litigieux,159,21,0,34,1,2,0.2805,1171,1.2151162790697674,0.3569598633646456,0.52370528567409,0,0,0
SIN0002799,POL006484,CLT00939,Santé,Hospitalisation,2023-09-30,2023-10-22,5744,4234,Ouvert,27,22,0,34,1,2,0.2805,1171,1.3566367501180916,4.9052092228864215,0.41812014177620466,0,0,0
SIN0002800,POL006484,CLT00939,Santé,Dentaire,2023-03-19,2023-03-24,1077,637,Ouvert,23,5,0,34,1,2,0.2805,1171,1.6907378335949765,0.9197267292912041,0.4433902909940827,0,3,0
SIN0002801,POL006487,CLT00020,Habitation,Incendie,2021-12-24,2022-01-16,30987,20688,Fermé,6,23,0,62,1,0,0.0382,2895,1.497824825986079,10.703626943005181,0.5185690442462028,0,3,0
SIN0002802,POL006492,CLT04389,Santé,Optique,2023-10-14,2023-11-09,216,178,Litigieux,66,26,0,38,0,0,0.0494,617,1.2134831460674158,0.3500810372771475,0.44943943772746253,0,0,0
SIN0002803,POL006497,CLT00009,Auto,Accident matériel,2023-12-28,2024-01-26,8215,6796,Fermé,13,29,0,24,2,0,0.1972,819,1.2087992937021776,10.03052503052503,0.46188519163198744,0,0,0
SIN0002804,POL006498,CLT01867,Santé,Optique,2022-06-27,2022-07-09,561,389,Ouvert,18,12,0,55,0,2,0.2902,935,1.442159383033419,0.6,0.4226210743384486,0,0,0
SIN0002805,POL006498,CLT01867,Santé,Optique,2023-06-28,2023-07-09,567,427,Ouvert,40,11,0,55,0,2,0.2902,935,1.3278688524590163,0.6064171122994653,0.4290242596601936,0,0,0
SIN0002806,POL006498,CLT01867,Santé,Soins courants,2024-10-19,2024-11-12,213,172,Ouvert,51,24,0,55,0,2,0.2902,935,1.2383720930232558,0.22780748663101605,0.44683253655453686,0,0,0
SIN0002807,POL006498,CLT01867,Santé,Optique,2023-07-31,2023-08-28,651,570,Fermé,10,28,0,55,0,2,0.2902,935,1.1421052631578947,0.6962566844919786,0.4621998372797262,0,0,0
SIN0002808,POL006500,CLT00502,Habitation,Dégât des eaux,2023-08-28,2023-08-31,1967,1805,Fermé,9,3,0,53,1,0,0.01,1274,1.0897506925207756,1.543956043956044,0.44217155680342074,0,0,0
SIN0002809,POL006503,CLT00311,Auto,Accident corporel,2024-11-19,2024-12-05,10099,5772,Ouvert,49,16,0,43,3,0,0.1927,1039,1.7496534996534996,9.719923002887391,0.4596163170278881,0,3,0
SIN0002810,POL006503,CLT00311,Auto,Accident matériel,2024-11-19,2024-11-19,5773,3754,Ouvert,38,0,0,43,3,0,0.1927,1039,1.5378263185935002,5.556304138594803,0.445415875562962,0,5,0
SIN0002811,POL006505,CLT03013,Habitation,Dégât des eaux,2023-07-14,2023-08-12,3586,2258,Fermé,28,29,0,57,10,3,0.2448,2881,1.588131089459699,1.2447066990628255,0.5141818267022578,0,5,0
SIN0002812,POL006505,CLT03013,Habitation,Dégât des eaux,2023-10-26,2023-11-01,5863,5024,Fermé,20,6,0,57,10,3,0.2448,2881,1.1669984076433122,2.035057271780632,0.48799168990933767,0,2,0
SIN0002813,POL006508,CLT04935,Habitation,Bris de glace,2023-08-24,2023-09-04,309,250,Ouvert,44,11,0,18,6,0,0.2379,1049,1.236,0.2945662535748332,0.44505089317302593,0,0,0
SIN0002814,POL006508,CLT04935,Habitation,Vol/Cambriolage,2022-07-27,2022-08-21,3494,2901,Fermé,23,25,0,18,6,0,0.2379,1049,1.2044122716304722,3.330791229742612,0.4407074708992647,0,0,0
SIN0002815,POL006509,CLT02877,Auto,Accident matériel,2024-05-24,2024-06-15,2479,2037,Fermé,11,22,0,57,0,1,0.2906,1552,1.2169857633775159,1.5972938144329898,0.41177480811325845,0,0,0
SIN0002816,POL006509,CLT02877,Auto,Accident matériel,2024-03-02,2024-03-13,9710,7929,Fermé,7,11,0,57,0,1,0.2906,1552,1.2246184890906797,6.256443298969073,0.4363422067550249,0,0,0
SIN0002817,POL006513,CLT04247,Auto,Accident matériel,2021-07-04,2021-07-13,2750,2352,Fermé,30,9,0,33,12,0,0.01,1613,1.1692176870748299,1.7048977061376318,0.4372600842391938,0,0,0
SIN0002818,POL006515,CLT04282,Auto,Accident corporel,2023-06-07,2023-06-14,32794,24475,Fermé,16,7,0,49,2,1,0.3455,2406,1.3398978549540348,13.630091438071489,0.5178577278838197,0,3,0
SIN0002819,POL006519,CLT04264,Habitation,Catastrophe naturelle,2024-10-05,2024-10-09,27101,21952,Ouvert,55,4,0,57,1,3,0.4868,1494,1.2345572157434401,18.139892904953147,0.6106233910621278,1,5,1
SIN0002820,POL006522,CLT03791,Santé,Hospitalisation,2021-05-03,2021-05-04,4934,4059,Fermé,15,1,0,43,0,3,0.5655,650,1.215570337521557,7.590769230769231,0.5326472522005824,0,4,0
SIN0002821,POL006526,CLT00662,Santé,Dentaire,2021-02-14,2021-03-09,1206,697,Fermé,17,23,0,51,0,0,0.2597,938,1.7302725968436155,1.2857142857142858,0.4365912753650928,0,3,0
SIN0002822,POL006527,CLT01482,Auto,Bris de glace,2023-04-07,2023-04-18,268,214,Fermé,6,11,0,42,3,2,0.1324,819,1.2523364485981308,0.32722832722832723,0.42239975962346044,0,0,0
SIN0002823,POL006527,CLT01482,Auto,Accident corporel,2024-10-28,2024-11-02,14815,8312,Ouvert,14,5,0,42,3,2,0.1324,819,1.7823628488931664,18.08913308913309,0.5104223756514946,0,3,0
SIN0002824,POL006527,CLT01482,Auto,Accident corporel,2024-08-22,2024-08-24,23148,16292,Fermé,21,2,0,42,3,2,0.1324,819,1.4208200343726982,28.263736263736263,0.5306050216192728,0,0,0
SIN0002825,POL006528,CLT01473,Habitation,Vol/Cambriolage,2022-10-14,2022-10-19,18309,14277,Fermé,16,5,0,45,6,0,0.01,2886,1.2824122714856063,6.344074844074844,0.46246413108799106,0,0,0
SIN0002826,POL006532,CLT02799,Auto,Bris de glace,2021-06-15,2021-06-20,523,475,Fermé,18,5,0,25,0,3,0.3501,998,1.1010526315789473,0.5240480961923848,0.48320445374351734,0,2,0
SIN0002827,POL006532,CLT02799,Auto,Accident corporel,2023-05-01,2023-05-13,36994,31893,Litigieux,41,12,0,25,0,3,0.3501,998,1.1599410528956198,37.06813627254509,0.6380397132089614,1,5,1
SIN0002828,POL006533,CLT00872,Santé,Soins courants,2023-02-06,2023-02-22,60,36,Ouvert,6,16,0,18,5,0,0.1028,1546,1.6666666666666667,0.03880983182406209,0.45823607333254057,0,3,0
SIN0002829,POL006538,CLT02432,Auto,Accident matériel,2023-09-27,2023-10-16,8119,7279,Fermé,16,19,0,62,2,0,0.0881,2145,1.1154004670971287,3.785081585081585,0.4340750576288949,0,0,0
SIN0002830,POL006539,CLT04021,Auto,Bris de glace,2024-07-11,2024-07-29,616,522,Fermé,8,18,0,45,0,2,0.2163,1362,1.1800766283524904,0.4522760646108664,0.4207803138256526,0,0,0
SIN0002831,POL006539,CLT04021,Auto,Bris de glace,2024-01-14,2024-01-31,895,828,Fermé,29,17,0,45,0,2,0.2163,1362,1.0809178743961352,0.6571218795888399,0.43127980924010106,0,0,0
SIN0002832,POL006540,CLT02066,Santé,Maternité,2023-04-08,2023-04-16,1173,925,Fermé,22,8,0,61,1,0,0.3433,1037,1.268108108108108,1.1311475409836065,0.43793864661156756,0,0,0
SIN0002833,POL006540,CLT02066,Santé,Dentaire,2023-05-15,2023-06-09,1024,955,Fermé,29,25,0,61,1,0,0.3433,1037,1.0722513089005237,0.9874638379942141,0.4602617700099294,0,0,0
SIN0002834,POL006540,CLT02066,Santé,Hospitalisation,2022-07-27,2022-08-13,5106,3783,Fermé,17,17,0,61,1,0,0.3433,1037,1.3497224425059478,4.923818707810994,0.44218090439619245,0,0,0
SIN0002835,POL006541,CLT03224,Auto,Accident matériel,2024-02-14,2024-03-12,6490,3858,Ouvert,19,27,0,48,1,0,0.2535,1480,1.6822187662001036,4.385135135135135,0.44599961612362615,0,3,0
SIN0002836,POL006547,CLT04419,Habitation,Vol/Cambriolage,2023-11-02,2023-11-16,6174,4203,Fermé,12,14,0,44,8,2,0.4175,1809,1.468950749464668,3.4129353233830844,0.46243095462651285,0,0,0
SIN0002837,POL006548,CLT00175,Santé,Hospitalisation,2023-02-01,2023-02-21,4212,3598,Fermé,19,20,0,32,3,0,0.01,1795,1.17065036131184,2.346518105849582,0.3999714704573519,0,0,0
SIN0002838,POL006550,CLT02290,Habitation,Incendie,2022-12-21,2023-01-15,44610,31007,Fermé,17,25,0,60,1,0,0.1809,2419,1.4387073886541748,18.441504754030593,0.5788677376536135,1,3,1
SIN0002839,POL006551,CLT00170,Santé,Soins courants,2024-07-07,2024-07-10,172,131,Ouvert,60,3,0,32,4,0,0.01,1172,1.3129770992366412,0.14675767918088736,0.45302545625826746,0,0,0
SIN0002840,POL006555,CLT00204,Auto,Accident matériel,2022-05-29,2022-06-26,5749,3719,Fermé,5,28,0,18,4,0,0.01,2091,1.5458456574347943,2.749402199904352,0.4677543039854393,0,3,0
SIN0002841,POL006557,CLT03839,Auto,Accident corporel,2024-01-09,2024-01-18,30810,20611,Fermé,16,9,0,44,7,0,0.0779,867,1.4948328562418127,35.536332179930795,0.5648782053522199,1,3,1
SIN0002842,POL006570,CLT03514,Santé,Soins courants,2024-06-27,2024-07-24,208,177,Fermé,5,27,0,34,12,0,0.01,2117,1.1751412429378532,0.09825224374114312,0.46924522139542524,0,0,0
SIN0002843,POL006572,CLT00103,Habitation,Catastrophe naturelle,2023-06-05,2023-06-20,30740,28323,Litigieux,70,15,0,43,7,1,0.2851,1344,1.085337005260742,22.87202380952381,0.5818897342681628,1,3,1
SIN0002844,POL006576,CLT01522,Auto,Vol,2024-07-23,2024-08-19,11327,10339,Fermé,14,27,0,30,5,0,0.0247,804,1.095560499081149,14.088308457711443,0.484638935796637,0,0,0
SIN0002845,POL006580,CLT00247,Auto,Vol,2023-09-26,2023-10-03,3278,2529,Fermé,14,7,0,47,5,0,0.2683,1907,1.2961644918940292,1.718930256948086,0.4132676416066954,0,0,0
SIN0002846,POL006580,CLT00247,Auto,Bris de glace,2021-04-03,2021-04-07,586,450,Fermé,20,4,0,47,5,0,0.2683,1907,1.3022222222222222,0.30728893550078656,0.41665489980882014,0,0,0
SIN0002847,POL006581,CLT02892,Habitation,Vol/Cambriolage,2023-11-04,2023-12-04,6994,3902,Litigieux,157,30,0,18,0,3,0.5287,2661,1.7924141465914916,2.6283352123261934,0.6378052790894291,1,5,1
SIN0002848,POL006581,CLT02892,Habitation,Dégât des eaux,2023-10-12,2023-11-07,4422,3055,Fermé,24,26,0,18,0,3,0.5287,2661,1.4474631751227496,1.661781285231116,0.5299282681529418,0,2,0
SIN0002849,POL006582,CLT00629,Auto,Accident matériel,2024-10-28,2024-11-06,3876,3134,Ouvert,24,9,0,41,3,1,0.0935,1556,1.236758136566688,2.4910025706940875,0.39173601848956424,0,0,0
SIN0002850,POL006585,CLT04842,Auto,Bris de glace,2023-06-16,2023-06-19,613,467,Fermé,16,3,0,36,0,0,0.1021,1073,1.3126338329764453,0.5712954333643989,0.40131966485398557,0,0,0
SIN0002851,POL006587,CLT04138,Habitation,Vol/Cambriolage,2023-06-20,2023-07-07,11257,10260,Fermé,27,17,0,20,5,0,0.1007,1010,1.0971734892787524,11.145544554455446,0.47368713610961277,0,0,0
SIN0002852,POL006588,CLT04749,Habitation,Incendie,2022-08-04,2022-08-10,47382,37774,Ouvert,28,6,0,57,7,0,0.01,2698,1.2543548472494308,17.56189770200148,0.6165767354404347,1,3,1
SIN0002853,POL006589,CLT04486,Habitation,Vol/Cambriolage,2023-08-26,2023-09-21,17981,14956,Fermé,22,26,0,55,1,1,0.2825,1834,1.2022599625568333,9.804252998909487,0.46922699250693495,0,0,0
SIN0002854,POL006590,CLT03348,Auto,Accident matériel,2024-04-12,2024-05-10,2228,1767,Fermé,8,28,0,50,13,0,0.053,1324,1.2608941709111487,1.6827794561933536,0.4602458175812189,0,0,0
SIN0002855,POL006590,CLT03348,Auto,Bris de glace,2024-03-06,2024-03-20,198,123,Ouvert,23,14,0,50,13,0,0.053,1324,1.6097560975609757,0.14954682779456194,0.4602637283082597,0,3,0
SIN0002856,POL006593,CLT02046,Auto,Incendie,2024-12-17,2024-12-31,37340,24485,Ouvert,52,25,0,34,1,0,0.2618,1487,1.5250153154992854,25.110961667787493,0.5736784811132559,1,6,1
SIN0002857,POL006601,CLT03094,Auto,Bris de glace,2023-04-05,2023-04-22,1017,770,Ouvert,22,17,0,62,8,0,0.01,1666,1.3207792207792208,0.6104441776710684,0.4329497583191769,0,0,0
SIN0002858,POL006603,CLT03223,Santé,Optique,2023-07-29,2023-08-16,302,173,Litigieux,150,18,0,54,2,1,0.1634,610,1.745664739884393,0.49508196721311476,0.5175987872681048,0,3,0
SIN0002859,POL006605,CLT03831,Auto,Vol,2024-09-10,2024-09-12,6850,5587,Fermé,18,2,0,29,2,0,0.1063,1755,1.2260604975836764,3.903133903133903,0.42187165806517246,0,0,0
SIN0002860,POL006606,CLT03286,Habitation,Dégât des eaux,2021-10-06,2021-10-10,6124,5096,Litigieux,88,4,0,39,6,1,0.1305,1541,1.2017268445839875,3.974042829331603,0.46277060886213606,0,0,0
SIN0002861,POL006606,CLT03286,Habitation,Catastrophe naturelle,2024-05-05,2024-06-01,14619,13524,Litigieux,85,27,0,39,6,1,0.1305,1541,1.0809671694764862,9.486696950032446,0.5266836894217929,0,0,0
SIN0002862,POL006616,CLT04433,Habitation,Vol/Cambriolage,2021-08-04,2021-08-16,5079,3524,Fermé,29,12,0,55,1,0,0.0462,1115,1.4412599318955732,4.555156950672646,0.4102531297949262,0,0,0
SIN0002863,POL006616,CLT04433,Habitation,Vol/Cambriolage,2024-06-18,2024-07-03,6351,5920,Fermé,29,15,0,55,1,0,0.0462,1115,1.072804054054054,5.695964125560538,0.4287854591311015,0,0,0
SIN0002864,POL006616,CLT04433,Habitation,Catastrophe naturelle,2023-08-13,2023-08-25,24416,18197,Fermé,26,12,0,55,1,0,0.0462,1115,1.3417596307083586,21.897757847533633,0.49553973408032104,0,0,0
SIN0002865,POL006617,CLT02987,Santé,Dentaire,2024-03-30,2024-04-17,1934,1731,Ouvert,19,18,0,18,1,1,0.2197,632,1.1172732524552282,3.060126582278481,0.4253056768262151,0,0,0
SIN0002866,POL006620,CLT03789,Santé,Maternité,2024-03-31,2024-04-03,897,659,Fermé,7,3,0,63,0,1,0.1752,1147,1.3611532625189682,0.7820401046207498,0.43739304520463973,0,0,0
SIN0002867,POL006620,CLT03789,Santé,Dentaire,2024-02-24,2024-03-06,638,573,Litigieux,98,11,0,63,0,1,0.1752,1147,1.1134380453752182,0.5562336530078466,0.4859586974197926,0,0,0
SIN0002868,POL006622,CLT02308,Habitation,Dégât des eaux,2023-06-21,2023-06-24,11259,8501,Litigieux,177,3,0,55,4,1,0.1825,2625,1.3244324197153277,4.289142857142857,0.5368851041512298,0,0,0
SIN0002869,POL006631,CLT02063,Auto,Bris de glace,2024-07-09,2024-07-23,209,157,Ouvert,54,14,0,53,2,1,0.2261,2531,1.3312101910828025,0.0825760568945081,0.4150947797698043,0,0,0
SIN0002870,POL006636,CLT02027,Auto,Accident matériel,2022-08-01,2022-08-26,2547,2065,Fermé,18,25,0,52,2,0,0.0547,855,1.233414043583535,2.9789473684210526,0.40538513835263973,0,0,0
SIN0002871,POL006636,CLT02027,Auto,Incendie,2023-09-06,2023-10-02,16911,13278,Fermé,18,26,0,52,2,0,0.0547,855,1.2736104835065523,19.778947368421054,0.480242200574187,0,0,0
SIN0002872,POL006638,CLT01313,Habitation,Dégât des eaux,2022-07-12,2022-07-13,938,792,Fermé,17,1,0,54,7,0,0.0854,1807,1.1843434343434343,0.5190924183729939,0.4345433053016963,0,2,0
SIN0002873,POL006642,CLT03001,Auto,Bris de glace,2022-05-27,2022-06-09,555,513,Fermé,24,13,0,41,0,1,0.3983,791,1.0818713450292399,0.7016434892541087,0.433051106241756,0,0,0
SIN0002874,POL006642,CLT03001,Auto,Incendie,2024-01-27,2024-02-01,25025,16578,Ouvert,30,5,0,41,0,1,0.3983,791,1.5095307033417782,31.63716814159292,0.5617158276321899,1,3,1
SIN0002875,POL006648,CLT02207,Habitation,Catastrophe naturelle,2024-04-28,2024-05-20,15101,9550,Ouvert,16,22,0,36,0,0,0.1177,1380,1.5812565445026179,10.942753623188405,0.44014496761641914,0,3,0
SIN0002876,POL006648,CLT02207,Habitation,Dégât des eaux,2022-06-30,2022-07-12,9439,7074,Litigieux,155,12,0,36,0,0,0.1177,1380,1.3343228724908114,6.839855072463768,0.5224366812383299,0,0,0
SIN0002877,POL006649,CLT01154,Habitation,Dégât des eaux,2023-12-06,2023-12-19,1754,972,Ouvert,12,13,0,32,0,0,0.1688,1775,1.8045267489711934,0.9881690140845071,0.4382999656417341,0,3,0
SIN0002878,POL006650,CLT04297,Habitation,Dégât des eaux,2024-03-11,2024-03-29,4293,3248,Fermé,7,18,0,47,8,2,0.1209,1831,1.3217364532019704,2.344620425996723,0.43511868608573656,0,0,0
SIN0002879,POL006652,CLT00799,Santé,Dentaire,2024-12-26,2024-12-27,2080,1318,Ouvert,31,1,0,50,6,1,0.1698,729,1.5781487101669196,2.853223593964335,0.4304150841378533,0,5,0
SIN0002880,POL006653,CLT02632,Santé,Optique,2024-10-09,2024-10-23,457,409,Ouvert,30,14,0,31,1,1,0.1925,1022,1.117359413202934,0.4471624266144814,0.4034565863438504,0,0,0
SIN0002881,POL006653,CLT02632,Santé,Soins courants,2024-02-02,2024-03-03,254,152,Fermé,7,30,0,31,1,1,0.1925,1022,1.6710526315789473,0.24853228962818003,0.46241261478112633,0,3,0
SIN0002882,POL006657,CLT01533,Habitation,Vol/Cambriolage,2024-11-11,2024-12-03,6982,6024,Ouvert,1,22,0,29,0,0,0.1132,3336,1.159030544488712,2.092925659472422,0.4406025447964758,0,0,0
SIN0002883,POL006659,CLT00582,Habitation,Dégât des eaux,2024-09-21,2024-09-27,4767,3313,Litigieux,180,6,0,36,5,0,0.01,1534,1.4388771506187745,3.107561929595828,0.5181706808863248,0,0,0
SIN0002884,POL006661,CLT03963,Auto,Vol,2022-09-06,2022-09-27,4949,2848,Fermé,7,21,0,60,3,1,0.1429,910,1.7377106741573034,5.438461538461539,0.43935883049207297,0,3,0
SIN0002885,POL006661,CLT03963,Auto,Bris de glace,2023-05-23,2023-05-31,475,317,Fermé,20,8,0,60,3,1,0.1429,910,1.498422712933754,0.521978021978022,0.41299470185648307,0,0,0
SIN0002886,POL006661,CLT03963,Auto,Vol,2023-03-21,2023-03-22,4825,3980,Fermé,25,1,0,60,3,1,0.1429,910,1.2123115577889447,5.302197802197802,0.42998166421509093,0,2,0
SIN0002887,POL006664,CLT00176,Santé,Dentaire,2023-05-02,2023-05-13,1697,1410,Ouvert,36,11,0,24,3,0,0.2535,1256,1.20354609929078,1.3511146496815287,0.4209137585837426,0,0,0
SIN0002888,POL006667,CLT02817,Santé,Soins courants,2023-08-29,2023-08-30,287,238,Fermé,15,1,0,46,7,0,0.01,1625,1.2058823529411764,0.17661538461538462,0.44183705374952387,0,2,0
SIN0002889,POL006668,CLT03455,Habitation,Dégât des eaux,2024-12-25,2024-12-31,3743,3381,Ouvert,35,16,0,21,4,0,0.0716,2239,1.1070689145223307,1.6717284502009826,0.42498031044903256,0,0,0
SIN0002890,POL006672,CLT00305,Auto,Bris de glace,2023-11-16,2023-12-05,205,149,Fermé,9,19,0,25,4,2,0.1367,2398,1.3758389261744965,0.08548790658882402,0.4356777561776981,0,0,0
SIN0002891,POL006678,CLT00775,Santé,Dentaire,2021-07-02,2021-07-02,893,811,Ouvert,60,0,0,45,6,1,0.0214,810,1.1011097410604191,1.1024691358024692,0.4703500811131699,0,2,0
SIN0002892,POL006678,CLT00775,Santé,Dentaire,2024-09-14,2024-10-12,615,462,Ouvert,29,28,0,45,6,1,0.0214,810,1.3311688311688312,0.7592592592592593,0.4429310935262501,0,0,0
SIN0002893,POL006680,CLT00660,Habitation,Dégât des eaux,2022-05-27,2022-06-05,3135,2559,Fermé,25,9,0,30,1,2,0.4432,2808,1.2250879249706916,1.1164529914529915,0.4517471298852411,0,0,0
SIN0002894,POL006680,CLT00660,Habitation,Dégât des eaux,2024-08-07,2024-08-28,2821,2066,Litigieux,83,21,0,30,1,2,0.4432,2808,1.3654404646660212,1.0046296296296295,0.4966386881283651,0,0,0
SIN0002895,POL006680,CLT00660,Habitation,Bris de glace,2022-07-24,2022-07-24,383,346,Fermé,28,0,0,30,1,2,0.4432,2808,1.106936416184971,0.1363960113960114,0.495328352110318,0,2,0
SIN0002896,POL006681,CLT01262,Auto,Bris de glace,2024-10-25,2024-11-21,435,361,Ouvert,5,27,0,50,0,1,0.1723,811,1.2049861495844876,0.5363748458692972,0.4231611480092333,0,0,0
SIN0002897,POL006690,CLT03644,Habitation,Bris de glace,2024-04-27,2024-05-05,365,247,Ouvert,28,8,0,49,4,0,0.0922,1028,1.4777327935222673,0.3550583657587549,0.4008438060701704,0,0,0
SIN0002898,POL006697,CLT01565,Auto,Accident matériel,2024-07-01,2024-07-21,1467,1204,Ouvert,43,20,0,62,6,0,0.01,2189,1.2184385382059801,0.6701690269529466,0.4427247294155856,0,0,0
SIN0002899,POL006698,CLT03771,Santé,Dentaire,2024-08-13,2024-08-16,1481,1233,Ouvert,40,3,0,24,0,0,0.01,1518,1.2011354420113545,0.9756258234519104,0.4400360230439023,0,0,0
SIN0002900,POL006699,CLT00048,Santé,Soins courants,2023-06-19,2023-06-21,435,281,Litigieux,153,2,0,56,1,0,0.0558,990,1.5480427046263345,0.4393939393939394,0.504347615950764,0,3,0
SIN0002901,POL006703,CLT03405,Habitation,Dégât des eaux,2023-01-28,2023-01-29,1980,1287,Fermé,27,1,0,28,4,2,0.2186,1441,1.5384615384615385,1.3740458015267176,0.44493754484985276,0,5,0
SIN0002902,POL006706,CLT03203,Habitation,Dégât des eaux,2024-04-08,2024-05-06,3604,2097,Fermé,16,28,0,70,2,1,0.2654,1274,1.7186456843109204,2.828885400313972,0.4899766967103995,0,3,0
SIN0002903,POL006707,CLT03764,Auto,Vol,2024-04-14,2024-04-14,6384,5095,Fermé,26,0,0,42,3,0,0.1721,2497,1.2529931305201178,2.5566680016019223,0.4267482139286045,0,2,0
SIN0002904,POL006707,CLT03764,Auto,Vol,2023-01-16,2023-01-29,19186,10651,Fermé,16,13,0,42,3,0,0.1721,2497,1.8013332081494695,7.6836203444132956,0.47314094849732974,0,3,0
SIN0002905,POL006710,CLT00298,Habitation,Incendie,2024-09-19,2024-09-22,40548,24175,Ouvert,28,3,0,59,3,0,0.2323,1394,1.6772699069286452,29.087517934002868,0.5920085976850054,1,6,1
SIN0002906,POL006711,CLT00531,Auto,Bris de glace,2023-07-15,2023-07-20,903,759,Ouvert,10,5,0,50,1,0,0.0663,1260,1.1897233201581028,0.7166666666666667,0.4136752010297138,0,0,0
SIN0002907,POL006713,CLT02474,Santé,Maternité,2024-01-26,2024-02-12,1400,1283,Fermé,7,17,0,38,1,1,0.0218,1132,1.0911925175370225,1.2367491166077738,0.42650676190173287,0,0,0
SIN0002908,POL006716,CLT04064,Habitation,Vol/Cambriolage,2022-12-16,2022-12-19,7442,5433,Fermé,5,3,0,33,3,1,0.0757,2084,1.3697772869501197,3.571017274472169,0.4172486375369949,0,0,0
SIN0002909,POL006716,CLT04064,Habitation,Vol/Cambriolage,2024-03-19,2024-03-19,4506,2820,Ouvert,60,0,0,33,3,1,0.0757,2084,1.597872340425532,2.1621880998080614,0.45768065716087264,0,5,0
SIN0002910,POL006718,CLT00894,Auto,Accident matériel,2023-02-16,2023-03-07,3687,3373,Fermé,20,19,0,28,1,0,0.0865,1050,1.0930922027868366,3.5114285714285716,0.411187797707091,0,0,0
SIN0002911,POL006719,CLT01413,Auto,Accident corporel,2024-04-22,2024-05-08,16474,11720,Fermé,27,16,0,40,0,0,0.1613,2617,1.405631399317406,6.294994268246083,0.43233523846735056,0,0,0
SIN0002912,POL006720,CLT01484,Auto,Accident matériel,2023-10-24,2023-11-17,1073,624,Fermé,29,24,0,51,0,1,0.01,861,1.7195512820512822,1.246225319396051,0.4462151509101574,0,3,0
SIN0002913,POL006723,CLT04214,Santé,Optique,2024-02-23,2024-03-16,265,238,Fermé,5,22,0,56,0,0,0.091,302,1.1134453781512605,0.8774834437086093,0.4195632479413426,0,0,0
SIN0002914,POL006725,CLT00609,Auto,Incendie,2024-05-16,2024-06-03,28495,23458,Fermé,14,18,0,35,4,0,0.2044,895,1.2147241879103077,31.837988826815643,0.5487849740679369,0,3,0
SIN0002915,POL006733,CLT01389,Auto,Bris de glace,2023-07-16,2023-07-25,230,175,Fermé,8,9,0,48,2,2,0.2475,1543,1.3142857142857143,0.14906027219701878,0.42153402365846715,0,0,0
SIN0002916,POL006736,CLT01943,Auto,Vol,2024-01-19,2024-02-14,6442,5863,Fermé,18,26,0,28,11,0,0.2194,1434,1.0987549036329525,4.492329149232915,0.47197372546691035,0,0,0
SIN0002917,POL006737,CLT01849,Habitation,Catastrophe naturelle,2023-04-20,2023-05-16,24003,18976,Litigieux,131,26,0,29,0,1,0.276,1274,1.2649135750421585,18.84065934065934,0.5844094397705926,1,0,0
SIN0002918,POL006743,CLT02434,Habitation,Dégât des eaux,2024-06-14,2024-06-19,2158,1292,Litigieux,90,5,0,48,2,0,0.1794,951,1.6702786377708978,2.2691903259726605,0.4689113758857158,0,3,0
SIN0002919,POL006750,CLT00319,Habitation,Vol/Cambriolage,2023-09-24,2023-10-13,4562,3880,Fermé,8,19,0,41,3,1,0.2518,903,1.1757731958762887,5.052048726467331,0.4017519809599888,0,0,0
SIN0002920,POL006759,CLT01079,Habitation,Bris de glace,2024-04-26,2024-05-11,580,433,Ouvert,6,15,0,55,0,0,0.1646,2588,1.3394919168591224,0.2241112828438949,0.40459906249480726,0,0,0
SIN0002921,POL006760,CLT02141,Habitation,Dégât des eaux,2023-02-26,2023-03-02,5706,5395,Ouvert,26,4,0,49,7,0,0.2091,1393,1.057645968489342,4.096195262024407,0.4440565556946706,0,0,0
SIN0002922,POL006763,CLT01320,Auto,Accident matériel,2024-02-28,2024-03-21,4353,2463,Fermé,22,22,0,45,20,0,0.1193,736,1.7673568818514007,5.914402173913044,0.5171437876626069,0,3,0
SIN0002923,POL006765,CLT01326,Habitation,Incendie,2023-10-11,2023-11-01,12640,10246,Fermé,6,21,0,34,2,0,0.1695,1720,1.2336521569392933,7.348837209302325,0.43449916403701616,0,0,0
SIN0002924,POL006772,CLT01056,Habitation,Catastrophe naturelle,2023-07-18,2023-08-08,22400,14453,Fermé,8,21,0,41,2,2,0.3164,1192,1.5498512419566872,18.79194630872483,0.5160354253648131,0,3,0
SIN0002925,POL006772,CLT01056,Habitation,Vol/Cambriolage,2024-08-15,2024-09-01,7748,7233,Fermé,26,17,0,41,2,2,0.3164,1192,1.071201437854279,6.5,0.4420074539623281,0,0,0
SIN0002926,POL006772,CLT01056,Habitation,Dégât des eaux,2021-10-14,2021-10-22,5598,4536,Fermé,21,8,0,41,2,2,0.3164,1192,1.2341269841269842,4.696308724832215,0.4161189274042405,0,0,0
SIN0002927,POL006772,CLT01056,Habitation,Dégât des eaux,2024-04-26,2024-05-22,5356,4572,Fermé,7,26,0,41,2,2,0.3164,1192,1.1714785651793527,4.493288590604027,0.4423389211986645,0,0,0
SIN0002928,POL006775,CLT04815,Auto,Vol,2024-07-11,2024-07-11,6783,4724,Fermé,29,0,0,43,5,1,0.1922,907,1.4358594411515664,7.478500551267916,0.4328807605889761,0,2,0
SIN0002929,POL006781,CLT01339,Auto,Incendie,2021-08-25,2021-09-24,46840,30627,Fermé,23,30,0,42,1,0,0.01,1235,1.5293695105625755,37.927125506072876,0.6352875335141208,1,6,1
SIN0002930,POL006783,CLT00348,Santé,Hospitalisation,2023-07-17,2023-07-22,5446,3380,Fermé,8,5,0,18,3,1,0.0312,997,1.6112426035502958,5.462387161484453,0.4466667862821614,0,3,0
SIN0002931,POL006784,CLT01408,Auto,Accident matériel,2024-07-01,2024-07-29,2872,2376,Fermé,18,28,0,39,0,0,0.1509,2173,1.2087542087542087,1.3216751035434882,0.41779089663432606,0,0,0
SIN0002932,POL006784,CLT01408,Auto,Accident corporel,2023-01-30,2023-02-04,7618,5380,Fermé,10,5,0,39,0,0,0.1509,2173,1.4159851301115243,3.505752416014726,0.40913051854612237,0,0,0
SIN0002933,POL006790,CLT01612,Santé,Optique,2024-11-26,2024-12-06,617,451,Ouvert,45,10,0,47,0,0,0.2321,1147,1.3680709534368072,0.5379250217959896,0.41667738278090705,0,0,0
SIN0002934,POL006795,CLT01517,Auto,Accident matériel,2024-08-14,2024-08-23,2132,1754,Fermé,8,9,0,74,0,1,0.1139,2548,1.2155074116305586,0.8367346938775511,0.45999090947999816,0,0,0
SIN0002935,POL006799,CLT02868,Auto,Bris de glace,2024-02-05,2024-02-16,658,414,Ouvert,38,11,0,26,1,0,0.01,1382,1.5893719806763285,0.4761215629522431,0.433444481883232,0,3,0
SIN0002936,POL006802,CLT00006,Habitation,Bris de glace,2022-10-11,2022-10-16,288,273,Fermé,23,5,0,77,0,1,0.2394,1137,1.054945054945055,0.2532981530343008,0.49219152735133526,0,0,0
SIN0002937,POL006805,CLT03015,Auto,Accident matériel,2023-06-18,2023-06-26,3861,2526,Ouvert,17,8,0,43,1,0,0.01,1362,1.5285035629453683,2.8348017621145374,0.4045185387105996,0,3,0
SIN0002938,POL006809,CLT02035,Auto,Accident matériel,2024-03-14,2024-03-27,1170,734,Litigieux,51,13,0,50,1,0,0.1542,2815,1.5940054495912805,0.41563055062166965,0.4179879618041498,0,3,0
SIN0002939,POL006811,CLT02623,Auto,Bris de glace,2023-11-14,2023-12-04,616,499,Fermé,9,20,0,33,1,0,0.01,1378,1.2344689378757514,0.44702467343976776,0.4047064666724917,0,0,0
SIN0002940,POL006812,CLT03343,Habitation,Dégât des eaux,2024-09-09,2024-09-27,4700,3841,Fermé,17,18,0,44,14,0,0.0733,1205,1.2236396771674043,3.900414937759336,0.43738319141333215,0,0,0
SIN0002941,POL006814,CLT02829,Auto,Vol,2023-04-10,2023-05-06,5105,3585,Fermé,7,26,0,37,1,1,0.2397,3083,1.4239888423988842,1.6558546869931885,0.41197251100903043,0,0,0
SIN0002942,POL006816,CLT00248,Habitation,Vol/Cambriolage,2024-08-14,2024-08-19,6463,3821,Fermé,15,5,0,27,6,1,0.0871,2808,1.691442030881968,2.3016381766381766,0.442536889256088,0,3,0
SIN0002943,POL006816,CLT00248,Habitation,Vol/Cambriolage,2023-05-19,2023-05-28,7966,4815,Fermé,30,9,0,27,6,1,0.0871,2808,1.6544132917964693,2.8368945868945867,0.438571619631311,0,3,0
SIN0002944,POL006819,CLT00506,Auto,Accident matériel,2023-06-17,2023-07-09,3348,1905,Fermé,13,22,0,55,13,2,0.3236,1146,1.75748031496063,2.9214659685863875,0.5018282561089554,0,3,0
SIN0002945,POL006820,CLT01338,Habitation,Dégât des eaux,2024-05-14,2024-05-15,3099,2352,Ouvert,5,1,0,22,9,1,0.2143,1703,1.3176020408163265,1.8197298884321784,0.45650035736060024,0,2,0
SIN0002946,POL006823,CLT00076,Auto,Accident corporel,2022-10-27,2022-11-12,20884,15904,Fermé,22,16,0,53,0,1,0.2814,1609,1.313128772635815,12.979490366687383,0.46724884061522215,0,0,0
SIN0002947,POL006823,CLT00076,Auto,Accident matériel,2024-12-06,2024-12-31,4033,2456,Ouvert,33,30,0,53,0,1,0.2814,1609,1.642100977198697,2.5065257924176505,0.4576835990243804,0,3,0
SIN0002948,POL006823,CLT00076,Auto,Accident matériel,2024-01-20,2024-02-18,2485,1610,Fermé,15,29,0,53,0,1,0.2814,1609,1.5434782608695652,1.5444375388440026,0.4436785929162006,0,3,0
SIN0002949,POL006824,CLT00859,Auto,Accident matériel,2024-03-05,2024-03-27,5967,5523,Fermé,11,22,0,42,1,0,0.0951,1388,1.0803910917979358,4.2989913544668585,0.41427604544898344,0,0,0
SIN0002950,POL006825,CLT00162,Auto,Accident matériel,2022-11-17,2022-11-21,2431,1601,Ouvert,57,4,0,38,0,1,0.0893,1060,1.51842598376015,2.293396226415094,0.42803045769171943,0,3,0
SIN0002951,POL006826,CLT00506,Auto,Bris de glace,2023-05-30,2023-06-13,688,504,Fermé,12,14,0,55,13,2,0.3236,1300,1.3650793650793651,0.5292307692307693,0.47338561025635184,0,0,0
SIN0002952,POL006827,CLT02404,Santé,Soins courants,2024-05-12,2024-06-05,337,190,Fermé,10,24,0,52,0,0,0.0504,525,1.7736842105263158,0.6419047619047619,0.4447515462097409,0,3,0
SIN0002953,POL006827,CLT02404,Santé,Soins courants,2021-04-26,2021-05-11,459,410,Fermé,30,15,0,52,0,0,0.0504,525,1.1195121951219513,0.8742857142857143,0.41014104487277797,0,0,0
SIN0002954,POL006828,CLT04923,Auto,Bris de glace,2024-12-08,2024-12-13,484,348,Ouvert,45,5,0,59,1,0,0.01,1016,1.3908045977011494,0.4763779527559055,0.4385073978830015,0,0,0
SIN0002955,POL006830,CLT02249,Habitation,Dégât des eaux,2023-07-30,2023-08-22,6674,5183,Fermé,28,23,0,63,0,1,0.2421,1156,1.2876712328767124,5.773356401384083,0.4304308581546456,0,0,0
SIN0002956,POL006834,CLT02170,Habitation,Vol/Cambriolage,2021-10-22,2021-11-19,16140,13683,Ouvert,54,28,0,68,8,1,0.01,1199,1.1795658846744135,13.461217681401168,0.5557778218987663,1,0,0
SIN0002957,POL006837,CLT04423,Auto,Accident matériel,2024-02-08,2024-02-12,2596,2401,Ouvert,42,4,0,50,13,0,0.0217,1109,1.0812161599333612,2.340847610459874,0.4699359067189812,0,0,0
SIN0002958,POL006840,CLT00293,Auto,Incendie,2024-09-16,2024-09-17,29283,19363,Fermé,18,1,0,48,3,2,0.2839,1430,1.5123173062025512,20.477622377622378,0.5479057520520053,0,8,0
SIN0002959,POL006841,CLT00086,Habitation,Vol/Cambriolage,2024-05-02,2024-05-17,10514,9404,Fermé,27,15,0,18,9,0,0.223,3499,1.1180348787749894,3.0048585310088596,0.48494409674179134,0,0,0
SIN0002960,POL006843,CLT04090,Santé,Optique,2023-10-30,2023-10-31,396,286,Fermé,28,1,0,55,10,1,0.01,678,1.3846153846153846,0.584070796460177,0.45525553409079117,0,2,0
SIN0002961,POL006844,CLT02638,Habitation,Dégât des eaux,2022-10-28,2022-11-22,5951,3550,Fermé,10,25,0,60,1,0,0.01,1894,1.6763380281690141,3.142027455121436,0.4478129286779313,0,3,0
SIN0002962,POL006844,CLT02638,Habitation,Dégât des eaux,2024-03-20,2024-03-26,12878,11655,Fermé,11,6,0,60,1,0,0.01,1894,1.104933504933505,6.799366420274551,0.47448055539298084,0,0,0
SIN0002963,POL006849,CLT04840,Santé,Dentaire,2022-07-24,2022-08-17,945,524,Ouvert,59,24,0,46,4,2,0.0831,1283,1.8034351145038168,0.7365549493374902,0.4923103254261132,0,3,0
SIN0002964,POL006853,CLT02748,Habitation,Vol/Cambriolage,2023-04-18,2023-05-10,11456,8847,Fermé,8,22,0,36,2,0,0.0979,2150,1.2949022267435288,5.328372093023256,0.42027876912556533,0,0,0
SIN0002965,POL006855,CLT01218,Auto,Bris de glace,2023-04-22,2023-05-09,713,484,Ouvert,58,17,0,56,4,2,0.2224,1022,1.4731404958677685,0.6976516634050881,0.4395867147797525,0,0,0
SIN0002966,POL006855,CLT01218,Auto,Accident matériel,2022-05-07,2022-06-01,7242,4368,Fermé,12,25,0,56,4,2,0.2224,1022,1.657967032967033,7.086105675146771,0.4521459566164884,0,3,0
SIN0002967,POL006855,CLT01218,Auto,Incendie,2022-05-11,2022-06-02,59532,54932,Ouvert,39,22,0,56,4,2,0.2224,1022,1.083739896599432,58.25048923679061,0.6807094207885119,1,3,1
SIN0002968,POL006857,CLT03583,Santé,Soins courants,2021-10-07,2021-10-22,93,59,Ouvert,6,15,0,58,3,0,0.0224,1139,1.576271186440678,0.08165057067603161,0.43380957682325805,0,3,0
SIN0002969,POL006858,CLT00575,Santé,Soins courants,2024-05-09,2024-05-13,261,232,Fermé,21,4,0,26,8,1,0.0188,669,1.125,0.3901345291479821,0.44908096803352804,0,0,0
SIN0002970,POL006862,CLT01104,Auto,Accident corporel,2024-07-17,2024-08-02,11469,7710,Fermé,19,16,0,46,3,2,0.3984,1140,1.4875486381322958,10.060526315789474,0.47035884133334965,0,0,0
SIN0002971,POL006864,CLT00796,Santé,Hospitalisation,2022-03-25,2022-04-03,10981,9773,Fermé,12,9,0,44,3,0,0.1638,779,1.1236058528599202,14.09627727856226,0.4522721702544359,0,0,0
SIN0002972,POL006868,CLT03125,Habitation,Incendie,2023-07-25,2023-08-10,35094,19496,Ouvert,48,16,0,40,2,2,0.1353,2962,1.8000615510874025,11.848075624577987,0.5451594196377616,0,6,0
SIN0002973,POL006868,CLT03125,Habitation,Vol/Cambriolage,2021-05-27,2021-06-19,9306,8086,Litigieux,147,23,0,40,2,2,0.1353,2962,1.1508780608459066,3.141796083727211,0.5465650345216804,0,0,0
SIN0002974,POL006870,CLT00905,Santé,Optique,2022-09-09,2022-09-14,400,304,Fermé,19,5,0,48,4,0,0.1537,1254,1.3157894736842106,0.3189792663476874,0.40087813803479644,0,0,0
SIN0002975,POL006872,CLT03912,Auto,Vol,2024-08-09,2024-08-25,4678,3251,Ouvert,10,16,0,31,7,0,0.01,1299,1.4389418640418332,3.6012317167051577,0.4138039120615684,0,0,0
SIN0002976,POL006875,CLT03313,Habitation,Dégât des eaux,2024-05-04,2024-05-23,4239,3256,Litigieux,78,19,0,45,3,3,0.5018,1645,1.3019041769041768,2.576899696048632,0.5214549501830593,0,2,0
SIN0002977,POL006877,CLT02784,Santé,Maternité,2024-08-21,2024-09-17,1445,1247,Fermé,7,27,0,45,5,3,0.3479,758,1.1587810745789895,1.9063324538258575,0.4941000622376192,0,2,0
SIN0002978,POL006878,CLT01787,Auto,Accident matériel,2024-08-18,2024-09-07,3008,2204,Fermé,13,20,0,52,1,1,0.2198,1096,1.3647912885662432,2.7445255474452557,0.3909424670136098,0,0,0
SIN0002979,POL006879,CLT04838,Habitation,Incendie,2024-10-10,2024-10-20,52095,45433,Ouvert,8,10,0,50,2,0,0.01,2782,1.1466335042810292,18.725736879942488,0.6110974643067473,1,3,1
SIN0002980,POL006879,CLT04838,Habitation,Catastrophe naturelle,2023-12-23,2023-12-31,22777,13368,Fermé,10,8,0,50,2,0,0.01,2782,1.7038450029922203,8.18727534148095,0.4873824123872502,0,3,0
SIN0002981,POL006881,CLT04793,Habitation,Vol/Cambriolage,2022-07-13,2022-07-21,4176,3724,Fermé,10,8,0,56,2,1,0.2712,1193,1.121374865735768,3.5004191114836547,0.41423605218707615,0,0,0
SIN0002982,POL006882,CLT02141,Auto,Accident matériel,2024-05-22,2024-06-11,1929,1410,Fermé,16,20,0,49,7,0,0.2091,636,1.3680851063829786,3.0330188679245285,0.4103566240298282,0,0,0
SIN0002983,POL006882,CLT02141,Auto,Bris de glace,2021-08-17,2021-08-17,380,316,Fermé,24,0,0,49,7,0,0.2091,636,1.2025316455696202,0.5974842767295597,0.44071734226579234,0,2,0
SIN0002984,POL006887,CLT01942,Auto,Accident matériel,2023-10-24,2023-11-07,4435,2757,Fermé,5,14,0,57,0,0,0.0658,1871,1.608632571635836,2.3703901656867985,0.42129212831139423,0,3,0
SIN0002985,POL006888,CLT04617,Santé,Dentaire,2024-03-16,2024-03-24,513,424,Fermé,12,8,0,38,4,0,0.1891,855,1.2099056603773586,0.6,0.3979547045224828,0,0,0
SIN0002986,POL006889,CLT03568,Auto,Accident matériel,2024-08-08,2024-09-03,3664,2365,Fermé,30,26,0,42,1,1,0.2455,1160,1.549260042283298,3.1586206896551725,0.414881121412671,0,3,0
SIN0002987,POL006890,CLT04045,Auto,Bris de glace,2024-12-05,2024-12-18,417,240,Ouvert,53,13,0,28,4,2,0.2435,3039,1.7375,0.1372161895360316,0.48270488752070706,0,3,0
SIN0002988,POL006891,CLT03652,Auto,Accident matériel,2021-10-20,2021-11-06,4489,2588,Fermé,26,17,0,53,3,0,0.0996,2052,1.7345440494590418,2.1876218323586745,0.41365411651445705,0,3,0
SIN0002989,POL006892,CLT02640,Auto,Accident matériel,2024-08-10,2024-08-18,3334,2326,Fermé,20,8,0,37,4,0,0.01,1618,1.4333619948409286,2.060568603213844,0.3988898064975379,0,0,0
SIN0002990,POL006892,CLT02640,Auto,Incendie,2024-08-06,2024-08-13,25692,15248,Litigieux,170,7,0,37,4,0,0.01,1618,1.6849422875131164,15.878862793572312,0.5863880240016492,1,3,1
SIN0002991,POL006895,CLT03009,Santé,Soins courants,2024-01-31,2024-02-25,104,87,Fermé,12,25,0,48,1,1,0.1634,1330,1.1954022988505748,0.07819548872180451,0.4141320720797504,0,0,0
SIN0002992,POL006903,CLT02897,Auto,Accident matériel,2022-03-13,2022-03-21,3838,2856,Fermé,7,8,0,20,2,2,0.4705,1915,1.3438375350140057,2.004177545691906,0.46997926943667934,0,0,0
SIN0002993,POL006904,CLT04086,Santé,Dentaire,2024-07-01,2024-07-04,880,605,Fermé,26,3,0,33,5,1,0.2132,786,1.4545454545454546,1.1195928753180662,0.41543733226333096,0,0,0
SIN0002994,POL006912,CLT02050,Santé,Maternité,2024-06-10,2024-06-23,935,514,Fermé,24,13,0,18,0,0,0.2296,956,1.8190661478599222,0.9780334728033473,0.46825888714798436,0,3,0
SIN0002995,POL006914,CLT00520,Habitation,Incendie,2024-09-15,2024-09-23,51183,45607,Ouvert,19,8,0,52,2,1,0.2518,1516,1.1222619334751245,33.76187335092348,0.6271224689744767,1,3,1
SIN0002996,POL006916,CLT01834,Habitation,Incendie,2024-01-15,2024-01-17,50497,43357,Fermé,27,2,0,85,6,1,0.194,2975,1.1646792905413197,16.973781512605044,0.6496096601114625,1,3,1
SIN0002997,POL006920,CLT01785,Habitation,Dégât des eaux,2024-09-10,2024-10-01,1512,883,Fermé,17,21,0,18,1,0,0.3582,1254,1.7123442808607021,1.2057416267942584,0.46924138710944674,0,3,0
SIN0002998,POL006924,CLT03494,Habitation,Dégât des eaux,2024-02-04,2024-02-26,3642,2952,Fermé,20,22,0,52,0,0,0.0607,1932,1.233739837398374,1.8850931677018634,0.39510864235669874,0,0,0
SIN0002999,POL006926,CLT04143,Santé,Hospitalisation,2023-06-01,2023-06-29,4879,4297,Fermé,8,28,0,62,0,0,0.1213,1214,1.1354433325575983,4.018945634266887,0.45624959745774274,0,0,0
SIN0003000,POL006928,CLT04724,Auto,Accident corporel,2023-06-18,2023-06-27,11536,10853,Ouvert,56,9,0,28,0,0,0.3134,2737,1.0629319082281397,4.2148337595907925,0.4905528305682396,0,0,0
SIN0003001,POL006933,CLT02411,Habitation,Dégât des eaux,2021-05-21,2021-06-02,4960,3877,Fermé,18,12,0,44,2,0,0.2476,1303,1.2793396956409595,3.806600153491942,0.4035703859782704,0,0,0
SIN0003002,POL006933,CLT02411,Habitation,Dégât des eaux,2024-09-14,2024-09-14,4531,4172,Fermé,25,0,0,44,2,0,0.2476,1303,1.0860498561840843,3.4773599386032235,0.44380852392857667,0,2,0
SIN0003003,POL006933,CLT02411,Habitation,Dégât des eaux,2024-02-24,2024-03-25,3997,2220,Litigieux,105,30,0,44,2,0,0.2476,1303,1.8004504504504504,3.0675364543361474,0.5242254878835405,0,3,0
SIN0003004,POL006935,CLT01827,Santé,Soins courants,2023-12-04,2023-12-09,315,192,Fermé,18,5,0,56,4,1,0.1045,664,1.640625,0.4743975903614458,0.42981959659894703,0,3,0
SIN0003005,POL006935,CLT01827,Santé,Dentaire,2024-09-24,2024-09-27,2013,1836,Fermé,6,3,0,56,4,1,0.1045,664,1.09640522875817,3.0316265060240966,0.42973883863550016,0,0,0
SIN0003006,POL006936,CLT00137,Habitation,Dégât des eaux,2023-04-01,2023-04-27,2757,2054,Litigieux,80,26,0,44,0,0,0.1089,1954,1.3422590068159688,1.410951893551689,0.44492792992809616,0,0,0
SIN0003007,POL006941,CLT00713,Habitation,Vol/Cambriolage,2023-10-26,2023-11-19,3177,2132,Fermé,16,24,0,64,1,3,0.4885,1424,1.4901500938086305,2.231039325842697,0.5125334664033586,0,2,0
SIN0003008,POL006941,CLT00713,Habitation,Dégât des eaux,2024-07-13,2024-08-02,4939,3619,Fermé,11,20,0,64,1,3,0.4885,1424,1.364741641337386,3.4683988764044944,0.5078494206628374,0,2,0
SIN0003009,POL006941,CLT00713,Habitation,Dégât des eaux,2024-03-01,2024-03-31,7881,5012,Fermé,26,30,0,64,1,3,0.4885,1424,1.5724261771747805,5.53441011235955,0.5552764246477516,1,5,1
SIN0003010,POL006951,CLT00764,Santé,Optique,2023-11-12,2023-12-11,122,69,Litigieux,59,29,0,56,0,0,0.2655,1240,1.7681159420289856,0.09838709677419355,0.5070158593223273,0,3,0
SIN0003011,POL006957,CLT02089,Habitation,Dégât des eaux,2023-05-09,2023-05-11,8066,5377,Ouvert,60,2,0,30,0,0,0.2399,1735,1.500092988655384,4.648991354466859,0.4641091846917244,0,3,0
SIN0003012,POL006957,CLT02089,Habitation,Incendie,2024-05-23,2024-06-03,13443,10246,Ouvert,13,11,0,30,0,0,0.2399,1735,1.3120242045676362,7.748126801152738,0.44360781899462787,0,0,0
SIN0003013,POL006957,CLT02089,Habitation,Dégât des eaux,2023-03-26,2023-04-03,5161,3691,Fermé,12,8,0,30,0,0,0.2399,1735,1.3982660525602817,2.9746397694524496,0.40744645026919785,0,0,0
SIN0003014,POL006959,CLT04185,Habitation,Dégât des eaux,2023-03-13,2023-03-26,13264,10989,Fermé,22,13,0,22,2,0,0.1569,3064,1.207025207025207,4.328981723237598,0.44491888015391906,0,0,0
SIN0003015,POL006961,CLT04562,Habitation,Incendie,2023-05-22,2023-06-12,48333,38362,Litigieux,151,21,0,43,5,0,0.0981,1745,1.2599186695167093,27.697994269340974,0.6631062708550488,1,3,1
SIN0003016,POL006961,CLT04562,Habitation,Incendie,2023-04-14,2023-05-08,20370,18354,Fermé,12,24,0,43,5,0,0.0981,1745,1.1098398169336385,11.673352435530086,0.4719681211331646,0,0,0
SIN0003017,POL006964,CLT00054,Habitation,Bris de glace,2024-09-15,2024-10-12,318,231,Ouvert,33,27,0,44,0,0,0.0144,1808,1.3766233766233766,0.17588495575221239,0.4274771823556389,0,0,0
SIN0003018,POL006970,CLT02960,Habitation,Incendie,2024-01-02,2024-01-06,24712,21562,Fermé,8,4,0,18,4,0,0.0775,1508,1.1460903441239216,16.387267904509283,0.5188969610589395,0,0,0
SIN0003019,POL006973,CLT02934,Habitation,Vol/Cambriolage,2024-07-06,2024-07-16,11967,8725,Fermé,16,10,0,53,12,0,0.046,1192,1.3715759312320916,10.039429530201343,0.4780742255836714,0,0,0
SIN0003020,POL006976,CLT04190,Habitation,Dégât des eaux,2023-01-17,2023-02-11,6127,3903,Fermé,10,25,0,64,3,0,0.1713,2089,1.5698180886497566,2.9329822881761607,0.43116500345571174,0,3,0
SIN0003021,POL006986,CLT03813,Auto,Accident corporel,2024-02-10,2024-03-08,14821,11431,Fermé,13,27,0,61,1,1,0.2963,972,1.2965619805791269,15.247942386831276,0.48929683355077125,0,0,0
SIN0003022,POL006987,CLT03936,Habitation,Incendie,2024-08-04,2024-08-16,17326,10262,Fermé,16,12,0,48,15,0,0.01,2028,1.688364841161567,8.543392504930967,0.521102804385814,0,3,0
SIN0003023,POL006987,CLT03936,Habitation,Vol/Cambriolage,2023-10-10,2023-10-10,4951,4279,Fermé,21,0,0,48,15,0,0.01,2028,1.1570460387941108,2.4413214990138066,0.48551713436208743,0,2,0
SIN0003024,POL006988,CLT01005,Santé,Maternité,2024-09-06,2024-09-29,752,665,Fermé,15,23,0,36,0,0,0.105,1084,1.130827067669173,0.6937269372693727,0.4023957517484997,0,0,0
SIN0003025,POL006989,CLT01734,Auto,Accident matériel,2024-05-15,2024-05-21,1764,1582,Fermé,12,6,0,45,4,0,0.0723,1572,1.1150442477876106,1.1221374045801527,0.41208313260832335,0,0,0
SIN0003026,POL006989,CLT01734,Auto,Accident matériel,2024-12-27,2024-12-31,1328,872,Ouvert,5,30,0,45,4,0,0.0723,1572,1.5229357798165137,0.8447837150127226,0.4481530529044823,0,3,0
SIN0003027,POL006991,CLT01766,Santé,Hospitalisation,2024-09-09,2024-09-24,7738,6503,Fermé,25,15,0,24,8,0,0.1159,1036,1.189912348147009,7.469111969111969,0.44669503339087985,0,0,0
SIN0003028,POL006992,CLT03403,Santé,Soins courants,2024-11-25,2024-12-18,137,113,Ouvert,2,23,0,54,2,1,0.247,1003,1.2123893805309736,0.1365902293120638,0.43129473869578566,0,0,0
SIN0003029,POL006992,CLT03403,Santé,Maternité,2023-06-24,2023-07-16,1305,1205,Fermé,16,22,0,54,2,1,0.247,1003,1.0829875518672198,1.3010967098703887,0.4158839931751567,0,0,0
SIN0003030,POL006996,CLT01486,Auto,Incendie,2024-12-22,2024-12-31,22528,18778,Ouvert,57,20,0,43,4,0,0.01,1575,1.1997017786771753,14.303492063492063,0.49230637672840477,0,0,0
SIN0003031,POL006997,CLT00348,Santé,Dentaire,2023-10-08,2023-10-25,1188,717,Fermé,8,17,0,18,3,1,0.0312,1074,1.6569037656903767,1.106145251396648,0.4512774242928776,0,3,0
SIN0003032,POL007003,CLT03919,Santé,Soins courants,2021-10-21,2021-10-23,266,221,Fermé,18,2,0,36,6,0,0.1507,1757,1.2036199095022624,0.15139442231075698,0.4234116598862825,0,0,0
SIN0003033,POL007010,CLT02425,Auto,Accident matériel,2021-08-26,2021-09-23,2814,2551,Ouvert,53,28,0,26,0,0,0.2335,864,1.1030968247745983,3.2569444444444446,0.46383841329874964,0,0,0
SIN0003034,POL007017,CLT01529,Auto,Bris de glace,2024-10-24,2024-11-20,416,241,Ouvert,55,27,0,52,1,0,0.1348,2300,1.7261410788381744,0.1808695652173913,0.4641700423532252,0,3,0
SIN0003035,POL007019,CLT03858,Habitation,Incendie,2023-01-19,2023-01-20,14216,12590,Fermé,23,1,0,30,5,1,0.2284,1319,1.1291501191421762,10.777862016679302,0.4765114022141088,0,2,0
SIN0003036,POL007024,CLT00223,Auto,Accident matériel,2024-02-29,2024-03-01,3097,2302,Ouvert,24,1,0,51,6,0,0.2563,1511,1.3453518679409209,2.0496360026472535,0.4304030258558253,0,2,0
SIN0003037,POL007028,CLT04933,Habitation,Vol/Cambriolage,2022-05-17,2022-06-02,3835,2683,Ouvert,3,16,0,18,5,0,0.177,1810,1.4293701080879613,2.1187845303867405,0.4332111047233442,0,0,0
SIN0003038,POL007029,CLT04744,Habitation,Dégât des eaux,2024-07-10,2024-08-08,15832,13811,Fermé,16,29,0,32,6,0,0.1683,1806,1.146332633408153,8.766334440753045,0.48292507461630396,0,0,0
SIN0003039,POL007031,CLT04851,Habitation,Dégât des eaux,2024-11-27,2024-11-30,3935,2453,Ouvert,34,3,0,63,7,0,0.0685,1160,1.6041581736649002,3.3922413793103448,0.454377594322279,0,3,0
SIN0003040,POL007034,CLT00499,Habitation,Dégât des eaux,2024-07-09,2024-08-04,2906,2176,Fermé,17,26,0,18,0,1,0.2532,2744,1.3354779411764706,1.0590379008746356,0.4312417212826726,0,0,0
SIN0003041,POL007035,CLT01946,Auto,Accident matériel,2022-02-05,2022-02-21,3406,2059,Fermé,18,16,0,32,2,2,0.2473,1421,1.6542010684798445,2.3969035890218158,0.4191035062447686,0,3,0
SIN0003042,POL007036,CLT02677,Habitation,Catastrophe naturelle,2023-12-25,2024-01-20,26758,21188,Litigieux,138,26,0,41,6,0,0.0925,1960,1.2628846516896357,13.652040816326531,0.5787783084038635,1,3,1
SIN0003043,POL007037,CLT00650,Santé,Soins courants,2021-09-10,2021-10-10,166,146,Ouvert,12,30,0,28,2,0,0.2235,1685,1.1369863013698631,0.09851632047477744,0.4558863624111358,0,0,0
SIN0003044,POL007037,CLT00650,Santé,Soins courants,2022-06-27,2022-07-24,366,251,Ouvert,51,27,0,28,2,0,0.2235,1685,1.4581673306772909,0.2172106824925816,0.4445594559592092,0,0,0
SIN0003045,POL007037,CLT00650,Santé,Hospitalisation,2024-11-18,2024-12-09,8149,7108,Ouvert,57,21,0,28,2,0,0.2235,1685,1.1464546989307822,4.83620178041543,0.44747116625874417,0,0,0
SIN0003046,POL007038,CLT02247,Auto,Accident matériel,2024-02-19,2024-02-24,3345,3057,Litigieux,176,5,0,56,1,1,0.2195,844,1.0942100098135428,3.963270142180095,0.521390355774832,0,0,0
SIN0003047,POL007038,CLT02247,Auto,Accident matériel,2021-02-27,2021-03-25,5769,4862,Fermé,7,26,0,56,1,1,0.2195,844,1.1865487453722747,6.835308056872038,0.42442622399047547,0,0,0
SIN0003048,POL007039,CLT04044,Auto,Accident matériel,2024-02-23,2024-02-25,3469,2074,Fermé,16,2,0,66,7,2,0.2703,1070,1.6726133076181293,3.242056074766355,0.49651948396392653,0,3,0
SIN0003049,POL007039,CLT04044,Auto,Bris de glace,2024-07-10,2024-07-12,456,380,Fermé,25,2,0,66,7,2,0.2703,1070,1.2,0.4261682242990654,0.48234762970365364,0,0,0
SIN0003050,POL007042,CLT00387,Habitation,Vol/Cambriolage,2024-12-30,2024-12-31,5623,4464,Ouvert,25,1,0,36,1,1,0.1358,1181,1.2596326164874552,4.761219305673158,0.4142592636819899,0,2,0
SIN0003051,POL007044,CLT03020,Santé,Soins courants,2023-05-12,2023-05-13,60,46,Fermé,19,1,0,42,3,1,0.1487,605,1.3043478260869565,0.09917355371900827,0.42130443409713564,0,2,0
SIN0003052,POL007045,CLT00206,Santé,Optique,2023-12-11,2023-12-23,295,186,Litigieux,164,12,0,26,18,0,0.0382,1205,1.586021505376344,0.24481327800829875,0.5882296776452977,1,3,1
SIN0003053,POL007048,CLT01723,Habitation,Dégât des eaux,2023-08-03,2023-08-09,2116,1684,Fermé,25,6,0,36,4,1,0.1831,1404,1.2565320665083135,1.5071225071225072,0.3965614030714941,0,0,0
SIN0003054,POL007049,CLT04979,Habitation,Dégât des eaux,2022-07-21,2022-07-31,7634,6108,Fermé,24,10,0,56,0,1,0.0676,1166,1.2498362802881466,6.547169811320755,0.42124356836928567,0,0,0
SIN0003055,POL007054,CLT02462,Santé,Soins courants,2023-08-13,2023-09-08,183,139,Fermé,20,26,0,44,0,0,0.0149,643,1.316546762589928,0.2846034214618974,0.41520314923529383,0,0,0
SIN0003056,POL007056,CLT00797,Habitation,Dégât des eaux,2023-05-30,2023-06-28,2072,1523,Fermé,12,29,0,18,9,0,0.1719,1916,1.360472751149048,1.081419624217119,0.47399242358662264,0,0,0
SIN0003057,POL007061,CLT00218,Habitation,Vol/Cambriolage,2023-10-13,2023-10-27,8981,7860,Fermé,26,14,0,53,4,1,0.2107,1906,1.1426208651399492,4.71196222455404,0.41940316443043596,0,0,0
SIN0003058,POL007064,CLT01550,Habitation,Incendie,2021-12-05,2021-12-12,22091,16864,Fermé,25,7,0,33,0,0,0.1053,1277,1.3099501897533208,17.299138606108066,0.47592764575025476,0,0,0
SIN0003059,POL007064,CLT01550,Habitation,Dégât des eaux,2022-06-19,2022-07-12,2396,1407,Fermé,6,23,0,33,0,0,0.1053,1277,1.702914001421464,1.8762725137039937,0.4201800821563187,0,3,0
SIN0003060,POL007071,CLT04264,Habitation,Bris de glace,2022-10-06,2022-10-26,614,476,Fermé,25,20,0,57,1,3,0.4868,2001,1.2899159663865547,0.30684657671164417,0.49309506137051545,0,2,0
SIN0003061,POL007071,CLT04264,Habitation,Catastrophe naturelle,2023-09-04,2023-09-04,4430,4105,Ouvert,7,0,0,57,1,3,0.4868,2001,1.079171741778319,2.2138930534732633,0.5324492917888095,0,4,0
SIN0003062,POL007072,CLT00184,Habitation,Dégât des eaux,2024-12-14,2024-12-25,10166,9398,Ouvert,32,11,0,37,3,0,0.0899,1649,1.0817195147903809,6.164948453608248,0.4317341657459689,0,0,0
SIN0003063,POL007074,CLT03165,Auto,Vol,2023-10-31,2023-11-03,6170,5052,Fermé,28,3,0,18,0,1,0.2913,2312,1.221298495645289,2.6686851211072664,0.43205345740426765,0,0,0
SIN0003064,POL007081,CLT01059,Auto,Vol,2022-09-16,2022-09-25,8078,6844,Fermé,18,9,0,40,0,0,0.2205,946,1.1803039158386908,8.539112050739957,0.422411991469732,0,0,0
SIN0003065,POL007081,CLT01059,Auto,Bris de glace,2024-04-04,2024-04-11,250,200,Fermé,20,7,0,40,0,0,0.2205,946,1.25,0.2642706131078224,0.40590452700249874,0,0,0
SIN0003066,POL007082,CLT03534,Auto,Accident matériel,2023-06-16,2023-07-10,4286,2906,Fermé,25,24,0,55,3,2,0.2574,1082,1.4748795595320028,3.9611829944547137,0.4257549234390739,0,0,0
SIN0003067,POL007083,CLT01919,Auto,Vol,2022-04-22,2022-05-16,7222,4971,Litigieux,124,24,0,20,1,2,0.4624,3344,1.4528263930798633,2.159688995215311,0.5540281608849796,1,0,0
SIN0003068,POL007085,CLT01080,Auto,Accident matériel,2023-12-23,2024-01-03,2633,2219,Litigieux,112,11,0,18,0,2,0.5602,3445,1.1865705272645335,0.7642960812772134,0.5519804851422551,0,0,0
SIN0003069,POL007085,CLT01080,Auto,Accident matériel,2024-01-20,2024-02-02,6573,5899,Fermé,9,13,0,18,0,2,0.5602,3445,1.1142566536701135,1.9079825834542816,0.5061838515110215,0,0,0
SIN0003070,POL007085,CLT01080,Auto,Accident matériel,2024-10-25,2024-11-22,4791,3231,Ouvert,30,28,0,18,0,2,0.5602,3445,1.4828226555246053,1.390711175616836,0.5288068632399652,0,0,0
SIN0003071,POL007086,CLT04617,Auto,Bris de glace,2023-08-10,2023-08-22,519,375,Fermé,24,12,0,38,4,0,0.1891,972,1.384,0.5339506172839507,0.39598712651044804,0,0,0
SIN0003072,POL007087,CLT00527,Auto,Accident corporel,2024-05-13,2024-05-13,6159,4877,Fermé,7,0,0,42,13,0,0.0231,960,1.2628665163010047,6.415625,0.4858019250825125,0,2,0
SIN0003073,POL007088,CLT03726,Habitation,Vol/Cambriolage,2024-02-19,2024-02-22,1894,1599,Fermé,16,3,0,42,2,0,0.01,1252,1.184490306441526,1.512779552715655,0.4226560944764711,0,0,0
SIN0003074,POL007089,CLT03197,Habitation,Vol/Cambriolage,2024-02-12,2024-02-15,7863,6594,Fermé,22,3,0,30,1,1,0.155,3441,1.1924476797088261,2.2850915431560592,0.419508660390842,0,0,0
SIN0003075,POL007090,CLT01575,Auto,Bris de glace,2023-09-07,2023-09-26,1230,820,Ouvert,20,19,0,61,1,1,0.2011,900,1.5,1.3666666666666667,0.4127431677696084,0,0,0
SIN0003076,POL007091,CLT02307,Auto,Accident matériel,2024-04-08,2024-05-08,6583,4466,Fermé,24,30,0,44,6,0,0.01,1001,1.474025974025974,6.5764235764235766,0.4553765290932428,0,0,0
SIN0003077,POL007097,CLT00216,Habitation,Catastrophe naturelle,2024-02-02,2024-02-15,22950,21009,Fermé,13,13,0,77,6,0,0.01,2089,1.0923889761530772,10.986117759693633,0.5337848460796972,0,0,0
SIN0003078,POL007102,CLT02098,Auto,Accident matériel,2023-11-04,2023-11-12,2877,2157,Fermé,24,8,0,18,3,2,0.469,893,1.333796940194715,3.221724524076148,0.4752257263308026,0,0,0
SIN0003079,POL007106,CLT03760,Santé,Dentaire,2023-09-18,2023-10-11,605,501,Fermé,23,23,0,49,0,2,0.2721,624,1.2075848303393213,0.969551282051282,0.4236630274039844,0,0,0
SIN0003080,POL007106,CLT03760,Santé,Dentaire,2024-03-09,2024-03-20,966,707,Fermé,29,11,0,49,0,2,0.2721,624,1.3663366336633664,1.5480769230769231,0.4227965334209573,0,0,0
SIN0003081,POL007111,CLT00536,Auto,Accident matériel,2023-01-05,2023-01-14,3996,2327,Fermé,7,9,0,34,0,0,0.0917,1310,1.7172324881822087,3.050381679389313,0.4212969396837493,0,3,0
SIN0003082,POL007112,CLT02308,Auto,Bris de glace,2023-11-16,2023-11-20,742,561,Fermé,5,4,0,55,4,1,0.1825,1922,1.322638146167558,0.38605619146722164,0.414656195704611,0,0,0
SIN0003083,POL007113,CLT02035,Habitation,Catastrophe naturelle,2021-04-18,2021-05-08,12215,11547,Fermé,5,20,0,50,1,0,0.1542,1868,1.0578505239456135,6.539079229122056,0.4527888155792794,0,0,0
SIN0003084,POL007114,CLT03042,Auto,Accident corporel,2022-09-12,2022-09-30,10474,6916,Fermé,13,18,0,18,0,1,0.0969,2272,1.5144592249855409,4.610035211267606,0.4389429934331128,0,3,0
SIN0003085,POL007114,CLT03042,Auto,Accident matériel,2022-04-29,2022-05-03,2380,1801,Fermé,19,4,0,18,0,1,0.0969,2272,1.3214880621876735,1.0475352112676057,0.4196927511447204,0,0,0
SIN0003086,POL007114,CLT03042,Auto,Accident matériel,2022-10-24,2022-10-25,3115,1718,Fermé,12,1,0,18,0,1,0.0969,2272,1.8131548311990686,1.3710387323943662,0.47734021599116155,0,5,0
SIN0003087,POL007116,CLT02505,Habitation,Dégât des eaux,2023-11-30,2023-11-30,5282,4143,Fermé,9,0,0,24,12,1,0.01,942,1.2749215544291577,5.607218683651805,0.4886096145165037,0,2,0
SIN0003088,POL007118,CLT04847,Auto,Accident matériel,2021-11-29,2021-12-20,6393,4375,Fermé,25,21,0,18,1,2,0.3938,2080,1.4612571428571428,3.073557692307692,0.4561221449998517,0,0,0
SIN0003089,POL007120,CLT03116,Habitation,Dégât des eaux,2024-07-15,2024-08-07,2600,2382,Fermé,11,23,0,46,11,0,0.0887,1474,1.0915197313182199,1.7639077340569878,0.4365099672793997,0,0,0
SIN0003090,POL007127,CLT00916,Auto,Accident matériel,2022-10-05,2022-11-04,2496,1985,Fermé,11,30,0,38,0,0,0.162,2292,1.2574307304785894,1.0890052356020943,0.4254364082628817,0,0,0
SIN0003091,POL007127,CLT00916,Auto,Accident matériel,2023-12-24,2023-12-31,6585,5445,Fermé,8,7,0,38,0,0,0.162,2292,1.209366391184573,2.8730366492146597,0.406143665703369,0,0,0
SIN0003092,POL007129,CLT02519,Santé,Optique,2024-04-10,2024-05-03,253,156,Fermé,19,23,0,65,14,1,0.0354,932,1.6217948717948718,0.27145922746781115,0.49653082208587496,0,3,0
SIN0003093,POL007134,CLT01490,Auto,Accident corporel,2024-11-17,2024-12-02,9570,6626,Ouvert,55,15,0,58,0,1,0.0783,962,1.4443102927859945,9.948024948024948,0.4535447837104943,0,0,0
SIN0003094,POL007135,CLT02477,Auto,Accident corporel,2023-03-09,2023-04-01,11187,9551,Ouvert,44,23,0,37,0,0,0.0921,1492,1.1712909642969322,7.4979892761394105,0.43919906346213106,0,0,0
SIN0003095,POL007141,CLT01393,Auto,Accident matériel,2023-12-07,2023-12-17,3535,2000,Fermé,12,10,0,39,1,1,0.1574,2185,1.7675,1.6178489702517163,0.41317738021547346,0,3,0
SIN0003096,POL007141,CLT01393,Auto,Bris de glace,2024-05-20,2024-06-09,473,355,Fermé,23,20,0,39,1,1,0.1574,2185,1.332394366197183,0.21647597254004577,0.38782507487854584,0,0,0
SIN0003097,POL007150,CLT00991,Santé,Soins courants,2023-06-09,2023-06-17,185,155,Fermé,14,8,0,24,0,0,0.01,1661,1.1935483870967742,0.11137868753762793,0.4283663747574811,0,0,0
SIN0003098,POL007152,CLT00245,Habitation,Dégât des eaux,2021-08-23,2021-09-01,9270,7529,Fermé,20,9,0,67,8,2,0.2558,1834,1.231239208394209,5.054525627044711,0.48384134052734984,0,0,0
SIN0003099,POL007153,CLT03621,Habitation,Dégât des eaux,2023-11-24,2023-12-01,2473,1946,Fermé,22,7,0,40,3,0,0.1305,3390,1.2708119218910585,0.7294985250737464,0.39419353187925177,0,0,0
SIN0003100,POL007159,CLT04357,Auto,Accident corporel,2024-10-29,2024-11-22,24237,13620,Ouvert,3,24,0,46,3,1,0.2324,1182,1.7795154185022026,20.50507614213198,0.5406829136746276,0,3,0
SIN0003101,POL007162,CLT01042,Auto,Accident matériel,2024-01-31,2024-02-20,6340,3498,Fermé,14,20,0,69,2,0,0.308,861,1.812464265294454,7.363530778164924,0.4976445813270386,0,3,0
SIN0003102,POL007164,CLT00506,Santé,Soins courants,2022-06-18,2022-06-29,253,200,Fermé,27,11,0,55,13,2,0.3236,2173,1.265,0.11642890013805798,0.47372654734029596,0,0,0
SIN0003103,POL007169,CLT02846,Auto,Accident matériel,2024-03-31,2024-04-18,4393,3044,Fermé,29,18,0,74,9,0,0.1396,1966,1.4431668856767412,2.2344862665310274,0.46940209991239373,0,0,0
SIN0003104,POL007174,CLT04668,Auto,Accident corporel,2023-11-30,2023-12-18,46000,38932,Fermé,8,18,0,49,3,1,0.3025,1256,1.181547313264153,36.62420382165605,0.6268693896527031,1,3,1
SIN0003105,POL007175,CLT03375,Auto,Accident matériel,2023-07-15,2023-08-14,1339,1153,Fermé,22,30,0,41,4,0,0.076,1844,1.1613183000867302,0.7261388286334056,0.43026176581615105,0,0,0
SIN0003106,POL007178,CLT02764,Habitation,Dégât des eaux,2023-11-08,2023-11-14,6885,5293,Fermé,21,6,0,41,7,2,0.3463,1491,1.3007746079727942,4.617706237424548,0.4405389832230284,0,0,0
SIN0003107,POL007178,CLT02764,Habitation,Dégât des eaux,2022-12-23,2023-01-03,7190,6101,Fermé,15,11,0,41,7,2,0.3463,1491,1.17849532863465,4.822266934942991,0.44281689393221413,0,0,0
SIN0003108,POL007178,CLT02764,Habitation,Catastrophe naturelle,2022-06-20,2022-07-19,11610,9967,Fermé,16,29,0,41,7,2,0.3463,1491,1.1648439851509982,7.78672032193159,0.5084280171115225,0,0,0
SIN0003109,POL007178,CLT02764,Habitation,Dégât des eaux,2021-09-17,2021-10-14,3893,2977,Ouvert,17,27,0,41,7,2,0.3463,1491,1.3076923076923077,2.6109993293091884,0.4518113596670932,0,0,0
SIN0003110,POL007182,CLT04895,Santé,Optique,2024-11-18,2024-12-16,208,166,Ouvert,36,28,0,39,5,0,0.0753,1738,1.2530120481927711,0.11967779056386652,0.4359588346829582,0,0,0
SIN0003111,POL007187,CLT02868,Auto,Accident matériel,2024-01-25,2024-02-11,3125,2611,Fermé,15,17,0,26,1,0,0.01,2112,1.1968594408272692,1.4796401515151516,0.407647764289226,0,0,0
SIN0003112,POL007188,CLT04339,Auto,Accident matériel,2022-06-21,2022-07-17,2964,1754,Fermé,13,26,0,59,3,2,0.1362,2189,1.6898517673888256,1.3540429419826405,0.45556718251445477,0,3,0
SIN0003113,POL007188,CLT04339,Auto,Accident matériel,2022-02-02,2022-02-07,2835,1953,Fermé,16,5,0,59,3,2,0.1362,2189,1.4516129032258065,1.2951119232526267,0.4276907319482561,0,0,0
SIN0003114,POL007192,CLT02284,Santé,Soins courants,2024-09-12,2024-10-03,286,254,Ouvert,59,21,0,56,0,1,0.2294,1810,1.125984251968504,0.1580110497237569,0.42565863732277215,0,0,0
SIN0003115,POL007193,CLT03245,Habitation,Dégât des eaux,2024-05-24,2024-06-03,4915,4317,Fermé,25,10,0,61,5,2,0.1018,801,1.138522121843873,6.136079900124844,0.451250915299977,0,0,0
SIN0003116,POL007195,CLT01084,Auto,Accident matériel,2024-10-01,2024-10-08,2206,2084,Ouvert,15,7,0,29,4,0,0.1547,1988,1.0585412667946257,1.1096579476861168,0.42742805395488803,0,0,0
SIN0003117,POL007196,CLT03159,Habitation,Dégât des eaux,2022-01-23,2022-02-20,2814,1626,Fermé,5,28,0,31,2,0,0.0192,2187,1.7306273062730628,1.2866941015089164,0.45289484756257103,0,3,0
SIN0003118,POL007198,CLT03005,Auto,Accident matériel,2022-12-03,2022-12-27,3295,2078,Fermé,6,24,0,55,8,1,0.0477,941,1.5856592877767084,3.501594048884166,0.4506675265946925,0,3,0
SIN0003119,POL007198,CLT03005,Auto,Vol,2024-10-16,2024-10-25,3012,2013,Ouvert,26,9,0,55,8,1,0.0477,941,1.496274217585693,3.2008501594048884,0.4276453768343625,0,0,0
SIN0003120,POL007199,CLT02173,Auto,Accident matériel,2022-11-26,2022-12-16,4020,3118,Fermé,5,20,0,58,5,0,0.0329,1326,1.2892880051314946,3.0316742081447963,0.4203540784613546,0,0,0
SIN0003121,POL007199,CLT02173,Auto,Vol,2023-06-28,2023-07-25,4140,3640,Fermé,11,27,0,58,5,0,0.0329,1326,1.1373626373626373,3.1221719457013575,0.4439992010008034,0,0,0
SIN0003122,POL007199,CLT02173,Auto,Accident matériel,2021-11-18,2021-12-01,5142,2864,Fermé,6,13,0,58,5,0,0.0329,1326,1.795391061452514,3.8778280542986425,0.44981911001769237,0,3,0
SIN0003123,POL007200,CLT03396,Habitation,Dégât des eaux,2023-10-04,2023-10-19,7688,4886,Fermé,11,15,0,47,0,1,0.1797,3118,1.5734752353663528,2.465683130211674,0.4089546910799869,0,3,0
