client_id,age,region,anciennete_annees,nb_sinistres_passes,canal_souscription,score_risque_init,date_creation
CLT00001,48,Auvergne-Rhône-Alpes,5,1,Web,0.1362,2017-07-19
CLT00002,45,Occitanie,4,0,Web,0.1611,2020-02-19
CLT00003,33,Auvergne-Rhône-Alpes,0,0,Agent,0.0475,2019-01-23
CLT00004,18,Auvergne-Rhône-Alpes,1,1,Courtier,0.341,2016-03-08
CLT00005,29,Île-de-France,2,1,Web,0.0388,2017-04-23
CLT00006,77,Grand Est,0,1,Agent,0.2394,2019-02-25
CLT00007,33,Occitanie,4,0,Agent,0.0308,2019-12-09
CLT00008,41,Grand Est,0,1,Courtier,0.0942,2018-07-10
CLT00009,24,Centre-Val de Loire,2,0,Web,0.1972,2020-11-17
CLT00010,45,Île-de-France,10,0,Agent,0.0882,2016-11-24
CLT00011,27,Bretagne,1,1,Web,0.0317,2016-11-16
CLT00012,46,Occitanie,0,1,Partenaire banque,0.0237,2017-11-22
CLT00013,50,Auvergne-Rhône-Alpes,5,1,Web,0.2388,2016-07-19
CLT00014,30,Provence-Alpes-Côte d'Azur,7,1,Téléphone,0.0991,2019-05-23
CLT00015,39,Hauts-de-France,1,1,Téléphone,0.149,2020-02-05
CLT00016,40,Normandie,0,1,Courtier,0.3004,2018-02-16
CLT00017,62,Auvergne-Rhône-Alpes,2,0,Courtier,0.1138,2020-08-27
CLT00018,36,Centre-Val de Loire,0,0,Téléphone,0.0939,2018-01-12
CLT00019,22,Centre-Val de Loire,2,1,Web,0.3082,2016-05-24
CLT00020,62,Île-de-France,1,0,Agent,0.0382,2020-05-04
CLT00021,30,Hauts-de-France,10,1,Partenaire banque,0.0498,2020-10-19
CLT00022,45,Occitanie,0,1,Téléphone,0.2315,2018-02-19
CLT00023,32,Hauts-de-France,1,0,Courtier,0.0572,2020-09-06
CLT00024,46,Provence-Alpes-Côte d'Azur,0,0,Web,0.1261,2017-12-30
CLT00025,22,Occitanie,0,0,Agent,0.0819,2019-12-10
CLT00026,39,Auvergne-Rhône-Alpes,2,1,Agent,0.2204,2016-12-18
CLT00027,41,Grand Est,1,0,Agent,0.01,2016-12-02
CLT00028,43,Normandie,2,0,Courtier,0.0367,2019-08-05
CLT00029,48,Grand Est,1,0,Web,0.0641,2017-10-28
CLT00030,46,Île-de-France,1,1,Web,0.1893,2016-03-08
CLT00031,53,Provence-Alpes-Côte d'Azur,1,1,Courtier,0.0991,2016-05-17
CLT00032,29,Occitanie,7,0,Téléphone,0.0377,2019-03-09
CLT00033,65,Provence-Alpes-Côte d'Azur,0,0,Web,0.1874,2018-10-21
CLT00034,51,Bretagne,0,1,Téléphone,0.0777,2019-08-11
CLT00035,31,Normandie,10,1,Web,0.0678,2016-10-14
CLT00036,56,Occitanie,3,0,Agent,0.1226,2019-01-10
CLT00037,37,Hauts-de-France,9,2,Agent,0.1894,2018-05-29
CLT00038,60,Centre-Val de Loire,9,2,Courtier,0.1233,2017-03-27
CLT00039,45,Nouvelle-Aquitaine,0,0,Courtier,0.1847,2016-07-07
CLT00040,44,Île-de-France,4,1,Téléphone,0.0383,2016-11-11
CLT00041,28,Nouvelle-Aquitaine,1,1,Agent,0.2687,2018-05-16
CLT00042,47,Centre-Val de Loire,3,0,Web,0.1641,2018-02-22
CLT00043,22,Centre-Val de Loire,1,1,Partenaire banque,0.1368,2018-12-21
CLT00044,45,Hauts-de-France,6,0,Partenaire banque,0.1227,2020-10-30
CLT00045,38,Île-de-France,0,1,Agent,0.472,2016-08-24
CLT00046,42,Grand Est,0,3,Agent,0.3863,2020-04-25
CLT00047,48,Provence-Alpes-Côte d'Azur,13,1,Web,0.0927,2018-06-11
CLT00048,56,Nouvelle-Aquitaine,1,0,Courtier,0.0558,2020-01-20
CLT00049,51,Hauts-de-France,4,1,Partenaire banque,0.1692,2020-04-11
CLT00050,42,Nouvelle-Aquitaine,8,1,Courtier,0.01,2016-08-07
CLT00051,28,Hauts-de-France,1,3,Téléphone,0.5282,2018-11-07
CLT00052,49,Centre-Val de Loire,6,1,Web,0.5253,2018-02-06
CLT00053,45,Nouvelle-Aquitaine,1,0,Courtier,0.1076,2020-05-15
CLT00054,44,Grand Est,0,0,Téléphone,0.0144,2019-05-13
CLT00055,18,Provence-Alpes-Côte d'Azur,3,0,Courtier,0.1617,2016-08-19
CLT00056,29,Provence-Alpes-Côte d'Azur,2,1,Téléphone,0.1465,2020-09-01
CLT00057,31,Hauts-de-France,0,0,Web,0.1216,2017-05-10
CLT00058,72,Centre-Val de Loire,5,1,Partenaire banque,0.2134,2016-06-26
CLT00059,56,Normandie,1,0,Téléphone,0.0271,2020-04-08
CLT00060,31,Grand Est,0,0,Agent,0.2661,2016-09-21
CLT00061,46,Normandie,5,1,Partenaire banque,0.01,2016-12-06
CLT00062,71,Hauts-de-France,2,0,Courtier,0.1832,2019-05-29
CLT00063,59,Bretagne,0,0,Partenaire banque,0.0292,2019-01-11
CLT00064,48,Occitanie,2,0,Agent,0.1575,2018-03-30
CLT00065,18,Provence-Alpes-Côte d'Azur,0,0,Courtier,0.0536,2018-11-27
CLT00066,64,Normandie,4,0,Web,0.01,2017-04-07
CLT00067,62,Auvergne-Rhône-Alpes,2,2,Web,0.1364,2019-04-21
CLT00068,44,Grand Est,0,2,Web,0.24,2017-03-29
CLT00069,64,Île-de-France,2,0,Web,0.01,2019-07-18
CLT00070,39,Île-de-France,12,1,Web,0.1588,2016-03-07
CLT00071,35,Provence-Alpes-Côte d'Azur,1,1,Web,0.2108,2017-05-04
CLT00072,33,Hauts-de-France,0,1,Agent,0.285,2017-03-16
CLT00073,47,Grand Est,6,0,Web,0.0981,2020-12-14
CLT00074,49,Centre-Val de Loire,6,1,Courtier,0.069,2017-05-14
CLT00075,59,Normandie,1,2,Téléphone,0.2308,2017-01-26
CLT00076,53,Auvergne-Rhône-Alpes,0,1,Web,0.2814,2018-06-03
CLT00077,34,Provence-Alpes-Côte d'Azur,9,0,Courtier,0.1049,2018-08-16
CLT00078,38,Île-de-France,11,1,Agent,0.0387,2019-08-18
CLT00079,30,Auvergne-Rhône-Alpes,1,0,Web,0.2992,2020-02-02
CLT00080,58,Provence-Alpes-Côte d'Azur,6,1,Téléphone,0.2192,2016-08-13
CLT00081,32,Occitanie,3,0,Web,0.0691,2019-01-05
CLT00082,37,Normandie,0,0,Web,0.1804,2017-01-12
CLT00083,50,Hauts-de-France,0,0,Courtier,0.2358,2020-11-27
CLT00084,35,Auvergne-Rhône-Alpes,6,1,Courtier,0.1604,2020-11-01
CLT00085,21,Grand Est,6,3,Web,0.2313,2019-08-30
CLT00086,18,Grand Est,9,0,Téléphone,0.223,2016-07-12
CLT00087,37,Occitanie,2,0,Web,0.0795,2018-09-23
CLT00088,59,Normandie,3,1,Web,0.2471,2018-04-03
CLT00089,51,Île-de-France,1,1,Web,0.1499,2016-01-07
CLT00090,42,Bretagne,19,0,Web,0.0984,2020-05-26
CLT00091,48,Normandie,2,1,Web,0.1854,2019-11-29
CLT00092,72,Grand Est,3,1,Agent,0.0933,2018-09-25
CLT00093,40,Nouvelle-Aquitaine,3,0,Web,0.1676,2017-03-23
CLT00094,39,Île-de-France,1,1,Courtier,0.0545,2019-01-17
CLT00095,46,Île-de-France,1,2,Agent,0.4776,2016-04-29
CLT00096,23,Île-de-France,10,1,Courtier,0.2991,2018-10-28
CLT00097,40,Grand Est,6,1,Web,0.1118,2018-11-08
CLT00098,18,Auvergne-Rhône-Alpes,14,2,Téléphone,0.3914,2016-05-22
CLT00099,19,Centre-Val de Loire,0,4,Web,0.3881,2020-11-02
CLT00100,35,Occitanie,2,0,Courtier,0.1423,2020-12-30
CLT00101,43,Centre-Val de Loire,1,1,Web,0.2414,2019-05-04
CLT00102,30,Île-de-France,4,0,Agent,0.0296,2018-05-10
CLT00103,43,Centre-Val de Loire,7,1,Courtier,0.2851,2017-10-11
CLT00104,38,Hauts-de-France,0,0,Web,0.1972,2020-01-08
CLT00105,51,Provence-Alpes-Côte d'Azur,4,0,Web,0.1969,2018-03-23
CLT00106,56,Nouvelle-Aquitaine,1,0,Agent,0.01,2017-09-08
CLT00107,38,Normandie,2,1,Web,0.2518,2020-03-21
CLT00108,55,Auvergne-Rhône-Alpes,11,0,Web,0.0331,2019-06-28
CLT00109,41,Centre-Val de Loire,1,0,Partenaire banque,0.1696,2016-06-01
CLT00110,41,Grand Est,1,1,Web,0.2303,2017-06-29
CLT00111,47,Nouvelle-Aquitaine,0,0,Partenaire banque,0.01,2020-12-11
CLT00112,41,Auvergne-Rhône-Alpes,4,0,Téléphone,0.1555,2018-01-28
CLT00113,34,Hauts-de-France,0,0,Web,0.0207,2020-09-05
CLT00114,40,Grand Est,0,0,Agent,0.01,2019-06-08
CLT00115,69,Grand Est,0,1,Web,0.2035,2020-08-02
CLT00116,53,Grand Est,5,0,Web,0.01,2019-09-22
CLT00117,34,Auvergne-Rhône-Alpes,2,1,Partenaire banque,0.0572,2016-10-04
CLT00118,65,Hauts-de-France,0,0,Web,0.0751,2016-08-09
CLT00119,50,Grand Est,2,0,Web,0.1111,2017-08-02
CLT00120,40,Centre-Val de Loire,3,0,Web,0.01,2017-12-05
CLT00121,31,Occitanie,0,0,Agent,0.01,2020-10-14
CLT00122,32,Hauts-de-France,0,1,Courtier,0.0918,2017-05-31
CLT00123,56,Île-de-France,2,0,Web,0.1454,2018-05-19
CLT00124,75,Hauts-de-France,5,0,Web,0.1515,2017-11-16
CLT00125,36,Nouvelle-Aquitaine,1,1,Agent,0.1232,2017-06-22
CLT00126,22,Nouvelle-Aquitaine,0,0,Agent,0.1803,2019-02-05
CLT00127,32,Bretagne,0,0,Courtier,0.0513,2016-08-19
CLT00128,42,Auvergne-Rhône-Alpes,2,1,Partenaire banque,0.0969,2019-11-18
CLT00129,47,Nouvelle-Aquitaine,8,1,Courtier,0.1115,2020-09-07
CLT00130,49,Provence-Alpes-Côte d'Azur,10,1,Courtier,0.01,2016-11-01
CLT00131,55,Bretagne,0,0,Web,0.0238,2017-09-25
CLT00132,45,Provence-Alpes-Côte d'Azur,1,0,Téléphone,0.01,2020-06-20
CLT00133,20,Île-de-France,3,0,Téléphone,0.1898,2017-03-08
CLT00134,80,Occitanie,0,0,Agent,0.01,2017-12-27
CLT00135,33,Grand Est,4,1,Téléphone,0.236,2018-04-14
CLT00136,18,Centre-Val de Loire,1,3,Agent,0.3663,2017-05-01
CLT00137,44,Nouvelle-Aquitaine,0,0,Partenaire banque,0.1089,2020-07-20
CLT00138,48,Nouvelle-Aquitaine,7,0,Téléphone,0.188,2016-02-22
CLT00139,33,Nouvelle-Aquitaine,0,0,Agent,0.1588,2017-11-13
CLT00140,49,Bretagne,2,0,Téléphone,0.1835,2020-11-06
CLT00141,38,Occitanie,6,0,Web,0.1348,2020-06-02
CLT00142,32,Auvergne-Rhône-Alpes,1,1,Courtier,0.01,2016-03-22
CLT00143,46,Normandie,1,0,Web,0.0681,2020-08-01
CLT00144,45,Normandie,0,2,Web,0.3771,2020-08-09
CLT00145,46,Occitanie,3,0,Web,0.0285,2019-09-15
CLT00146,44,Occitanie,0,0,Courtier,0.1248,2017-07-26
CLT00147,53,Auvergne-Rhône-Alpes,0,1,Partenaire banque,0.1144,2017-07-27
CLT00148,37,Provence-Alpes-Côte d'Azur,6,0,Agent,0.1229,2018-03-31
CLT00149,60,Grand Est,0,0,Web,0.0555,2016-02-28
CLT00150,55,Auvergne-Rhône-Alpes,4,1,Téléphone,0.2574,2017-06-20
CLT00151,31,Nouvelle-Aquitaine,0,1,Courtier,0.0755,2017-06-29
CLT00152,29,Île-de-France,11,0,Web,0.01,2018-06-10
CLT00153,44,Provence-Alpes-Côte d'Azur,3,0,Agent,0.3344,2017-10-06
CLT00154,66,Bretagne,10,1,Agent,0.159,2018-11-15
CLT00155,68,Auvergne-Rhône-Alpes,2,3,Courtier,0.5145,2019-03-28
CLT00156,77,Occitanie,2,0,Web,0.1324,2019-12-24
CLT00157,56,Bretagne,0,0,Web,0.0417,2020-07-11
CLT00158,53,Grand Est,10,0,Agent,0.01,2020-03-01
CLT00159,59,Occitanie,2,0,Courtier,0.01,2016-05-25
CLT00160,26,Provence-Alpes-Côte d'Azur,0,0,Agent,0.0851,2019-09-22
CLT00161,53,Auvergne-Rhône-Alpes,1,1,Agent,0.1743,2017-09-09
CLT00162,38,Grand Est,0,1,Web,0.0893,2018-04-18
CLT00163,32,Provence-Alpes-Côte d'Azur,5,0,Courtier,0.0649,2017-08-30
CLT00164,40,Grand Est,0,0,Web,0.1155,2018-05-13
CLT00165,77,Bretagne,0,1,Agent,0.0893,2016-12-24
CLT00166,18,Centre-Val de Loire,2,1,Courtier,0.3452,2018-04-13
CLT00167,46,Grand Est,11,0,Téléphone,0.01,2017-09-16
CLT00168,53,Hauts-de-France,2,0,Web,0.01,2020-05-30
CLT00169,48,Centre-Val de Loire,4,0,Agent,0.01,2017-10-23
CLT00170,32,Normandie,4,0,Courtier,0.01,2019-10-17
CLT00171,43,Occitanie,0,1,Courtier,0.187,2020-06-15
CLT00172,38,Nouvelle-Aquitaine,5,2,Agent,0.2125,2017-08-06
CLT00173,26,Grand Est,1,1,Agent,0.2516,2019-06-24
CLT00174,18,Provence-Alpes-Côte d'Azur,8,1,Web,0.3525,2020-03-20
CLT00175,32,Occitanie,3,0,Agent,0.01,2017-04-07
CLT00176,24,Occitanie,3,0,Web,0.2535,2016-04-06
CLT00177,44,Occitanie,5,0,Partenaire banque,0.0403,2019-06-07
CLT00178,41,Auvergne-Rhône-Alpes,8,1,Courtier,0.2303,2020-12-21
CLT00179,72,Centre-Val de Loire,1,0,Web,0.1572,2019-11-29
CLT00180,23,Bretagne,1,0,Courtier,0.1161,2017-05-16
CLT00181,19,Nouvelle-Aquitaine,3,1,Agent,0.2732,2016-01-14
CLT00182,45,Auvergne-Rhône-Alpes,3,1,Agent,0.2683,2017-03-26
CLT00183,39,Nouvelle-Aquitaine,1,0,Téléphone,0.1707,2019-11-28
CLT00184,37,Grand Est,3,0,Courtier,0.0899,2019-02-17
CLT00185,20,Occitanie,1,1,Téléphone,0.1502,2016-09-07
CLT00186,28,Normandie,4,2,Web,0.5232,2018-08-11
CLT00187,33,Grand Est,2,1,Partenaire banque,0.1922,2019-05-06
CLT00188,37,Provence-Alpes-Côte d'Azur,0,1,Partenaire banque,0.2243,2021-01-01
CLT00189,33,Normandie,1,2,Agent,0.4712,2020-01-15
CLT00190,50,Grand Est,1,0,Courtier,0.01,2019-01-29
CLT00191,40,Normandie,0,0,Téléphone,0.1621,2020-03-05
CLT00192,47,Normandie,6,1,Courtier,0.2011,2020-03-21
CLT00193,35,Occitanie,2,0,Téléphone,0.1433,2017-07-23
CLT00194,53,Grand Est,0,1,Courtier,0.2134,2017-05-06
CLT00195,41,Hauts-de-France,7,1,Courtier,0.1982,2020-01-03
CLT00196,22,Hauts-de-France,0,0,Web,0.1741,2017-11-20
CLT00197,27,Provence-Alpes-Côte d'Azur,5,0,Téléphone,0.1778,2016-06-16
CLT00198,47,Nouvelle-Aquitaine,6,0,Web,0.01,2018-02-25
CLT00199,54,Nouvelle-Aquitaine,3,0,Agent,0.0983,2016-05-13
CLT00200,51,Bretagne,6,1,Courtier,0.1447,2019-01-18
CLT00201,34,Normandie,2,1,Courtier,0.3209,2017-03-01
CLT00202,18,Bretagne,5,0,Courtier,0.01,2020-04-27
CLT00203,37,Centre-Val de Loire,1,0,Partenaire banque,0.01,2016-02-12
CLT00204,18,Centre-Val de Loire,4,0,Courtier,0.01,2016-01-15
CLT00205,39,Provence-Alpes-Côte d'Azur,8,1,Web,0.0374,2018-03-11
CLT00206,26,Bretagne,18,0,Courtier,0.0382,2020-02-15
CLT00207,44,Grand Est,3,0,Agent,0.1192,2017-03-29
CLT00208,33,Normandie,0,0,Web,0.0469,2018-06-13
CLT00209,33,Normandie,0,4,Web,0.5189,2017-11-21
CLT00210,61,Bretagne,4,0,Agent,0.01,2020-09-19
CLT00211,34,Normandie,1,0,Téléphone,0.1533,2019-06-30
CLT00212,63,Grand Est,0,1,Web,0.3796,2018-03-19
CLT00213,49,Centre-Val de Loire,3,0,Courtier,0.1784,2016-02-27
CLT00214,18,Auvergne-Rhône-Alpes,1,1,Agent,0.1203,2016-10-06
CLT00215,34,Normandie,7,0,Web,0.0524,2017-06-18
CLT00216,77,Bretagne,6,0,Web,0.01,2018-07-22
CLT00217,51,Provence-Alpes-Côte d'Azur,1,2,Web,0.4747,2020-12-08
CLT00218,53,Bretagne,4,1,Web,0.2107,2020-09-01
CLT00219,32,Bretagne,8,1,Web,0.1681,2016-06-18
CLT00220,39,Normandie,1,1,Web,0.2047,2019-01-11
CLT00221,47,Île-de-France,2,0,Partenaire banque,0.12,2017-12-19
CLT00222,53,Occitanie,15,1,Agent,0.01,2020-05-20
CLT00223,51,Île-de-France,6,0,Agent,0.2563,2017-05-23
CLT00224,45,Occitanie,13,0,Téléphone,0.1577,2019-06-28
CLT00225,50,Nouvelle-Aquitaine,0,2,Web,0.3187,2018-08-29
CLT00226,57,Auvergne-Rhône-Alpes,0,1,Courtier,0.0973,2017-03-24
CLT00227,35,Normandie,8,3,Agent,0.3328,2020-04-21
CLT00228,63,Provence-Alpes-Côte d'Azur,4,0,Web,0.0534,2019-05-30
CLT00229,21,Auvergne-Rhône-Alpes,0,2,Agent,0.1121,2016-12-03
CLT00230,45,Hauts-de-France,4,0,Web,0.01,2016-02-24
CLT00231,51,Hauts-de-France,2,1,Courtier,0.1701,2018-02-09
CLT00232,54,Bretagne,1,0,Partenaire banque,0.0693,2017-02-12
CLT00233,43,Auvergne-Rhône-Alpes,1,1,Courtier,0.1671,2020-08-30
CLT00234,46,Occitanie,5,2,Web,0.2957,2020-05-03
CLT00235,44,Hauts-de-France,6,0,Téléphone,0.1109,2019-05-16
CLT00236,32,Auvergne-Rhône-Alpes,0,0,Agent,0.2801,2019-03-07
CLT00237,43,Île-de-France,1,1,Web,0.1219,2018-05-29
CLT00238,38,Provence-Alpes-Côte d'Azur,0,0,Web,0.0975,2019-08-21
CLT00239,76,Provence-Alpes-Côte d'Azur,1,2,Web,0.2404,2018-05-12
CLT00240,41,Normandie,0,0,Web,0.0429,2018-01-13
CLT00241,75,Normandie,4,1,Agent,0.1577,2018-06-12
CLT00242,44,Nouvelle-Aquitaine,0,0,Agent,0.01,2019-08-27
CLT00243,27,Hauts-de-France,3,2,Agent,0.2419,2019-01-09
CLT00244,61,Normandie,0,1,Courtier,0.2925,2020-08-20
CLT00245,67,Centre-Val de Loire,8,2,Web,0.2558,2020-10-12
CLT00246,43,Occitanie,6,0,Téléphone,0.135,2016-06-28
CLT00247,47,Hauts-de-France,5,0,Téléphone,0.2683,2017-05-16
CLT00248,27,Normandie,6,1,Courtier,0.0871,2019-10-02
CLT00249,66,Bretagne,1,3,Web,0.4336,2018-10-11
CLT00250,34,Provence-Alpes-Côte d'Azur,0,0,Web,0.1212,2017-03-12
CLT00251,57,Provence-Alpes-Côte d'Azur,5,1,Agent,0.1389,2017-11-30
CLT00252,24,Hauts-de-France,17,0,Téléphone,0.01,2019-12-09
CLT00253,45,Hauts-de-France,2,1,Courtier,0.2847,2018-11-26
CLT00254,19,Occitanie,3,1,Web,0.1607,2020-01-16
CLT00255,62,Bretagne,5,0,Courtier,0.188,2020-04-03
CLT00256,48,Occitanie,0,0,Agent,0.1261,2019-08-17
CLT00257,41,Normandie,1,1,Courtier,0.3073,2016-02-07
CLT00258,18,Auvergne-Rhône-Alpes,3,0,Web,0.1495,2018-04-10
CLT00259,47,Occitanie,1,1,Web,0.1813,2019-04-08
CLT00260,35,Provence-Alpes-Côte d'Azur,14,0,Courtier,0.0347,2018-12-25
CLT00261,43,Provence-Alpes-Côte d'Azur,1,1,Courtier,0.0617,2020-03-09
CLT00262,51,Grand Est,4,0,Web,0.01,2019-12-12
CLT00263,53,Normandie,2,2,Web,0.4023,2017-05-31
CLT00264,37,Occitanie,0,0,Web,0.138,2017-01-31
CLT00265,42,Provence-Alpes-Côte d'Azur,11,0,Web,0.01,2019-01-04
CLT00266,40,Nouvelle-Aquitaine,10,0,Web,0.01,2020-02-23
CLT00267,33,Normandie,0,2,Web,0.3009,2019-04-24
CLT00268,43,Grand Est,8,0,Courtier,0.0653,2016-07-26
CLT00269,18,Occitanie,4,0,Web,0.4098,2018-01-11
CLT00270,28,Nouvelle-Aquitaine,4,1,Web,0.2244,2019-12-23
CLT00271,33,Grand Est,8,0,Web,0.2114,2016-04-05
CLT00272,54,Île-de-France,11,1,Courtier,0.1496,2019-12-01
CLT00273,55,Nouvelle-Aquitaine,3,0,Agent,0.1008,2020-03-23
CLT00274,44,Normandie,4,0,Web,0.1049,2016-01-28
CLT00275,26,Centre-Val de Loire,4,0,Web,0.2231,2018-09-09
CLT00276,56,Normandie,6,1,Web,0.1148,2016-04-17
CLT00277,38,Hauts-de-France,1,1,Partenaire banque,0.2864,2018-09-07
CLT00278,52,Auvergne-Rhône-Alpes,2,1,Téléphone,0.2435,2018-04-02
CLT00279,39,Normandie,1,0,Web,0.0916,2019-07-15
CLT00280,64,Île-de-France,1,0,Web,0.01,2020-07-21
CLT00281,33,Centre-Val de Loire,1,0,Partenaire banque,0.01,2016-06-25
CLT00282,64,Occitanie,3,0,Web,0.171,2020-04-16
CLT00283,55,Bretagne,2,0,Agent,0.0475,2020-06-09
CLT00284,22,Centre-Val de Loire,3,0,Web,0.01,2018-12-08
CLT00285,61,Bretagne,6,2,Courtier,0.2964,2018-06-27
CLT00286,52,Hauts-de-France,1,1,Téléphone,0.2181,2018-05-30
CLT00287,39,Hauts-de-France,0,0,Courtier,0.1553,2016-05-05
CLT00288,29,Centre-Val de Loire,1,1,Partenaire banque,0.0916,2016-07-24
CLT00289,54,Occitanie,5,0,Agent,0.01,2017-06-27
CLT00290,28,Auvergne-Rhône-Alpes,0,1,Web,0.1775,2016-12-23
CLT00291,67,Grand Est,0,1,Web,0.2222,2016-01-08
CLT00292,41,Bretagne,6,1,Courtier,0.1952,2019-05-03
CLT00293,48,Normandie,3,2,Web,0.2839,2017-04-21
CLT00294,48,Hauts-de-France,2,2,Agent,0.1504,2019-12-12
CLT00295,52,Normandie,1,1,Web,0.1199,2017-04-25
CLT00296,32,Hauts-de-France,3,0,Agent,0.0979,2019-07-06
CLT00297,25,Centre-Val de Loire,5,1,Agent,0.181,2017-02-11
CLT00298,59,Bretagne,3,0,Web,0.2323,2017-04-07
CLT00299,62,Nouvelle-Aquitaine,2,1,Téléphone,0.0115,2020-08-21
CLT00300,30,Nouvelle-Aquitaine,2,1,Web,0.3439,2016-12-07
CLT00301,46,Hauts-de-France,3,0,Courtier,0.0166,2020-08-17
CLT00302,26,Centre-Val de Loire,1,0,Partenaire banque,0.0189,2018-06-20
CLT00303,31,Auvergne-Rhône-Alpes,6,0,Courtier,0.0433,2017-09-16
CLT00304,56,Bretagne,4,0,Partenaire banque,0.0709,2018-10-23
CLT00305,25,Grand Est,4,2,Courtier,0.1367,2016-06-15
CLT00306,38,Centre-Val de Loire,0,1,Web,0.3727,2018-06-05
CLT00307,49,Provence-Alpes-Côte d'Azur,0,0,Agent,0.01,2016-02-24
CLT00308,40,Auvergne-Rhône-Alpes,5,0,Web,0.01,2019-10-14
CLT00309,57,Centre-Val de Loire,10,0,Courtier,0.0609,2016-02-14
CLT00310,26,Hauts-de-France,19,1,Courtier,0.0684,2020-04-13
CLT00311,43,Nouvelle-Aquitaine,3,0,Courtier,0.1927,2019-08-29
CLT00312,34,Normandie,6,2,Téléphone,0.2762,2017-01-08
CLT00313,27,Centre-Val de Loire,1,0,Courtier,0.01,2020-07-27
CLT00314,43,Normandie,1,0,Partenaire banque,0.1608,2018-08-22
CLT00315,72,Provence-Alpes-Côte d'Azur,2,1,Courtier,0.0669,2017-10-21
CLT00316,43,Auvergne-Rhône-Alpes,1,3,Téléphone,0.3801,2017-11-08
CLT00317,34,Bretagne,2,0,Agent,0.0564,2017-08-15
CLT00318,27,Bretagne,14,1,Téléphone,0.2313,2019-02-02
CLT00319,41,Île-de-France,3,1,Courtier,0.2518,2017-10-08
CLT00320,18,Hauts-de-France,0,0,Web,0.1624,2020-05-03
CLT00321,49,Bretagne,2,0,Téléphone,0.0854,2020-08-18
CLT00322,18,Île-de-France,0,1,Agent,0.2853,2019-01-18
CLT00323,63,Normandie,0,0,Courtier,0.2219,2017-01-21
CLT00324,39,Grand Est,0,1,Courtier,0.3491,2020-03-31
CLT00325,34,Normandie,0,0,Agent,0.0589,2020-04-07
CLT00326,46,Île-de-France,0,0,Web,0.0372,2019-01-31
CLT00327,20,Nouvelle-Aquitaine,3,0,Partenaire banque,0.2012,2018-06-18
CLT00328,27,Normandie,8,0,Web,0.01,2019-07-16
CLT00329,34,Centre-Val de Loire,2,2,Agent,0.1629,2019-12-26
CLT00330,41,Nouvelle-Aquitaine,2,0,Web,0.0626,2016-01-31
CLT00331,54,Grand Est,0,0,Courtier,0.0204,2017-04-07
CLT00332,28,Auvergne-Rhône-Alpes,3,0,Courtier,0.0669,2016-08-30
CLT00333,25,Nouvelle-Aquitaine,1,1,Courtier,0.186,2020-01-09
CLT00334,22,Hauts-de-France,2,3,Courtier,0.2426,2017-07-15
CLT00335,57,Bretagne,2,0,Téléphone,0.01,2018-08-27
CLT00336,40,Occitanie,4,2,Courtier,0.3521,2016-10-25
CLT00337,33,Bretagne,2,0,Web,0.0968,2019-05-14
CLT00338,43,Grand Est,4,0,Agent,0.2322,2016-10-08
CLT00339,45,Auvergne-Rhône-Alpes,0,0,Web,0.0545,2020-06-07
CLT00340,30,Bretagne,1,0,Web,0.2199,2020-06-03
CLT00341,51,Grand Est,0,0,Web,0.2158,2016-01-08
CLT00342,45,Hauts-de-France,5,0,Agent,0.01,2020-09-13
CLT00343,50,Centre-Val de Loire,1,0,Courtier,0.2211,2019-09-15
CLT00344,45,Normandie,5,1,Téléphone,0.0574,2018-07-05
CLT00345,32,Grand Est,15,1,Courtier,0.1928,2017-11-13
CLT00346,52,Grand Est,4,0,Agent,0.1193,2018-02-13
CLT00347,49,Normandie,1,0,Partenaire banque,0.069,2020-11-17
CLT00348,18,Occitanie,3,1,Partenaire banque,0.0312,2017-05-06
CLT00349,38,Centre-Val de Loire,8,1,Courtier,0.0923,2020-10-21
CLT00350,46,Bretagne,7,1,Web,0.1566,2020-03-07
CLT00351,38,Normandie,7,2,Agent,0.3907,2020-07-21
CLT00352,44,Bretagne,16,1,Courtier,0.01,2019-09-23
CLT00353,40,Nouvelle-Aquitaine,5,1,Courtier,0.1414,2016-03-18
CLT00354,59,Nouvelle-Aquitaine,5,0,Courtier,0.0521,2019-04-25
CLT00355,45,Provence-Alpes-Côte d'Azur,1,1,Téléphone,0.4502,2020-11-27
CLT00356,46,Normandie,5,0,Web,0.14,2018-07-26
CLT00357,38,Île-de-France,1,2,Agent,0.288,2018-04-21
CLT00358,60,Nouvelle-Aquitaine,0,1,Web,0.1577,2020-05-21
CLT00359,25,Hauts-de-France,1,1,Web,0.2345,2019-11-21
CLT00360,21,Bretagne,0,0,Agent,0.0214,2020-10-12
CLT00361,30,Provence-Alpes-Côte d'Azur,5,1,Téléphone,0.01,2020-10-27
CLT00362,22,Grand Est,4,0,Courtier,0.01,2017-10-12
CLT00363,20,Normandie,6,0,Téléphone,0.2063,2016-03-16
CLT00364,34,Centre-Val de Loire,4,0,Web,0.3158,2019-07-18
CLT00365,63,Hauts-de-France,3,1,Partenaire banque,0.3706,2020-03-11
CLT00366,33,Auvergne-Rhône-Alpes,6,0,Courtier,0.1228,2016-07-22
CLT00367,57,Auvergne-Rhône-Alpes,4,1,Courtier,0.0951,2019-11-24
CLT00368,26,Hauts-de-France,1,0,Téléphone,0.0706,2016-04-06
CLT00369,40,Provence-Alpes-Côte d'Azur,3,3,Agent,0.3578,2017-08-25
CLT00370,68,Provence-Alpes-Côte d'Azur,6,0,Courtier,0.01,2016-10-27
CLT00371,58,Occitanie,1,1,Courtier,0.1596,2019-03-07
CLT00372,35,Nouvelle-Aquitaine,1,0,Web,0.01,2016-06-12
CLT00373,43,Centre-Val de Loire,1,1,Téléphone,0.0132,2019-06-25
CLT00374,56,Occitanie,7,0,Courtier,0.0105,2019-04-11
CLT00375,39,Nouvelle-Aquitaine,2,0,Web,0.219,2019-08-01
CLT00376,44,Hauts-de-France,2,0,Courtier,0.0422,2019-09-29
CLT00377,54,Île-de-France,0,1,Téléphone,0.2778,2018-08-12
CLT00378,52,Hauts-de-France,12,0,Agent,0.1227,2016-11-21
CLT00379,40,Auvergne-Rhône-Alpes,1,0,Courtier,0.0696,2017-12-10
CLT00380,38,Centre-Val de Loire,1,1,Web,0.2267,2018-05-20
CLT00381,34,Hauts-de-France,0,1,Courtier,0.1986,2017-09-12
CLT00382,18,Occitanie,1,1,Partenaire banque,0.3344,2020-10-15
CLT00383,45,Normandie,3,1,Web,0.1787,2018-02-22
CLT00384,20,Centre-Val de Loire,5,1,Courtier,0.1371,2017-08-30
CLT00385,26,Hauts-de-France,3,0,Web,0.1267,2020-08-28
CLT00386,43,Bretagne,1,0,Web,0.1248,2019-03-07
CLT00387,36,Île-de-France,1,1,Téléphone,0.1358,2020-03-08
CLT00388,27,Normandie,7,1,Téléphone,0.1362,2017-08-11
CLT00389,47,Occitanie,0,0,Agent,0.2812,2017-12-24
CLT00390,24,Occitanie,11,2,Agent,0.2022,2019-06-27
CLT00391,66,Hauts-de-France,3,0,Agent,0.01,2020-01-18
CLT00392,61,Nouvelle-Aquitaine,2,0,Agent,0.0857,2019-07-11
CLT00393,33,Île-de-France,1,0,Web,0.1502,2018-06-23
CLT00394,58,Île-de-France,2,0,Courtier,0.01,2020-02-10
CLT00395,36,Nouvelle-Aquitaine,2,2,Web,0.3311,2017-08-29
CLT00396,41,Provence-Alpes-Côte d'Azur,9,0,Agent,0.01,2016-12-27
CLT00397,28,Occitanie,4,1,Web,0.1595,2019-01-11
CLT00398,43,Provence-Alpes-Côte d'Azur,1,1,Courtier,0.0462,2017-07-14
CLT00399,58,Nouvelle-Aquitaine,2,1,Web,0.2337,2020-08-17
CLT00400,48,Normandie,6,0,Partenaire banque,0.01,2017-08-29
CLT00401,37,Provence-Alpes-Côte d'Azur,0,2,Téléphone,0.2596,2018-08-19
CLT00402,70,Auvergne-Rhône-Alpes,0,2,Web,0.1932,2017-04-09
CLT00403,40,Bretagne,16,1,Partenaire banque,0.1452,2020-07-07
CLT00404,25,Grand Est,0,1,Courtier,0.1745,2020-06-09
CLT00405,50,Bretagne,0,1,Web,0.2326,2019-01-05
CLT00406,45,Auvergne-Rhône-Alpes,3,1,Courtier,0.2004,2019-10-11
CLT00407,60,Hauts-de-France,2,0,Courtier,0.0682,2020-08-13
CLT00408,60,Provence-Alpes-Côte d'Azur,1,0,Web,0.0877,2017-04-25
CLT00409,53,Normandie,0,0,Web,0.1547,2020-12-17
CLT00410,36,Grand Est,2,1,Web,0.0878,2019-06-05
CLT00411,20,Occitanie,7,0,Agent,0.1944,2019-07-27
CLT00412,42,Normandie,0,1,Téléphone,0.2136,2017-09-12
CLT00413,35,Bretagne,0,1,Web,0.2201,2016-04-04
CLT00414,34,Île-de-France,4,1,Web,0.2378,2018-10-07
CLT00415,27,Auvergne-Rhône-Alpes,0,0,Web,0.0322,2020-12-24
CLT00416,49,Grand Est,8,2,Web,0.238,2018-07-20
CLT00417,47,Provence-Alpes-Côte d'Azur,4,1,Agent,0.1359,2020-03-03
CLT00418,18,Grand Est,7,0,Courtier,0.01,2020-03-02
CLT00419,45,Nouvelle-Aquitaine,0,0,Téléphone,0.0937,2019-09-05
CLT00420,38,Auvergne-Rhône-Alpes,7,0,Téléphone,0.0722,2019-06-16
CLT00421,44,Bretagne,6,0,Partenaire banque,0.0717,2017-07-28
CLT00422,54,Île-de-France,1,1,Agent,0.1373,2017-03-22
CLT00423,47,Normandie,0,0,Courtier,0.2838,2017-04-30
CLT00424,41,Provence-Alpes-Côte d'Azur,1,1,Web,0.1597,2019-11-07
CLT00425,56,Provence-Alpes-Côte d'Azur,0,2,Courtier,0.2136,2019-08-15
CLT00426,54,Provence-Alpes-Côte d'Azur,0,0,Web,0.1214,2017-07-21
CLT00427,52,Occitanie,0,2,Partenaire banque,0.2351,2020-10-04
CLT00428,31,Normandie,7,1,Web,0.1336,2017-03-12
CLT00429,55,Centre-Val de Loire,8,1,Partenaire banque,0.1701,2016-04-15
CLT00430,18,Provence-Alpes-Côte d'Azur,2,1,Web,0.1672,2016-09-16
CLT00431,40,Centre-Val de Loire,3,1,Web,0.2653,2020-08-28
CLT00432,27,Grand Est,2,0,Web,0.1583,2017-03-20
CLT00433,38,Occitanie,4,2,Web,0.0197,2016-10-31
CLT00434,74,Centre-Val de Loire,0,0,Web,0.1107,2020-10-26
CLT00435,35,Nouvelle-Aquitaine,0,0,Partenaire banque,0.01,2019-01-13
CLT00436,38,Hauts-de-France,0,1,Agent,0.01,2016-08-15
CLT00437,43,Île-de-France,0,0,Web,0.01,2018-01-05
CLT00438,37,Occitanie,6,1,Courtier,0.0648,2016-02-04
CLT00439,47,Nouvelle-Aquitaine,2,0,Web,0.062,2016-09-18
CLT00440,29,Bretagne,1,0,Courtier,0.1169,2020-03-09
CLT00441,41,Auvergne-Rhône-Alpes,4,1,Courtier,0.2676,2020-05-14
CLT00442,32,Provence-Alpes-Côte d'Azur,2,0,Courtier,0.01,2016-08-13
CLT00443,45,Normandie,3,0,Courtier,0.1209,2019-06-15
CLT00444,35,Île-de-France,1,0,Agent,0.1047,2020-11-12
CLT00445,64,Grand Est,0,0,Web,0.1897,2019-08-12
CLT00446,18,Île-de-France,0,0,Web,0.0841,2018-09-09
CLT00447,40,Bretagne,0,0,Courtier,0.1077,2016-08-11
CLT00448,44,Normandie,4,0,Agent,0.1042,2018-06-29
CLT00449,40,Auvergne-Rhône-Alpes,4,2,Téléphone,0.2619,2017-10-23
CLT00450,33,Centre-Val de Loire,9,0,Web,0.0462,2016-09-17
CLT00451,25,Hauts-de-France,0,0,Agent,0.1109,2019-04-15
CLT00452,40,Grand Est,3,0,Agent,0.01,2018-02-21
CLT00453,44,Centre-Val de Loire,1,1,Courtier,0.0872,2018-07-20
CLT00454,48,Grand Est,2,1,Agent,0.2646,2016-07-24
CLT00455,56,Auvergne-Rhône-Alpes,2,3,Téléphone,0.3129,2019-08-28
CLT00456,18,Grand Est,3,0,Agent,0.0567,2017-03-18
CLT00457,64,Bretagne,4,0,Courtier,0.138,2017-04-14
CLT00458,38,Bretagne,0,1,Web,0.0786,2018-07-19
CLT00459,60,Bretagne,1,0,Courtier,0.2296,2016-07-15
CLT00460,18,Provence-Alpes-Côte d'Azur,4,1,Courtier,0.1354,2019-09-26
CLT00461,68,Hauts-de-France,0,0,Courtier,0.0538,2016-11-10
CLT00462,42,Normandie,13,0,Web,0.01,2020-09-01
CLT00463,26,Auvergne-Rhône-Alpes,0,1,Web,0.1638,2016-07-18
CLT00464,49,Provence-Alpes-Côte d'Azur,0,1,Téléphone,0.1705,2019-02-15
CLT00465,45,Île-de-France,7,1,Courtier,0.2204,2019-02-26
CLT00466,40,Grand Est,1,0,Web,0.1348,2016-09-09
CLT00467,25,Bretagne,3,0,Courtier,0.0843,2019-09-26
CLT00468,50,Bretagne,2,0,Téléphone,0.1301,2020-01-18
CLT00469,30,Île-de-France,0,0,Partenaire banque,0.0379,2019-05-16
CLT00470,18,Hauts-de-France,3,0,Courtier,0.2008,2019-03-31
CLT00471,71,Grand Est,2,0,Web,0.01,2019-09-08
CLT00472,57,Normandie,3,0,Web,0.2658,2016-08-11
CLT00473,35,Provence-Alpes-Côte d'Azur,2,0,Téléphone,0.0694,2018-01-24
CLT00474,45,Auvergne-Rhône-Alpes,3,1,Agent,0.2168,2019-03-23
CLT00475,36,Occitanie,6,0,Téléphone,0.068,2020-09-28
CLT00476,40,Grand Est,15,0,Partenaire banque,0.01,2020-08-05
CLT00477,45,Centre-Val de Loire,1,0,Agent,0.1946,2019-08-11
CLT00478,50,Grand Est,1,0,Web,0.0175,2019-09-11
CLT00479,80,Hauts-de-France,8,1,Web,0.093,2017-07-15
CLT00480,49,Hauts-de-France,3,1,Partenaire banque,0.2345,2017-12-21
CLT00481,58,Île-de-France,8,0,Web,0.01,2016-10-22
CLT00482,40,Centre-Val de Loire,2,2,Agent,0.3804,2016-05-24
CLT00483,69,Nouvelle-Aquitaine,5,1,Agent,0.1259,2016-03-05
CLT00484,28,Auvergne-Rhône-Alpes,6,0,Agent,0.01,2017-03-18
CLT00485,55,Bretagne,1,0,Courtier,0.1413,2017-12-01
CLT00486,52,Nouvelle-Aquitaine,5,0,Courtier,0.1016,2020-01-19
CLT00487,53,Provence-Alpes-Côte d'Azur,4,2,Agent,0.3354,2019-03-10
CLT00488,41,Centre-Val de Loire,0,0,Web,0.0118,2016-04-19
CLT00489,32,Nouvelle-Aquitaine,1,0,Web,0.0755,2019-06-21
CLT00490,18,Île-de-France,0,0,Agent,0.1773,2017-07-13
CLT00491,51,Normandie,0,0,Agent,0.1938,2018-09-23
CLT00492,19,Centre-Val de Loire,1,0,Courtier,0.0617,2017-07-15
CLT00493,53,Occitanie,1,0,Agent,0.0706,2016-08-23
CLT00494,50,Provence-Alpes-Côte d'Azur,15,1,Courtier,0.01,2017-08-05
CLT00495,30,Centre-Val de Loire,8,0,Courtier,0.0535,2019-09-30
CLT00496,72,Hauts-de-France,3,0,Web,0.01,2018-03-22
CLT00497,26,Centre-Val de Loire,5,2,Web,0.3282,2017-02-24
CLT00498,25,Hauts-de-France,5,0,Partenaire banque,0.0565,2020-04-22
CLT00499,18,Nouvelle-Aquitaine,0,1,Agent,0.2532,2017-08-17
CLT00500,30,Provence-Alpes-Côte d'Azur,0,0,Web,0.2121,2018-10-17
CLT00501,37,Bretagne,7,0,Web,0.0455,2018-02-19
CLT00502,53,Grand Est,1,0,Agent,0.01,2018-10-23
CLT00503,23,Grand Est,7,0,Téléphone,0.01,2020-07-11
CLT00504,45,Provence-Alpes-Côte d'Azur,2,1,Web,0.1994,2020-11-01
CLT00505,41,Île-de-France,1,1,Courtier,0.3882,2018-08-01
CLT00506,55,Auvergne-Rhône-Alpes,13,2,Téléphone,0.3236,2019-03-27
CLT00507,33,Bretagne,6,1,Courtier,0.1084,2019-12-26
CLT00508,47,Bretagne,2,0,Web,0.0675,2018-04-11
CLT00509,21,Île-de-France,1,0,Partenaire banque,0.1011,2016-12-19
CLT00510,59,Centre-Val de Loire,7,0,Courtier,0.01,2019-11-15
CLT00511,36,Provence-Alpes-Côte d'Azur,8,0,Web,0.2304,2020-09-27
CLT00512,55,Auvergne-Rhône-Alpes,1,0,Web,0.2502,2019-04-23
CLT00513,59,Bretagne,1,1,Courtier,0.271,2018-03-23
CLT00514,29,Hauts-de-France,8,0,Agent,0.0838,2017-03-31
CLT00515,34,Provence-Alpes-Côte d'Azur,0,0,Agent,0.0837,2016-06-07
CLT00516,52,Grand Est,0,0,Agent,0.0487,2018-12-24
CLT00517,38,Grand Est,2,0,Web,0.01,2020-05-10
CLT00518,75,Provence-Alpes-Côte d'Azur,0,0,Courtier,0.1785,2020-08-06
CLT00519,42,Nouvelle-Aquitaine,4,0,Web,0.1147,2016-10-28
CLT00520,52,Hauts-de-France,2,1,Web,0.2518,2019-05-20
CLT00521,38,Nouvelle-Aquitaine,1,0,Agent,0.1092,2019-09-06
CLT00522,55,Auvergne-Rhône-Alpes,2,0,Web,0.01,2020-05-03
CLT00523,55,Normandie,14,1,Courtier,0.01,2019-03-02
CLT00524,44,Centre-Val de Loire,6,0,Courtier,0.0644,2020-12-13
CLT00525,19,Centre-Val de Loire,0,0,Agent,0.0652,2019-07-05
CLT00526,40,Provence-Alpes-Côte d'Azur,5,0,Téléphone,0.01,2019-07-10
CLT00527,42,Provence-Alpes-Côte d'Azur,13,0,Web,0.0231,2016-05-21
CLT00528,24,Normandie,0,0,Courtier,0.0464,2017-09-14
CLT00529,59,Hauts-de-France,3,0,Courtier,0.1258,2017-12-23
CLT00530,48,Grand Est,1,1,Web,0.304,2018-08-05
CLT00531,50,Normandie,1,0,Web,0.0663,2018-01-27
CLT00532,46,Hauts-de-France,0,0,Web,0.162,2020-11-06
CLT00533,26,Auvergne-Rhône-Alpes,12,0,Agent,0.01,2018-11-06
CLT00534,42,Bretagne,4,0,Courtier,0.01,2019-02-11
CLT00535,53,Île-de-France,2,0,Courtier,0.0182,2020-07-18
CLT00536,34,Centre-Val de Loire,0,0,Agent,0.0917,2017-10-22
CLT00537,48,Centre-Val de Loire,1,1,Courtier,0.2271,2016-11-06
CLT00538,19,Île-de-France,2,1,Courtier,0.2742,2020-07-20
CLT00539,44,Provence-Alpes-Côte d'Azur,0,4,Partenaire banque,0.4041,2016-06-23
CLT00540,40,Grand Est,5,0,Agent,0.01,2016-03-23
CLT00541,61,Occitanie,0,1,Agent,0.3175,2018-06-20
CLT00542,37,Grand Est,0,0,Courtier,0.0999,2016-11-23
CLT00543,24,Provence-Alpes-Côte d'Azur,1,2,Courtier,0.3585,2017-08-04
CLT00544,35,Bretagne,2,1,Courtier,0.1734,2017-11-25
CLT00545,31,Centre-Val de Loire,10,1,Web,0.01,2019-07-18
CLT00546,32,Provence-Alpes-Côte d'Azur,1,3,Web,0.5221,2016-07-14
CLT00547,58,Grand Est,1,1,Agent,0.1308,2017-08-06
CLT00548,25,Hauts-de-France,0,1,Agent,0.2731,2019-09-08
CLT00549,20,Centre-Val de Loire,0,0,Téléphone,0.1433,2017-11-15
CLT00550,44,Auvergne-Rhône-Alpes,1,2,Courtier,0.2711,2016-10-18
CLT00551,49,Provence-Alpes-Côte d'Azur,5,0,Web,0.3134,2019-09-07
CLT00552,52,Bretagne,11,1,Web,0.0709,2019-12-24
CLT00553,40,Auvergne-Rhône-Alpes,2,0,Web,0.2311,2018-02-12
CLT00554,24,Provence-Alpes-Côte d'Azur,1,1,Téléphone,0.2344,2019-10-06
CLT00555,42,Grand Est,2,2,Web,0.351,2019-10-07
CLT00556,56,Bretagne,4,0,Courtier,0.1341,2016-02-09
CLT00557,43,Provence-Alpes-Côte d'Azur,1,0,Web,0.1953,2017-03-16
CLT00558,51,Provence-Alpes-Côte d'Azur,0,1,Partenaire banque,0.01,2018-09-24
CLT00559,26,Occitanie,1,0,Web,0.01,2016-10-10
CLT00560,51,Nouvelle-Aquitaine,5,1,Web,0.0351,2020-09-27
CLT00561,27,Auvergne-Rhône-Alpes,4,1,Courtier,0.0402,2019-01-12
CLT00562,52,Grand Est,6,2,Web,0.2148,2017-11-22
CLT00563,66,Centre-Val de Loire,0,0,Web,0.1979,2018-02-12
CLT00564,30,Nouvelle-Aquitaine,6,2,Web,0.2923,2020-08-31
CLT00565,51,Centre-Val de Loire,1,1,Téléphone,0.0397,2016-12-07
CLT00566,42,Normandie,2,0,Web,0.01,2018-01-18
CLT00567,57,Occitanie,2,2,Partenaire banque,0.3796,2019-06-06
CLT00568,36,Hauts-de-France,6,0,Agent,0.1077,2020-05-26
CLT00569,23,Normandie,15,2,Web,0.0938,2017-05-06
CLT00570,50,Hauts-de-France,2,0,Partenaire banque,0.0888,2020-05-27
CLT00571,48,Normandie,5,0,Téléphone,0.01,2017-02-03
CLT00572,41,Provence-Alpes-Côte d'Azur,1,2,Agent,0.3355,2019-03-16
CLT00573,67,Normandie,7,0,Courtier,0.034,2017-08-02
CLT00574,45,Bretagne,2,0,Courtier,0.2187,2018-05-09
CLT00575,26,Nouvelle-Aquitaine,8,1,Téléphone,0.0188,2020-06-30
CLT00576,51,Centre-Val de Loire,3,2,Web,0.1334,2017-05-29
CLT00577,36,Île-de-France,3,0,Agent,0.0843,2020-11-27
CLT00578,27,Provence-Alpes-Côte d'Azur,3,0,Courtier,0.01,2016-07-31
CLT00579,33,Grand Est,0,1,Téléphone,0.3534,2017-08-08
CLT00580,67,Auvergne-Rhône-Alpes,1,0,Agent,0.0243,2017-07-14
CLT00581,49,Normandie,4,1,Téléphone,0.1447,2016-10-30
CLT00582,36,Bretagne,5,0,Web,0.01,2017-04-01
CLT00583,28,Normandie,2,1,Téléphone,0.0843,2016-02-26
CLT00584,23,Bretagne,14,0,Web,0.0237,2018-10-27
CLT00585,63,Provence-Alpes-Côte d'Azur,4,0,Web,0.01,2016-06-18
CLT00586,26,Provence-Alpes-Côte d'Azur,1,0,Web,0.01,2017-10-16
CLT00587,18,Auvergne-Rhône-Alpes,1,2,Téléphone,0.3332,2019-08-26
CLT00588,40,Provence-Alpes-Côte d'Azur,0,1,Agent,0.2186,2016-10-10
CLT00589,23,Île-de-France,0,1,Web,0.299,2020-08-28
CLT00590,58,Normandie,3,0,Agent,0.1714,2016-10-13
CLT00591,51,Normandie,8,1,Courtier,0.01,2016-01-13
CLT00592,49,Auvergne-Rhône-Alpes,0,1,Web,0.2341,2017-03-19
CLT00593,29,Nouvelle-Aquitaine,0,1,Courtier,0.3695,2020-01-31
CLT00594,50,Centre-Val de Loire,2,1,Courtier,0.1738,2016-08-17
CLT00595,29,Hauts-de-France,5,1,Web,0.1359,2016-09-08
CLT00596,35,Île-de-France,5,0,Web,0.01,2019-08-03
CLT00597,66,Centre-Val de Loire,4,0,Courtier,0.1981,2016-08-17
CLT00598,34,Normandie,0,2,Courtier,0.3263,2016-02-05
CLT00599,31,Grand Est,1,0,Courtier,0.0209,2020-01-13
CLT00600,41,Nouvelle-Aquitaine,5,1,Web,0.0784,2016-01-06
CLT00601,47,Centre-Val de Loire,6,1,Courtier,0.1853,2019-03-16
CLT00602,48,Bretagne,5,1,Web,0.0262,2019-10-02
CLT00603,39,Auvergne-Rhône-Alpes,10,1,Courtier,0.038,2018-01-10
CLT00604,30,Auvergne-Rhône-Alpes,9,1,Partenaire banque,0.01,2019-01-21
CLT00605,71,Grand Est,1,1,Agent,0.1149,2018-11-07
CLT00606,69,Grand Est,11,0,Web,0.01,2020-11-25
CLT00607,34,Normandie,2,0,Web,0.166,2018-03-05
CLT00608,42,Provence-Alpes-Côte d'Azur,0,0,Web,0.01,2016-02-05
CLT00609,35,Provence-Alpes-Côte d'Azur,4,0,Agent,0.2044,2017-12-09
CLT00610,38,Occitanie,0,0,Agent,0.072,2019-07-12
CLT00611,53,Auvergne-Rhône-Alpes,6,1,Agent,0.174,2020-02-16
CLT00612,27,Provence-Alpes-Côte d'Azur,1,0,Web,0.01,2017-12-24
CLT00613,18,Grand Est,1,2,Web,0.3993,2019-08-11
CLT00614,25,Nouvelle-Aquitaine,2,2,Téléphone,0.1437,2019-11-05
CLT00615,56,Normandie,2,0,Partenaire banque,0.01,2018-09-09
CLT00616,47,Nouvelle-Aquitaine,7,2,Téléphone,0.3147,2016-05-11
CLT00617,26,Normandie,4,0,Web,0.0959,2017-02-18
CLT00618,27,Île-de-France,0,0,Agent,0.1744,2020-12-21
CLT00619,43,Île-de-France,0,0,Web,0.2745,2017-09-29
CLT00620,38,Grand Est,1,0,Courtier,0.1325,2020-07-29
CLT00621,43,Grand Est,3,0,Courtier,0.01,2016-03-17
CLT00622,39,Occitanie,1,0,Web,0.0307,2020-11-02
CLT00623,43,Île-de-France,3,0,Téléphone,0.1145,2017-11-12
CLT00624,60,Hauts-de-France,4,1,Web,0.01,2018-01-25
CLT00625,18,Bretagne,8,1,Téléphone,0.1763,2020-03-04
CLT00626,45,Normandie,0,0,Téléphone,0.01,2018-03-04
CLT00627,48,Provence-Alpes-Côte d'Azur,0,0,Partenaire banque,0.0194,2018-10-15
CLT00628,40,Normandie,2,0,Courtier,0.0977,2020-06-22
CLT00629,41,Grand Est,3,1,Web,0.0935,2016-06-20
CLT00630,45,Bretagne,7,2,Web,0.4059,2019-05-20
CLT00631,57,Nouvelle-Aquitaine,2,0,Courtier,0.0174,2017-10-21
CLT00632,30,Auvergne-Rhône-Alpes,1,2,Web,0.2836,2019-09-17
CLT00633,53,Hauts-de-France,13,0,Web,0.01,2019-05-21
CLT00634,33,Bretagne,1,1,Web,0.2111,2018-06-30
CLT00635,26,Provence-Alpes-Côte d'Azur,1,0,Courtier,0.0211,2020-01-30
CLT00636,39,Provence-Alpes-Côte d'Azur,2,1,Agent,0.1182,2018-06-11
CLT00637,51,Hauts-de-France,2,0,Agent,0.01,2020-06-10
CLT00638,50,Île-de-France,3,0,Web,0.1368,2019-07-31
CLT00639,48,Bretagne,6,2,Courtier,0.3856,2020-06-30
CLT00640,47,Nouvelle-Aquitaine,3,1,Partenaire banque,0.0839,2016-10-21
CLT00641,44,Centre-Val de Loire,5,2,Agent,0.2382,2018-06-18
CLT00642,52,Île-de-France,3,1,Web,0.2011,2017-04-30
CLT00643,67,Provence-Alpes-Côte d'Azur,1,0,Courtier,0.0682,2019-03-09
CLT00644,26,Île-de-France,0,0,Agent,0.0215,2019-10-24
CLT00645,42,Normandie,0,0,Partenaire banque,0.1902,2018-02-02
CLT00646,29,Normandie,6,1,Agent,0.2919,2019-03-23
CLT00647,54,Nouvelle-Aquitaine,1,2,Courtier,0.1801,2018-03-28
CLT00648,30,Provence-Alpes-Côte d'Azur,4,0,Agent,0.01,2017-05-28
CLT00649,20,Auvergne-Rhône-Alpes,4,2,Web,0.3618,2017-01-18
CLT00650,28,Normandie,2,0,Courtier,0.2235,2019-02-26
CLT00651,37,Auvergne-Rhône-Alpes,3,0,Web,0.1192,2017-06-19
CLT00652,24,Normandie,9,1,Web,0.2345,2019-06-09
CLT00653,46,Hauts-de-France,1,1,Agent,0.2216,2018-10-04
CLT00654,58,Occitanie,6,2,Web,0.1589,2020-10-14
CLT00655,40,Auvergne-Rhône-Alpes,0,0,Courtier,0.0496,2020-01-02
CLT00656,59,Normandie,3,0,Partenaire banque,0.0102,2020-07-19
CLT00657,25,Provence-Alpes-Côte d'Azur,0,1,Agent,0.2692,2019-12-26
CLT00658,47,Auvergne-Rhône-Alpes,3,1,Courtier,0.2791,2017-08-19
CLT00659,64,Hauts-de-France,18,1,Téléphone,0.2755,2019-12-30
CLT00660,30,Nouvelle-Aquitaine,1,2,Agent,0.4432,2018-11-09
CLT00661,47,Occitanie,0,3,Web,0.19,2017-02-17
CLT00662,51,Nouvelle-Aquitaine,0,0,Web,0.2597,2018-10-10
CLT00663,58,Île-de-France,1,1,Courtier,0.3071,2019-03-20
CLT00664,69,Provence-Alpes-Côte d'Azur,4,1,Courtier,0.1604,2019-02-05
CLT00665,47,Nouvelle-Aquitaine,3,0,Agent,0.01,2016-06-27
CLT00666,36,Auvergne-Rhône-Alpes,4,1,Web,0.342,2020-01-10
CLT00667,63,Normandie,7,2,Courtier,0.3154,2020-04-26
CLT00668,18,Bretagne,0,1,Téléphone,0.2263,2016-06-02
CLT00669,44,Nouvelle-Aquitaine,3,0,Partenaire banque,0.1465,2019-08-10
CLT00670,30,Auvergne-Rhône-Alpes,3,2,Courtier,0.2551,2019-10-26
CLT00671,48,Grand Est,8,0,Web,0.01,2020-12-05
CLT00672,29,Grand Est,6,1,Agent,0.2396,2017-01-09
CLT00673,45,Nouvelle-Aquitaine,14,0,Courtier,0.082,2020-11-15
CLT00674,34,Île-de-France,14,3,Téléphone,0.2804,2018-11-29
CLT00675,32,Nouvelle-Aquitaine,0,0,Web,0.0822,2016-11-29
CLT00676,18,Provence-Alpes-Côte d'Azur,0,0,Partenaire banque,0.1329,2017-04-08
CLT00677,18,Provence-Alpes-Côte d'Azur,6,0,Partenaire banque,0.0497,2018-11-30
CLT00678,27,Hauts-de-France,0,0,Téléphone,0.0239,2017-05-30
CLT00679,61,Occitanie,0,0,Agent,0.01,2019-02-04
CLT00680,36,Hauts-de-France,1,1,Web,0.2232,2017-09-14
CLT00681,41,Centre-Val de Loire,1,1,Courtier,0.1052,2018-10-28
CLT00682,45,Nouvelle-Aquitaine,2,0,Courtier,0.01,2019-04-06
CLT00683,22,Nouvelle-Aquitaine,2,0,Web,0.1821,2019-07-04
CLT00684,18,Centre-Val de Loire,6,0,Web,0.0566,2019-03-02
CLT00685,25,Île-de-France,5,1,Téléphone,0.01,2016-03-01
CLT00686,48,Auvergne-Rhône-Alpes,1,0,Web,0.1269,2019-08-08
CLT00687,38,Centre-Val de Loire,0,0,Web,0.1845,2017-03-09
CLT00688,41,Centre-Val de Loire,2,1,Courtier,0.3504,2019-08-03
CLT00689,38,Île-de-France,1,0,Courtier,0.1954,2019-07-10
CLT00690,35,Grand Est,0,1,Web,0.2345,2017-09-12
CLT00691,68,Normandie,2,1,Web,0.3426,2020-07-13
CLT00692,18,Bretagne,4,0,Web,0.2024,2016-05-31
CLT00693,23,Île-de-France,1,0,Web,0.1351,2018-05-03
CLT00694,48,Normandie,1,2,Courtier,0.247,2017-11-29
CLT00695,37,Centre-Val de Loire,6,0,Web,0.01,2020-11-01
CLT00696,43,Provence-Alpes-Côte d'Azur,7,1,Agent,0.0455,2020-10-30
CLT00697,26,Provence-Alpes-Côte d'Azur,0,1,Partenaire banque,0.2681,2016-09-26
CLT00698,46,Provence-Alpes-Côte d'Azur,3,1,Courtier,0.2075,2016-08-07
CLT00699,18,Provence-Alpes-Côte d'Azur,0,0,Web,0.0975,2016-09-09
CLT00700,28,Hauts-de-France,1,1,Courtier,0.1232,2016-10-17
CLT00701,64,Auvergne-Rhône-Alpes,0,0,Web,0.0794,2018-02-27
CLT00702,69,Centre-Val de Loire,20,1,Courtier,0.01,2020-11-09
CLT00703,36,Nouvelle-Aquitaine,0,0,Téléphone,0.1383,2019-03-31
CLT00704,43,Provence-Alpes-Côte d'Azur,3,1,Web,0.01,2016-11-24
CLT00705,32,Normandie,0,1,Partenaire banque,0.2002,2018-08-16
CLT00706,37,Normandie,0,0,Téléphone,0.1287,2018-10-17
CLT00707,34,Île-de-France,3,0,Web,0.103,2018-03-18
CLT00708,36,Grand Est,6,0,Courtier,0.01,2017-05-10
CLT00709,34,Occitanie,5,0,Courtier,0.0858,2016-04-11
CLT00710,51,Île-de-France,10,0,Web,0.1849,2019-05-10
CLT00711,43,Normandie,5,0,Web,0.1796,2016-01-19
CLT00712,39,Auvergne-Rhône-Alpes,13,2,Courtier,0.1936,2020-12-14
CLT00713,64,Hauts-de-France,1,3,Agent,0.4885,2020-04-15
CLT00714,28,Bretagne,13,0,Courtier,0.01,2018-04-02
CLT00715,55,Île-de-France,3,1,Courtier,0.2738,2017-02-04
CLT00716,33,Provence-Alpes-Côte d'Azur,2,0,Courtier,0.057,2016-06-01
CLT00717,55,Bretagne,10,0,Courtier,0.01,2020-04-16
CLT00718,50,Grand Est,0,0,Web,0.0809,2019-07-02
CLT00719,46,Centre-Val de Loire,0,1,Web,0.0852,2016-07-19
CLT00720,18,Bretagne,2,1,Courtier,0.237,2017-11-27
CLT00721,48,Grand Est,9,2,Partenaire banque,0.3621,2020-03-28
CLT00722,28,Nouvelle-Aquitaine,2,3,Web,0.5547,2018-11-10
CLT00723,26,Bretagne,0,0,Courtier,0.1924,2016-04-04
CLT00724,30,Île-de-France,7,0,Web,0.01,2017-11-15
CLT00725,45,Normandie,1,0,Courtier,0.2613,2016-11-03
CLT00726,52,Centre-Val de Loire,2,0,Téléphone,0.01,2016-10-15
CLT00727,43,Provence-Alpes-Côte d'Azur,9,0,Partenaire banque,0.01,2017-10-16
CLT00728,53,Nouvelle-Aquitaine,10,1,Courtier,0.2251,2019-06-18
CLT00729,52,Hauts-de-France,2,0,Courtier,0.1089,2018-11-06
CLT00730,40,Grand Est,3,0,Courtier,0.0793,2019-12-24
CLT00731,63,Centre-Val de Loire,0,1,Web,0.2602,2020-07-30
CLT00732,18,Île-de-France,11,2,Courtier,0.3142,2019-10-13
CLT00733,41,Auvergne-Rhône-Alpes,1,0,Partenaire banque,0.1351,2019-04-12
CLT00734,43,Hauts-de-France,2,0,Agent,0.0498,2020-01-27
CLT00735,22,Île-de-France,3,0,Courtier,0.1593,2017-06-29
CLT00736,48,Centre-Val de Loire,2,0,Courtier,0.1233,2020-01-19
CLT00737,58,Île-de-France,1,0,Courtier,0.0381,2016-12-17
CLT00738,41,Grand Est,2,1,Agent,0.0949,2019-06-25
CLT00739,58,Bretagne,6,0,Web,0.01,2019-10-28
CLT00740,18,Occitanie,10,0,Web,0.0171,2019-12-07
CLT00741,44,Auvergne-Rhône-Alpes,3,0,Web,0.1149,2018-06-24
CLT00742,18,Provence-Alpes-Côte d'Azur,0,2,Courtier,0.2902,2018-04-27
CLT00743,37,Occitanie,2,0,Courtier,0.097,2020-05-08
CLT00744,50,Centre-Val de Loire,4,0,Partenaire banque,0.0757,2020-11-24
CLT00745,52,Île-de-France,2,2,Agent,0.075,2018-11-30
CLT00746,22,Occitanie,0,0,Courtier,0.0531,2019-09-20
CLT00747,66,Normandie,4,0,Courtier,0.01,2017-10-06
CLT00748,25,Nouvelle-Aquitaine,0,1,Courtier,0.1604,2018-12-29
CLT00749,25,Provence-Alpes-Côte d'Azur,8,1,Courtier,0.0908,2019-10-18
CLT00750,66,Hauts-de-France,12,0,Agent,0.01,2017-01-30
CLT00751,45,Occitanie,3,0,Web,0.1393,2017-09-05
CLT00752,44,Occitanie,4,0,Partenaire banque,0.2232,2017-09-03
CLT00753,52,Hauts-de-France,0,1,Agent,0.2553,2019-11-16
CLT00754,38,Normandie,1,1,Web,0.3065,2017-12-17
CLT00755,41,Grand Est,2,0,Partenaire banque,0.2019,2020-06-18
CLT00756,18,Hauts-de-France,0,0,Web,0.232,2019-03-22
CLT00757,40,Grand Est,5,0,Courtier,0.092,2018-03-21
CLT00758,56,Provence-Alpes-Côte d'Azur,11,0,Partenaire banque,0.0584,2020-07-07
CLT00759,32,Nouvelle-Aquitaine,18,0,Web,0.0856,2017-08-14
CLT00760,65,Auvergne-Rhône-Alpes,4,0,Web,0.1671,2018-06-26
CLT00761,23,Hauts-de-France,1,0,Agent,0.1632,2017-03-16
CLT00762,25,Occitanie,0,0,Téléphone,0.0717,2017-07-11
CLT00763,47,Grand Est,0,0,Agent,0.1251,2016-10-10
CLT00764,56,Auvergne-Rhône-Alpes,0,0,Agent,0.2655,2019-04-18
CLT00765,48,Occitanie,10,0,Web,0.01,2019-10-05
CLT00766,18,Grand Est,0,1,Web,0.3878,2017-04-23
CLT00767,32,Île-de-France,0,1,Web,0.3005,2017-11-09
CLT00768,42,Normandie,1,1,Web,0.2343,2020-04-29
CLT00769,38,Nouvelle-Aquitaine,3,0,Web,0.148,2019-02-03
CLT00770,58,Nouvelle-Aquitaine,6,0,Courtier,0.0131,2020-12-10
CLT00771,50,Normandie,10,0,Courtier,0.01,2017-02-14
CLT00772,18,Hauts-de-France,8,0,Web,0.015,2019-08-17
CLT00773,51,Île-de-France,0,0,Téléphone,0.0225,2016-07-04
CLT00774,18,Centre-Val de Loire,2,0,Web,0.0685,2020-02-23
CLT00775,45,Île-de-France,6,1,Téléphone,0.0214,2016-12-26
CLT00776,35,Bretagne,1,0,Téléphone,0.0205,2016-12-28
CLT00777,36,Île-de-France,0,0,Partenaire banque,0.1158,2018-03-26
CLT00778,28,Normandie,4,0,Web,0.1208,2020-03-15
CLT00779,27,Hauts-de-France,2,0,Téléphone,0.01,2016-01-21
CLT00780,55,Hauts-de-France,4,1,Courtier,0.2116,2016-08-09
CLT00781,48,Provence-Alpes-Côte d'Azur,1,1,Web,0.1204,2019-08-08
CLT00782,54,Grand Est,8,0,Courtier,0.203,2020-12-28
CLT00783,73,Nouvelle-Aquitaine,2,0,Téléphone,0.0182,2018-08-18
CLT00784,51,Hauts-de-France,7,0,Web,0.01,2016-08-20
CLT00785,44,Provence-Alpes-Côte d'Azur,6,1,Web,0.1825,2018-07-30
CLT00786,51,Hauts-de-France,1,1,Agent,0.1176,2016-01-31
CLT00787,54,Provence-Alpes-Côte d'Azur,1,1,Agent,0.2351,2019-03-10
CLT00788,64,Occitanie,3,0,Web,0.1617,2020-10-21
CLT00789,54,Bretagne,1,1,Téléphone,0.1134,2018-11-23
CLT00790,61,Provence-Alpes-Côte d'Azur,0,0,Web,0.1695,2019-10-04
CLT00791,45,Auvergne-Rhône-Alpes,7,0,Web,0.01,2016-10-16
CLT00792,30,Normandie,2,1,Web,0.305,2017-05-25
CLT00793,37,Île-de-France,0,0,Web,0.0977,2017-04-29
CLT00794,43,Normandie,2,0,Agent,0.0527,2017-11-08
CLT00795,34,Hauts-de-France,4,1,Courtier,0.073,2019-03-21
CLT00796,44,Île-de-France,3,0,Web,0.1638,2018-01-08
CLT00797,18,Occitanie,9,0,Web,0.1719,2016-09-01
CLT00798,48,Normandie,1,0,Web,0.0167,2018-04-12
CLT00799,50,Grand Est,6,1,Partenaire banque,0.1698,2020-12-25
CLT00800,40,Hauts-de-France,0,0,Agent,0.1253,2019-08-03
CLT00801,51,Hauts-de-France,4,1,Courtier,0.0462,2017-03-30
CLT00802,29,Occitanie,4,1,Partenaire banque,0.2773,2018-09-08
CLT00803,31,Nouvelle-Aquitaine,2,2,Courtier,0.3087,2019-05-27
CLT00804,23,Provence-Alpes-Côte d'Azur,0,0,Courtier,0.0402,2019-01-31
CLT00805,50,Normandie,0,1,Agent,0.4766,2020-07-02
CLT00806,20,Occitanie,1,0,Agent,0.2803,2019-10-27
CLT00807,33,Centre-Val de Loire,0,1,Téléphone,0.1712,2016-06-18
CLT00808,56,Grand Est,20,1,Courtier,0.1091,2019-12-14
CLT00809,25,Provence-Alpes-Côte d'Azur,2,1,Web,0.0725,2019-03-03
CLT00810,30,Auvergne-Rhône-Alpes,4,0,Web,0.0201,2019-01-28
CLT00811,66,Grand Est,4,2,Web,0.3303,2019-01-06
CLT00812,52,Nouvelle-Aquitaine,0,0,Web,0.2439,2020-10-17
CLT00813,35,Grand Est,3,1,Courtier,0.01,2019-10-27
CLT00814,41,Occitanie,3,0,Agent,0.01,2018-09-30
CLT00815,44,Auvergne-Rhône-Alpes,3,0,Téléphone,0.01,2018-07-03
CLT00816,57,Île-de-France,0,0,Courtier,0.1475,2018-11-19
CLT00817,26,Bretagne,1,2,Courtier,0.3735,2016-04-30
CLT00818,64,Grand Est,1,1,Courtier,0.2474,2020-07-12
CLT00819,50,Hauts-de-France,3,0,Agent,0.01,2018-03-23
CLT00820,36,Hauts-de-France,5,1,Téléphone,0.1344,2020-03-09
CLT00821,28,Occitanie,5,0,Courtier,0.2128,2016-04-04
CLT00822,51,Bretagne,1,0,Web,0.0763,2016-05-12
CLT00823,47,Grand Est,1,0,Partenaire banque,0.0977,2016-05-23
CLT00824,43,Normandie,0,2,Web,0.0871,2018-04-19
CLT00825,25,Nouvelle-Aquitaine,0,1,Agent,0.0313,2020-04-19
CLT00826,64,Bretagne,2,1,Courtier,0.0682,2021-01-01
CLT00827,47,Bretagne,0,0,Courtier,0.1131,2018-02-14
CLT00828,62,Bretagne,2,0,Web,0.2607,2019-09-19
CLT00829,38,Grand Est,0,1,Web,0.1035,2020-10-29
CLT00830,43,Provence-Alpes-Côte d'Azur,3,1,Web,0.1019,2019-01-07
CLT00831,57,Bretagne,3,0,Courtier,0.0136,2020-02-01
CLT00832,54,Occitanie,2,0,Téléphone,0.0939,2020-03-30
CLT00833,40,Île-de-France,2,1,Partenaire banque,0.1724,2018-08-08
CLT00834,58,Grand Est,0,0,Courtier,0.1317,2018-02-17
CLT00835,57,Occitanie,6,0,Web,0.0834,2017-12-11
CLT00836,49,Nouvelle-Aquitaine,0,0,Web,0.0186,2020-11-29
CLT00837,78,Auvergne-Rhône-Alpes,10,1,Web,0.1532,2019-09-16
CLT00838,32,Bretagne,2,1,Agent,0.1397,2020-12-16
CLT00839,43,Île-de-France,9,0,Web,0.01,2016-05-19
CLT00840,37,Auvergne-Rhône-Alpes,0,2,Courtier,0.1551,2018-07-05
CLT00841,57,Centre-Val de Loire,3,1,Agent,0.1141,2020-11-23
CLT00842,48,Île-de-France,2,1,Web,0.3146,2016-04-02
CLT00843,23,Bretagne,3,1,Courtier,0.2365,2019-01-12
CLT00844,44,Occitanie,5,0,Agent,0.01,2020-05-10
CLT00845,51,Île-de-France,0,0,Web,0.01,2017-08-17
CLT00846,36,Occitanie,0,0,Téléphone,0.0586,2020-02-09
CLT00847,40,Centre-Val de Loire,2,0,Web,0.0239,2019-05-11
CLT00848,57,Provence-Alpes-Côte d'Azur,0,0,Web,0.0624,2020-12-01
CLT00849,65,Nouvelle-Aquitaine,8,1,Partenaire banque,0.3097,2018-12-05
CLT00850,71,Occitanie,0,2,Courtier,0.3596,2017-07-19
CLT00851,19,Île-de-France,1,3,Courtier,0.45,2019-04-28
CLT00852,55,Nouvelle-Aquitaine,0,0,Agent,0.01,2018-05-26
CLT00853,58,Grand Est,2,0,Courtier,0.2186,2017-12-08
CLT00854,36,Bretagne,1,0,Agent,0.0836,2017-10-16
CLT00855,63,Bretagne,1,0,Courtier,0.1565,2017-09-08
CLT00856,37,Bretagne,0,1,Web,0.1787,2019-01-08
CLT00857,22,Normandie,10,0,Web,0.2885,2017-04-08
CLT00858,29,Hauts-de-France,6,1,Téléphone,0.01,2016-10-24
CLT00859,42,Normandie,1,0,Téléphone,0.0951,2019-02-27
CLT00860,46,Bretagne,0,1,Partenaire banque,0.1939,2019-02-17
CLT00861,34,Grand Est,3,3,Web,0.5299,2017-05-14
CLT00862,30,Hauts-de-France,2,0,Web,0.1224,2019-08-19
CLT00863,49,Auvergne-Rhône-Alpes,20,0,Partenaire banque,0.01,2020-10-02
CLT00864,28,Provence-Alpes-Côte d'Azur,0,0,Web,0.2629,2020-01-25
CLT00865,33,Occitanie,4,0,Web,0.01,2018-02-13
CLT00866,18,Centre-Val de Loire,3,1,Agent,0.1209,2020-11-26
CLT00867,77,Auvergne-Rhône-Alpes,3,0,Web,0.01,2020-04-10
CLT00868,58,Centre-Val de Loire,3,0,Agent,0.01,2019-02-20
CLT00869,50,Occitanie,6,1,Courtier,0.3179,2020-11-17
CLT00870,26,Provence-Alpes-Côte d'Azur,1,0,Web,0.0864,2016-02-03
CLT00871,46,Occitanie,1,0,Partenaire banque,0.3412,2020-02-29
CLT00872,18,Auvergne-Rhône-Alpes,5,0,Agent,0.1028,2020-03-26
CLT00873,50,Normandie,0,0,Téléphone,0.1123,2019-11-27
CLT00874,45,Centre-Val de Loire,3,0,Agent,0.01,2018-03-25
CLT00875,55,Occitanie,0,0,Courtier,0.1052,2020-05-09
CLT00876,45,Hauts-de-France,8,1,Courtier,0.2274,2018-12-30
CLT00877,63,Provence-Alpes-Côte d'Azur,9,1,Web,0.0661,2018-01-08
CLT00878,30,Grand Est,1,0,Téléphone,0.0262,2018-08-14
CLT00879,71,Auvergne-Rhône-Alpes,2,1,Téléphone,0.3131,2020-01-21
CLT00880,21,Normandie,1,0,Agent,0.1314,2017-10-19
CLT00881,60,Occitanie,6,1,Courtier,0.2583,2018-04-29
CLT00882,74,Île-de-France,4,3,Courtier,0.2121,2017-03-31
CLT00883,51,Nouvelle-Aquitaine,0,0,Web,0.0636,2019-02-09
CLT00884,38,Centre-Val de Loire,0,0,Courtier,0.1451,2018-05-07
CLT00885,42,Hauts-de-France,4,0,Web,0.1751,2017-11-08
CLT00886,53,Occitanie,1,0,Courtier,0.1686,2020-09-04
CLT00887,49,Occitanie,1,2,Courtier,0.3088,2019-09-04
CLT00888,40,Provence-Alpes-Côte d'Azur,0,1,Web,0.2417,2020-08-11
CLT00889,22,Normandie,2,0,Partenaire banque,0.1391,2019-08-09
CLT00890,68,Normandie,5,0,Courtier,0.01,2020-02-11
CLT00891,20,Provence-Alpes-Côte d'Azur,0,2,Web,0.2767,2020-01-17
CLT00892,47,Grand Est,7,0,Courtier,0.0567,2020-12-28
CLT00893,40,Grand Est,1,0,Partenaire banque,0.1358,2016-05-02
CLT00894,28,Grand Est,1,0,Web,0.0865,2020-10-02
CLT00895,45,Auvergne-Rhône-Alpes,1,3,Partenaire banque,0.4113,2019-10-02
CLT00896,46,Île-de-France,4,0,Agent,0.0742,2018-04-26
CLT00897,73,Nouvelle-Aquitaine,2,0,Téléphone,0.0809,2017-04-20
CLT00898,55,Auvergne-Rhône-Alpes,7,0,Agent,0.01,2016-01-21
CLT00899,40,Occitanie,4,3,Courtier,0.3941,2018-02-05
CLT00900,56,Île-de-France,4,0,Agent,0.1472,2019-09-29
CLT00901,41,Centre-Val de Loire,0,1,Téléphone,0.2073,2019-09-14
CLT00902,37,Normandie,0,1,Web,0.305,2018-12-27
CLT00903,50,Grand Est,2,1,Courtier,0.0949,2016-02-06
CLT00904,47,Grand Est,4,0,Agent,0.0978,2019-01-04
CLT00905,48,Hauts-de-France,4,0,Web,0.1537,2020-07-25
CLT00906,47,Bretagne,0,0,Téléphone,0.1608,2017-01-04
CLT00907,43,Auvergne-Rhône-Alpes,3,0,Téléphone,0.0887,2018-12-11
CLT00908,55,Nouvelle-Aquitaine,1,0,Web,0.017,2019-06-25
CLT00909,42,Grand Est,14,0,Web,0.01,2017-12-28
CLT00910,22,Hauts-de-France,2,0,Agent,0.01,2016-06-12
CLT00911,42,Provence-Alpes-Côte d'Azur,2,0,Partenaire banque,0.1848,2018-07-31
CLT00912,45,Centre-Val de Loire,3,0,Web,0.0138,2019-11-30
CLT00913,61,Occitanie,0,1,Web,0.1618,2020-08-24
CLT00914,25,Auvergne-Rhône-Alpes,1,1,Agent,0.01,2020-10-25
CLT00915,54,Île-de-France,20,0,Web,0.01,2018-02-17
CLT00916,38,Bretagne,0,0,Courtier,0.162,2016-04-26
CLT00917,22,Île-de-France,0,3,Agent,0.3831,2016-06-20
CLT00918,46,Normandie,2,0,Téléphone,0.0968,2019-08-15
CLT00919,18,Provence-Alpes-Côte d'Azur,1,1,Courtier,0.2638,2020-10-25
CLT00920,40,Auvergne-Rhône-Alpes,6,0,Téléphone,0.01,2016-03-30
CLT00921,68,Occitanie,2,2,Web,0.2195,2020-11-14
CLT00922,39,Centre-Val de Loire,17,0,Courtier,0.1504,2016-04-07
CLT00923,45,Auvergne-Rhône-Alpes,19,1,Agent,0.01,2017-07-30
CLT00924,28,Grand Est,0,0,Courtier,0.2304,2016-03-10
CLT00925,51,Nouvelle-Aquitaine,1,1,Partenaire banque,0.1347,2017-10-08
CLT00926,27,Île-de-France,1,0,Partenaire banque,0.011,2019-04-19
CLT00927,45,Nouvelle-Aquitaine,1,0,Agent,0.01,2020-01-01
CLT00928,54,Bretagne,9,0,Partenaire banque,0.01,2017-09-06
CLT00929,31,Nouvelle-Aquitaine,12,0,Courtier,0.01,2019-03-08
CLT00930,27,Bretagne,1,0,Agent,0.01,2019-01-14
CLT00931,36,Provence-Alpes-Côte d'Azur,4,0,Courtier,0.0889,2020-02-25
CLT00932,48,Nouvelle-Aquitaine,3,0,Agent,0.0232,2019-11-14
CLT00933,39,Auvergne-Rhône-Alpes,7,0,Courtier,0.052,2017-12-11
CLT00934,63,Île-de-France,10,3,Web,0.3069,2017-04-22
CLT00935,28,Auvergne-Rhône-Alpes,1,0,Web,0.01,2020-04-25
CLT00936,24,Centre-Val de Loire,4,0,Partenaire banque,0.0839,2018-03-25
CLT00937,42,Provence-Alpes-Côte d'Azur,6,1,Web,0.01,2017-07-15
CLT00938,44,Normandie,0,0,Courtier,0.01,2017-12-31
CLT00939,34,Grand Est,1,2,Partenaire banque,0.2805,2018-06-05
CLT00940,49,Nouvelle-Aquitaine,0,1,Agent,0.1866,2019-09-17
CLT00941,41,Bretagne,5,0,Web,0.0683,2019-06-22
CLT00942,25,Hauts-de-France,0,3,Agent,0.4488,2020-01-02
CLT00943,24,Auvergne-Rhône-Alpes,4,0,Web,0.01,2016-11-13
CLT00944,46,Bretagne,6,0,Agent,0.01,2019-07-24
CLT00945,38,Nouvelle-Aquitaine,1,0,Agent,0.0563,2017-10-12
CLT00946,58,Provence-Alpes-Côte d'Azur,4,0,Web,0.2274,2016-01-13
CLT00947,35,Hauts-de-France,2,1,Courtier,0.2334,2020-04-10
CLT00948,60,Hauts-de-France,0,1,Web,0.0893,2016-06-29
CLT00949,43,Nouvelle-Aquitaine,1,0,Courtier,0.0322,2019-02-16
CLT00950,34,Grand Est,9,0,Courtier,0.01,2016-08-01
CLT00951,27,Île-de-France,1,1,Web,0.1855,2019-02-11
CLT00952,46,Auvergne-Rhône-Alpes,8,1,Courtier,0.2854,2020-05-27
CLT00953,35,Provence-Alpes-Côte d'Azur,9,0,Téléphone,0.01,2016-01-28
CLT00954,60,Hauts-de-France,1,2,Courtier,0.2247,2020-05-16
CLT00955,38,Auvergne-Rhône-Alpes,1,2,Agent,0.123,2019-02-21
CLT00956,46,Occitanie,2,0,Courtier,0.0698,2016-12-15
CLT00957,51,Bretagne,3,2,Web,0.2447,2017-07-06
CLT00958,58,Hauts-de-France,1,2,Web,0.2681,2016-10-27
CLT00959,52,Auvergne-Rhône-Alpes,7,0,Web,0.0922,2017-07-21
CLT00960,40,Bretagne,4,0,Web,0.01,2020-05-23
CLT00961,31,Auvergne-Rhône-Alpes,4,0,Courtier,0.1892,2017-05-22
CLT00962,46,Normandie,0,0,Courtier,0.2621,2017-02-06
CLT00963,40,Normandie,0,3,Web,0.5665,2017-09-17
CLT00964,55,Île-de-France,2,1,Partenaire banque,0.1741,2017-11-13
CLT00965,27,Centre-Val de Loire,0,0,Courtier,0.0853,2020-11-02
CLT00966,52,Provence-Alpes-Côte d'Azur,7,1,Courtier,0.0113,2018-06-02
CLT00967,51,Centre-Val de Loire,5,2,Web,0.4028,2017-10-20
CLT00968,59,Centre-Val de Loire,0,1,Partenaire banque,0.0667,2017-02-17
CLT00969,56,Normandie,3,0,Web,0.015,2018-03-28
CLT00970,58,Provence-Alpes-Côte d'Azur,1,1,Web,0.1813,2019-11-26
CLT00971,49,Normandie,0,0,Partenaire banque,0.1428,2020-05-22
CLT00972,49,Occitanie,3,1,Web,0.0866,2017-07-30
CLT00973,50,Bretagne,7,1,Courtier,0.01,2019-03-02
CLT00974,42,Occitanie,1,0,Courtier,0.1669,2019-01-24
CLT00975,33,Nouvelle-Aquitaine,1,0,Agent,0.1263,2019-02-02
CLT00976,70,Île-de-France,0,0,Partenaire banque,0.2291,2018-08-05
CLT00977,46,Occitanie,5,2,Courtier,0.2587,2017-08-21
CLT00978,49,Auvergne-Rhône-Alpes,3,1,Téléphone,0.065,2020-06-19
CLT00979,18,Bretagne,2,0,Agent,0.1716,2016-10-14
CLT00980,34,Hauts-de-France,0,0,Web,0.1507,2019-09-12
CLT00981,31,Nouvelle-Aquitaine,1,1,Agent,0.3832,2020-06-06
CLT00982,18,Bretagne,5,0,Web,0.1088,2019-05-11
CLT00983,18,Normandie,10,0,Courtier,0.024,2019-01-01
CLT00984,65,Grand Est,2,0,Partenaire banque,0.1161,2020-11-18
CLT00985,42,Bretagne,3,0,Courtier,0.1173,2020-06-09
CLT00986,18,Provence-Alpes-Côte d'Azur,0,0,Agent,0.093,2020-07-23
CLT00987,35,Grand Est,0,0,Courtier,0.1633,2016-06-25
CLT00988,28,Auvergne-Rhône-Alpes,0,0,Agent,0.1199,2019-09-10
CLT00989,40,Provence-Alpes-Côte d'Azur,7,0,Web,0.01,2019-06-10
CLT00990,34,Île-de-France,2,1,Courtier,0.1712,2019-08-16
CLT00991,24,Bretagne,0,0,Partenaire banque,0.01,2017-11-12
CLT00992,45,Bretagne,13,2,Web,0.1673,2016-07-22
CLT00993,27,Hauts-de-France,3,0,Web,0.1695,2020-03-11
CLT00994,64,Grand Est,1,0,Courtier,0.0787,2019-11-11
CLT00995,54,Centre-Val de Loire,3,0,Web,0.067,2018-02-07
CLT00996,31,Bretagne,7,1,Courtier,0.01,2019-10-25
CLT00997,40,Centre-Val de Loire,3,0,Agent,0.1093,2016-11-06
CLT00998,48,Provence-Alpes-Côte d'Azur,3,0,Partenaire banque,0.0895,2018-09-17
CLT00999,62,Auvergne-Rhône-Alpes,2,2,Web,0.3249,2016-06-26
CLT01000,28,Auvergne-Rhône-Alpes,1,0,Téléphone,0.1219,2020-02-06
CLT01001,44,Nouvelle-Aquitaine,4,0,Web,0.0897,2017-12-05
CLT01002,50,Normandie,2,0,Agent,0.01,2018-12-05
CLT01003,35,Normandie,1,0,Web,0.1013,2016-07-20
CLT01004,36,Normandie,0,1,Agent,0.1694,2018-07-17
CLT01005,36,Provence-Alpes-Côte d'Azur,0,0,Web,0.105,2016-04-03
CLT01006,43,Auvergne-Rhône-Alpes,0,0,Web,0.1065,2017-12-05
CLT01007,39,Auvergne-Rhône-Alpes,7,0,Agent,0.106,2016-12-04
CLT01008,44,Occitanie,1,1,Courtier,0.2317,2019-02-06
CLT01009,59,Nouvelle-Aquitaine,5,1,Web,0.0468,2018-05-25
CLT01010,51,Normandie,0,0,Web,0.1811,2018-04-11
CLT01011,28,Nouvelle-Aquitaine,16,1,Web,0.01,2019-09-10
CLT01012,41,Bretagne,6,0,Courtier,0.0643,2020-02-21
CLT01013,39,Centre-Val de Loire,11,0,Téléphone,0.0232,2018-07-11
CLT01014,58,Centre-Val de Loire,2,1,Courtier,0.1023,2016-01-12
CLT01015,30,Occitanie,0,0,Web,0.175,2020-03-22
CLT01016,24,Auvergne-Rhône-Alpes,1,0,Courtier,0.0882,2020-06-27
CLT01017,43,Grand Est,8,0,Web,0.01,2017-10-31
CLT01018,65,Occitanie,2,1,Courtier,0.28,2017-06-23
CLT01019,38,Normandie,4,1,Courtier,0.1602,2019-08-03
CLT01020,44,Provence-Alpes-Côte d'Azur,2,0,Courtier,0.0758,2019-06-07
CLT01021,45,Bretagne,3,2,Courtier,0.3183,2017-12-15
CLT01022,18,Provence-Alpes-Côte d'Azur,13,1,Téléphone,0.1045,2019-06-20
CLT01023,41,Nouvelle-Aquitaine,0,1,Téléphone,0.3128,2019-12-18
CLT01024,38,Hauts-de-France,7,1,Téléphone,0.1619,2019-04-25
CLT01025,42,Auvergne-Rhône-Alpes,1,0,Agent,0.138,2017-10-05
CLT01026,35,Auvergne-Rhône-Alpes,0,0,Web,0.1794,2016-08-29
CLT01027,55,Nouvelle-Aquitaine,2,0,Courtier,0.01,2016-10-18
CLT01028,35,Grand Est,11,0,Courtier,0.01,2019-05-08
CLT01029,41,Nouvelle-Aquitaine,0,1,Courtier,0.2307,2018-05-18
CLT01030,28,Nouvelle-Aquitaine,0,0,Courtier,0.1982,2019-01-07
CLT01031,40,Nouvelle-Aquitaine,3,0,Courtier,0.01,2018-10-01
CLT01032,39,Hauts-de-France,3,0,Web,0.1637,2017-10-08
CLT01033,54,Normandie,8,0,Agent,0.01,2020-11-09
CLT01034,51,Provence-Alpes-Côte d'Azur,13,0,Partenaire banque,0.0183,2018-09-21
CLT01035,18,Nouvelle-Aquitaine,12,0,Web,0.0189,2018-02-27
CLT01036,18,Grand Est,1,0,Courtier,0.2065,2018-10-12
CLT01037,30,Bretagne,0,0,Agent,0.1149,2018-05-03
CLT01038,18,Normandie,1,0,Courtier,0.1534,2016-06-20
CLT01039,39,Centre-Val de Loire,3,1,Web,0.213,2020-04-09
CLT01040,42,Occitanie,0,0,Web,0.1558,2017-07-18
CLT01041,67,Occitanie,5,1,Courtier,0.1018,2016-12-12
CLT01042,69,Normandie,2,0,Courtier,0.308,2020-05-03
CLT01043,77,Normandie,1,0,Courtier,0.0859,2016-08-21
CLT01044,44,Centre-Val de Loire,18,1,Web,0.2932,2020-05-08
CLT01045,33,Grand Est,1,0,Téléphone,0.1404,2018-01-23
CLT01046,62,Grand Est,2,1,Téléphone,0.1453,2016-03-28
CLT01047,57,Normandie,1,0,Courtier,0.0353,2018-05-22
CLT01048,18,Auvergne-Rhône-Alpes,0,1,Agent,0.2592,2019-09-02
CLT01049,48,Occitanie,3,1,Web,0.1642,2016-03-09
CLT01050,56,Normandie,3,1,Web,0.1899,2020-11-02
CLT01051,40,Auvergne-Rhône-Alpes,2,1,Courtier,0.0912,2016-08-30
CLT01052,31,Occitanie,9,1,Web,0.01,2020-02-21
CLT01053,46,Centre-Val de Loire,4,0,Agent,0.01,2020-10-31
CLT01054,40,Centre-Val de Loire,1,0,Agent,0.0376,2016-12-07
CLT01055,18,Centre-Val de Loire,0,0,Web,0.1459,2017-03-01
CLT01056,41,Occitanie,2,2,Téléphone,0.3164,2019-03-15
CLT01057,58,Provence-Alpes-Côte d'Azur,3,0,Courtier,0.1673,2019-05-09
CLT01058,35,Grand Est,3,1,Web,0.1886,2019-12-14
CLT01059,40,Hauts-de-France,0,0,Web,0.2205,2017-07-03
CLT01060,34,Grand Est,3,0,Partenaire banque,0.01,2019-10-25
CLT01061,36,Auvergne-Rhône-Alpes,1,0,Web,0.022,2020-03-18
CLT01062,65,Bretagne,0,0,Téléphone,0.0282,2017-07-23
CLT01063,46,Nouvelle-Aquitaine,12,1,Agent,0.0933,2016-09-30
CLT01064,39,Occitanie,1,0,Web,0.0435,2017-10-23
CLT01065,48,Occitanie,7,0,Agent,0.0683,2019-10-18
CLT01066,26,Bretagne,0,1,Courtier,0.3128,2019-03-30
CLT01067,18,Hauts-de-France,4,1,Agent,0.1244,2018-02-09
CLT01068,33,Normandie,2,1,Web,0.2701,2020-06-17
CLT01069,57,Auvergne-Rhône-Alpes,9,0,Courtier,0.1704,2020-03-17
CLT01070,47,Hauts-de-France,1,0,Agent,0.2457,2020-12-03
CLT01071,54,Provence-Alpes-Côte d'Azur,8,1,Courtier,0.01,2018-09-28
CLT01072,32,Provence-Alpes-Côte d'Azur,1,0,Courtier,0.0927,2020-11-16
CLT01073,28,Auvergne-Rhône-Alpes,2,0,Agent,0.0239,2018-07-29
CLT01074,38,Provence-Alpes-Côte d'Azur,0,3,Téléphone,0.2327,2020-06-19
CLT01075,51,Grand Est,5,0,Courtier,0.1082,2018-05-31
CLT01076,56,Occitanie,3,1,Courtier,0.2146,2017-10-25
CLT01077,34,Hauts-de-France,4,0,Web,0.0632,2019-03-31
CLT01078,18,Nouvelle-Aquitaine,3,0,Courtier,0.0714,2018-09-22
CLT01079,55,Provence-Alpes-Côte d'Azur,0,0,Téléphone,0.1646,2020-04-12
CLT01080,18,Île-de-France,0,2,Web,0.5602,2019-07-08
CLT01081,32,Normandie,0,0,Web,0.1198,2020-10-24
CLT01082,33,Nouvelle-Aquitaine,1,0,Courtier,0.0496,2016-01-04
CLT01083,44,Bretagne,7,1,Web,0.1885,2019-11-13
CLT01084,29,Nouvelle-Aquitaine,4,0,Téléphone,0.1547,2017-09-12
CLT01085,46,Nouvelle-Aquitaine,0,1,Téléphone,0.1835,2020-12-02
CLT01086,48,Hauts-de-France,4,0,Web,0.1672,2018-01-10
CLT01087,40,Hauts-de-France,0,0,Web,0.1847,2019-09-24
CLT01088,49,Nouvelle-Aquitaine,2,0,Web,0.1676,2019-07-07
CLT01089,27,Hauts-de-France,10,1,Agent,0.01,2020-03-28
CLT01090,31,Occitanie,14,0,Courtier,0.01,2016-07-07
CLT01091,18,Auvergne-Rhône-Alpes,4,1,Web,0.1825,2018-09-05
CLT01092,29,Auvergne-Rhône-Alpes,0,1,Web,0.0867,2017-04-10
CLT01093,56,Grand Est,8,0,Agent,0.0465,2016-01-22
CLT01094,30,Île-de-France,4,1,Agent,0.1523,2020-08-02
CLT01095,58,Auvergne-Rhône-Alpes,8,0,Partenaire banque,0.01,2018-05-16
CLT01096,23,Nouvelle-Aquitaine,0,3,Courtier,0.4383,2017-04-15
CLT01097,39,Bretagne,1,0,Web,0.2079,2020-07-10
CLT01098,44,Auvergne-Rhône-Alpes,3,0,Web,0.0381,2018-01-24
CLT01099,35,Hauts-de-France,0,1,Web,0.1514,2020-05-05
CLT01100,59,Nouvelle-Aquitaine,1,0,Agent,0.1189,2019-10-20
CLT01101,20,Nouvelle-Aquitaine,0,1,Web,0.3062,2019-03-01
CLT01102,63,Île-de-France,4,0,Agent,0.112,2016-12-04
CLT01103,29,Normandie,0,3,Courtier,0.3657,2017-03-14
CLT01104,46,Nouvelle-Aquitaine,3,2,Téléphone,0.3984,2019-06-17
CLT01105,35,Normandie,4,0,Téléphone,0.1357,2016-06-28
CLT01106,25,Auvergne-Rhône-Alpes,4,0,Web,0.0886,2016-09-11
CLT01107,41,Centre-Val de Loire,9,0,Agent,0.01,2017-12-22
CLT01108,47,Bretagne,2,1,Web,0.1222,2016-10-15
CLT01109,24,Occitanie,0,1,Web,0.2756,2016-06-23
CLT01110,30,Occitanie,2,0,Courtier,0.1877,2019-05-15
CLT01111,28,Centre-Val de Loire,3,0,Web,0.01,2019-11-17
CLT01112,39,Île-de-France,9,0,Téléphone,0.0479,2019-09-12
CLT01113,51,Hauts-de-France,0,1,Web,0.2266,2019-05-29
CLT01114,44,Grand Est,1,0,Web,0.128,2018-03-15
CLT01115,33,Hauts-de-France,0,0,Agent,0.0724,2020-05-26
CLT01116,61,Occitanie,0,0,Courtier,0.0646,2016-08-20
CLT01117,25,Occitanie,0,0,Courtier,0.1542,2019-05-03
CLT01118,60,Auvergne-Rhône-Alpes,3,1,Courtier,0.0439,2016-01-27
CLT01119,22,Provence-Alpes-Côte d'Azur,0,0,Partenaire banque,0.2004,2016-09-29
CLT01120,44,Bretagne,7,1,Téléphone,0.2245,2019-03-12
CLT01121,57,Bretagne,15,2,Courtier,0.32,2019-11-01
CLT01122,39,Nouvelle-Aquitaine,6,1,Agent,0.1538,2020-04-28
CLT01123,27,Auvergne-Rhône-Alpes,2,0,Web,0.2745,2016-05-20
CLT01124,47,Île-de-France,1,0,Web,0.1484,2016-03-24
CLT01125,47,Île-de-France,4,1,Partenaire banque,0.1369,2018-03-28
CLT01126,62,Grand Est,0,1,Web,0.0574,2020-01-01
CLT01127,27,Grand Est,3,0,Agent,0.2419,2018-05-19
CLT01128,53,Bretagne,20,0,Web,0.01,2019-01-05
CLT01129,53,Grand Est,13,1,Agent,0.01,2017-07-24
CLT01130,36,Auvergne-Rhône-Alpes,15,1,Web,0.132,2018-11-15
CLT01131,33,Occitanie,1,1,Partenaire banque,0.1601,2016-11-16
CLT01132,38,Grand Est,15,1,Web,0.0337,2019-04-18
CLT01133,34,Auvergne-Rhône-Alpes,0,0,Web,0.1832,2018-06-16
CLT01134,44,Occitanie,10,0,Web,0.01,2016-06-27
CLT01135,39,Bretagne,4,1,Web,0.2793,2019-06-09
CLT01136,61,Centre-Val de Loire,0,0,Web,0.01,2019-09-28
CLT01137,43,Nouvelle-Aquitaine,2,1,Web,0.181,2019-12-22
CLT01138,47,Nouvelle-Aquitaine,8,0,Agent,0.151,2016-12-03
CLT01139,64,Normandie,2,0,Partenaire banque,0.2112,2018-12-09
CLT01140,37,Grand Est,0,1,Agent,0.2489,2020-01-18
CLT01141,24,Hauts-de-France,12,2,Web,0.2102,2016-09-18
CLT01142,34,Hauts-de-France,0,0,Agent,0.1415,2016-08-31
CLT01143,25,Île-de-France,2,0,Web,0.3074,2018-05-31
CLT01144,65,Hauts-de-France,2,1,Courtier,0.1213,2017-06-24
CLT01145,46,Centre-Val de Loire,0,0,Agent,0.2262,2018-10-15
CLT01146,57,Normandie,2,0,Courtier,0.1225,2016-04-25
CLT01147,47,Normandie,2,0,Téléphone,0.1638,2016-12-09
CLT01148,49,Provence-Alpes-Côte d'Azur,1,1,Web,0.068,2020-05-04
CLT01149,80,Auvergne-Rhône-Alpes,9,1,Téléphone,0.0507,2019-10-14
CLT01150,50,Auvergne-Rhône-Alpes,2,0,Web,0.2416,2018-11-10
CLT01151,19,Île-de-France,9,0,Web,0.0351,2020-11-04
CLT01152,42,Île-de-France,3,0,Web,0.1323,2018-08-26
CLT01153,37,Provence-Alpes-Côte d'Azur,0,1,Courtier,0.1059,2016-11-05
CLT01154,32,Nouvelle-Aquitaine,0,0,Partenaire banque,0.1688,2020-10-24
CLT01155,44,Île-de-France,2,0,Courtier,0.1201,2020-01-04
CLT01156,24,Bretagne,3,0,Web,0.1738,2017-05-25
CLT01157,24,Bretagne,5,1,Téléphone,0.2312,2017-10-19
CLT01158,54,Hauts-de-France,0,0,Téléphone,0.1251,2019-03-18
CLT01159,62,Provence-Alpes-Côte d'Azur,4,0,Web,0.01,2019-10-12
CLT01160,30,Île-de-France,2,0,Web,0.01,2020-07-07
CLT01161,40,Grand Est,1,0,Partenaire banque,0.1143,2018-04-03
CLT01162,55,Auvergne-Rhône-Alpes,0,0,Téléphone,0.1527,2020-11-10
CLT01163,49,Hauts-de-France,0,1,Agent,0.3273,2017-09-30
CLT01164,59,Provence-Alpes-Côte d'Azur,6,0,Web,0.01,2018-07-26
CLT01165,40,Île-de-France,5,0,Courtier,0.1088,2017-08-22
CLT01166,48,Centre-Val de Loire,0,2,Agent,0.3548,2020-02-25
CLT01167,43,Centre-Val de Loire,3,1,Web,0.0522,2018-01-26
CLT01168,52,Centre-Val de Loire,4,1,Partenaire banque,0.1712,2020-05-03
CLT01169,18,Occitanie,2,0,Agent,0.3472,2019-01-26
CLT01170,42,Occitanie,5,0,Web,0.2497,2018-04-21
CLT01171,47,Île-de-France,0,1,Web,0.1038,2017-12-12
CLT01172,30,Île-de-France,3,0,Partenaire banque,0.0734,2016-01-05
CLT01173,49,Bretagne,15,0,Téléphone,0.0496,2020-01-31
CLT01174,64,Hauts-de-France,0,0,Web,0.0715,2018-12-23
CLT01175,29,Occitanie,2,2,Courtier,0.2898,2016-05-04
CLT01176,38,Nouvelle-Aquitaine,8,0,Agent,0.01,2016-07-11
CLT01177,34,Île-de-France,3,0,Partenaire banque,0.0995,2020-09-29
CLT01178,32,Grand Est,4,0,Courtier,0.1322,2018-02-03
CLT01179,51,Normandie,0,1,Partenaire banque,0.2384,2016-06-24
CLT01180,39,Centre-Val de Loire,0,1,Web,0.0971,2016-10-02
CLT01181,42,Bretagne,6,1,Web,0.0425,2019-03-10
CLT01182,42,Île-de-France,2,1,Courtier,0.2436,2016-09-26
CLT01183,26,Occitanie,7,1,Web,0.01,2020-10-10
CLT01184,40,Provence-Alpes-Côte d'Azur,3,0,Partenaire banque,0.01,2018-03-17
CLT01185,41,Provence-Alpes-Côte d'Azur,1,0,Web,0.2355,2017-07-12
CLT01186,29,Occitanie,2,0,Web,0.0279,2017-02-21
CLT01187,41,Nouvelle-Aquitaine,3,1,Agent,0.1564,2019-04-14
CLT01188,49,Auvergne-Rhône-Alpes,1,0,Web,0.0843,2016-12-04
CLT01189,38,Normandie,5,0,Courtier,0.01,2018-04-14
CLT01190,61,Auvergne-Rhône-Alpes,1,1,Courtier,0.1481,2020-04-28
CLT01191,37,Occitanie,8,0,Courtier,0.0615,2018-08-08
CLT01192,28,Hauts-de-France,9,0,Téléphone,0.1258,2016-07-06
CLT01193,41,Nouvelle-Aquitaine,0,0,Téléphone,0.01,2017-09-17
CLT01194,51,Centre-Val de Loire,3,0,Web,0.0501,2020-09-09
CLT01195,56,Provence-Alpes-Côte d'Azur,18,0,Web,0.1282,2019-12-29
CLT01196,36,Occitanie,0,0,Partenaire banque,0.1145,2018-03-24
CLT01197,42,Grand Est,1,0,Web,0.239,2017-09-06
CLT01198,30,Hauts-de-France,5,0,Téléphone,0.01,2016-12-24
CLT01199,39,Île-de-France,10,1,Partenaire banque,0.0118,2020-10-18
CLT01200,18,Normandie,0,2,Courtier,0.3031,2019-02-02
CLT01201,18,Occitanie,3,1,Web,0.4809,2016-07-29
CLT01202,33,Nouvelle-Aquitaine,0,0,Web,0.1057,2016-05-08
CLT01203,32,Occitanie,7,0,Web,0.0716,2020-08-15
CLT01204,27,Bretagne,1,0,Courtier,0.01,2019-07-16
CLT01205,18,Auvergne-Rhône-Alpes,17,0,Courtier,0.0253,2017-06-16
CLT01206,34,Auvergne-Rhône-Alpes,7,0,Web,0.0451,2016-05-14
CLT01207,78,Occitanie,0,0,Téléphone,0.2138,2018-06-29
CLT01208,54,Nouvelle-Aquitaine,0,0,Web,0.01,2020-10-03
CLT01209,50,Provence-Alpes-Côte d'Azur,1,0,Web,0.1514,2018-08-04
CLT01210,48,Île-de-France,4,2,Web,0.1801,2019-03-23
CLT01211,35,Bretagne,7,0,Téléphone,0.01,2018-03-21
CLT01212,44,Normandie,2,2,Web,0.2377,2019-11-02
CLT01213,27,Bretagne,0,0,Web,0.01,2017-03-17
CLT01214,38,Nouvelle-Aquitaine,1,2,Web,0.1933,2018-07-04
CLT01215,22,Nouvelle-Aquitaine,0,2,Web,0.1789,2019-06-24
CLT01216,30,Centre-Val de Loire,3,0,Web,0.0425,2017-08-29
CLT01217,60,Normandie,9,1,Courtier,0.01,2019-02-03
CLT01218,56,Normandie,4,2,Web,0.2224,2017-07-28
CLT01219,65,Bretagne,5,1,Web,0.1805,2017-02-14
CLT01220,51,Grand Est,0,0,Web,0.1882,2020-07-02
CLT01221,34,Grand Est,0,0,Agent,0.01,2018-02-24
CLT01222,72,Provence-Alpes-Côte d'Azur,4,1,Courtier,0.2495,2020-05-21
CLT01223,42,Normandie,15,0,Web,0.123,2019-03-06
CLT01224,55,Grand Est,1,1,Web,0.05,2017-07-09
CLT01225,72,Nouvelle-Aquitaine,4,0,Web,0.1799,2019-05-09
CLT01226,56,Occitanie,0,1,Web,0.1597,2020-07-20
CLT01227,53,Hauts-de-France,0,1,Web,0.297,2018-08-26
CLT01228,48,Grand Est,2,0,Courtier,0.073,2019-04-13
CLT01229,49,Occitanie,1,2,Partenaire banque,0.2772,2016-07-26
CLT01230,45,Occitanie,1,1,Agent,0.1488,2017-07-01
CLT01231,63,Grand Est,1,0,Téléphone,0.0819,2020-02-20
CLT01232,21,Île-de-France,2,1,Agent,0.0746,2017-03-27
CLT01233,70,Centre-Val de Loire,1,0,Téléphone,0.119,2020-06-23
CLT01234,44,Bretagne,3,1,Courtier,0.1981,2020-09-16
CLT01235,44,Nouvelle-Aquitaine,3,0,Web,0.3092,2019-04-30
CLT01236,40,Provence-Alpes-Côte d'Azur,2,0,Téléphone,0.1367,2019-12-01
CLT01237,51,Provence-Alpes-Côte d'Azur,1,1,Téléphone,0.5013,2016-02-29
CLT01238,39,Provence-Alpes-Côte d'Azur,1,0,Partenaire banque,0.01,2019-03-02
CLT01239,60,Nouvelle-Aquitaine,6,0,Courtier,0.1693,2017-01-22
CLT01240,39,Normandie,15,1,Courtier,0.0673,2016-12-27
CLT01241,42,Normandie,0,1,Web,0.1762,2016-04-27
CLT01242,42,Occitanie,2,2,Agent,0.3294,2016-02-12
CLT01243,19,Grand Est,2,0,Courtier,0.107,2017-11-12
CLT01244,18,Centre-Val de Loire,0,0,Web,0.2607,2016-09-26
CLT01245,48,Provence-Alpes-Côte d'Azur,1,2,Agent,0.3889,2020-07-03
CLT01246,45,Provence-Alpes-Côte d'Azur,3,0,Web,0.1601,2016-10-31
CLT01247,38,Centre-Val de Loire,3,1,Agent,0.01,2016-10-19
CLT01248,48,Auvergne-Rhône-Alpes,0,0,Téléphone,0.01,2020-10-30
CLT01249,53,Provence-Alpes-Côte d'Azur,18,0,Partenaire banque,0.1071,2018-02-06
CLT01250,18,Bretagne,2,2,Courtier,0.3338,2017-11-22
CLT01251,46,Hauts-de-France,0,1,Web,0.1729,2016-11-20
CLT01252,43,Bretagne,11,0,Agent,0.01,2018-09-26
CLT01253,55,Provence-Alpes-Côte d'Azur,2,0,Web,0.041,2019-02-26
CLT01254,18,Centre-Val de Loire,9,1,Agent,0.041,2017-04-04
CLT01255,41,Centre-Val de Loire,0,0,Téléphone,0.1289,2018-02-15
CLT01256,25,Hauts-de-France,11,1,Agent,0.078,2017-08-28
CLT01257,64,Nouvelle-Aquitaine,11,1,Web,0.1651,2016-01-06
CLT01258,46,Centre-Val de Loire,3,0,Courtier,0.2178,2020-04-29
CLT01259,43,Centre-Val de Loire,1,0,Web,0.01,2019-05-20
CLT01260,55,Provence-Alpes-Côte d'Azur,13,0,Partenaire banque,0.2325,2019-06-08
CLT01261,43,Occitanie,7,1,Agent,0.0586,2016-08-03
CLT01262,50,Normandie,0,1,Web,0.1723,2020-03-08
CLT01263,40,Auvergne-Rhône-Alpes,1,2,Web,0.2554,2017-10-18
CLT01264,31,Nouvelle-Aquitaine,10,1,Agent,0.1068,2016-07-02
CLT01265,48,Provence-Alpes-Côte d'Azur,13,2,Courtier,0.3061,2017-06-29
CLT01266,43,Occitanie,0,1,Web,0.0975,2016-05-20
CLT01267,41,Provence-Alpes-Côte d'Azur,12,0,Web,0.01,2016-08-11
CLT01268,65,Île-de-France,3,0,Web,0.0111,2018-06-18
CLT01269,22,Bretagne,13,0,Partenaire banque,0.01,2020-12-18
CLT01270,38,Bretagne,1,1,Courtier,0.183,2018-02-16
CLT01271,41,Provence-Alpes-Côte d'Azur,0,0,Courtier,0.017,2016-07-28
CLT01272,50,Normandie,9,2,Agent,0.2767,2019-03-31
CLT01273,49,Occitanie,6,0,Web,0.0826,2016-06-01
CLT01274,50,Île-de-France,5,1,Web,0.1049,2017-10-16
CLT01275,32,Hauts-de-France,6,0,Partenaire banque,0.01,2016-06-02
CLT01276,56,Provence-Alpes-Côte d'Azur,3,2,Web,0.2293,2018-02-09
CLT01277,40,Nouvelle-Aquitaine,4,1,Agent,0.1389,2019-01-27
CLT01278,24,Auvergne-Rhône-Alpes,6,1,Web,0.19,2019-06-12
CLT01279,29,Normandie,3,0,Agent,0.0689,2018-06-04
CLT01280,39,Nouvelle-Aquitaine,1,0,Agent,0.01,2018-06-10
CLT01281,40,Nouvelle-Aquitaine,5,1,Web,0.1516,2017-11-11
CLT01282,28,Occitanie,3,0,Partenaire banque,0.0146,2018-04-20
CLT01283,61,Grand Est,3,0,Agent,0.01,2020-02-05
CLT01284,63,Grand Est,0,0,Web,0.01,2017-08-01
CLT01285,48,Hauts-de-France,1,0,Web,0.1127,2016-04-13
CLT01286,55,Bretagne,11,1,Courtier,0.1179,2020-09-18
CLT01287,29,Normandie,2,0,Web,0.2531,2018-01-10
CLT01288,49,Île-de-France,2,0,Courtier,0.0209,2017-08-28
CLT01289,56,Centre-Val de Loire,5,0,Courtier,0.0163,2016-07-19
CLT01290,37,Île-de-France,10,1,Web,0.049,2019-08-02
CLT01291,18,Hauts-de-France,6,0,Partenaire banque,0.219,2018-08-29
CLT01292,52,Auvergne-Rhône-Alpes,1,2,Web,0.2961,2018-03-27
CLT01293,30,Normandie,1,0,Courtier,0.1542,2019-09-17
CLT01294,33,Hauts-de-France,2,0,Web,0.1135,2019-01-21
CLT01295,60,Bretagne,0,2,Web,0.3169,2020-12-20
CLT01296,31,Bretagne,0,1,Courtier,0.3667,2018-07-03
CLT01297,22,Île-de-France,9,1,Web,0.2543,2018-08-12
CLT01298,64,Hauts-de-France,6,0,Web,0.01,2017-07-06
CLT01299,37,Centre-Val de Loire,2,3,Web,0.431,2020-03-22
CLT01300,28,Auvergne-Rhône-Alpes,1,0,Web,0.0361,2017-12-07
CLT01301,30,Grand Est,0,0,Courtier,0.01,2020-03-31
CLT01302,19,Centre-Val de Loire,1,2,Web,0.5403,2016-05-06
CLT01303,58,Bretagne,0,0,Téléphone,0.0181,2018-05-09
CLT01304,57,Grand Est,1,0,Agent,0.0352,2018-09-01
CLT01305,23,Centre-Val de Loire,3,0,Téléphone,0.1584,2018-09-04
CLT01306,25,Hauts-de-France,7,0,Web,0.0999,2020-10-16
CLT01307,21,Île-de-France,3,0,Courtier,0.01,2018-11-26
CLT01308,33,Centre-Val de Loire,4,1,Agent,0.2259,2019-06-26
CLT01309,53,Nouvelle-Aquitaine,1,1,Web,0.3124,2020-04-01
CLT01310,64,Normandie,1,0,Web,0.1357,2016-12-10
CLT01311,60,Occitanie,10,0,Téléphone,0.01,2016-09-17
CLT01312,51,Île-de-France,0,0,Courtier,0.1279,2019-11-02
CLT01313,54,Bretagne,7,0,Web,0.0854,2020-08-13
CLT01314,40,Nouvelle-Aquitaine,1,0,Téléphone,0.01,2017-06-14
CLT01315,38,Provence-Alpes-Côte d'Azur,3,0,Téléphone,0.1934,2020-07-13
CLT01316,32,Auvergne-Rhône-Alpes,13,1,Web,0.074,2019-02-15
CLT01317,28,Bretagne,3,1,Courtier,0.1249,2020-10-22
CLT01318,57,Hauts-de-France,2,2,Courtier,0.301,2020-11-25
CLT01319,48,Île-de-France,1,0,Agent,0.01,2019-07-02
CLT01320,45,Centre-Val de Loire,20,0,Courtier,0.1193,2018-05-11
CLT01321,31,Auvergne-Rhône-Alpes,0,0,Courtier,0.0502,2016-11-01
CLT01322,37,Centre-Val de Loire,0,2,Courtier,0.3771,2020-04-04
CLT01323,18,Auvergne-Rhône-Alpes,5,0,Partenaire banque,0.0499,2019-02-28
CLT01324,38,Auvergne-Rhône-Alpes,2,0,Agent,0.01,2020-11-13
CLT01325,50,Grand Est,11,2,Téléphone,0.2375,2020-12-04
CLT01326,34,Bretagne,2,0,Web,0.1695,2019-09-05
CLT01327,18,Normandie,13,0,Courtier,0.0285,2018-08-28
CLT01328,42,Île-de-France,0,0,Web,0.01,2018-04-07
CLT01329,39,Nouvelle-Aquitaine,2,2,Agent,0.1303,2019-10-28
CLT01330,24,Bretagne,5,0,Web,0.01,2020-12-28
CLT01331,26,Provence-Alpes-Côte d'Azur,1,3,Agent,0.3832,2016-04-12
CLT01332,48,Normandie,13,0,Partenaire banque,0.01,2018-02-03
CLT01333,34,Île-de-France,0,1,Web,0.2539,2020-06-15
CLT01334,53,Hauts-de-France,9,0,Web,0.0123,2020-09-24
CLT01335,60,Normandie,0,2,Téléphone,0.1487,2019-11-05
CLT01336,23,Auvergne-Rhône-Alpes,3,0,Partenaire banque,0.01,2017-04-13
CLT01337,43,Nouvelle-Aquitaine,0,0,Web,0.1149,2020-03-05
CLT01338,22,Normandie,9,1,Agent,0.2143,2017-10-21
CLT01339,42,Hauts-de-France,1,0,Agent,0.01,2019-05-25
CLT01340,46,Auvergne-Rhône-Alpes,12,0,Web,0.01,2017-03-10
CLT01341,44,Bretagne,1,1,Agent,0.1177,2020-04-06
CLT01342,34,Grand Est,5,0,Téléphone,0.01,2020-08-10
CLT01343,32,Île-de-France,1,0,Courtier,0.1545,2016-11-23
CLT01344,34,Auvergne-Rhône-Alpes,0,0,Web,0.01,2018-11-05
CLT01345,54,Bretagne,10,0,Web,0.01,2020-10-11
CLT01346,55,Grand Est,6,0,Téléphone,0.038,2016-03-02
CLT01347,31,Nouvelle-Aquitaine,1,0,Web,0.01,2020-09-03
CLT01348,43,Occitanie,1,0,Téléphone,0.0555,2017-05-27
CLT01349,51,Île-de-France,7,0,Courtier,0.01,2018-01-10
CLT01350,46,Occitanie,0,0,Web,0.094,2020-08-15
CLT01351,30,Normandie,1,2,Courtier,0.2359,2019-07-27
CLT01352,46,Auvergne-Rhône-Alpes,3,0,Agent,0.01,2017-05-12
CLT01353,65,Provence-Alpes-Côte d'Azur,4,1,Courtier,0.0492,2018-07-04
CLT01354,39,Nouvelle-Aquitaine,0,1,Partenaire banque,0.1139,2018-08-31
CLT01355,57,Centre-Val de Loire,2,0,Courtier,0.01,2017-12-08
CLT01356,46,Nouvelle-Aquitaine,4,0,Téléphone,0.0849,2017-06-15
CLT01357,63,Auvergne-Rhône-Alpes,0,0,Web,0.1382,2018-03-04
CLT01358,39,Île-de-France,2,0,Web,0.2437,2019-03-19
CLT01359,35,Occitanie,3,1,Téléphone,0.2799,2019-08-20
CLT01360,42,Occitanie,2,2,Agent,0.3398,2017-07-07
CLT01361,61,Bretagne,2,0,Courtier,0.01,2020-11-07
CLT01362,33,Île-de-France,2,0,Courtier,0.0945,2016-09-29
CLT01363,64,Nouvelle-Aquitaine,7,1,Agent,0.0893,2016-01-20
CLT01364,44,Occitanie,10,2,Web,0.0618,2020-07-08
CLT01365,27,Hauts-de-France,0,0,Agent,0.01,2019-12-25
CLT01366,38,Hauts-de-France,10,1,Courtier,0.0858,2018-02-12
CLT01367,38,Provence-Alpes-Côte d'Azur,3,0,Courtier,0.1372,2017-03-24
CLT01368,48,Normandie,5,0,Web,0.01,2018-12-04
CLT01369,50,Centre-Val de Loire,0,0,Courtier,0.01,2016-07-30
CLT01370,32,Île-de-France,6,0,Courtier,0.01,2019-09-20
CLT01371,42,Provence-Alpes-Côte d'Azur,8,0,Courtier,0.01,2019-05-03
CLT01372,38,Centre-Val de Loire,5,1,Web,0.0855,2019-11-04
CLT01373,39,Auvergne-Rhône-Alpes,0,1,Courtier,0.4501,2017-11-21
CLT01374,48,Hauts-de-France,1,1,Agent,0.0981,2020-11-01
CLT01375,59,Hauts-de-France,1,0,Web,0.0702,2019-12-29
CLT01376,70,Hauts-de-France,6,0,Web,0.0869,2018-11-27
CLT01377,28,Occitanie,10,0,Téléphone,0.0407,2020-07-09
CLT01378,41,Centre-Val de Loire,8,0,Courtier,0.01,2017-10-18
CLT01379,41,Nouvelle-Aquitaine,2,0,Agent,0.1575,2019-09-06
CLT01380,33,Normandie,9,2,Partenaire banque,0.2847,2017-06-17
CLT01381,57,Bretagne,0,1,Courtier,0.2692,2020-02-19
CLT01382,24,Île-de-France,0,0,Courtier,0.1071,2019-03-19
CLT01383,69,Occitanie,0,0,Web,0.01,2020-01-02
CLT01384,46,Occitanie,4,1,Agent,0.0326,2019-08-02
CLT01385,58,Normandie,2,0,Téléphone,0.01,2019-10-09
CLT01386,58,Provence-Alpes-Côte d'Azur,1,0,Courtier,0.244,2020-09-29
CLT01387,31,Nouvelle-Aquitaine,1,1,Téléphone,0.2283,2020-12-02
CLT01388,21,Grand Est,0,0,Web,0.2007,2016-07-20
CLT01389,48,Normandie,2,2,Web,0.2475,2017-06-15
CLT01390,43,Grand Est,9,1,Agent,0.01,2017-01-11
CLT01391,51,Provence-Alpes-Côte d'Azur,9,0,Agent,0.1867,2017-04-02
CLT01392,56,Provence-Alpes-Côte d'Azur,2,0,Web,0.0893,2020-11-21
CLT01393,39,Hauts-de-France,1,1,Courtier,0.1574,2020-12-23
CLT01394,69,Provence-Alpes-Côte d'Azur,0,0,Courtier,0.0545,2019-04-16
CLT01395,50,Hauts-de-France,3,1,Courtier,0.2098,2016-08-31
CLT01396,31,Normandie,10,1,Web,0.1865,2019-07-25
CLT01397,37,Centre-Val de Loire,3,1,Courtier,0.0238,2019-06-27
CLT01398,53,Auvergne-Rhône-Alpes,2,0,Courtier,0.024,2017-02-04
CLT01399,52,Grand Est,5,0,Web,0.01,2019-10-28
CLT01400,62,Bretagne,4,0,Courtier,0.1539,2018-04-28
CLT01401,40,Île-de-France,1,0,Téléphone,0.2028,2016-11-06
CLT01402,56,Nouvelle-Aquitaine,1,1,Partenaire banque,0.1856,2017-12-04
CLT01403,45,Bretagne,5,0,Partenaire banque,0.0488,2018-07-28
CLT01404,19,Nouvelle-Aquitaine,2,2,Web,0.3289,2020-01-07
CLT01405,44,Nouvelle-Aquitaine,1,0,Agent,0.1645,2018-09-27
CLT01406,58,Provence-Alpes-Côte d'Azur,2,0,Agent,0.287,2016-12-30
CLT01407,48,Provence-Alpes-Côte d'Azur,3,0,Agent,0.0233,2016-01-12
CLT01408,39,Normandie,0,0,Web,0.1509,2020-04-09
CLT01409,33,Nouvelle-Aquitaine,2,0,Courtier,0.01,2016-11-22
CLT01410,39,Normandie,0,0,Agent,0.2424,2020-05-17
CLT01411,25,Auvergne-Rhône-Alpes,3,1,Web,0.1731,2018-06-09
CLT01412,36,Bretagne,9,2,Courtier,0.1355,2018-09-06
CLT01413,40,Bretagne,0,0,Web,0.1613,2018-12-31
CLT01414,42,Occitanie,1,0,Agent,0.0296,2016-01-31
CLT01415,55,Provence-Alpes-Côte d'Azur,4,0,Agent,0.0899,2018-12-25
CLT01416,43,Occitanie,1,0,Web,0.01,2016-01-11
CLT01417,53,Occitanie,0,3,Web,0.4398,2020-12-03
CLT01418,38,Provence-Alpes-Côte d'Azur,3,0,Web,0.1342,2016-07-31
CLT01419,19,Bretagne,0,1,Courtier,0.211,2017-09-20
CLT01420,35,Nouvelle-Aquitaine,2,0,Web,0.01,2016-04-05
CLT01421,43,Hauts-de-France,4,0,Partenaire banque,0.0547,2018-07-24
CLT01422,56,Grand Est,1,0,Courtier,0.071,2017-11-24
CLT01423,50,Bretagne,3,0,Téléphone,0.2112,2016-10-03
CLT01424,46,Provence-Alpes-Côte d'Azur,0,0,Partenaire banque,0.01,2018-10-02
CLT01425,18,Provence-Alpes-Côte d'Azur,11,2,Agent,0.2927,2016-12-05
CLT01426,41,Bretagne,0,1,Web,0.1024,2017-04-06
CLT01427,18,Nouvelle-Aquitaine,4,0,Web,0.0951,2016-02-16
CLT01428,18,Centre-Val de Loire,8,0,Courtier,0.0248,2016-09-11
CLT01429,55,Provence-Alpes-Côte d'Azur,0,1,Agent,0.1324,2020-06-12
CLT01430,28,Île-de-France,0,1,Courtier,0.0595,2019-08-06
CLT01431,31,Hauts-de-France,11,0,Agent,0.1974,2019-07-02
CLT01432,20,Île-de-France,4,0,Courtier,0.3833,2016-04-10
CLT01433,33,Auvergne-Rhône-Alpes,5,0,Agent,0.01,2016-02-12
CLT01434,22,Île-de-France,7,1,Agent,0.1904,2018-05-05
CLT01435,24,Normandie,0,0,Courtier,0.0396,2019-01-27
CLT01436,48,Hauts-de-France,11,0,Courtier,0.2098,2016-11-11
CLT01437,40,Occitanie,2,0,Agent,0.2742,2019-07-16
CLT01438,19,Île-de-France,4,1,Web,0.01,2019-09-19
CLT01439,41,Auvergne-Rhône-Alpes,3,0,Agent,0.0106,2017-07-08
CLT01440,47,Centre-Val de Loire,2,0,Agent,0.1495,2016-10-09
CLT01441,41,Bretagne,1,0,Téléphone,0.2092,2016-08-04
CLT01442,23,Grand Est,9,1,Agent,0.1589,2016-08-31
CLT01443,45,Hauts-de-France,0,0,Web,0.0158,2016-08-07
CLT01444,18,Normandie,3,0,Web,0.1944,2017-02-15
CLT01445,24,Hauts-de-France,17,1,Téléphone,0.0815,2017-02-19
CLT01446,32,Provence-Alpes-Côte d'Azur,14,0,Agent,0.01,2017-08-29
CLT01447,68,Nouvelle-Aquitaine,0,1,Web,0.1054,2018-10-15
CLT01448,38,Occitanie,0,2,Agent,0.288,2018-09-13
CLT01449,44,Provence-Alpes-Côte d'Azur,3,0,Web,0.028,2016-01-29
CLT01450,24,Auvergne-Rhône-Alpes,4,1,Téléphone,0.1089,2020-09-08
CLT01451,21,Centre-Val de Loire,2,0,Agent,0.2986,2016-11-03
CLT01452,41,Auvergne-Rhône-Alpes,3,0,Agent,0.2009,2016-06-04
CLT01453,29,Auvergne-Rhône-Alpes,4,0,Téléphone,0.1228,2019-08-14
CLT01454,29,Occitanie,1,0,Courtier,0.01,2017-08-31
CLT01455,57,Hauts-de-France,4,0,Courtier,0.01,2016-07-25
CLT01456,22,Nouvelle-Aquitaine,0,0,Téléphone,0.1061,2020-10-13
CLT01457,39,Hauts-de-France,1,0,Courtier,0.1118,2019-10-20
CLT01458,46,Provence-Alpes-Côte d'Azur,0,0,Courtier,0.0104,2016-08-27
CLT01459,22,Auvergne-Rhône-Alpes,4,1,Téléphone,0.3068,2020-12-30
CLT01460,30,Île-de-France,3,0,Web,0.1021,2016-10-12
CLT01461,51,Nouvelle-Aquitaine,8,2,Web,0.07,2018-06-17
CLT01462,31,Centre-Val de Loire,2,0,Web,0.01,2020-02-12
CLT01463,38,Auvergne-Rhône-Alpes,1,0,Courtier,0.1615,2017-12-04
CLT01464,48,Nouvelle-Aquitaine,3,0,Web,0.1707,2018-04-01
CLT01465,42,Normandie,2,0,Web,0.1892,2018-03-02
CLT01466,39,Normandie,1,0,Agent,0.196,2019-08-23
CLT01467,39,Nouvelle-Aquitaine,2,1,Web,0.01,2019-11-28
CLT01468,43,Île-de-France,6,0,Partenaire banque,0.087,2020-09-27
CLT01469,18,Nouvelle-Aquitaine,3,1,Web,0.122,2019-04-26
CLT01470,51,Normandie,3,1,Téléphone,0.0601,2019-10-23
CLT01471,44,Normandie,11,0,Web,0.01,2018-02-18
CLT01472,55,Provence-Alpes-Côte d'Azur,10,2,Agent,0.0385,2020-11-03
CLT01473,45,Nouvelle-Aquitaine,6,0,Courtier,0.01,2018-09-28
CLT01474,52,Auvergne-Rhône-Alpes,0,0,Téléphone,0.0322,2018-06-23
CLT01475,82,Île-de-France,5,0,Web,0.0778,2019-09-05
CLT01476,61,Provence-Alpes-Côte d'Azur,3,1,Web,0.3492,2020-11-15
CLT01477,42,Grand Est,7,2,Agent,0.0756,2019-03-28
CLT01478,18,Centre-Val de Loire,0,0,Web,0.01,2019-10-05
CLT01479,43,Provence-Alpes-Côte d'Azur,0,0,Courtier,0.1025,2019-11-12
CLT01480,31,Centre-Val de Loire,7,2,Web,0.311,2019-09-19
CLT01481,35,Occitanie,3,0,Courtier,0.2754,2019-09-23
CLT01482,42,Bretagne,3,2,Web,0.1324,2020-08-21
CLT01483,46,Grand Est,2,2,Téléphone,0.2208,2019-06-11
CLT01484,51,Île-de-France,0,1,Web,0.01,2016-11-19
CLT01485,46,Grand Est,5,2,Téléphone,0.1298,2020-10-12
CLT01486,43,Normandie,4,0,Téléphone,0.01,2016-06-04
CLT01487,44,Normandie,0,0,Web,0.2746,2017-11-10
CLT01488,48,Hauts-de-France,9,0,Web,0.0854,2017-04-03
CLT01489,55,Grand Est,0,1,Agent,0.0777,2018-04-07
CLT01490,58,Occitanie,0,1,Web,0.0783,2018-06-30
CLT01491,32,Centre-Val de Loire,0,1,Courtier,0.0973,2020-10-22
CLT01492,37,Normandie,1,2,Courtier,0.1314,2016-09-02
CLT01493,44,Normandie,0,1,Agent,0.3094,2016-02-08
CLT01494,53,Auvergne-Rhône-Alpes,2,2,Courtier,0.3106,2016-03-16
CLT01495,19,Grand Est,16,1,Courtier,0.2448,2020-08-20
CLT01496,57,Auvergne-Rhône-Alpes,0,0,Agent,0.01,2019-06-23
CLT01497,18,Hauts-de-France,2,0,Téléphone,0.0773,2019-02-27
CLT01498,49,Occitanie,2,0,Agent,0.01,2018-07-25
CLT01499,54,Provence-Alpes-Côte d'Azur,0,0,Courtier,0.01,2016-04-23
CLT01500,53,Occitanie,5,1,Téléphone,0.2317,2017-11-12
CLT01501,37,Grand Est,3,1,Agent,0.1809,2019-05-15
CLT01502,23,Normandie,4,2,Agent,0.1899,2018-01-16
CLT01503,46,Normandie,8,0,Web,0.17,2020-04-06
CLT01504,78,Occitanie,5,1,Web,0.2098,2017-12-30
CLT01505,74,Hauts-de-France,2,0,Courtier,0.1403,2018-02-06
CLT01506,52,Auvergne-Rhône-Alpes,1,0,Web,0.1726,2016-12-04
CLT01507,37,Normandie,3,2,Web,0.3235,2020-01-10
CLT01508,26,Bretagne,1,2,Web,0.4202,2019-06-07
CLT01509,35,Occitanie,0,1,Web,0.1857,2020-10-13
CLT01510,59,Bretagne,0,0,Web,0.1134,2020-08-17
CLT01511,37,Occitanie,0,1,Agent,0.0452,2016-08-10
CLT01512,40,Bretagne,16,1,Web,0.1772,2019-07-22
CLT01513,39,Centre-Val de Loire,10,0,Web,0.01,2018-07-13
CLT01514,25,Normandie,0,1,Agent,0.2087,2018-10-31
CLT01515,51,Nouvelle-Aquitaine,0,1,Partenaire banque,0.2228,2016-01-11
CLT01516,26,Grand Est,5,0,Agent,0.085,2019-02-09
CLT01517,74,Bretagne,0,1,Téléphone,0.1139,2018-09-18
CLT01518,28,Grand Est,4,0,Agent,0.1053,2016-12-30
CLT01519,20,Centre-Val de Loire,5,0,Web,0.0447,2020-07-29
CLT01520,48,Nouvelle-Aquitaine,0,0,Web,0.01,2019-09-10
CLT01521,55,Centre-Val de Loire,3,0,Agent,0.1972,2017-10-23
CLT01522,30,Grand Est,5,0,Téléphone,0.0247,2018-05-09
CLT01523,27,Centre-Val de Loire,1,0,Téléphone,0.1735,2020-04-12
CLT01524,42,Occitanie,2,0,Web,0.0822,2017-12-05
CLT01525,18,Hauts-de-France,10,0,Courtier,0.0414,2016-10-02
CLT01526,60,Nouvelle-Aquitaine,0,0,Courtier,0.3209,2019-12-06
CLT01527,60,Grand Est,0,1,Web,0.2865,2019-12-09
CLT01528,31,Grand Est,0,0,Téléphone,0.0129,2019-12-30
CLT01529,52,Grand Est,1,0,Agent,0.1348,2017-02-17
CLT01530,39,Occitanie,1,0,Agent,0.01,2017-08-20
CLT01531,44,Provence-Alpes-Côte d'Azur,1,0,Partenaire banque,0.1772,2016-09-30
CLT01532,64,Nouvelle-Aquitaine,2,2,Courtier,0.2188,2019-11-24
CLT01533,29,Provence-Alpes-Côte d'Azur,0,0,Agent,0.1132,2020-04-09
CLT01534,46,Provence-Alpes-Côte d'Azur,0,0,Courtier,0.0737,2019-04-10
CLT01535,64,Centre-Val de Loire,1,1,Partenaire banque,0.2777,2019-12-27
CLT01536,31,Bretagne,2,1,Agent,0.1698,2020-09-21
CLT01537,41,Grand Est,0,0,Web,0.2279,2020-10-03
CLT01538,57,Bretagne,6,0,Téléphone,0.01,2018-12-08
CLT01539,18,Auvergne-Rhône-Alpes,2,0,Web,0.1211,2016-10-26
CLT01540,37,Île-de-France,0,0,Agent,0.0642,2017-02-15
CLT01541,34,Hauts-de-France,1,0,Agent,0.01,2016-11-27
CLT01542,74,Hauts-de-France,4,0,Agent,0.2467,2016-10-28
CLT01543,36,Île-de-France,0,0,Agent,0.1129,2017-08-29
CLT01544,55,Occitanie,0,1,Agent,0.2126,2016-03-09
CLT01545,19,Provence-Alpes-Côte d'Azur,2,0,Téléphone,0.0353,2016-07-30
CLT01546,61,Centre-Val de Loire,2,0,Téléphone,0.0817,2020-02-25
CLT01547,48,Grand Est,2,0,Téléphone,0.159,2020-03-02
CLT01548,44,Grand Est,0,0,Courtier,0.1965,2018-11-14
CLT01549,35,Hauts-de-France,2,1,Agent,0.3084,2016-04-08
CLT01550,33,Bretagne,0,0,Courtier,0.1053,2020-06-04
CLT01551,31,Provence-Alpes-Côte d'Azur,0,0,Partenaire banque,0.136,2016-04-22
CLT01552,60,Île-de-France,0,0,Agent,0.1929,2017-02-21
CLT01553,33,Centre-Val de Loire,6,1,Téléphone,0.1898,2020-10-30
CLT01554,24,Normandie,0,0,Téléphone,0.024,2019-07-23
CLT01555,18,Provence-Alpes-Côte d'Azur,2,0,Agent,0.2453,2019-01-26
CLT01556,52,Centre-Val de Loire,0,0,Web,0.1267,2020-01-26
CLT01557,46,Occitanie,5,1,Web,0.0512,2016-12-31
CLT01558,33,Auvergne-Rhône-Alpes,8,0,Web,0.034,2016-12-23
CLT01559,55,Grand Est,0,0,Web,0.1494,2016-03-26
CLT01560,36,Bretagne,0,0,Web,0.1742,2017-06-27
CLT01561,36,Nouvelle-Aquitaine,1,0,Web,0.0985,2020-09-30
CLT01562,54,Hauts-de-France,16,1,Web,0.0816,2018-08-15
CLT01563,42,Nouvelle-Aquitaine,0,2,Web,0.3911,2017-10-24
CLT01564,29,Centre-Val de Loire,0,1,Web,0.2641,2019-07-06
CLT01565,62,Centre-Val de Loire,6,0,Téléphone,0.01,2017-09-10
CLT01566,49,Normandie,4,0,Agent,0.1036,2019-02-02
CLT01567,28,Provence-Alpes-Côte d'Azur,0,0,Web,0.01,2019-12-22
CLT01568,38,Provence-Alpes-Côte d'Azur,9,0,Courtier,0.01,2017-01-13
CLT01569,55,Grand Est,0,1,Web,0.3128,2018-11-02
CLT01570,60,Nouvelle-Aquitaine,1,1,Courtier,0.1209,2019-01-06
CLT01571,39,Bretagne,4,0,Web,0.1812,2017-03-31
CLT01572,57,Occitanie,2,1,Agent,0.2516,2017-11-11
CLT01573,41,Provence-Alpes-Côte d'Azur,7,1,Web,0.2276,2020-03-23
CLT01574,35,Centre-Val de Loire,6,0,Courtier,0.01,2019-02-25
CLT01575,61,Île-de-France,1,1,Web,0.2011,2017-12-11
CLT01576,44,Normandie,0,0,Web,0.0764,2019-08-10
CLT01577,36,Centre-Val de Loire,14,1,Téléphone,0.193,2017-05-16
CLT01578,29,Île-de-France,4,0,Agent,0.0486,2017-10-21
CLT01579,39,Bretagne,12,2,Téléphone,0.1835,2016-08-22
CLT01580,25,Bretagne,2,1,Web,0.1079,2020-01-24
CLT01581,41,Hauts-de-France,1,0,Web,0.0557,2018-11-26
CLT01582,18,Provence-Alpes-Côte d'Azur,2,1,Courtier,0.4261,2018-11-09
CLT01583,34,Normandie,3,1,Courtier,0.2383,2017-09-01
CLT01584,18,Occitanie,0,0,Web,0.1412,2016-06-19
CLT01585,46,Auvergne-Rhône-Alpes,4,2,Web,0.1922,2020-05-04
CLT01586,71,Grand Est,14,0,Courtier,0.01,2019-07-09
CLT01587,38,Auvergne-Rhône-Alpes,3,2,Web,0.1363,2019-07-15
CLT01588,24,Occitanie,2,2,Téléphone,0.3319,2018-05-20
CLT01589,28,Auvergne-Rhône-Alpes,1,1,Web,0.3628,2020-08-26
CLT01590,43,Bretagne,1,1,Agent,0.0614,2016-05-29
CLT01591,23,Nouvelle-Aquitaine,0,0,Web,0.2083,2020-01-10
CLT01592,52,Provence-Alpes-Côte d'Azur,3,1,Web,0.0994,2016-06-01
CLT01593,35,Île-de-France,2,1,Web,0.1982,2017-06-01
CLT01594,32,Grand Est,4,1,Web,0.1236,2020-08-11
CLT01595,48,Occitanie,1,0,Téléphone,0.0671,2018-04-16
CLT01596,60,Bretagne,0,2,Courtier,0.3138,2018-04-10
CLT01597,30,Bretagne,2,2,Web,0.4301,2018-03-10
CLT01598,33,Auvergne-Rhône-Alpes,1,0,Courtier,0.01,2019-08-08
CLT01599,43,Centre-Val de Loire,2,0,Web,0.0474,2020-03-09
CLT01600,49,Centre-Val de Loire,2,0,Web,0.1328,2020-10-05
CLT01601,22,Auvergne-Rhône-Alpes,1,1,Courtier,0.3042,2018-10-28
CLT01602,35,Auvergne-Rhône-Alpes,11,0,Web,0.01,2019-11-07
CLT01603,54,Hauts-de-France,2,0,Agent,0.0473,2017-08-01
CLT01604,34,Normandie,1,1,Courtier,0.0655,2020-08-12
CLT01605,32,Île-de-France,0,0,Courtier,0.1124,2018-12-30
CLT01606,39,Occitanie,4,0,Web,0.1199,2018-03-13
CLT01607,30,Grand Est,0,1,Web,0.1517,2019-07-24
CLT01608,18,Nouvelle-Aquitaine,2,1,Web,0.3353,2020-12-23
CLT01609,56,Provence-Alpes-Côte d'Azur,8,0,Partenaire banque,0.01,2016-01-25
CLT01610,51,Grand Est,1,0,Téléphone,0.01,2016-10-18
CLT01611,51,Auvergne-Rhône-Alpes,0,0,Web,0.3498,2019-03-20
CLT01612,47,Centre-Val de Loire,0,0,Courtier,0.2321,2019-01-28
CLT01613,55,Auvergne-Rhône-Alpes,3,0,Web,0.1364,2020-03-14
CLT01614,55,Provence-Alpes-Côte d'Azur,0,0,Web,0.2182,2019-08-17
CLT01615,59,Grand Est,0,1,Web,0.079,2017-01-13
CLT01616,24,Occitanie,7,0,Agent,0.2167,2017-06-03
CLT01617,42,Occitanie,6,0,Web,0.0609,2019-10-08
CLT01618,49,Centre-Val de Loire,0,1,Téléphone,0.1304,2020-10-11
CLT01619,24,Grand Est,3,1,Courtier,0.3205,2019-02-01
CLT01620,50,Auvergne-Rhône-Alpes,5,0,Web,0.304,2016-05-19
CLT01621,18,Hauts-de-France,0,0,Web,0.0146,2020-01-28
CLT01622,54,Centre-Val de Loire,7,0,Courtier,0.01,2017-11-10
CLT01623,49,Provence-Alpes-Côte d'Azur,4,0,Web,0.0611,2019-09-06
CLT01624,50,Occitanie,7,1,Web,0.0639,2019-06-24
CLT01625,32,Auvergne-Rhône-Alpes,4,0,Téléphone,0.142,2017-10-14
CLT01626,34,Normandie,2,0,Courtier,0.01,2019-06-18
CLT01627,18,Hauts-de-France,0,1,Agent,0.2383,2016-11-10
CLT01628,52,Centre-Val de Loire,5,1,Courtier,0.1094,2020-07-14
CLT01629,47,Provence-Alpes-Côte d'Azur,0,0,Partenaire banque,0.0253,2016-12-13
CLT01630,40,Île-de-France,5,1,Web,0.2612,2020-05-30
CLT01631,61,Occitanie,2,1,Agent,0.1462,2019-08-07
CLT01632,62,Bretagne,6,1,Web,0.1207,2018-01-08
CLT01633,49,Nouvelle-Aquitaine,5,1,Agent,0.1465,2017-11-12
CLT01634,72,Normandie,7,0,Courtier,0.01,2018-01-06
CLT01635,44,Hauts-de-France,0,0,Courtier,0.2156,2016-08-12
CLT01636,45,Nouvelle-Aquitaine,0,0,Agent,0.01,2016-06-18
CLT01637,37,Hauts-de-France,1,0,Téléphone,0.1145,2016-10-15
CLT01638,64,Grand Est,2,1,Web,0.1904,2020-02-13
CLT01639,18,Auvergne-Rhône-Alpes,5,1,Agent,0.0818,2016-02-10
CLT01640,34,Grand Est,3,0,Agent,0.01,2020-07-24
CLT01641,23,Centre-Val de Loire,4,1,Courtier,0.1818,2020-04-26
CLT01642,48,Centre-Val de Loire,1,1,Web,0.1892,2016-03-18
CLT01643,30,Grand Est,12,2,Web,0.2203,2019-01-12
CLT01644,24,Normandie,7,1,Agent,0.3577,2016-11-02
CLT01645,43,Provence-Alpes-Côte d'Azur,3,0,Courtier,0.1405,2021-01-01
CLT01646,42,Centre-Val de Loire,1,0,Agent,0.01,2017-08-20
CLT01647,26,Nouvelle-Aquitaine,0,1,Courtier,0.1858,2018-11-13
CLT01648,33,Auvergne-Rhône-Alpes,3,0,Courtier,0.114,2018-10-27
CLT01649,36,Île-de-France,0,1,Agent,0.1238,2020-10-04
CLT01650,38,Centre-Val de Loire,3,0,Agent,0.0361,2020-04-01
CLT01651,37,Grand Est,0,1,Web,0.0404,2016-11-24
CLT01652,30,Nouvelle-Aquitaine,4,0,Courtier,0.01,2019-03-06
CLT01653,49,Nouvelle-Aquitaine,3,1,Agent,0.0763,2018-09-19
CLT01654,51,Provence-Alpes-Côte d'Azur,0,1,Web,0.3085,2020-04-10
CLT01655,24,Normandie,12,0,Web,0.1616,2017-06-27
CLT01656,53,Provence-Alpes-Côte d'Azur,20,0,Web,0.01,2019-10-03
CLT01657,54,Occitanie,1,0,Courtier,0.01,2020-06-10
CLT01658,31,Provence-Alpes-Côte d'Azur,2,0,Courtier,0.01,2018-07-22
CLT01659,47,Île-de-France,0,1,Web,0.2703,2019-08-23
CLT01660,44,Provence-Alpes-Côte d'Azur,10,2,Web,0.1915,2018-12-05
CLT01661,19,Hauts-de-France,0,1,Téléphone,0.2561,2017-06-25
CLT01662,52,Centre-Val de Loire,0,2,Courtier,0.2949,2016-12-24
CLT01663,34,Bretagne,2,0,Agent,0.01,2018-01-20
CLT01664,48,Centre-Val de Loire,0,1,Agent,0.1297,2020-09-09
CLT01665,29,Auvergne-Rhône-Alpes,4,1,Courtier,0.1012,2018-02-11
CLT01666,26,Occitanie,12,1,Courtier,0.0176,2017-12-25
CLT01667,39,Provence-Alpes-Côte d'Azur,2,0,Courtier,0.1986,2018-09-16
CLT01668,59,Centre-Val de Loire,0,0,Web,0.01,2020-12-13
CLT01669,51,Nouvelle-Aquitaine,4,1,Courtier,0.267,2017-04-18
CLT01670,62,Auvergne-Rhône-Alpes,3,0,Courtier,0.0985,2017-07-31
CLT01671,56,Occitanie,3,1,Web,0.1619,2016-11-20
CLT01672,27,Provence-Alpes-Côte d'Azur,2,1,Agent,0.3461,2020-08-02
CLT01673,30,Auvergne-Rhône-Alpes,9,0,Agent,0.01,2018-05-01
CLT01674,27,Provence-Alpes-Côte d'Azur,2,1,Agent,0.3584,2018-09-15
CLT01675,61,Normandie,7,0,Courtier,0.0784,2019-04-26
CLT01676,46,Nouvelle-Aquitaine,8,0,Agent,0.094,2018-04-23
CLT01677,53,Île-de-France,9,0,Web,0.0183,2016-09-20
CLT01678,32,Centre-Val de Loire,1,0,Courtier,0.01,2016-10-04
CLT01679,51,Grand Est,0,1,Web,0.1577,2019-03-20
CLT01680,34,Nouvelle-Aquitaine,1,2,Web,0.272,2017-06-14
CLT01681,18,Nouvelle-Aquitaine,8,1,Courtier,0.01,2018-04-12
CLT01682,54,Centre-Val de Loire,0,0,Partenaire banque,0.1446,2019-07-31
CLT01683,45,Île-de-France,3,0,Téléphone,0.1107,2020-02-01
CLT01684,46,Hauts-de-France,4,0,Partenaire banque,0.01,2017-03-21
CLT01685,52,Normandie,0,0,Agent,0.1426,2018-08-25
CLT01686,65,Normandie,1,2,Web,0.2077,2020-08-29
CLT01687,38,Bretagne,12,1,Agent,0.0632,2020-06-17
CLT01688,58,Centre-Val de Loire,0,1,Téléphone,0.2009,2017-01-09
CLT01689,36,Centre-Val de Loire,4,1,Agent,0.2306,2017-06-27
CLT01690,40,Nouvelle-Aquitaine,1,2,Agent,0.2446,2017-12-04
CLT01691,63,Normandie,7,0,Courtier,0.1872,2016-05-22
CLT01692,28,Occitanie,3,0,Courtier,0.01,2016-09-29
CLT01693,29,Auvergne-Rhône-Alpes,5,0,Web,0.0373,2018-12-08
CLT01694,36,Grand Est,1,1,Agent,0.0595,2020-08-21
CLT01695,65,Nouvelle-Aquitaine,0,0,Agent,0.01,2016-12-31
CLT01696,39,Normandie,2,0,Téléphone,0.1802,2019-05-15
CLT01697,83,Île-de-France,3,1,Téléphone,0.1589,2018-12-26
CLT01698,52,Grand Est,11,0,Agent,0.01,2016-07-11
CLT01699,21,Normandie,0,0,Agent,0.1308,2019-05-22
CLT01700,48,Grand Est,3,0,Téléphone,0.01,2020-05-07
CLT01701,47,Bretagne,1,1,Courtier,0.0723,2018-01-30
CLT01702,40,Île-de-France,0,0,Agent,0.0879,2018-05-30
CLT01703,24,Occitanie,0,0,Partenaire banque,0.1917,2018-09-16
CLT01704,48,Bretagne,3,0,Courtier,0.0801,2020-07-07
CLT01705,52,Centre-Val de Loire,7,0,Web,0.0427,2016-10-03
CLT01706,30,Hauts-de-France,2,1,Courtier,0.0928,2017-04-23
CLT01707,44,Auvergne-Rhône-Alpes,6,0,Web,0.0107,2020-12-02
CLT01708,30,Grand Est,8,1,Courtier,0.3046,2017-01-24
CLT01709,51,Île-de-France,2,0,Agent,0.1151,2020-06-06
CLT01710,31,Île-de-France,1,2,Courtier,0.3611,2016-08-31
CLT01711,33,Grand Est,1,0,Web,0.01,2019-09-04
CLT01712,29,Occitanie,2,0,Agent,0.1645,2017-10-10
CLT01713,41,Bretagne,0,0,Courtier,0.121,2016-11-14
CLT01714,65,Bretagne,2,0,Agent,0.2345,2017-06-05
CLT01715,42,Hauts-de-France,2,0,Téléphone,0.0127,2018-05-19
CLT01716,45,Centre-Val de Loire,0,0,Courtier,0.0161,2017-07-20
CLT01717,36,Bretagne,1,0,Agent,0.1441,2018-04-28
CLT01718,36,Grand Est,4,0,Agent,0.0593,2018-09-17
CLT01719,50,Nouvelle-Aquitaine,0,0,Courtier,0.1596,2019-02-12
CLT01720,34,Normandie,1,1,Web,0.119,2017-09-22
CLT01721,32,Centre-Val de Loire,0,1,Web,0.3163,2019-12-17
CLT01722,53,Bretagne,2,0,Agent,0.2705,2020-10-19
CLT01723,36,Auvergne-Rhône-Alpes,4,1,Agent,0.1831,2018-07-05
CLT01724,48,Nouvelle-Aquitaine,2,0,Web,0.01,2018-11-09
CLT01725,42,Bretagne,0,0,Agent,0.01,2020-06-30
CLT01726,31,Grand Est,2,3,Agent,0.4653,2019-11-04
CLT01727,38,Île-de-France,2,1,Web,0.1482,2019-07-28
CLT01728,60,Île-de-France,3,0,Téléphone,0.166,2020-08-15
CLT01729,18,Nouvelle-Aquitaine,0,1,Courtier,0.3458,2019-05-16
CLT01730,56,Bretagne,1,0,Web,0.01,2017-06-24
CLT01731,30,Occitanie,2,1,Courtier,0.0548,2019-06-03
CLT01732,79,Île-de-France,10,0,Agent,0.01,2018-04-02
CLT01733,57,Centre-Val de Loire,1,1,Agent,0.2132,2017-08-11
CLT01734,45,Centre-Val de Loire,4,0,Web,0.0723,2020-05-05
CLT01735,35,Nouvelle-Aquitaine,4,0,Agent,0.057,2018-06-20
CLT01736,37,Île-de-France,0,1,Web,0.1618,2019-09-09
CLT01737,60,Grand Est,7,1,Web,0.1324,2016-03-11
CLT01738,31,Centre-Val de Loire,3,1,Courtier,0.3409,2019-12-03
CLT01739,38,Occitanie,1,0,Agent,0.0228,2019-10-14
CLT01740,22,Île-de-France,0,0,Courtier,0.3331,2019-09-05
CLT01741,50,Île-de-France,5,1,Partenaire banque,0.2462,2016-06-28
CLT01742,38,Hauts-de-France,7,1,Agent,0.0801,2017-12-26
CLT01743,52,Bretagne,0,1,Courtier,0.0222,2017-02-16
CLT01744,42,Grand Est,5,1,Web,0.1577,2019-12-14
CLT01745,60,Auvergne-Rhône-Alpes,3,3,Téléphone,0.5144,2019-02-01
CLT01746,73,Hauts-de-France,7,0,Agent,0.01,2019-02-21
CLT01747,55,Centre-Val de Loire,0,1,Web,0.4566,2020-07-30
CLT01748,46,Hauts-de-France,3,0,Web,0.01,2017-02-04
CLT01749,22,Normandie,0,1,Partenaire banque,0.1708,2019-03-25
CLT01750,32,Île-de-France,8,0,Web,0.0443,2018-04-15
CLT01751,36,Grand Est,1,2,Web,0.0974,2016-05-30
CLT01752,46,Grand Est,10,0,Web,0.0456,2016-08-29
CLT01753,19,Grand Est,6,0,Partenaire banque,0.1436,2020-12-01
CLT01754,18,Grand Est,1,2,Téléphone,0.423,2019-03-25
CLT01755,35,Hauts-de-France,2,0,Agent,0.1474,2018-02-13
CLT01756,42,Centre-Val de Loire,4,1,Courtier,0.1342,2017-05-15
CLT01757,32,Provence-Alpes-Côte d'Azur,0,1,Partenaire banque,0.2117,2018-07-30
CLT01758,40,Normandie,3,0,Téléphone,0.01,2020-11-02
CLT01759,54,Île-de-France,1,1,Courtier,0.3242,2017-06-14
CLT01760,53,Auvergne-Rhône-Alpes,0,1,Courtier,0.406,2020-06-05
CLT01761,20,Occitanie,0,0,Agent,0.1935,2017-04-17
CLT01762,18,Provence-Alpes-Côte d'Azur,2,0,Courtier,0.1145,2017-12-26
CLT01763,66,Grand Est,2,1,Courtier,0.2,2019-12-08
CLT01764,51,Hauts-de-France,2,1,Web,0.01,2016-07-11
CLT01765,32,Bretagne,0,0,Agent,0.0776,2020-08-10
CLT01766,24,Provence-Alpes-Côte d'Azur,8,0,Web,0.1159,2017-01-02
CLT01767,44,Normandie,1,1,Web,0.01,2017-03-25
CLT01768,60,Centre-Val de Loire,1,1,Web,0.0951,2020-03-10
CLT01769,34,Occitanie,7,1,Courtier,0.1618,2017-02-14
CLT01770,35,Occitanie,14,0,Agent,0.01,2020-11-24
CLT01771,35,Hauts-de-France,2,1,Web,0.1755,2017-02-21
CLT01772,60,Occitanie,3,0,Téléphone,0.077,2018-01-01
CLT01773,52,Nouvelle-Aquitaine,12,1,Agent,0.01,2016-09-04
CLT01774,32,Auvergne-Rhône-Alpes,10,2,Agent,0.1389,2019-09-22
CLT01775,18,Normandie,1,0,Agent,0.1856,2020-04-16
CLT01776,46,Grand Est,2,0,Partenaire banque,0.1276,2020-10-04
CLT01777,61,Normandie,6,2,Courtier,0.1662,2017-10-09
CLT01778,36,Normandie,1,1,Téléphone,0.01,2020-12-11
CLT01779,37,Centre-Val de Loire,15,0,Téléphone,0.01,2018-10-04
CLT01780,25,Nouvelle-Aquitaine,0,0,Partenaire banque,0.2989,2018-11-14
CLT01781,43,Hauts-de-France,8,0,Courtier,0.2097,2020-03-18
CLT01782,58,Centre-Val de Loire,6,0,Web,0.01,2018-12-14
CLT01783,32,Bretagne,1,0,Courtier,0.1315,2019-01-14
CLT01784,34,Île-de-France,5,1,Courtier,0.2137,2018-03-19
CLT01785,18,Nouvelle-Aquitaine,1,0,Courtier,0.3582,2016-09-05
CLT01786,44,Grand Est,11,2,Courtier,0.2033,2019-11-14
CLT01787,52,Île-de-France,1,1,Web,0.2198,2017-03-09
CLT01788,64,Bretagne,12,0,Courtier,0.0759,2017-10-30
CLT01789,43,Provence-Alpes-Côte d'Azur,1,1,Agent,0.3574,2017-06-17
CLT01790,24,Nouvelle-Aquitaine,2,1,Courtier,0.3035,2017-05-02
CLT01791,66,Hauts-de-France,2,0,Courtier,0.0885,2019-06-11
CLT01792,19,Provence-Alpes-Côte d'Azur,3,0,Courtier,0.01,2018-10-20
CLT01793,26,Bretagne,2,0,Web,0.0791,2019-12-08
CLT01794,64,Provence-Alpes-Côte d'Azur,2,2,Courtier,0.3879,2018-04-02
CLT01795,47,Hauts-de-France,6,1,Courtier,0.1285,2019-03-18
CLT01796,28,Nouvelle-Aquitaine,1,1,Partenaire banque,0.0903,2019-11-07
CLT01797,39,Occitanie,0,0,Téléphone,0.0647,2020-01-18
CLT01798,46,Hauts-de-France,0,0,Téléphone,0.2378,2019-02-13
CLT01799,28,Bretagne,4,1,Téléphone,0.1377,2017-02-07
CLT01800,52,Nouvelle-Aquitaine,11,0,Téléphone,0.182,2020-02-23
CLT01801,33,Nouvelle-Aquitaine,10,0,Courtier,0.2452,2016-01-22
CLT01802,69,Nouvelle-Aquitaine,6,1,Courtier,0.1412,2016-10-04
CLT01803,37,Grand Est,1,0,Courtier,0.0833,2017-10-10
CLT01804,54,Normandie,1,2,Web,0.5326,2019-02-27
CLT01805,38,Centre-Val de Loire,5,0,Web,0.1369,2016-07-23
CLT01806,65,Nouvelle-Aquitaine,1,0,Web,0.057,2020-07-26
CLT01807,41,Hauts-de-France,4,0,Courtier,0.01,2019-07-15
CLT01808,57,Auvergne-Rhône-Alpes,4,0,Courtier,0.1673,2017-11-18
CLT01809,41,Hauts-de-France,2,0,Courtier,0.1663,2019-02-23
CLT01810,39,Grand Est,4,0,Partenaire banque,0.0535,2017-06-13
CLT01811,56,Provence-Alpes-Côte d'Azur,1,0,Web,0.0156,2016-09-07
CLT01812,48,Provence-Alpes-Côte d'Azur,0,0,Téléphone,0.0403,2019-05-27
CLT01813,69,Occitanie,4,1,Courtier,0.1673,2019-08-25
CLT01814,27,Grand Est,0,0,Web,0.01,2020-05-19
CLT01815,45,Hauts-de-France,4,0,Courtier,0.01,2019-10-12
CLT01816,29,Grand Est,1,0,Courtier,0.2143,2020-02-19
CLT01817,50,Normandie,5,0,Téléphone,0.0382,2018-02-21
CLT01818,48,Centre-Val de Loire,3,1,Web,0.2408,2019-07-19
CLT01819,42,Nouvelle-Aquitaine,3,0,Téléphone,0.01,2019-08-06
CLT01820,50,Provence-Alpes-Côte d'Azur,9,3,Courtier,0.319,2019-06-10
CLT01821,41,Centre-Val de Loire,7,0,Courtier,0.01,2016-05-28
CLT01822,33,Auvergne-Rhône-Alpes,1,1,Web,0.2312,2017-04-14
CLT01823,23,Provence-Alpes-Côte d'Azur,1,1,Web,0.1242,2017-08-21
CLT01824,29,Hauts-de-France,6,0,Agent,0.0526,2018-03-22
CLT01825,60,Hauts-de-France,0,1,Téléphone,0.2864,2020-05-20
CLT01826,24,Provence-Alpes-Côte d'Azur,11,1,Agent,0.0793,2018-12-04
CLT01827,56,Normandie,4,1,Courtier,0.1045,2017-01-13
CLT01828,31,Île-de-France,0,2,Web,0.4498,2017-04-27
CLT01829,69,Hauts-de-France,3,2,Partenaire banque,0.2256,2019-12-08
CLT01830,47,Auvergne-Rhône-Alpes,7,0,Web,0.1201,2018-03-26
CLT01831,53,Auvergne-Rhône-Alpes,0,0,Web,0.0658,2020-12-06
CLT01832,49,Normandie,0,2,Courtier,0.3457,2016-02-25
CLT01833,37,Bretagne,0,0,Courtier,0.2207,2016-06-21
CLT01834,85,Auvergne-Rhône-Alpes,6,1,Web,0.194,2016-11-16
CLT01835,33,Auvergne-Rhône-Alpes,0,1,Agent,0.2574,2020-12-20
CLT01836,53,Bretagne,2,1,Web,0.0741,2017-05-23
CLT01837,18,Hauts-de-France,3,2,Courtier,0.444,2016-09-17
CLT01838,74,Nouvelle-Aquitaine,11,1,Courtier,0.01,2016-12-17
CLT01839,31,Île-de-France,0,0,Web,0.2434,2018-01-02
CLT01840,29,Provence-Alpes-Côte d'Azur,0,1,Téléphone,0.01,2018-08-16
CLT01841,18,Grand Est,0,0,Partenaire banque,0.21,2019-01-30
CLT01842,44,Normandie,0,0,Web,0.01,2019-12-01
CLT01843,48,Grand Est,5,0,Web,0.01,2019-05-10
CLT01844,31,Normandie,3,0,Agent,0.0642,2019-07-28
CLT01845,66,Centre-Val de Loire,10,1,Courtier,0.3792,2019-08-05
CLT01846,49,Grand Est,6,0,Web,0.0276,2017-12-14
CLT01847,38,Normandie,7,1,Courtier,0.2468,2020-07-08
CLT01848,27,Auvergne-Rhône-Alpes,1,0,Courtier,0.1922,2018-01-21
CLT01849,29,Bretagne,0,1,Web,0.276,2017-09-15
CLT01850,38,Île-de-France,1,0,Web,0.052,2020-07-29
CLT01851,28,Nouvelle-Aquitaine,1,0,Web,0.2082,2018-08-20
CLT01852,27,Grand Est,0,1,Web,0.236,2018-10-06
CLT01853,55,Normandie,4,0,Web,0.0294,2020-04-19
CLT01854,40,Bretagne,6,3,Agent,0.513,2019-05-09
CLT01855,34,Occitanie,4,1,Agent,0.01,2019-01-29
CLT01856,34,Provence-Alpes-Côte d'Azur,0,0,Web,0.0688,2020-12-13
CLT01857,59,Grand Est,9,1,Courtier,0.1561,2017-05-28
CLT01858,42,Nouvelle-Aquitaine,0,0,Agent,0.01,2019-08-17
CLT01859,48,Bretagne,2,0,Téléphone,0.01,2017-03-29
CLT01860,49,Hauts-de-France,0,0,Web,0.0912,2019-07-06
CLT01861,47,Occitanie,10,0,Courtier,0.1653,2020-06-28
CLT01862,29,Centre-Val de Loire,3,0,Téléphone,0.0623,2019-11-05
CLT01863,44,Hauts-de-France,3,0,Web,0.01,2020-03-03
CLT01864,54,Grand Est,0,0,Téléphone,0.248,2018-04-27
CLT01865,45,Occitanie,2,0,Téléphone,0.2585,2017-01-10
CLT01866,50,Nouvelle-Aquitaine,4,0,Web,0.0754,2019-07-30
CLT01867,55,Normandie,0,2,Agent,0.2902,2017-07-13
CLT01868,39,Centre-Val de Loire,7,0,Courtier,0.0889,2017-10-20
CLT01869,70,Île-de-France,5,0,Web,0.01,2019-01-02
CLT01870,24,Île-de-France,1,0,Web,0.1352,2016-07-30
CLT01871,18,Hauts-de-France,0,0,Web,0.1178,2020-01-06
CLT01872,41,Normandie,12,0,Agent,0.01,2017-04-23
CLT01873,61,Auvergne-Rhône-Alpes,7,0,Web,0.1616,2018-10-09
CLT01874,69,Occitanie,3,1,Web,0.1747,2017-10-02
CLT01875,46,Normandie,1,0,Partenaire banque,0.2817,2018-08-09
CLT01876,53,Île-de-France,2,1,Web,0.2064,2020-09-25
CLT01877,40,Nouvelle-Aquitaine,1,1,Web,0.1375,2020-05-09
CLT01878,47,Bretagne,0,0,Web,0.01,2018-08-22
CLT01879,36,Nouvelle-Aquitaine,1,1,Web,0.0675,2020-09-21
CLT01880,47,Hauts-de-France,2,0,Téléphone,0.0211,2020-08-25
CLT01881,41,Île-de-France,1,0,Web,0.01,2020-04-24
CLT01882,38,Occitanie,5,0,Courtier,0.0446,2018-06-28
CLT01883,43,Occitanie,5,1,Agent,0.113,2016-03-11
CLT01884,51,Occitanie,4,0,Courtier,0.01,2020-04-29
CLT01885,47,Auvergne-Rhône-Alpes,5,0,Courtier,0.067,2017-03-04
CLT01886,31,Normandie,1,1,Courtier,0.1798,2017-10-03
CLT01887,55,Provence-Alpes-Côte d'Azur,8,0,Web,0.01,2020-02-02
CLT01888,26,Île-de-France,4,0,Agent,0.0236,2019-02-01
CLT01889,24,Grand Est,0,1,Web,0.3039,2018-09-14
CLT01890,36,Hauts-de-France,2,0,Web,0.0751,2020-12-24
CLT01891,30,Île-de-France,1,1,Téléphone,0.1508,2017-03-24
CLT01892,76,Auvergne-Rhône-Alpes,0,0,Web,0.1835,2018-06-10
CLT01893,35,Provence-Alpes-Côte d'Azur,1,0,Web,0.0233,2020-06-16
CLT01894,51,Hauts-de-France,0,1,Courtier,0.2091,2018-03-23
CLT01895,19,Occitanie,1,0,Web,0.1775,2016-03-29
CLT01896,57,Centre-Val de Loire,0,0,Agent,0.0147,2018-09-02
CLT01897,55,Centre-Val de Loire,2,1,Web,0.2504,2020-04-29
CLT01898,37,Auvergne-Rhône-Alpes,3,1,Web,0.0579,2018-10-22
CLT01899,18,Auvergne-Rhône-Alpes,2,0,Agent,0.1449,2017-11-26
CLT01900,55,Île-de-France,3,0,Web,0.0147,2019-08-15
CLT01901,28,Nouvelle-Aquitaine,1,2,Agent,0.1841,2020-06-10
CLT01902,57,Auvergne-Rhône-Alpes,2,1,Web,0.1467,2017-04-23
CLT01903,45,Provence-Alpes-Côte d'Azur,6,1,Partenaire banque,0.3072,2020-06-04
CLT01904,54,Provence-Alpes-Côte d'Azur,1,0,Téléphone,0.1542,2018-06-19
CLT01905,41,Occitanie,1,1,Web,0.1859,2018-02-14
CLT01906,36,Provence-Alpes-Côte d'Azur,1,0,Agent,0.1526,2017-05-30
CLT01907,21,Île-de-France,1,0,Courtier,0.1214,2018-06-17
CLT01908,55,Grand Est,2,1,Web,0.2559,2019-11-30
CLT01909,35,Normandie,0,0,Web,0.1543,2017-01-19
CLT01910,47,Grand Est,2,2,Web,0.2203,2020-02-10
CLT01911,56,Normandie,0,0,Web,0.01,2020-08-31
CLT01912,48,Centre-Val de Loire,1,1,Téléphone,0.2751,2019-02-11
CLT01913,39,Nouvelle-Aquitaine,0,0,Web,0.1546,2016-11-15
CLT01914,31,Normandie,1,0,Web,0.1604,2017-06-25
CLT01915,52,Grand Est,0,3,Courtier,0.4134,2016-01-04
CLT01916,60,Grand Est,17,0,Courtier,0.0668,2017-01-16
CLT01917,32,Île-de-France,0,0,Agent,0.2178,2018-01-17
CLT01918,39,Centre-Val de Loire,3,1,Web,0.3138,2020-01-18
CLT01919,20,Auvergne-Rhône-Alpes,1,2,Agent,0.4624,2019-01-10
CLT01920,38,Bretagne,0,0,Web,0.115,2019-11-02
CLT01921,37,Normandie,1,0,Agent,0.0912,2016-11-13
CLT01922,52,Centre-Val de Loire,4,0,Web,0.0729,2018-04-21
CLT01923,37,Provence-Alpes-Côte d'Azur,4,1,Web,0.1318,2018-12-09
CLT01924,52,Auvergne-Rhône-Alpes,17,0,Web,0.1392,2016-09-24
CLT01925,53,Nouvelle-Aquitaine,12,1,Téléphone,0.0275,2017-02-19
CLT01926,18,Auvergne-Rhône-Alpes,1,1,Courtier,0.1829,2016-07-23
CLT01927,27,Île-de-France,2,1,Courtier,0.2407,2020-09-10
CLT01928,63,Bretagne,4,0,Agent,0.0808,2018-12-14
CLT01929,53,Centre-Val de Loire,6,2,Agent,0.1488,2017-06-10
CLT01930,33,Île-de-France,2,1,Courtier,0.2148,2019-05-27
CLT01931,43,Auvergne-Rhône-Alpes,4,1,Web,0.4207,2017-03-05
CLT01932,57,Normandie,2,0,Partenaire banque,0.1019,2020-09-02
CLT01933,18,Auvergne-Rhône-Alpes,0,1,Courtier,0.3248,2019-08-03
CLT01934,23,Île-de-France,9,0,Courtier,0.01,2020-03-04
CLT01935,44,Bretagne,1,0,Téléphone,0.01,2020-06-16
CLT01936,30,Île-de-France,0,0,Téléphone,0.1192,2017-06-30
CLT01937,47,Grand Est,2,1,Web,0.3523,2016-05-26
CLT01938,52,Hauts-de-France,6,0,Web,0.072,2017-03-20
CLT01939,56,Grand Est,0,2,Web,0.2014,2020-01-27
CLT01940,46,Occitanie,4,1,Courtier,0.1062,2017-01-25
CLT01941,41,Occitanie,0,1,Courtier,0.1779,2017-05-26
CLT01942,57,Centre-Val de Loire,0,0,Agent,0.0658,2017-01-03
CLT01943,28,Grand Est,11,0,Agent,0.2194,2018-05-02
CLT01944,18,Auvergne-Rhône-Alpes,8,1,Agent,0.126,2019-03-28
CLT01945,29,Provence-Alpes-Côte d'Azur,2,4,Agent,0.387,2019-12-11
CLT01946,32,Bretagne,2,2,Téléphone,0.2473,2016-12-09
CLT01947,27,Nouvelle-Aquitaine,1,0,Courtier,0.01,2018-11-01
CLT01948,18,Provence-Alpes-Côte d'Azur,2,1,Agent,0.2905,2018-12-31
CLT01949,32,Centre-Val de Loire,1,2,Courtier,0.2388,2017-12-24
CLT01950,48,Provence-Alpes-Côte d'Azur,3,0,Courtier,0.01,2017-10-28
CLT01951,35,Provence-Alpes-Côte d'Azur,3,1,Courtier,0.4686,2019-07-22
CLT01952,33,Bretagne,0,2,Téléphone,0.3399,2017-10-26
CLT01953,23,Centre-Val de Loire,2,2,Web,0.2721,2019-01-24
CLT01954,58,Occitanie,1,2,Courtier,0.1245,2019-02-02
CLT01955,25,Hauts-de-France,0,1,Courtier,0.0987,2018-07-17
CLT01956,37,Normandie,6,0,Partenaire banque,0.01,2016-01-03
CLT01957,40,Île-de-France,0,0,Partenaire banque,0.1575,2019-05-07
CLT01958,28,Île-de-France,3,0,Courtier,0.0184,2020-12-30
CLT01959,59,Hauts-de-France,5,3,Web,0.4187,2017-04-01
CLT01960,37,Occitanie,0,0,Téléphone,0.1002,2016-02-16
CLT01961,38,Hauts-de-France,0,0,Téléphone,0.0543,2018-11-15
CLT01962,32,Grand Est,9,2,Courtier,0.2568,2019-03-18
CLT01963,24,Nouvelle-Aquitaine,8,0,Web,0.1569,2018-08-02
CLT01964,29,Provence-Alpes-Côte d'Azur,10,0,Web,0.0142,2017-06-28
CLT01965,46,Provence-Alpes-Côte d'Azur,5,1,Téléphone,0.01,2017-05-28
CLT01966,54,Occitanie,2,0,Web,0.071,2017-09-09
CLT01967,18,Auvergne-Rhône-Alpes,5,0,Courtier,0.01,2019-03-13
CLT01968,26,Occitanie,0,1,Agent,0.1146,2020-01-23
CLT01969,47,Provence-Alpes-Côte d'Azur,4,1,Agent,0.0659,2016-12-22
CLT01970,49,Normandie,1,1,Téléphone,0.3054,2019-11-15
CLT01971,38,Centre-Val de Loire,0,2,Téléphone,0.161,2016-07-16
CLT01972,41,Centre-Val de Loire,0,1,Agent,0.4159,2016-03-19
CLT01973,62,Centre-Val de Loire,1,0,Courtier,0.0417,2020-05-18
CLT01974,36,Île-de-France,7,1,Partenaire banque,0.0237,2017-11-17
CLT01975,64,Provence-Alpes-Côte d'Azur,1,0,Téléphone,0.1545,2018-06-10
CLT01976,43,Bretagne,15,0,Partenaire banque,0.0321,2016-09-05
CLT01977,28,Occitanie,1,0,Agent,0.1623,2020-10-07
CLT01978,28,Centre-Val de Loire,1,0,Partenaire banque,0.0396,2019-07-24
CLT01979,40,Bretagne,0,0,Web,0.2889,2018-12-11
CLT01980,45,Île-de-France,0,1,Web,0.1159,2019-03-04
CLT01981,48,Nouvelle-Aquitaine,5,0,Web,0.0205,2019-12-02
CLT01982,41,Occitanie,7,1,Web,0.263,2019-10-13
CLT01983,32,Bretagne,0,0,Partenaire banque,0.321,2020-03-23
CLT01984,46,Centre-Val de Loire,3,1,Courtier,0.0865,2016-07-05
CLT01985,53,Occitanie,2,1,Courtier,0.1742,2020-05-31
CLT01986,43,Bretagne,7,0,Web,0.1798,2017-11-21
CLT01987,37,Auvergne-Rhône-Alpes,1,0,Courtier,0.1331,2020-03-08
CLT01988,36,Île-de-France,1,0,Courtier,0.2245,2017-06-23
CLT01989,71,Auvergne-Rhône-Alpes,2,0,Courtier,0.1778,2018-06-10
CLT01990,18,Nouvelle-Aquitaine,2,0,Agent,0.0409,2018-09-13
CLT01991,26,Grand Est,2,0,Web,0.086,2018-03-22
CLT01992,36,Centre-Val de Loire,3,1,Web,0.3202,2019-06-17
CLT01993,18,Grand Est,1,1,Web,0.1845,2016-05-28
CLT01994,39,Hauts-de-France,3,0,Agent,0.0517,2017-10-26
CLT01995,55,Centre-Val de Loire,0,0,Web,0.1789,2019-10-09
CLT01996,23,Bretagne,1,0,Courtier,0.1144,2017-12-16
CLT01997,36,Occitanie,6,0,Web,0.01,2019-05-03
CLT01998,43,Île-de-France,14,0,Agent,0.01,2016-12-14
CLT01999,44,Provence-Alpes-Côte d'Azur,9,1,Agent,0.0108,2020-07-04
CLT02000,48,Normandie,0,1,Agent,0.01,2018-06-23
CLT02001,42,Île-de-France,4,1,Partenaire banque,0.1238,2017-04-25
CLT02002,43,Occitanie,1,1,Agent,0.0182,2016-11-17
CLT02003,47,Auvergne-Rhône-Alpes,5,0,Web,0.1834,2016-04-23
CLT02004,34,Occitanie,3,0,Partenaire banque,0.1478,2016-10-31
CLT02005,18,Hauts-de-France,1,1,Web,0.2193,2019-11-23
CLT02006,51,Auvergne-Rhône-Alpes,0,1,Web,0.1853,2018-08-24
CLT02007,58,Île-de-France,4,2,Web,0.3763,2020-02-26
CLT02008,18,Grand Est,1,0,Web,0.0781,2019-01-26
CLT02009,25,Grand Est,15,0,Agent,0.01,2019-01-30
CLT02010,41,Normandie,3,1,Agent,0.2519,2016-10-18
CLT02011,18,Île-de-France,1,2,Courtier,0.1978,2019-09-22
CLT02012,39,Grand Est,0,1,Web,0.1063,2016-12-16
CLT02013,38,Île-de-France,1,1,Web,0.1911,2020-06-06
CLT02014,36,Centre-Val de Loire,7,2,Web,0.2168,2018-08-12
CLT02015,48,Île-de-France,1,1,Web,0.2157,2019-09-16
CLT02016,45,Hauts-de-France,2,0,Agent,0.2633,2019-09-15
CLT02017,29,Provence-Alpes-Côte d'Azur,3,0,Téléphone,0.1304,2016-02-11
CLT02018,33,Hauts-de-France,2,0,Téléphone,0.01,2019-08-24
CLT02019,57,Bretagne,4,1,Web,0.1575,2018-02-20
CLT02020,29,Grand Est,6,0,Partenaire banque,0.0912,2016-07-24
CLT02021,18,Provence-Alpes-Côte d'Azur,7,0,Courtier,0.01,2019-05-09
CLT02022,26,Grand Est,4,1,Web,0.1803,2017-02-13
CLT02023,53,Grand Est,2,0,Partenaire banque,0.0778,2019-02-24
CLT02024,66,Île-de-France,0,1,Web,0.2723,2018-12-22
CLT02025,30,Hauts-de-France,4,4,Web,0.3351,2018-03-18
CLT02026,58,Nouvelle-Aquitaine,1,1,Web,0.1463,2019-11-04
CLT02027,52,Provence-Alpes-Côte d'Azur,2,0,Courtier,0.0547,2017-09-13
CLT02028,41,Occitanie,0,0,Partenaire banque,0.114,2018-10-25
CLT02029,49,Hauts-de-France,6,1,Téléphone,0.2032,2019-07-07
CLT02030,37,Hauts-de-France,14,3,Téléphone,0.274,2020-12-30
CLT02031,51,Île-de-France,0,1,Partenaire banque,0.4077,2017-07-29
CLT02032,42,Occitanie,2,0,Web,0.3008,2018-03-17
CLT02033,31,Nouvelle-Aquitaine,0,1,Web,0.1505,2018-02-23
CLT02034,50,Grand Est,3,0,Partenaire banque,0.01,2019-06-10
CLT02035,50,Occitanie,1,0,Courtier,0.1542,2019-03-21
CLT02036,34,Nouvelle-Aquitaine,2,1,Courtier,0.204,2017-10-03
CLT02037,72,Centre-Val de Loire,1,2,Web,0.1789,2019-01-17
CLT02038,38,Nouvelle-Aquitaine,0,1,Web,0.2248,2016-10-12
CLT02039,38,Centre-Val de Loire,1,0,Courtier,0.1635,2020-06-28
CLT02040,18,Occitanie,4,3,Téléphone,0.3581,2017-09-26
CLT02041,31,Grand Est,4,0,Téléphone,0.2137,2018-06-01
CLT02042,19,Nouvelle-Aquitaine,1,0,Agent,0.1111,2019-03-04
CLT02043,52,Nouvelle-Aquitaine,2,2,Web,0.6198,2019-02-17
CLT02044,26,Grand Est,1,1,Partenaire banque,0.01,2016-09-01
CLT02045,57,Nouvelle-Aquitaine,6,0,Web,0.0629,2020-12-08
CLT02046,34,Nouvelle-Aquitaine,1,0,Agent,0.2618,2020-04-18
CLT02047,18,Provence-Alpes-Côte d'Azur,1,1,Téléphone,0.2265,2018-04-29
CLT02048,44,Bretagne,1,0,Web,0.1487,2020-03-09
CLT02049,46,Hauts-de-France,0,0,Web,0.01,2017-01-21
CLT02050,18,Auvergne-Rhône-Alpes,0,0,Web,0.2296,2016-02-25
CLT02051,56,Centre-Val de Loire,2,0,Agent,0.0169,2019-05-27
CLT02052,67,Centre-Val de Loire,1,0,Agent,0.1011,2019-05-08
CLT02053,18,Occitanie,2,1,Web,0.298,2016-02-25
CLT02054,53,Provence-Alpes-Côte d'Azur,5,1,Web,0.369,2020-05-18
CLT02055,52,Normandie,2,0,Web,0.1175,2020-09-30
CLT02056,48,Centre-Val de Loire,0,1,Courtier,0.3468,2019-08-25
CLT02057,53,Provence-Alpes-Côte d'Azur,12,0,Web,0.0798,2018-03-06
CLT02058,22,Normandie,1,0,Courtier,0.3052,2016-12-03
CLT02059,29,Occitanie,0,1,Web,0.4698,2018-04-18
CLT02060,46,Île-de-France,2,2,Partenaire banque,0.2988,2018-04-27
CLT02061,38,Occitanie,2,1,Agent,0.0611,2017-02-21
CLT02062,42,Occitanie,0,1,Web,0.3663,2018-06-20
CLT02063,53,Centre-Val de Loire,2,1,Courtier,0.2261,2017-10-29
CLT02064,56,Normandie,1,0,Téléphone,0.1288,2018-05-27
CLT02065,44,Bretagne,2,1,Agent,0.1629,2019-06-01
CLT02066,61,Bretagne,1,0,Agent,0.3433,2018-03-20
CLT02067,43,Centre-Val de Loire,0,1,Partenaire banque,0.2097,2019-03-19
CLT02068,20,Centre-Val de Loire,7,1,Courtier,0.1143,2019-08-08
CLT02069,30,Île-de-France,2,0,Courtier,0.1011,2018-07-15
CLT02070,50,Normandie,9,0,Téléphone,0.01,2016-03-29
CLT02071,50,Occitanie,8,2,Courtier,0.1042,2018-03-23
CLT02072,33,Île-de-France,1,0,Courtier,0.1312,2018-11-25
CLT02073,52,Île-de-France,8,0,Web,0.0221,2018-06-21
CLT02074,35,Bretagne,1,2,Téléphone,0.1835,2020-05-05
CLT02075,55,Hauts-de-France,2,0,Courtier,0.1251,2018-05-17
CLT02076,79,Hauts-de-France,5,0,Agent,0.1689,2016-04-23
CLT02077,22,Grand Est,12,0,Téléphone,0.01,2018-08-09
CLT02078,53,Normandie,1,1,Web,0.2725,2018-10-24
CLT02079,51,Auvergne-Rhône-Alpes,0,0,Web,0.0962,2019-04-15
CLT02080,45,Grand Est,1,1,Web,0.3065,2018-04-28
CLT02081,18,Provence-Alpes-Côte d'Azur,3,0,Courtier,0.2921,2017-01-03
CLT02082,71,Normandie,0,0,Courtier,0.01,2020-01-01
CLT02083,53,Occitanie,0,1,Téléphone,0.0983,2016-07-05
CLT02084,34,Hauts-de-France,0,2,Web,0.249,2019-08-23
CLT02085,33,Nouvelle-Aquitaine,2,1,Agent,0.0931,2016-09-12
CLT02086,35,Auvergne-Rhône-Alpes,1,0,Web,0.256,2018-07-11
CLT02087,53,Provence-Alpes-Côte d'Azur,0,1,Web,0.1072,2019-12-21
CLT02088,44,Bretagne,13,0,Agent,0.0195,2018-11-15
CLT02089,30,Centre-Val de Loire,0,0,Partenaire banque,0.2399,2018-02-16
CLT02090,44,Grand Est,3,0,Courtier,0.01,2020-04-24
CLT02091,30,Nouvelle-Aquitaine,3,0,Téléphone,0.1032,2019-03-06
CLT02092,29,Nouvelle-Aquitaine,0,0,Web,0.0375,2016-10-25
CLT02093,26,Nouvelle-Aquitaine,2,2,Agent,0.3532,2016-04-17
CLT02094,31,Bretagne,0,1,Web,0.01,2020-02-06
CLT02095,48,Normandie,3,0,Web,0.1299,2017-01-07
CLT02096,51,Auvergne-Rhône-Alpes,2,0,Téléphone,0.0118,2017-02-21
CLT02097,35,Île-de-France,6,0,Agent,0.01,2017-06-04
CLT02098,18,Île-de-France,3,2,Courtier,0.469,2020-10-19
CLT02099,41,Normandie,3,1,Courtier,0.1422,2016-01-14
CLT02100,47,Centre-Val de Loire,0,1,Téléphone,0.1015,2017-05-04
CLT02101,40,Occitanie,2,1,Courtier,0.1846,2018-09-03
CLT02102,49,Normandie,3,0,Courtier,0.1909,2016-06-13
CLT02103,77,Centre-Val de Loire,2,1,Agent,0.1348,2017-05-18
CLT02104,33,Grand Est,0,0,Web,0.0369,2019-07-13
CLT02105,52,Grand Est,0,1,Téléphone,0.2659,2017-03-03
CLT02106,45,Île-de-France,5,0,Web,0.098,2016-04-24
CLT02107,29,Provence-Alpes-Côte d'Azur,6,0,Web,0.1688,2020-10-16
CLT02108,38,Île-de-France,0,0,Agent,0.1202,2020-09-14
CLT02109,18,Centre-Val de Loire,5,0,Web,0.01,2016-06-30
CLT02110,56,Île-de-France,0,2,Web,0.2554,2017-01-02
CLT02111,29,Nouvelle-Aquitaine,5,1,Agent,0.01,2019-06-07
CLT02112,35,Centre-Val de Loire,7,1,Courtier,0.162,2019-02-27
CLT02113,46,Nouvelle-Aquitaine,0,0,Partenaire banque,0.1646,2020-03-16
CLT02114,32,Centre-Val de Loire,12,0,Courtier,0.01,2016-03-16
CLT02115,42,Auvergne-Rhône-Alpes,0,2,Agent,0.4926,2017-10-25
CLT02116,35,Provence-Alpes-Côte d'Azur,1,0,Téléphone,0.0588,2020-08-08
CLT02117,49,Auvergne-Rhône-Alpes,3,2,Agent,0.2708,2020-09-25
CLT02118,40,Grand Est,8,0,Web,0.1363,2018-08-24
CLT02119,54,Nouvelle-Aquitaine,11,0,Web,0.0208,2020-10-28
CLT02120,18,Hauts-de-France,3,1,Web,0.2278,2018-04-29
CLT02121,66,Grand Est,0,1,Web,0.2481,2017-03-06
CLT02122,39,Centre-Val de Loire,0,0,Web,0.1406,2019-03-18
CLT02123,18,Grand Est,0,1,Partenaire banque,0.2991,2018-09-19
CLT02124,48,Centre-Val de Loire,1,0,Partenaire banque,0.0646,2019-12-20
CLT02125,29,Hauts-de-France,10,0,Courtier,0.0102,2020-10-04
CLT02126,39,Provence-Alpes-Côte d'Azur,3,0,Web,0.01,2019-03-25
CLT02127,37,Centre-Val de Loire,1,1,Courtier,0.2039,2016-09-24
CLT02128,35,Centre-Val de Loire,3,0,Courtier,0.1748,2018-12-02
CLT02129,36,Normandie,2,1,Courtier,0.1038,2017-01-05
CLT02130,57,Centre-Val de Loire,2,0,Web,0.2413,2017-08-19
CLT02131,58,Occitanie,1,0,Web,0.0614,2016-02-21
CLT02132,26,Normandie,8,1,Agent,0.1776,2016-08-31
CLT02133,41,Occitanie,3,0,Agent,0.01,2018-05-01
CLT02134,51,Bretagne,1,0,Web,0.2484,2017-12-19
CLT02135,30,Grand Est,7,0,Téléphone,0.0993,2017-03-12
CLT02136,56,Île-de-France,7,0,Agent,0.0511,2019-11-16
CLT02137,51,Hauts-de-France,2,0,Web,0.0116,2016-05-20
CLT02138,63,Hauts-de-France,1,0,Web,0.2046,2019-02-02
CLT02139,59,Provence-Alpes-Côte d'Azur,0,1,Agent,0.0864,2016-08-23
CLT02140,31,Provence-Alpes-Côte d'Azur,0,2,Web,0.3707,2020-01-25
CLT02141,49,Centre-Val de Loire,7,0,Agent,0.2091,2016-03-02
CLT02142,18,Nouvelle-Aquitaine,1,1,Web,0.5352,2020-09-05
CLT02143,45,Provence-Alpes-Côte d'Azur,4,0,Partenaire banque,0.01,2018-09-10
CLT02144,49,Normandie,1,1,Agent,0.1762,2019-08-17
CLT02145,51,Nouvelle-Aquitaine,5,0,Courtier,0.0416,2019-07-10
CLT02146,66,Normandie,3,1,Téléphone,0.234,2019-01-06
CLT02147,28,Provence-Alpes-Côte d'Azur,0,0,Courtier,0.0313,2020-07-27
CLT02148,47,Bretagne,4,1,Partenaire banque,0.2399,2016-04-26
CLT02149,57,Grand Est,1,2,Web,0.2842,2020-01-26
CLT02150,59,Provence-Alpes-Côte d'Azur,0,1,Courtier,0.4474,2016-02-10
CLT02151,54,Occitanie,4,0,Courtier,0.0927,2017-11-12
CLT02152,70,Provence-Alpes-Côte d'Azur,12,0,Web,0.0147,2016-11-03
CLT02153,49,Hauts-de-France,2,2,Téléphone,0.3002,2017-11-27
CLT02154,41,Bretagne,2,1,Agent,0.2706,2020-09-23
CLT02155,59,Nouvelle-Aquitaine,0,0,Courtier,0.0882,2018-03-10
CLT02156,53,Nouvelle-Aquitaine,11,1,Courtier,0.1648,2020-11-07
CLT02157,66,Hauts-de-France,10,1,Agent,0.1664,2017-10-08
CLT02158,22,Île-de-France,0,0,Web,0.01,2016-06-28
CLT02159,47,Normandie,6,1,Téléphone,0.0519,2018-02-02
CLT02160,51,Normandie,0,1,Téléphone,0.2146,2017-09-13
CLT02161,43,Occitanie,3,0,Courtier,0.01,2016-12-26
CLT02162,38,Auvergne-Rhône-Alpes,0,0,Courtier,0.1727,2016-03-19
CLT02163,18,Occitanie,1,0,Téléphone,0.2282,2018-06-29
CLT02164,27,Grand Est,3,1,Web,0.016,2018-09-17
CLT02165,43,Grand Est,2,2,Web,0.3685,2017-11-29
CLT02166,40,Normandie,2,0,Agent,0.0528,2018-12-10
CLT02167,54,Hauts-de-France,5,1,Agent,0.2041,2016-10-22
CLT02168,46,Auvergne-Rhône-Alpes,1,1,Téléphone,0.237,2018-11-25
CLT02169,44,Nouvelle-Aquitaine,1,1,Web,0.3362,2016-03-17
CLT02170,68,Normandie,8,1,Courtier,0.01,2020-11-08
CLT02171,36,Grand Est,5,0,Web,0.2069,2017-09-30
CLT02172,62,Île-de-France,0,2,Agent,0.1623,2019-05-04
CLT02173,58,Auvergne-Rhône-Alpes,5,0,Web,0.0329,2020-12-28
CLT02174,58,Île-de-France,3,0,Web,0.01,2020-04-20
CLT02175,50,Hauts-de-France,4,3,Web,0.3301,2020-04-04
CLT02176,36,Hauts-de-France,1,2,Agent,0.4925,2017-03-07
CLT02177,19,Provence-Alpes-Côte d'Azur,2,1,Web,0.3599,2017-08-11
CLT02178,59,Hauts-de-France,1,0,Courtier,0.2088,2020-05-03
CLT02179,48,Normandie,1,0,Agent,0.1535,2017-07-14
CLT02180,29,Nouvelle-Aquitaine,7,2,Web,0.227,2016-08-24
CLT02181,43,Île-de-France,3,2,Partenaire banque,0.3386,2019-02-22
CLT02182,48,Grand Est,6,1,Web,0.1667,2019-01-18
CLT02183,24,Provence-Alpes-Côte d'Azur,4,1,Courtier,0.2629,2017-07-11
CLT02184,49,Nouvelle-Aquitaine,0,0,Partenaire banque,0.01,2020-07-06
CLT02185,35,Hauts-de-France,2,1,Courtier,0.2744,2016-12-18
CLT02186,63,Auvergne-Rhône-Alpes,5,3,Web,0.1935,2017-11-26
CLT02187,41,Grand Est,0,1,Courtier,0.1713,2016-09-25
CLT02188,36,Île-de-France,4,0,Courtier,0.01,2019-10-17
CLT02189,31,Île-de-France,2,2,Web,0.2703,2016-04-22
CLT02190,65,Auvergne-Rhône-Alpes,11,0,Courtier,0.01,2017-01-03
CLT02191,61,Centre-Val de Loire,3,0,Téléphone,0.0418,2019-07-15
CLT02192,25,Normandie,2,0,Agent,0.1272,2017-10-03
CLT02193,40,Provence-Alpes-Côte d'Azur,1,0,Téléphone,0.1952,2020-01-02
CLT02194,40,Grand Est,2,0,Web,0.0888,2020-03-29
CLT02195,39,Normandie,1,0,Courtier,0.2442,2016-07-11
CLT02196,44,Normandie,5,2,Web,0.3651,2017-09-29
CLT02197,53,Normandie,1,0,Courtier,0.0643,2017-04-05
CLT02198,54,Nouvelle-Aquitaine,2,2,Téléphone,0.1256,2019-06-19
CLT02199,32,Hauts-de-France,0,1,Téléphone,0.154,2018-03-15
CLT02200,36,Nouvelle-Aquitaine,1,1,Agent,0.1134,2019-09-26
CLT02201,30,Provence-Alpes-Côte d'Azur,1,1,Agent,0.2773,2020-12-14
CLT02202,38,Provence-Alpes-Côte d'Azur,11,0,Courtier,0.0282,2016-03-04
CLT02203,66,Auvergne-Rhône-Alpes,3,0,Courtier,0.0192,2017-12-22
CLT02204,65,Normandie,0,0,Courtier,0.1393,2016-12-17
CLT02205,26,Hauts-de-France,4,0,Agent,0.0476,2019-05-24
CLT02206,23,Centre-Val de Loire,3,0,Web,0.056,2016-07-31
CLT02207,36,Bretagne,0,0,Téléphone,0.1177,2020-06-21
CLT02208,50,Auvergne-Rhône-Alpes,11,1,Web,0.0951,2019-08-25
CLT02209,18,Auvergne-Rhône-Alpes,11,1,Agent,0.0905,2018-12-29
CLT02210,39,Normandie,2,0,Courtier,0.1147,2018-04-28
CLT02211,39,Occitanie,8,1,Agent,0.1385,2019-01-29
CLT02212,18,Nouvelle-Aquitaine,0,1,Partenaire banque,0.3197,2018-02-27
CLT02213,25,Auvergne-Rhône-Alpes,1,1,Web,0.1543,2020-07-26
CLT02214,38,Centre-Val de Loire,7,0,Courtier,0.01,2018-06-12
CLT02215,60,Centre-Val de Loire,0,0,Agent,0.1422,2019-01-22
CLT02216,43,Occitanie,3,1,Web,0.193,2019-10-05
CLT02217,32,Auvergne-Rhône-Alpes,1,1,Agent,0.3229,2019-12-30
CLT02218,52,Centre-Val de Loire,2,1,Téléphone,0.1163,2016-08-24
CLT02219,38,Centre-Val de Loire,1,0,Courtier,0.2567,2017-10-30
CLT02220,63,Grand Est,3,1,Web,0.1255,2018-07-02
CLT02221,33,Nouvelle-Aquitaine,6,1,Web,0.1375,2018-04-13
CLT02222,58,Auvergne-Rhône-Alpes,6,0,Courtier,0.1988,2019-11-06
CLT02223,52,Centre-Val de Loire,1,0,Agent,0.1973,2018-02-17
CLT02224,39,Provence-Alpes-Côte d'Azur,8,0,Courtier,0.01,2019-09-16
CLT02225,46,Île-de-France,0,1,Web,0.3148,2020-08-02
CLT02226,28,Nouvelle-Aquitaine,2,0,Téléphone,0.0548,2020-03-28
CLT02227,39,Île-de-France,1,1,Agent,0.1028,2019-09-17
CLT02228,44,Nouvelle-Aquitaine,4,0,Courtier,0.2208,2017-08-21
CLT02229,42,Bretagne,7,0,Agent,0.0995,2018-07-06
CLT02230,46,Occitanie,0,0,Web,0.0321,2020-12-03
CLT02231,48,Provence-Alpes-Côte d'Azur,15,0,Web,0.01,2020-06-16
CLT02232,42,Hauts-de-France,2,3,Téléphone,0.5147,2018-06-11
CLT02233,20,Provence-Alpes-Côte d'Azur,2,0,Partenaire banque,0.1445,2019-04-10
CLT02234,38,Île-de-France,7,0,Agent,0.025,2018-11-13
CLT02235,38,Bretagne,2,1,Téléphone,0.1869,2020-10-13
CLT02236,18,Hauts-de-France,9,1,Web,0.097,2019-01-31
CLT02237,44,Île-de-France,1,1,Web,0.1202,2019-02-22
CLT02238,47,Provence-Alpes-Côte d'Azur,0,1,Web,0.1212,2017-08-02
CLT02239,66,Île-de-France,0,1,Web,0.1423,2019-12-11
CLT02240,54,Centre-Val de Loire,3,0,Courtier,0.0179,2017-10-15
CLT02241,70,Bretagne,0,0,Courtier,0.2543,2018-06-12
CLT02242,27,Grand Est,5,0,Web,0.01,2016-12-23
CLT02243,40,Normandie,2,1,Web,0.2102,2019-02-13
CLT02244,32,Bretagne,2,0,Téléphone,0.0869,2018-01-09
CLT02245,46,Bretagne,1,0,Web,0.1644,2020-11-24
CLT02246,35,Nouvelle-Aquitaine,1,0,Web,0.01,2016-05-28
CLT02247,56,Île-de-France,1,1,Web,0.2195,2020-12-19
CLT02248,28,Normandie,4,2,Agent,0.2257,2016-10-07
CLT02249,63,Auvergne-Rhône-Alpes,0,1,Web,0.2421,2020-07-10
CLT02250,38,Bretagne,7,1,Téléphone,0.0336,2020-06-05
CLT02251,64,Centre-Val de Loire,7,0,Partenaire banque,0.1029,2019-07-02
CLT02252,40,Nouvelle-Aquitaine,2,0,Courtier,0.2177,2018-05-20
CLT02253,51,Grand Est,3,1,Téléphone,0.1714,2018-02-28
CLT02254,53,Provence-Alpes-Côte d'Azur,4,1,Web,0.2198,2018-05-21
CLT02255,45,Centre-Val de Loire,0,1,Web,0.2274,2018-10-19
CLT02256,50,Occitanie,2,1,Agent,0.1419,2017-07-07
CLT02257,41,Bretagne,0,1,Partenaire banque,0.1823,2019-03-28
CLT02258,30,Provence-Alpes-Côte d'Azur,1,1,Web,0.1785,2016-03-20
CLT02259,51,Centre-Val de Loire,4,1,Courtier,0.1832,2018-01-26
CLT02260,48,Auvergne-Rhône-Alpes,5,1,Courtier,0.1219,2019-11-17
CLT02261,34,Auvergne-Rhône-Alpes,6,1,Web,0.1298,2020-02-08
CLT02262,37,Grand Est,1,2,Partenaire banque,0.3607,2020-03-19
CLT02263,37,Hauts-de-France,4,0,Courtier,0.0182,2016-06-11
CLT02264,35,Grand Est,6,0,Téléphone,0.16,2016-07-02
CLT02265,53,Occitanie,1,0,Courtier,0.0672,2020-02-29
CLT02266,32,Auvergne-Rhône-Alpes,0,1,Agent,0.3065,2019-01-11
CLT02267,18,Centre-Val de Loire,0,0,Web,0.1952,2016-04-20
CLT02268,40,Provence-Alpes-Côte d'Azur,1,0,Courtier,0.251,2016-01-25
CLT02269,50,Normandie,1,0,Courtier,0.1247,2018-08-20
CLT02270,63,Centre-Val de Loire,2,0,Agent,0.2214,2018-05-14
CLT02271,65,Provence-Alpes-Côte d'Azur,1,0,Partenaire banque,0.0424,2020-06-24
CLT02272,26,Hauts-de-France,0,1,Web,0.0295,2016-03-15
CLT02273,31,Centre-Val de Loire,0,1,Agent,0.214,2020-01-30
CLT02274,21,Centre-Val de Loire,7,2,Web,0.1696,2019-07-14
CLT02275,33,Normandie,3,2,Courtier,0.3902,2019-03-21
CLT02276,29,Île-de-France,1,1,Agent,0.1487,2017-08-22
CLT02277,32,Centre-Val de Loire,3,0,Web,0.01,2018-09-21
CLT02278,34,Auvergne-Rhône-Alpes,1,0,Web,0.0433,2016-06-08
CLT02279,32,Hauts-de-France,5,0,Web,0.0443,2019-06-17
CLT02280,23,Hauts-de-France,3,2,Web,0.3761,2017-06-12
CLT02281,35,Île-de-France,10,1,Agent,0.01,2019-05-23
CLT02282,41,Nouvelle-Aquitaine,0,0,Téléphone,0.01,2020-02-24
CLT02283,47,Nouvelle-Aquitaine,11,1,Agent,0.01,2018-01-29
CLT02284,56,Nouvelle-Aquitaine,0,1,Web,0.2294,2019-12-08
CLT02285,35,Occitanie,0,1,Courtier,0.0685,2020-06-27
CLT02286,31,Grand Est,7,0,Téléphone,0.01,2017-12-05
CLT02287,66,Auvergne-Rhône-Alpes,2,0,Partenaire banque,0.2627,2019-05-06
CLT02288,34,Nouvelle-Aquitaine,0,1,Téléphone,0.237,2020-03-23
CLT02289,38,Bretagne,2,1,Agent,0.01,2017-05-04
CLT02290,60,Normandie,1,0,Agent,0.1809,2016-12-10
CLT02291,18,Occitanie,16,1,Courtier,0.0977,2020-09-22
CLT02292,35,Provence-Alpes-Côte d'Azur,3,2,Web,0.2393,2017-06-27
CLT02293,44,Auvergne-Rhône-Alpes,6,2,Web,0.01,2018-08-10
CLT02294,32,Bretagne,3,0,Courtier,0.1036,2018-09-04
CLT02295,69,Grand Est,1,0,Web,0.01,2019-11-02
CLT02296,31,Bretagne,17,0,Courtier,0.01,2016-10-26
CLT02297,43,Grand Est,7,1,Téléphone,0.0237,2016-01-27
CLT02298,66,Hauts-de-France,5,2,Partenaire banque,0.2995,2018-07-10
CLT02299,18,Bretagne,4,1,Agent,0.4024,2018-12-23
CLT02300,57,Île-de-France,1,0,Web,0.0814,2018-12-26
CLT02301,38,Provence-Alpes-Côte d'Azur,0,0,Partenaire banque,0.01,2018-06-05
CLT02302,35,Centre-Val de Loire,1,0,Téléphone,0.0494,2020-10-25
CLT02303,21,Hauts-de-France,5,0,Web,0.1182,2017-07-02
CLT02304,45,Auvergne-Rhône-Alpes,2,2,Web,0.3407,2019-04-13
CLT02305,49,Bretagne,0,0,Courtier,0.0813,2019-10-16
CLT02306,61,Occitanie,5,1,Agent,0.1288,2019-04-22
CLT02307,44,Occitanie,6,0,Courtier,0.01,2019-10-21
CLT02308,55,Nouvelle-Aquitaine,4,1,Web,0.1825,2016-01-24
CLT02309,50,Île-de-France,8,1,Téléphone,0.0868,2016-01-27
CLT02310,43,Bretagne,1,2,Web,0.1863,2016-08-02
CLT02311,42,Normandie,3,1,Courtier,0.153,2020-01-27
CLT02312,57,Hauts-de-France,6,2,Web,0.0899,2016-03-12
CLT02313,55,Île-de-France,2,0,Agent,0.1169,2016-04-28
CLT02314,33,Centre-Val de Loire,1,0,Agent,0.1231,2020-09-09
CLT02315,18,Occitanie,4,0,Partenaire banque,0.2382,2019-08-01
CLT02316,41,Auvergne-Rhône-Alpes,1,0,Agent,0.01,2016-09-04
CLT02317,31,Auvergne-Rhône-Alpes,0,2,Téléphone,0.3367,2016-09-25
CLT02318,56,Bretagne,6,0,Agent,0.1208,2019-08-21
CLT02319,38,Centre-Val de Loire,10,1,Téléphone,0.0969,2017-01-15
CLT02320,46,Auvergne-Rhône-Alpes,1,0,Agent,0.1258,2017-06-04
CLT02321,41,Hauts-de-France,1,1,Courtier,0.1499,2016-06-06
CLT02322,25,Normandie,6,0,Partenaire banque,0.01,2017-07-22
CLT02323,41,Bretagne,0,0,Agent,0.01,2019-10-01
CLT02324,49,Provence-Alpes-Côte d'Azur,10,1,Web,0.0595,2020-05-19
CLT02325,47,Auvergne-Rhône-Alpes,5,1,Web,0.01,2016-05-09
CLT02326,43,Bretagne,7,2,Courtier,0.205,2016-05-05
CLT02327,54,Hauts-de-France,13,1,Partenaire banque,0.1023,2017-06-28
CLT02328,45,Nouvelle-Aquitaine,2,1,Courtier,0.0423,2018-10-06
CLT02329,54,Occitanie,0,0,Agent,0.017,2017-01-02
CLT02330,63,Normandie,0,1,Web,0.058,2019-01-14
CLT02331,41,Bretagne,1,0,Web,0.1743,2019-08-12
CLT02332,42,Auvergne-Rhône-Alpes,0,0,Téléphone,0.0853,2020-01-07
CLT02333,19,Hauts-de-France,0,2,Web,0.4111,2016-05-31
CLT02334,47,Auvergne-Rhône-Alpes,1,1,Courtier,0.1734,2017-05-30
CLT02335,52,Normandie,3,1,Web,0.0968,2018-10-18
CLT02336,39,Nouvelle-Aquitaine,15,1,Agent,0.2071,2016-01-04
CLT02337,49,Île-de-France,0,1,Agent,0.075,2017-07-01
CLT02338,39,Nouvelle-Aquitaine,3,2,Agent,0.2007,2018-03-14
CLT02339,18,Centre-Val de Loire,1,0,Web,0.355,2019-12-22
CLT02340,58,Normandie,3,1,Courtier,0.0949,2018-04-09
CLT02341,50,Auvergne-Rhône-Alpes,3,0,Courtier,0.0265,2016-01-09
CLT02342,21,Bretagne,7,0,Partenaire banque,0.1915,2020-08-04
CLT02343,35,Normandie,2,2,Web,0.3069,2019-01-03
CLT02344,29,Provence-Alpes-Côte d'Azur,4,2,Web,0.1391,2017-09-14
CLT02345,38,Bretagne,0,1,Web,0.3323,2019-08-20
CLT02346,47,Auvergne-Rhône-Alpes,4,1,Courtier,0.2965,2020-10-15
CLT02347,36,Provence-Alpes-Côte d'Azur,2,0,Web,0.1629,2018-08-01
CLT02348,55,Hauts-de-France,0,0,Agent,0.075,2016-12-29
CLT02349,67,Grand Est,0,0,Web,0.2191,2018-02-27
CLT02350,39,Occitanie,3,1,Web,0.1295,2018-03-11
CLT02351,18,Auvergne-Rhône-Alpes,1,0,Agent,0.1831,2018-01-07
CLT02352,46,Normandie,0,0,Web,0.205,2019-07-21
CLT02353,47,Normandie,4,0,Agent,0.1172,2016-10-15
CLT02354,32,Île-de-France,7,1,Web,0.2265,2020-01-16
CLT02355,23,Centre-Val de Loire,0,1,Web,0.1858,2018-03-09
CLT02356,41,Auvergne-Rhône-Alpes,6,2,Agent,0.1591,2019-08-12
CLT02357,73,Hauts-de-France,14,0,Courtier,0.01,2020-09-06
CLT02358,39,Normandie,18,1,Partenaire banque,0.1337,2016-02-05
CLT02359,21,Île-de-France,1,0,Web,0.1954,2017-11-24
CLT02360,37,Île-de-France,5,1,Courtier,0.0697,2017-03-11
CLT02361,46,Grand Est,12,1,Courtier,0.2071,2019-10-22
CLT02362,72,Grand Est,0,0,Web,0.0619,2019-04-03
CLT02363,36,Occitanie,2,0,Partenaire banque,0.0239,2016-03-18
CLT02364,47,Nouvelle-Aquitaine,3,0,Courtier,0.01,2016-02-11
CLT02365,26,Normandie,1,1,Téléphone,0.1561,2019-06-22
CLT02366,32,Île-de-France,3,2,Web,0.1508,2019-08-23
CLT02367,22,Nouvelle-Aquitaine,8,0,Web,0.01,2019-07-21
CLT02368,39,Île-de-France,3,0,Téléphone,0.0763,2020-08-09
CLT02369,37,Auvergne-Rhône-Alpes,8,1,Courtier,0.0649,2016-12-17
CLT02370,44,Centre-Val de Loire,4,1,Web,0.122,2020-08-03
CLT02371,69,Auvergne-Rhône-Alpes,1,2,Web,0.1494,2019-05-05
CLT02372,61,Centre-Val de Loire,0,0,Web,0.0775,2020-07-07
CLT02373,25,Occitanie,6,0,Courtier,0.1536,2020-07-21
CLT02374,18,Bretagne,1,1,Web,0.3462,2019-11-04
CLT02375,29,Centre-Val de Loire,2,1,Courtier,0.384,2017-10-22
CLT02376,34,Occitanie,0,0,Agent,0.0778,2019-05-01
CLT02377,62,Nouvelle-Aquitaine,2,0,Web,0.0722,2016-09-06
CLT02378,43,Hauts-de-France,1,2,Web,0.2075,2018-05-02
CLT02379,40,Nouvelle-Aquitaine,13,2,Agent,0.0526,2019-02-09
CLT02380,39,Nouvelle-Aquitaine,14,1,Courtier,0.078,2019-04-08
CLT02381,44,Île-de-France,6,1,Web,0.2918,2020-06-10
CLT02382,60,Centre-Val de Loire,6,1,Courtier,0.3862,2016-11-21
CLT02383,37,Île-de-France,5,0,Téléphone,0.0727,2016-06-16
CLT02384,40,Île-de-France,3,0,Web,0.0317,2016-07-03
CLT02385,44,Centre-Val de Loire,1,0,Téléphone,0.1288,2018-05-04
CLT02386,50,Normandie,4,0,Agent,0.2085,2017-02-28
CLT02387,45,Nouvelle-Aquitaine,0,0,Agent,0.0993,2018-12-09
CLT02388,55,Normandie,5,0,Courtier,0.01,2016-12-25
CLT02389,18,Centre-Val de Loire,17,0,Agent,0.01,2019-05-08
CLT02390,48,Nouvelle-Aquitaine,2,1,Agent,0.1498,2019-06-09
CLT02391,49,Auvergne-Rhône-Alpes,3,0,Agent,0.0552,2020-05-23
CLT02392,52,Hauts-de-France,1,0,Web,0.1129,2016-01-12
CLT02393,52,Grand Est,4,0,Web,0.2086,2016-08-30
CLT02394,57,Grand Est,0,0,Partenaire banque,0.01,2019-06-23
CLT02395,41,Provence-Alpes-Côte d'Azur,13,0,Téléphone,0.0448,2019-01-12
CLT02396,23,Grand Est,6,1,Web,0.1946,2020-04-28
CLT02397,43,Occitanie,8,1,Web,0.1224,2017-02-02
CLT02398,62,Auvergne-Rhône-Alpes,0,1,Agent,0.2002,2019-11-06
CLT02399,59,Normandie,2,1,Courtier,0.0555,2016-11-25
CLT02400,49,Île-de-France,7,0,Web,0.01,2018-01-17
CLT02401,47,Hauts-de-France,0,2,Web,0.1006,2017-05-31
CLT02402,63,Provence-Alpes-Côte d'Azur,1,1,Agent,0.17,2020-12-29
CLT02403,26,Normandie,7,0,Web,0.0637,2020-02-27
CLT02404,52,Île-de-France,0,0,Partenaire banque,0.0504,2016-12-28
CLT02405,22,Nouvelle-Aquitaine,9,1,Agent,0.0483,2018-09-22
CLT02406,45,Grand Est,9,0,Web,0.1916,2017-04-28
CLT02407,42,Normandie,2,0,Courtier,0.3563,2017-10-31
CLT02408,51,Bretagne,2,1,Web,0.1047,2019-10-20
CLT02409,47,Provence-Alpes-Côte d'Azur,4,2,Web,0.2766,2016-08-15
CLT02410,26,Provence-Alpes-Côte d'Azur,3,0,Web,0.1023,2017-05-02
CLT02411,44,Bretagne,2,0,Téléphone,0.2476,2018-02-10
CLT02412,53,Occitanie,0,1,Web,0.2335,2019-04-15
CLT02413,61,Normandie,1,1,Web,0.2271,2018-06-13
CLT02414,40,Nouvelle-Aquitaine,4,1,Web,0.0417,2019-06-04
CLT02415,20,Normandie,4,1,Web,0.262,2018-02-05
CLT02416,44,Nouvelle-Aquitaine,1,1,Courtier,0.2877,2017-02-03
CLT02417,27,Provence-Alpes-Côte d'Azur,1,1,Partenaire banque,0.1365,2017-02-20
CLT02418,40,Provence-Alpes-Côte d'Azur,0,0,Web,0.1205,2019-11-20
CLT02419,43,Centre-Val de Loire,4,0,Web,0.0602,2016-10-08
CLT02420,46,Auvergne-Rhône-Alpes,0,1,Téléphone,0.2395,2018-07-30
CLT02421,36,Bretagne,2,0,Web,0.026,2017-12-06
CLT02422,30,Occitanie,5,2,Téléphone,0.196,2019-05-23
CLT02423,31,Nouvelle-Aquitaine,0,1,Agent,0.1299,2019-08-01
CLT02424,56,Centre-Val de Loire,1,0,Téléphone,0.2069,2019-03-31
CLT02425,26,Grand Est,0,0,Téléphone,0.2335,2016-06-28
CLT02426,35,Bretagne,7,1,Téléphone,0.1061,2018-09-30
CLT02427,43,Occitanie,0,0,Courtier,0.0852,2020-09-12
CLT02428,50,Normandie,0,0,Web,0.1569,2020-02-06
CLT02429,63,Bretagne,7,1,Agent,0.1547,2017-05-22
CLT02430,49,Occitanie,1,3,Web,0.2827,2019-04-03
CLT02431,36,Occitanie,18,0,Téléphone,0.0822,2019-04-28
CLT02432,62,Nouvelle-Aquitaine,2,0,Téléphone,0.0881,2016-01-13
CLT02433,41,Bretagne,3,0,Partenaire banque,0.095,2016-03-25
CLT02434,48,Normandie,2,0,Agent,0.1794,2018-10-31
CLT02435,39,Île-de-France,0,1,Courtier,0.2034,2018-03-20
CLT02436,49,Normandie,0,0,Téléphone,0.01,2019-11-29
CLT02437,45,Auvergne-Rhône-Alpes,4,1,Courtier,0.0481,2017-05-09
CLT02438,50,Auvergne-Rhône-Alpes,0,0,Courtier,0.0896,2016-01-28
CLT02439,45,Bretagne,4,2,Partenaire banque,0.1754,2016-09-30
CLT02440,36,Provence-Alpes-Côte d'Azur,4,1,Web,0.0886,2019-08-21
CLT02441,56,Auvergne-Rhône-Alpes,8,1,Web,0.2614,2019-10-04
CLT02442,53,Hauts-de-France,9,0,Web,0.01,2018-07-31
CLT02443,52,Centre-Val de Loire,0,1,Agent,0.2899,2016-02-21
CLT02444,18,Normandie,0,0,Courtier,0.2607,2016-10-12
CLT02445,30,Bretagne,6,3,Web,0.3165,2020-11-21
CLT02446,30,Provence-Alpes-Côte d'Azur,5,3,Agent,0.2825,2019-12-14
CLT02447,24,Île-de-France,0,0,Téléphone,0.01,2016-05-26
CLT02448,34,Bretagne,3,1,Téléphone,0.3502,2017-11-14
CLT02449,18,Grand Est,1,1,Web,0.0417,2018-05-24
CLT02450,54,Hauts-de-France,8,1,Agent,0.1427,2019-06-10
CLT02451,48,Grand Est,4,0,Courtier,0.0345,2017-03-02
CLT02452,61,Auvergne-Rhône-Alpes,7,1,Agent,0.2063,2017-11-20
CLT02453,27,Île-de-France,1,1,Courtier,0.1116,2019-10-15
CLT02454,41,Provence-Alpes-Côte d'Azur,0,0,Téléphone,0.272,2016-08-17
CLT02455,66,Bretagne,0,2,Courtier,0.3308,2019-06-23
CLT02456,33,Île-de-France,4,2,Courtier,0.4087,2016-12-26
CLT02457,25,Grand Est,0,2,Agent,0.2688,2019-02-24
CLT02458,34,Occitanie,2,0,Web,0.01,2017-11-18
CLT02459,52,Occitanie,0,0,Courtier,0.0127,2019-08-24
CLT02460,32,Normandie,3,1,Agent,0.2538,2020-03-22
CLT02461,18,Centre-Val de Loire,7,1,Téléphone,0.1155,2019-12-12
CLT02462,44,Occitanie,0,0,Agent,0.0149,2020-04-09
CLT02463,30,Occitanie,5,1,Web,0.2515,2017-07-03
CLT02464,54,Grand Est,2,0,Agent,0.1651,2017-07-23
CLT02465,53,Île-de-France,4,0,Web,0.0642,2017-12-10
CLT02466,31,Normandie,3,1,Courtier,0.3495,2018-12-16
CLT02467,50,Auvergne-Rhône-Alpes,3,0,Courtier,0.1536,2018-12-27
CLT02468,41,Grand Est,1,1,Téléphone,0.077,2018-07-16
CLT02469,49,Centre-Val de Loire,2,0,Courtier,0.0259,2019-10-12
CLT02470,37,Auvergne-Rhône-Alpes,4,1,Web,0.1287,2020-12-17
CLT02471,54,Normandie,0,1,Web,0.2998,2018-03-13
CLT02472,48,Nouvelle-Aquitaine,6,1,Web,0.161,2016-06-08
CLT02473,27,Auvergne-Rhône-Alpes,1,1,Web,0.1203,2016-08-19
CLT02474,38,Nouvelle-Aquitaine,1,1,Courtier,0.0218,2020-11-28
CLT02475,53,Occitanie,3,0,Courtier,0.1892,2019-07-10
CLT02476,37,Île-de-France,5,0,Web,0.0287,2019-10-31
CLT02477,37,Grand Est,0,0,Partenaire banque,0.0921,2018-08-30
CLT02478,44,Provence-Alpes-Côte d'Azur,7,0,Courtier,0.01,2020-02-21
CLT02479,37,Île-de-France,1,0,Web,0.1284,2016-05-10
CLT02480,24,Île-de-France,3,1,Téléphone,0.3634,2017-04-22
CLT02481,50,Grand Est,1,0,Agent,0.1076,2018-04-25
CLT02482,52,Centre-Val de Loire,0,0,Web,0.2506,2019-08-18
CLT02483,18,Provence-Alpes-Côte d'Azur,0,2,Courtier,0.2579,2019-09-27
CLT02484,51,Grand Est,0,0,Téléphone,0.1305,2018-07-02
CLT02485,61,Normandie,0,1,Web,0.2201,2016-09-29
CLT02486,22,Hauts-de-France,0,2,Web,0.2306,2017-06-18
CLT02487,70,Occitanie,2,1,Courtier,0.1578,2017-08-15
CLT02488,38,Île-de-France,6,1,Web,0.1523,2017-08-07
CLT02489,38,Normandie,3,0,Partenaire banque,0.01,2019-06-22
CLT02490,19,Nouvelle-Aquitaine,0,0,Agent,0.2229,2017-08-09
CLT02491,43,Nouvelle-Aquitaine,13,0,Partenaire banque,0.01,2020-09-16
CLT02492,25,Nouvelle-Aquitaine,3,0,Web,0.0742,2016-08-29
CLT02493,51,Île-de-France,0,1,Partenaire banque,0.2166,2019-03-24
CLT02494,30,Nouvelle-Aquitaine,1,0,Courtier,0.0626,2018-01-29
CLT02495,25,Nouvelle-Aquitaine,1,2,Web,0.1067,2019-12-21
CLT02496,33,Île-de-France,7,1,Agent,0.0475,2017-12-07
CLT02497,39,Nouvelle-Aquitaine,1,2,Courtier,0.1736,2019-01-12
CLT02498,20,Nouvelle-Aquitaine,2,1,Courtier,0.2293,2016-09-07
CLT02499,26,Île-de-France,6,1,Courtier,0.0777,2018-10-21
CLT02500,32,Nouvelle-Aquitaine,12,0,Partenaire banque,0.01,2017-10-19
CLT02501,49,Nouvelle-Aquitaine,6,0,Web,0.01,2020-02-23
CLT02502,46,Grand Est,4,2,Partenaire banque,0.1364,2017-11-11
CLT02503,69,Hauts-de-France,4,0,Courtier,0.01,2017-08-18
CLT02504,51,Centre-Val de Loire,6,1,Agent,0.0646,2020-06-27
CLT02505,24,Centre-Val de Loire,12,1,Agent,0.01,2018-06-26
CLT02506,24,Provence-Alpes-Côte d'Azur,15,0,Agent,0.0148,2020-02-09
CLT02507,41,Normandie,8,1,Téléphone,0.0219,2016-10-14
CLT02508,37,Grand Est,0,2,Web,0.3566,2016-02-22
CLT02509,60,Bretagne,6,1,Agent,0.1707,2017-03-29
CLT02510,18,Normandie,3,0,Courtier,0.1256,2017-11-01
CLT02511,57,Île-de-France,0,0,Agent,0.1019,2017-02-05
CLT02512,40,Centre-Val de Loire,1,0,Courtier,0.1572,2020-05-21
CLT02513,73,Hauts-de-France,6,0,Web,0.0735,2016-06-22
CLT02514,43,Grand Est,1,1,Téléphone,0.3232,2019-10-20
CLT02515,32,Auvergne-Rhône-Alpes,0,0,Partenaire banque,0.1087,2018-03-20
CLT02516,55,Occitanie,0,1,Courtier,0.0802,2019-05-22
CLT02517,45,Centre-Val de Loire,0,1,Courtier,0.01,2016-04-26
CLT02518,58,Provence-Alpes-Côte d'Azur,3,0,Courtier,0.0515,2020-01-08
CLT02519,65,Bretagne,14,1,Courtier,0.0354,2018-02-04
CLT02520,36,Île-de-France,5,1,Web,0.01,2017-12-22
CLT02521,53,Hauts-de-France,6,0,Partenaire banque,0.0406,2020-11-27
CLT02522,49,Grand Est,0,0,Web,0.0232,2020-02-01
CLT02523,51,Normandie,11,0,Agent,0.01,2018-05-03
CLT02524,35,Normandie,9,0,Web,0.01,2020-07-10
CLT02525,50,Bretagne,4,1,Agent,0.1444,2018-04-30
CLT02526,45,Nouvelle-Aquitaine,4,1,Téléphone,0.0316,2019-05-11
CLT02527,43,Auvergne-Rhône-Alpes,7,0,Web,0.0692,2017-09-15
CLT02528,46,Normandie,3,3,Partenaire banque,0.3638,2018-12-13
CLT02529,34,Provence-Alpes-Côte d'Azur,1,0,Web,0.038,2019-04-26
CLT02530,27,Bretagne,0,0,Web,0.01,2018-04-20
CLT02531,47,Hauts-de-France,2,1,Courtier,0.3788,2019-02-14
CLT02532,68,Normandie,12,1,Agent,0.01,2020-03-28
CLT02533,26,Nouvelle-Aquitaine,3,1,Web,0.2181,2020-09-02
CLT02534,39,Bretagne,20,1,Web,0.1714,2018-10-03
CLT02535,19,Île-de-France,0,1,Téléphone,0.3093,2017-09-12
CLT02536,32,Centre-Val de Loire,0,1,Web,0.2915,2019-02-21
CLT02537,64,Normandie,3,2,Web,0.4189,2020-06-10
CLT02538,38,Île-de-France,3,2,Web,0.2981,2017-09-08
CLT02539,55,Normandie,11,0,Web,0.0447,2019-09-27
CLT02540,41,Hauts-de-France,4,0,Courtier,0.01,2018-10-06
CLT02541,24,Occitanie,1,0,Web,0.0576,2020-04-17
CLT02542,39,Hauts-de-France,2,0,Courtier,0.0394,2016-05-18
CLT02543,28,Centre-Val de Loire,5,1,Agent,0.0863,2019-04-07
CLT02544,52,Normandie,13,0,Courtier,0.01,2020-11-15
CLT02545,43,Hauts-de-France,0,0,Agent,0.01,2018-09-03
CLT02546,51,Auvergne-Rhône-Alpes,1,0,Courtier,0.3473,2020-02-12
CLT02547,36,Centre-Val de Loire,0,1,Web,0.2122,2017-06-17
CLT02548,66,Nouvelle-Aquitaine,0,1,Courtier,0.2561,2016-10-28
CLT02549,22,Provence-Alpes-Côte d'Azur,4,2,Courtier,0.4605,2019-11-22
CLT02550,31,Nouvelle-Aquitaine,0,2,Courtier,0.2776,2016-04-20
CLT02551,55,Hauts-de-France,1,0,Courtier,0.1691,2019-07-29
CLT02552,39,Provence-Alpes-Côte d'Azur,9,0,Web,0.01,2017-08-22
CLT02553,74,Grand Est,3,0,Agent,0.165,2016-06-08
CLT02554,37,Grand Est,2,0,Web,0.0665,2019-07-12
CLT02555,67,Nouvelle-Aquitaine,3,0,Agent,0.1279,2019-05-13
CLT02556,57,Nouvelle-Aquitaine,0,2,Courtier,0.2641,2020-11-23
CLT02557,38,Provence-Alpes-Côte d'Azur,0,0,Téléphone,0.01,2019-11-05
CLT02558,41,Hauts-de-France,2,1,Web,0.1721,2019-12-02
CLT02559,33,Provence-Alpes-Côte d'Azur,3,1,Web,0.15,2019-04-04
CLT02560,42,Provence-Alpes-Côte d'Azur,1,0,Téléphone,0.1078,2016-01-29
CLT02561,42,Nouvelle-Aquitaine,3,1,Courtier,0.1505,2018-02-04
CLT02562,45,Normandie,7,0,Courtier,0.1009,2016-12-01
CLT02563,47,Auvergne-Rhône-Alpes,0,0,Web,0.1866,2018-10-29
CLT02564,18,Occitanie,4,1,Téléphone,0.1773,2020-06-18
CLT02565,46,Grand Est,6,1,Agent,0.1352,2020-08-31
CLT02566,35,Grand Est,5,0,Téléphone,0.01,2020-01-01
CLT02567,59,Grand Est,0,2,Agent,0.2743,2020-07-03
CLT02568,56,Auvergne-Rhône-Alpes,4,0,Courtier,0.1544,2016-06-07
CLT02569,46,Auvergne-Rhône-Alpes,2,1,Téléphone,0.0593,2016-02-07
CLT02570,24,Normandie,0,0,Web,0.01,2019-11-18
CLT02571,38,Provence-Alpes-Côte d'Azur,0,0,Web,0.0291,2018-06-26
CLT02572,30,Centre-Val de Loire,4,1,Courtier,0.2758,2017-12-03
CLT02573,39,Nouvelle-Aquitaine,1,0,Agent,0.1093,2016-03-01
CLT02574,63,Auvergne-Rhône-Alpes,1,0,Web,0.1648,2020-10-22
CLT02575,31,Nouvelle-Aquitaine,7,1,Agent,0.3039,2017-09-23
CLT02576,23,Nouvelle-Aquitaine,3,2,Web,0.3472,2016-06-11
CLT02577,28,Bretagne,3,0,Agent,0.01,2020-05-26
CLT02578,26,Auvergne-Rhône-Alpes,14,1,Web,0.0316,2020-05-07
CLT02579,42,Normandie,0,0,Agent,0.01,2016-03-30
CLT02580,47,Occitanie,4,0,Web,0.1707,2020-06-14
CLT02581,18,Grand Est,2,0,Courtier,0.1487,2018-08-20
CLT02582,42,Auvergne-Rhône-Alpes,0,0,Téléphone,0.328,2016-03-31
CLT02583,56,Auvergne-Rhône-Alpes,3,1,Web,0.1647,2016-01-24
CLT02584,20,Auvergne-Rhône-Alpes,4,0,Agent,0.3117,2019-05-19
CLT02585,18,Occitanie,1,1,Courtier,0.2398,2017-02-15
CLT02586,43,Nouvelle-Aquitaine,7,0,Agent,0.01,2016-03-02
CLT02587,50,Auvergne-Rhône-Alpes,1,0,Web,0.1332,2020-03-10
CLT02588,56,Hauts-de-France,0,0,Partenaire banque,0.0551,2017-12-15
CLT02589,51,Provence-Alpes-Côte d'Azur,2,0,Web,0.2643,2018-10-24
CLT02590,37,Centre-Val de Loire,2,1,Web,0.0453,2019-03-15
CLT02591,46,Auvergne-Rhône-Alpes,0,1,Web,0.2904,2019-04-01
CLT02592,27,Île-de-France,1,0,Courtier,0.01,2020-01-07
CLT02593,21,Occitanie,3,0,Partenaire banque,0.01,2016-12-19
CLT02594,46,Grand Est,2,1,Web,0.2193,2020-01-27
CLT02595,42,Auvergne-Rhône-Alpes,2,1,Partenaire banque,0.1648,2018-10-31
CLT02596,43,Normandie,5,0,Courtier,0.079,2019-04-24
CLT02597,48,Nouvelle-Aquitaine,2,0,Courtier,0.01,2016-08-09
CLT02598,54,Nouvelle-Aquitaine,0,1,Téléphone,0.0417,2018-02-18
CLT02599,39,Bretagne,1,1,Web,0.1421,2017-04-13
CLT02600,44,Bretagne,2,0,Web,0.01,2017-10-07
CLT02601,25,Auvergne-Rhône-Alpes,2,0,Courtier,0.2228,2018-12-02
CLT02602,59,Nouvelle-Aquitaine,8,0,Courtier,0.01,2018-01-11
CLT02603,30,Hauts-de-France,12,3,Courtier,0.2923,2016-03-26
CLT02604,48,Auvergne-Rhône-Alpes,8,1,Web,0.2084,2016-08-26
CLT02605,31,Bretagne,1,0,Web,0.1756,2019-05-16
CLT02606,39,Hauts-de-France,2,0,Agent,0.1139,2020-09-20
CLT02607,40,Normandie,6,1,Web,0.1686,2018-04-16
CLT02608,61,Hauts-de-France,9,1,Partenaire banque,0.042,2018-05-28
CLT02609,38,Occitanie,3,1,Téléphone,0.2586,2020-09-20
CLT02610,48,Normandie,8,0,Partenaire banque,0.1553,2018-01-24
CLT02611,58,Nouvelle-Aquitaine,0,0,Web,0.0714,2019-10-14
CLT02612,60,Normandie,4,1,Agent,0.0886,2018-03-24
CLT02613,35,Normandie,2,0,Courtier,0.1397,2019-10-19
CLT02614,21,Auvergne-Rhône-Alpes,1,0,Web,0.1788,2018-03-21
CLT02615,32,Bretagne,8,1,Agent,0.2993,2016-07-29
CLT02616,30,Nouvelle-Aquitaine,6,1,Web,0.1626,2017-02-13
CLT02617,26,Provence-Alpes-Côte d'Azur,2,1,Web,0.2563,2020-09-26
CLT02618,36,Bretagne,4,0,Web,0.01,2020-09-14
CLT02619,62,Bretagne,1,1,Agent,0.1013,2017-07-26
CLT02620,43,Centre-Val de Loire,6,0,Courtier,0.1153,2020-03-30
CLT02621,40,Bretagne,11,1,Courtier,0.3592,2019-09-29
CLT02622,42,Centre-Val de Loire,2,1,Partenaire banque,0.1199,2018-09-21
CLT02623,33,Grand Est,1,0,Web,0.01,2020-04-23
CLT02624,44,Normandie,7,1,Web,0.2421,2017-05-30
CLT02625,30,Normandie,9,0,Courtier,0.0195,2019-07-12
CLT02626,19,Nouvelle-Aquitaine,2,0,Web,0.043,2020-02-22
CLT02627,58,Île-de-France,7,0,Téléphone,0.01,2018-10-19
CLT02628,56,Île-de-France,0,1,Partenaire banque,0.1911,2018-02-24
CLT02629,53,Centre-Val de Loire,3,1,Agent,0.3453,2016-11-10
CLT02630,49,Hauts-de-France,6,0,Agent,0.01,2016-07-18
CLT02631,36,Auvergne-Rhône-Alpes,0,1,Agent,0.3272,2018-12-02
CLT02632,31,Normandie,1,1,Agent,0.1925,2017-02-19
CLT02633,21,Hauts-de-France,1,0,Agent,0.01,2018-10-03
CLT02634,42,Grand Est,3,1,Web,0.2449,2017-12-06
CLT02635,49,Grand Est,4,0,Courtier,0.058,2020-04-15
CLT02636,37,Île-de-France,5,0,Partenaire banque,0.012,2020-12-09
CLT02637,31,Auvergne-Rhône-Alpes,2,2,Courtier,0.2038,2017-10-08
CLT02638,60,Bretagne,1,0,Courtier,0.01,2016-03-16
CLT02639,40,Île-de-France,2,0,Web,0.01,2019-09-14
CLT02640,37,Hauts-de-France,4,0,Téléphone,0.01,2016-12-04
CLT02641,63,Normandie,8,0,Courtier,0.01,2017-10-03
CLT02642,41,Bretagne,5,0,Courtier,0.01,2016-08-14
CLT02643,37,Centre-Val de Loire,0,0,Agent,0.0952,2019-09-15
CLT02644,53,Grand Est,3,0,Agent,0.0223,2019-03-19
CLT02645,40,Normandie,0,2,Courtier,0.04,2020-10-17
CLT02646,59,Nouvelle-Aquitaine,7,1,Courtier,0.2552,2018-03-14
CLT02647,63,Hauts-de-France,2,0,Courtier,0.1733,2018-02-14
CLT02648,53,Centre-Val de Loire,4,1,Agent,0.3606,2020-04-20
CLT02649,46,Hauts-de-France,4,0,Web,0.2809,2016-02-29
CLT02650,70,Centre-Val de Loire,14,0,Web,0.1363,2020-09-12
CLT02651,24,Provence-Alpes-Côte d'Azur,0,1,Web,0.1627,2020-03-01
CLT02652,64,Centre-Val de Loire,2,1,Web,0.2717,2021-01-01
CLT02653,49,Provence-Alpes-Côte d'Azur,7,0,Courtier,0.01,2018-05-28
CLT02654,18,Provence-Alpes-Côte d'Azur,8,0,Partenaire banque,0.1707,2018-04-25
CLT02655,47,Provence-Alpes-Côte d'Azur,7,1,Web,0.1137,2017-05-17
CLT02656,34,Occitanie,3,1,Web,0.2213,2017-10-03
CLT02657,41,Centre-Val de Loire,0,1,Web,0.3454,2019-11-12
CLT02658,32,Auvergne-Rhône-Alpes,11,0,Téléphone,0.0226,2016-08-24
CLT02659,35,Provence-Alpes-Côte d'Azur,11,1,Web,0.0661,2019-01-09
CLT02660,18,Provence-Alpes-Côte d'Azur,0,1,Web,0.2479,2019-09-11
CLT02661,26,Bretagne,6,0,Courtier,0.0122,2018-05-14
CLT02662,34,Hauts-de-France,3,1,Web,0.1105,2018-08-21
CLT02663,40,Centre-Val de Loire,5,0,Web,0.01,2017-10-12
CLT02664,34,Bretagne,0,0,Courtier,0.1511,2017-10-24
CLT02665,45,Centre-Val de Loire,6,1,Web,0.1303,2018-09-29
CLT02666,36,Auvergne-Rhône-Alpes,4,1,Agent,0.1393,2017-02-27
CLT02667,58,Provence-Alpes-Côte d'Azur,0,0,Courtier,0.1901,2020-07-21
CLT02668,28,Provence-Alpes-Côte d'Azur,1,0,Web,0.01,2017-09-07
CLT02669,18,Provence-Alpes-Côte d'Azur,6,0,Partenaire banque,0.175,2017-02-19
CLT02670,37,Normandie,2,0,Agent,0.0777,2020-06-02
CLT02671,29,Auvergne-Rhône-Alpes,3,1,Téléphone,0.1679,2019-01-04
CLT02672,60,Occitanie,5,3,Web,0.3782,2016-04-09
CLT02673,61,Hauts-de-France,4,1,Partenaire banque,0.1931,2018-04-05
CLT02674,23,Occitanie,1,0,Agent,0.0174,2016-07-09
CLT02675,35,Centre-Val de Loire,5,1,Web,0.1743,2017-11-22
CLT02676,51,Hauts-de-France,5,3,Web,0.2144,2020-06-30
CLT02677,41,Grand Est,6,0,Courtier,0.0925,2017-03-07
CLT02678,20,Provence-Alpes-Côte d'Azur,1,0,Agent,0.0612,2019-08-29
CLT02679,29,Hauts-de-France,3,0,Courtier,0.0166,2017-09-08
CLT02680,40,Bretagne,4,0,Agent,0.01,2017-10-05
CLT02681,34,Occitanie,14,0,Courtier,0.01,2017-05-31
CLT02682,21,Centre-Val de Loire,2,0,Courtier,0.167,2019-10-09
CLT02683,41,Grand Est,2,0,Web,0.0273,2016-02-10
CLT02684,64,Grand Est,13,1,Téléphone,0.01,2019-03-29
CLT02685,33,Normandie,2,0,Web,0.1181,2020-08-16
CLT02686,38,Normandie,0,1,Web,0.0818,2019-08-01
CLT02687,25,Grand Est,0,2,Téléphone,0.3103,2020-10-14
CLT02688,51,Bretagne,0,1,Partenaire banque,0.1602,2020-01-30
CLT02689,18,Île-de-France,1,0,Courtier,0.0654,2018-01-18
CLT02690,46,Normandie,4,1,Web,0.2189,2016-11-06
CLT02691,31,Hauts-de-France,6,0,Téléphone,0.2633,2018-04-22
CLT02692,53,Provence-Alpes-Côte d'Azur,2,0,Téléphone,0.1116,2016-05-13
CLT02693,18,Occitanie,4,1,Téléphone,0.2384,2017-07-02
CLT02694,71,Hauts-de-France,0,0,Agent,0.0542,2017-06-11
CLT02695,45,Centre-Val de Loire,0,0,Web,0.1588,2017-05-05
CLT02696,57,Auvergne-Rhône-Alpes,7,0,Web,0.1056,2016-02-28
CLT02697,43,Occitanie,4,1,Agent,0.2345,2017-09-29
CLT02698,52,Normandie,3,1,Courtier,0.1112,2018-06-14
CLT02699,51,Bretagne,0,1,Agent,0.1799,2016-03-18
CLT02700,55,Occitanie,2,2,Web,0.2995,2016-10-08
CLT02701,40,Île-de-France,0,0,Web,0.1779,2020-07-05
CLT02702,33,Hauts-de-France,3,0,Agent,0.0277,2016-12-28
CLT02703,46,Île-de-France,1,1,Partenaire banque,0.3079,2018-09-24
CLT02704,42,Île-de-France,0,1,Web,0.221,2016-06-22
CLT02705,57,Provence-Alpes-Côte d'Azur,0,0,Agent,0.0788,2020-11-12
CLT02706,41,Auvergne-Rhône-Alpes,1,1,Téléphone,0.1821,2018-04-15
CLT02707,57,Provence-Alpes-Côte d'Azur,9,5,Agent,0.0623,2020-12-20
CLT02708,39,Auvergne-Rhône-Alpes,4,0,Courtier,0.01,2020-09-17
CLT02709,49,Nouvelle-Aquitaine,10,0,Web,0.01,2019-03-17
CLT02710,52,Grand Est,13,2,Partenaire banque,0.2922,2018-12-06
CLT02711,45,Centre-Val de Loire,5,2,Partenaire banque,0.1083,2018-12-13
CLT02712,18,Hauts-de-France,0,0,Courtier,0.2551,2016-07-05
CLT02713,29,Occitanie,12,0,Courtier,0.01,2020-05-04
CLT02714,44,Provence-Alpes-Côte d'Azur,0,0,Web,0.0257,2019-04-13
CLT02715,38,Bretagne,9,0,Téléphone,0.1175,2020-03-05
CLT02716,62,Occitanie,0,0,Partenaire banque,0.0412,2017-03-24
CLT02717,39,Nouvelle-Aquitaine,6,1,Web,0.3571,2017-03-16
CLT02718,42,Hauts-de-France,15,2,Courtier,0.4566,2017-06-06
CLT02719,31,Centre-Val de Loire,0,1,Web,0.2871,2018-12-30
CLT02720,33,Provence-Alpes-Côte d'Azur,1,0,Agent,0.1715,2016-08-21
CLT02721,18,Provence-Alpes-Côte d'Azur,4,0,Courtier,0.2167,2018-09-01
CLT02722,59,Occitanie,8,0,Partenaire banque,0.01,2020-12-08
CLT02723,62,Nouvelle-Aquitaine,1,0,Courtier,0.1309,2020-01-07
CLT02724,26,Provence-Alpes-Côte d'Azur,0,0,Téléphone,0.1073,2016-02-15
CLT02725,32,Centre-Val de Loire,0,0,Web,0.1195,2020-02-25
CLT02726,25,Île-de-France,4,1,Agent,0.3162,2020-06-05
CLT02727,41,Occitanie,6,0,Web,0.1607,2018-02-28
CLT02728,42,Hauts-de-France,2,3,Agent,0.4329,2019-12-07
CLT02729,33,Provence-Alpes-Côte d'Azur,3,0,Téléphone,0.1317,2019-11-06
CLT02730,49,Auvergne-Rhône-Alpes,0,1,Courtier,0.1801,2017-05-01
CLT02731,37,Normandie,3,0,Courtier,0.01,2018-03-17
CLT02732,33,Hauts-de-France,2,1,Web,0.1251,2020-08-13
CLT02733,42,Occitanie,12,0,Web,0.01,2020-10-28
CLT02734,48,Nouvelle-Aquitaine,4,1,Téléphone,0.1525,2019-07-19
CLT02735,46,Provence-Alpes-Côte d'Azur,5,0,Téléphone,0.1124,2020-04-21
CLT02736,56,Bretagne,1,1,Agent,0.1204,2017-07-17
CLT02737,47,Auvergne-Rhône-Alpes,0,0,Téléphone,0.2163,2018-10-05
CLT02738,28,Normandie,1,0,Agent,0.01,2020-09-20
CLT02739,25,Provence-Alpes-Côte d'Azur,4,0,Agent,0.2071,2020-12-02
CLT02740,58,Auvergne-Rhône-Alpes,4,0,Téléphone,0.1498,2019-12-03
CLT02741,24,Hauts-de-France,0,0,Courtier,0.1991,2017-12-23
CLT02742,24,Bretagne,4,0,Agent,0.01,2020-07-25
CLT02743,36,Grand Est,4,1,Agent,0.1431,2018-07-19
CLT02744,46,Île-de-France,2,0,Agent,0.264,2019-08-08
CLT02745,61,Nouvelle-Aquitaine,1,0,Agent,0.2107,2020-06-10
CLT02746,47,Nouvelle-Aquitaine,8,0,Web,0.01,2017-02-15
CLT02747,49,Hauts-de-France,7,1,Web,0.0633,2016-06-19
CLT02748,36,Auvergne-Rhône-Alpes,2,0,Web,0.0979,2018-11-25
CLT02749,52,Nouvelle-Aquitaine,0,0,Téléphone,0.061,2019-11-07
CLT02750,56,Bretagne,10,1,Agent,0.1548,2017-10-18
CLT02751,31,Normandie,1,0,Courtier,0.1054,2020-02-16
CLT02752,52,Nouvelle-Aquitaine,1,1,Web,0.1527,2019-11-10
CLT02753,48,Centre-Val de Loire,1,1,Téléphone,0.1858,2020-06-27
CLT02754,41,Hauts-de-France,6,0,Web,0.01,2018-04-30
CLT02755,52,Provence-Alpes-Côte d'Azur,3,0,Web,0.1624,2020-12-01
CLT02756,45,Bretagne,6,1,Partenaire banque,0.1802,2020-12-18
CLT02757,57,Centre-Val de Loire,10,0,Web,0.01,2016-02-19
CLT02758,50,Grand Est,1,0,Agent,0.0517,2019-07-09
CLT02759,40,Occitanie,4,1,Téléphone,0.01,2018-08-07
CLT02760,78,Occitanie,3,0,Web,0.2869,2020-10-12
CLT02761,28,Nouvelle-Aquitaine,9,3,Web,0.3756,2019-06-21
CLT02762,23,Bretagne,6,2,Agent,0.26,2016-11-03
CLT02763,37,Auvergne-Rhône-Alpes,0,1,Partenaire banque,0.2227,2016-12-16
CLT02764,41,Centre-Val de Loire,7,2,Web,0.3463,2020-01-13
CLT02765,40,Grand Est,7,0,Courtier,0.01,2018-07-20
CLT02766,49,Normandie,0,1,Web,0.2768,2020-01-03
CLT02767,37,Occitanie,2,0,Web,0.1421,2020-11-02
CLT02768,35,Hauts-de-France,0,0,Web,0.01,2018-10-11
CLT02769,41,Bretagne,6,1,Web,0.01,2020-10-21
CLT02770,61,Occitanie,4,0,Agent,0.1621,2020-08-16
CLT02771,35,Hauts-de-France,7,1,Agent,0.15,2017-01-24
CLT02772,51,Bretagne,6,0,Web,0.1176,2020-06-12
CLT02773,68,Nouvelle-Aquitaine,0,1,Web,0.2011,2017-06-22
CLT02774,40,Occitanie,4,0,Agent,0.01,2017-05-25
CLT02775,34,Provence-Alpes-Côte d'Azur,1,0,Courtier,0.0342,2019-08-20
CLT02776,64,Normandie,2,2,Web,0.168,2018-08-20
CLT02777,42,Nouvelle-Aquitaine,3,2,Téléphone,0.2503,2019-11-22
CLT02778,21,Bretagne,0,0,Agent,0.0405,2020-01-02
CLT02779,30,Bretagne,13,2,Agent,0.0942,2020-02-18
CLT02780,18,Centre-Val de Loire,0,0,Web,0.1086,2016-07-16
CLT02781,24,Grand Est,1,0,Web,0.0667,2017-11-14
CLT02782,18,Occitanie,1,0,Courtier,0.1132,2017-12-28
CLT02783,46,Centre-Val de Loire,1,4,Partenaire banque,0.3855,2020-07-03
CLT02784,45,Centre-Val de Loire,5,3,Agent,0.3479,2020-07-18
CLT02785,43,Île-de-France,10,2,Web,0.3604,2018-11-01
CLT02786,43,Centre-Val de Loire,1,0,Courtier,0.1576,2018-03-21
CLT02787,46,Provence-Alpes-Côte d'Azur,6,1,Web,0.1742,2019-02-21
CLT02788,43,Île-de-France,2,1,Courtier,0.4115,2017-06-19
CLT02789,40,Nouvelle-Aquitaine,0,1,Courtier,0.1485,2017-11-27
CLT02790,59,Normandie,2,1,Web,0.2251,2017-10-13
CLT02791,23,Grand Est,3,1,Courtier,0.2399,2017-06-19
CLT02792,46,Auvergne-Rhône-Alpes,0,1,Web,0.2088,2016-09-20
CLT02793,32,Normandie,1,1,Téléphone,0.2192,2020-09-07
CLT02794,42,Hauts-de-France,0,2,Agent,0.2442,2018-06-01
CLT02795,60,Hauts-de-France,2,1,Téléphone,0.0913,2017-06-25
CLT02796,31,Centre-Val de Loire,0,1,Téléphone,0.0204,2017-06-26
CLT02797,54,Grand Est,2,0,Web,0.0576,2016-12-05
CLT02798,40,Provence-Alpes-Côte d'Azur,14,0,Agent,0.01,2018-10-05
CLT02799,25,Nouvelle-Aquitaine,0,3,Courtier,0.3501,2019-09-10
CLT02800,50,Normandie,3,0,Web,0.042,2016-11-02
CLT02801,49,Île-de-France,9,1,Web,0.01,2016-03-16
CLT02802,38,Normandie,2,0,Web,0.0835,2019-12-18
CLT02803,35,Normandie,7,0,Courtier,0.0199,2018-10-12
CLT02804,53,Île-de-France,5,0,Courtier,0.012,2019-12-25
CLT02805,44,Grand Est,1,1,Courtier,0.1533,2018-10-08
CLT02806,33,Auvergne-Rhône-Alpes,5,1,Téléphone,0.01,2020-11-12
CLT02807,34,Nouvelle-Aquitaine,2,1,Web,0.1827,2016-07-12
CLT02808,44,Occitanie,10,1,Téléphone,0.161,2017-01-06
CLT02809,34,Nouvelle-Aquitaine,0,0,Agent,0.01,2020-08-13
CLT02810,50,Hauts-de-France,2,3,Courtier,0.3763,2019-09-22
CLT02811,18,Centre-Val de Loire,2,0,Web,0.1303,2016-01-11
CLT02812,39,Grand Est,2,1,Agent,0.3076,2017-01-06
CLT02813,63,Bretagne,0,1,Partenaire banque,0.1932,2017-05-21
CLT02814,36,Normandie,1,1,Agent,0.2726,2020-12-24
CLT02815,33,Provence-Alpes-Côte d'Azur,1,0,Web,0.01,2019-10-29
CLT02816,60,Auvergne-Rhône-Alpes,4,0,Courtier,0.2586,2019-04-26
CLT02817,46,Auvergne-Rhône-Alpes,7,0,Téléphone,0.01,2016-11-12
CLT02818,41,Île-de-France,3,1,Web,0.01,2020-08-30
CLT02819,38,Normandie,2,1,Courtier,0.1923,2017-07-07
CLT02820,45,Centre-Val de Loire,2,0,Agent,0.1175,2017-11-07
CLT02821,42,Île-de-France,7,0,Agent,0.0997,2018-07-18
CLT02822,25,Provence-Alpes-Côte d'Azur,0,0,Partenaire banque,0.107,2020-02-14
CLT02823,41,Centre-Val de Loire,2,1,Web,0.1217,2020-11-04
CLT02824,30,Île-de-France,5,2,Téléphone,0.268,2017-08-04
CLT02825,59,Provence-Alpes-Côte d'Azur,10,1,Agent,0.0942,2020-03-05
CLT02826,37,Auvergne-Rhône-Alpes,1,2,Courtier,0.2688,2019-05-20
CLT02827,45,Bretagne,4,0,Web,0.2896,2017-06-08
CLT02828,48,Nouvelle-Aquitaine,4,0,Web,0.1509,2020-04-29
CLT02829,37,Bretagne,1,1,Web,0.2397,2020-10-13
CLT02830,37,Occitanie,1,1,Web,0.2685,2020-05-17
CLT02831,18,Bretagne,1,1,Web,0.266,2020-03-23
CLT02832,46,Nouvelle-Aquitaine,0,1,Web,0.2394,2018-10-04
CLT02833,33,Bretagne,2,1,Agent,0.0984,2017-09-29
CLT02834,63,Centre-Val de Loire,5,1,Web,0.1687,2019-09-26
CLT02835,53,Auvergne-Rhône-Alpes,3,1,Téléphone,0.1357,2018-11-17
CLT02836,45,Occitanie,1,1,Courtier,0.0416,2020-12-20
CLT02837,48,Bretagne,4,0,Courtier,0.1524,2019-03-01
CLT02838,33,Centre-Val de Loire,3,0,Courtier,0.1791,2020-03-31
CLT02839,25,Bretagne,3,1,Téléphone,0.1826,2019-06-13
CLT02840,56,Nouvelle-Aquitaine,0,1,Courtier,0.1996,2018-05-24
CLT02841,34,Auvergne-Rhône-Alpes,8,0,Web,0.1627,2017-12-02
CLT02842,44,Normandie,0,0,Agent,0.0724,2019-08-21
CLT02843,57,Nouvelle-Aquitaine,0,1,Partenaire banque,0.1572,2018-12-17
CLT02844,33,Grand Est,0,0,Web,0.01,2018-08-18
CLT02845,49,Bretagne,20,0,Web,0.01,2020-07-01
CLT02846,74,Normandie,9,0,Web,0.1396,2016-09-20
CLT02847,19,Hauts-de-France,1,0,Téléphone,0.3903,2018-12-09
CLT02848,33,Bretagne,3,0,Web,0.058,2016-04-09
CLT02849,26,Grand Est,10,1,Web,0.1102,2016-04-04
CLT02850,58,Grand Est,0,0,Web,0.01,2018-05-22
CLT02851,46,Bretagne,7,1,Web,0.1117,2019-09-17
CLT02852,48,Centre-Val de Loire,3,0,Téléphone,0.01,2017-12-30
CLT02853,37,Hauts-de-France,8,1,Courtier,0.2103,2020-04-25
CLT02854,28,Grand Est,2,0,Web,0.0619,2020-02-27
CLT02855,28,Normandie,19,0,Web,0.0123,2017-01-10
CLT02856,43,Bretagne,3,0,Web,0.01,2018-05-04
CLT02857,43,Hauts-de-France,3,1,Web,0.3256,2020-01-24
CLT02858,55,Normandie,0,0,Agent,0.118,2018-07-12
CLT02859,39,Centre-Val de Loire,2,1,Téléphone,0.2408,2017-12-02
CLT02860,40,Nouvelle-Aquitaine,2,2,Web,0.3897,2016-06-11
CLT02861,41,Centre-Val de Loire,7,3,Web,0.2934,2019-10-13
CLT02862,62,Auvergne-Rhône-Alpes,5,0,Courtier,0.0199,2016-02-08
CLT02863,18,Île-de-France,3,1,Courtier,0.157,2016-01-30
CLT02864,34,Nouvelle-Aquitaine,0,0,Agent,0.1815,2018-08-02
CLT02865,18,Bretagne,7,2,Téléphone,0.3344,2020-03-06
CLT02866,46,Centre-Val de Loire,1,1,Agent,0.01,2017-09-14
CLT02867,18,Centre-Val de Loire,0,0,Téléphone,0.076,2019-06-19
CLT02868,26,Provence-Alpes-Côte d'Azur,1,0,Agent,0.01,2019-11-16
CLT02869,69,Bretagne,3,1,Téléphone,0.1778,2016-06-30
CLT02870,61,Nouvelle-Aquitaine,2,1,Web,0.1885,2017-01-27
CLT02871,62,Auvergne-Rhône-Alpes,0,0,Téléphone,0.0531,2019-11-28
CLT02872,33,Occitanie,1,1,Téléphone,0.0667,2017-03-06
CLT02873,33,Normandie,17,1,Agent,0.222,2019-08-25
CLT02874,49,Occitanie,5,0,Courtier,0.125,2019-07-08
CLT02875,57,Grand Est,2,1,Web,0.1701,2017-09-10
CLT02876,35,Normandie,3,0,Web,0.1479,2018-05-16
CLT02877,57,Île-de-France,0,1,Web,0.2906,2016-11-10
CLT02878,39,Normandie,0,0,Partenaire banque,0.01,2018-08-25
CLT02879,62,Île-de-France,5,1,Téléphone,0.0804,2019-04-15
CLT02880,44,Occitanie,0,1,Web,0.246,2019-03-14
CLT02881,27,Bretagne,2,1,Web,0.4246,2016-01-19
CLT02882,45,Auvergne-Rhône-Alpes,2,0,Agent,0.1334,2020-01-02
CLT02883,42,Bretagne,0,0,Partenaire banque,0.0244,2020-10-05
CLT02884,27,Normandie,0,0,Agent,0.0773,2019-05-07
CLT02885,51,Grand Est,6,0,Partenaire banque,0.01,2016-03-18
CLT02886,34,Normandie,0,0,Courtier,0.1007,2018-11-19
CLT02887,65,Centre-Val de Loire,3,0,Agent,0.1006,2019-10-23
CLT02888,45,Normandie,1,1,Web,0.1526,2016-05-06
CLT02889,47,Grand Est,10,0,Web,0.0242,2019-03-28
CLT02890,18,Provence-Alpes-Côte d'Azur,10,0,Courtier,0.0645,2017-07-04
CLT02891,39,Bretagne,0,0,Téléphone,0.01,2016-08-29
CLT02892,18,Normandie,0,3,Agent,0.5287,2019-08-18
CLT02893,40,Provence-Alpes-Côte d'Azur,0,0,Courtier,0.2609,2018-06-14
CLT02894,29,Île-de-France,20,0,Web,0.01,2020-01-29
CLT02895,18,Occitanie,1,1,Courtier,0.033,2018-06-18
CLT02896,32,Occitanie,3,2,Courtier,0.3812,2019-04-20
CLT02897,20,Provence-Alpes-Côte d'Azur,2,2,Partenaire banque,0.4705,2020-10-15
CLT02898,60,Normandie,2,0,Web,0.0248,2017-08-25
CLT02899,66,Bretagne,20,0,Partenaire banque,0.01,2020-09-04
CLT02900,34,Provence-Alpes-Côte d'Azur,0,1,Agent,0.1556,2020-06-27
CLT02901,51,Nouvelle-Aquitaine,5,0,Agent,0.01,2017-08-03
CLT02902,60,Auvergne-Rhône-Alpes,2,2,Agent,0.2158,2016-09-23
CLT02903,21,Nouvelle-Aquitaine,2,1,Web,0.2571,2019-05-27
CLT02904,26,Normandie,2,1,Web,0.2622,2018-05-03
CLT02905,31,Normandie,3,0,Web,0.01,2017-03-06
CLT02906,57,Grand Est,7,0,Web,0.0206,2016-02-09
CLT02907,29,Provence-Alpes-Côte d'Azur,4,0,Téléphone,0.1212,2018-01-03
CLT02908,37,Nouvelle-Aquitaine,8,0,Web,0.0401,2020-10-28
CLT02909,39,Grand Est,1,2,Web,0.5058,2016-05-12
CLT02910,44,Provence-Alpes-Côte d'Azur,6,0,Courtier,0.1135,2019-06-20
CLT02911,57,Occitanie,2,0,Web,0.0716,2017-04-05
CLT02912,61,Normandie,3,0,Web,0.1587,2017-11-29
CLT02913,18,Provence-Alpes-Côte d'Azur,2,2,Agent,0.2597,2020-04-28
CLT02914,40,Grand Est,5,0,Web,0.1487,2016-11-07
CLT02915,25,Grand Est,2,0,Agent,0.1541,2016-08-03
CLT02916,36,Île-de-France,4,0,Partenaire banque,0.0364,2018-06-17
CLT02917,27,Normandie,11,1,Partenaire banque,0.1329,2020-03-29
CLT02918,37,Auvergne-Rhône-Alpes,10,0,Partenaire banque,0.01,2020-05-21
CLT02919,40,Centre-Val de Loire,0,0,Agent,0.065,2020-10-25
CLT02920,36,Auvergne-Rhône-Alpes,1,0,Téléphone,0.2931,2016-03-28
CLT02921,36,Grand Est,6,0,Web,0.0153,2019-07-16
CLT02922,18,Auvergne-Rhône-Alpes,1,1,Téléphone,0.3497,2018-01-12
CLT02923,63,Nouvelle-Aquitaine,2,0,Agent,0.01,2019-12-23
CLT02924,68,Normandie,0,0,Agent,0.1666,2018-10-19
CLT02925,57,Auvergne-Rhône-Alpes,8,0,Web,0.0378,2018-01-16
CLT02926,66,Provence-Alpes-Côte d'Azur,0,2,Téléphone,0.1312,2016-09-10
CLT02927,49,Occitanie,8,0,Courtier,0.1178,2018-05-03
CLT02928,61,Île-de-France,0,0,Web,0.2952,2020-07-17
CLT02929,24,Normandie,1,1,Web,0.2415,2018-11-02
CLT02930,36,Nouvelle-Aquitaine,1,2,Web,0.3807,2018-02-03
CLT02931,36,Bretagne,0,0,Courtier,0.1261,2019-09-25
CLT02932,53,Occitanie,4,2,Web,0.2028,2020-03-25
CLT02933,55,Grand Est,11,0,Courtier,0.0791,2017-04-14
CLT02934,53,Nouvelle-Aquitaine,12,0,Téléphone,0.046,2018-04-28
CLT02935,70,Bretagne,1,1,Téléphone,0.1944,2020-10-13
CLT02936,32,Grand Est,3,0,Agent,0.01,2018-01-12
CLT02937,18,Île-de-France,0,0,Courtier,0.1496,2020-04-28
CLT02938,46,Île-de-France,6,0,Agent,0.01,2018-11-27
CLT02939,46,Auvergne-Rhône-Alpes,1,2,Web,0.2439,2017-10-08
CLT02940,44,Bretagne,0,0,Partenaire banque,0.01,2016-12-04
CLT02941,49,Bretagne,2,0,Web,0.0184,2020-04-05
CLT02942,30,Île-de-France,2,0,Agent,0.2603,2019-08-08
CLT02943,47,Nouvelle-Aquitaine,0,0,Téléphone,0.1041,2016-04-30
CLT02944,30,Grand Est,1,2,Partenaire banque,0.2079,2018-05-10
CLT02945,71,Bretagne,2,0,Téléphone,0.1469,2019-12-08
CLT02946,41,Grand Est,2,2,Téléphone,0.141,2020-01-19
CLT02947,57,Provence-Alpes-Côte d'Azur,0,0,Téléphone,0.1113,2016-01-19
CLT02948,57,Hauts-de-France,0,0,Téléphone,0.1123,2019-06-06
CLT02949,56,Nouvelle-Aquitaine,11,2,Agent,0.1738,2018-07-04
CLT02950,56,Occitanie,8,0,Téléphone,0.01,2019-07-04
CLT02951,52,Centre-Val de Loire,2,0,Agent,0.1007,2019-12-01
CLT02952,18,Provence-Alpes-Côte d'Azur,3,0,Téléphone,0.0516,2020-05-21
CLT02953,20,Bretagne,12,0,Agent,0.2986,2020-12-11
CLT02954,49,Hauts-de-France,1,1,Web,0.1381,2019-01-07
CLT02955,42,Provence-Alpes-Côte d'Azur,0,1,Courtier,0.1479,2020-01-14
CLT02956,48,Nouvelle-Aquitaine,4,2,Courtier,0.2071,2019-01-14
CLT02957,72,Hauts-de-France,1,0,Web,0.0356,2018-11-15
CLT02958,23,Grand Est,0,0,Web,0.1751,2017-11-30
CLT02959,19,Nouvelle-Aquitaine,5,0,Web,0.2245,2020-12-30
CLT02960,18,Grand Est,4,0,Courtier,0.0775,2017-05-11
CLT02961,65,Hauts-de-France,5,2,Agent,0.0156,2018-11-02
CLT02962,49,Auvergne-Rhône-Alpes,4,0,Agent,0.147,2020-09-21
CLT02963,44,Provence-Alpes-Côte d'Azur,0,1,Web,0.2149,2018-11-07
CLT02964,41,Provence-Alpes-Côte d'Azur,1,0,Web,0.1184,2020-03-31
CLT02965,33,Auvergne-Rhône-Alpes,3,2,Courtier,0.2919,2019-03-20
CLT02966,46,Île-de-France,0,0,Courtier,0.0663,2017-04-30
CLT02967,48,Centre-Val de Loire,6,1,Courtier,0.2883,2019-07-11
CLT02968,38,Grand Est,3,1,Téléphone,0.2048,2017-04-25
CLT02969,41,Provence-Alpes-Côte d'Azur,0,2,Web,0.344,2019-09-29
CLT02970,59,Centre-Val de Loire,0,0,Agent,0.1095,2020-01-04
CLT02971,30,Bretagne,4,0,Courtier,0.0542,2017-05-24
CLT02972,53,Auvergne-Rhône-Alpes,2,1,Web,0.2321,2019-04-09
CLT02973,73,Occitanie,10,0,Téléphone,0.01,2018-01-11
CLT02974,49,Normandie,10,0,Web,0.1418,2019-12-30
CLT02975,52,Bretagne,0,0,Téléphone,0.0664,2016-06-18
CLT02976,40,Auvergne-Rhône-Alpes,2,0,Web,0.0789,2020-12-26
CLT02977,62,Nouvelle-Aquitaine,2,0,Courtier,0.1838,2018-07-04
CLT02978,55,Auvergne-Rhône-Alpes,5,1,Courtier,0.1943,2018-12-15
CLT02979,37,Bretagne,0,2,Courtier,0.3719,2018-11-30
CLT02980,31,Bretagne,2,1,Téléphone,0.0979,2019-04-13
CLT02981,34,Normandie,6,1,Agent,0.2252,2018-06-22
CLT02982,58,Normandie,3,1,Agent,0.1176,2018-05-05
CLT02983,44,Nouvelle-Aquitaine,0,1,Web,0.1791,2016-09-19
CLT02984,29,Normandie,1,0,Agent,0.189,2016-09-23
CLT02985,47,Grand Est,8,0,Téléphone,0.1803,2016-08-31
CLT02986,57,Occitanie,0,0,Courtier,0.1815,2016-03-09
CLT02987,18,Nouvelle-Aquitaine,1,1,Partenaire banque,0.2197,2018-01-28
CLT02988,46,Auvergne-Rhône-Alpes,3,1,Agent,0.1862,2018-04-18
CLT02989,36,Auvergne-Rhône-Alpes,3,2,Web,0.3405,2019-03-18
CLT02990,32,Hauts-de-France,6,0,Web,0.0314,2016-11-11
CLT02991,40,Auvergne-Rhône-Alpes,2,1,Courtier,0.188,2018-02-07
CLT02992,36,Hauts-de-France,1,0,Web,0.01,2016-02-29
CLT02993,54,Nouvelle-Aquitaine,1,1,Web,0.01,2019-04-24
CLT02994,40,Bretagne,8,0,Web,0.01,2017-09-18
CLT02995,49,Hauts-de-France,0,1,Web,0.3922,2020-08-06
CLT02996,53,Normandie,4,2,Web,0.2063,2019-01-28
CLT02997,49,Provence-Alpes-Côte d'Azur,0,0,Web,0.2328,2016-04-03
CLT02998,44,Bretagne,3,1,Courtier,0.1345,2017-09-28
CLT02999,23,Centre-Val de Loire,3,1,Courtier,0.2342,2017-11-24
CLT03000,46,Bretagne,0,0,Courtier,0.131,2020-01-16
CLT03001,41,Centre-Val de Loire,0,1,Web,0.3983,2016-10-12
CLT03002,59,Grand Est,2,0,Agent,0.0367,2020-04-10
CLT03003,42,Normandie,1,2,Agent,0.3027,2016-11-03
CLT03004,33,Provence-Alpes-Côte d'Azur,2,0,Web,0.2135,2019-07-05
CLT03005,55,Centre-Val de Loire,8,1,Courtier,0.0477,2017-04-23
CLT03006,33,Bretagne,3,0,Web,0.01,2016-04-05
CLT03007,43,Normandie,0,2,Agent,0.4189,2019-08-17
CLT03008,29,Auvergne-Rhône-Alpes,4,1,Téléphone,0.1631,2019-12-21
CLT03009,48,Île-de-France,1,1,Courtier,0.1634,2020-06-20
CLT03010,20,Hauts-de-France,1,0,Courtier,0.3058,2016-09-12
CLT03011,54,Grand Est,4,1,Web,0.2452,2019-06-23
CLT03012,18,Grand Est,0,0,Courtier,0.1471,2016-04-20
CLT03013,57,Centre-Val de Loire,10,3,Courtier,0.2448,2020-03-19
CLT03014,51,Normandie,0,0,Courtier,0.0387,2016-02-10
CLT03015,43,Auvergne-Rhône-Alpes,1,0,Agent,0.01,2018-12-27
CLT03016,56,Nouvelle-Aquitaine,3,1,Partenaire banque,0.1568,2017-07-19
CLT03017,45,Occitanie,2,1,Web,0.0596,2019-12-18
CLT03018,23,Centre-Val de Loire,3,0,Courtier,0.0408,2020-07-12
CLT03019,29,Grand Est,2,0,Agent,0.013,2018-04-04
CLT03020,42,Centre-Val de Loire,3,1,Web,0.1487,2020-11-02
CLT03021,37,Île-de-France,0,2,Web,0.2364,2017-01-06
CLT03022,45,Bretagne,3,1,Web,0.1623,2018-12-19
CLT03023,50,Provence-Alpes-Côte d'Azur,4,1,Courtier,0.0947,2016-07-07
CLT03024,64,Auvergne-Rhône-Alpes,1,0,Partenaire banque,0.1341,2019-01-16
CLT03025,36,Nouvelle-Aquitaine,3,2,Web,0.3453,2017-01-11
CLT03026,58,Hauts-de-France,6,1,Agent,0.1155,2016-11-13
CLT03027,55,Hauts-de-France,8,1,Partenaire banque,0.01,2019-10-23
CLT03028,25,Nouvelle-Aquitaine,15,1,Web,0.01,2017-10-30
CLT03029,42,Nouvelle-Aquitaine,0,2,Web,0.2584,2016-05-01
CLT03030,54,Hauts-de-France,1,0,Courtier,0.0738,2017-10-19
CLT03031,35,Nouvelle-Aquitaine,0,0,Courtier,0.1507,2017-10-27
CLT03032,52,Hauts-de-France,1,1,Courtier,0.1174,2020-08-24
CLT03033,44,Auvergne-Rhône-Alpes,1,0,Web,0.0855,2017-05-07
CLT03034,32,Centre-Val de Loire,2,0,Courtier,0.047,2018-10-08
CLT03035,54,Grand Est,3,0,Agent,0.1267,2018-03-01
CLT03036,34,Auvergne-Rhône-Alpes,3,1,Web,0.1849,2017-10-15
CLT03037,33,Normandie,3,1,Courtier,0.2637,2016-05-16
CLT03038,52,Normandie,10,0,Web,0.067,2019-07-23
CLT03039,46,Occitanie,0,1,Téléphone,0.1804,2016-02-10
CLT03040,38,Hauts-de-France,2,2,Courtier,0.2349,2019-04-17
CLT03041,18,Auvergne-Rhône-Alpes,0,0,Web,0.1522,2019-02-12
CLT03042,18,Nouvelle-Aquitaine,0,1,Web,0.0969,2018-04-15
CLT03043,60,Normandie,2,0,Web,0.01,2019-07-28
CLT03044,66,Grand Est,1,0,Web,0.0735,2016-10-20
CLT03045,52,Provence-Alpes-Côte d'Azur,10,0,Courtier,0.069,2016-12-12
CLT03046,18,Occitanie,1,1,Courtier,0.2564,2018-05-19
CLT03047,18,Grand Est,4,2,Courtier,0.1732,2016-01-05
CLT03048,50,Normandie,0,0,Partenaire banque,0.2223,2019-06-27
CLT03049,41,Hauts-de-France,6,0,Agent,0.01,2016-12-10
CLT03050,52,Île-de-France,7,1,Web,0.1081,2018-09-16
CLT03051,37,Hauts-de-France,3,0,Courtier,0.01,2020-09-17
CLT03052,38,Bretagne,3,1,Partenaire banque,0.1427,2020-09-23
CLT03053,32,Occitanie,0,0,Courtier,0.01,2018-11-13
CLT03054,51,Hauts-de-France,4,0,Web,0.0834,2020-02-24
CLT03055,26,Grand Est,1,1,Courtier,0.2729,2017-09-09
CLT03056,30,Auvergne-Rhône-Alpes,1,2,Courtier,0.1707,2016-09-10
CLT03057,49,Nouvelle-Aquitaine,0,0,Agent,0.047,2017-07-28
CLT03058,54,Bretagne,0,0,Web,0.0692,2018-11-01
CLT03059,18,Provence-Alpes-Côte d'Azur,3,0,Téléphone,0.1212,2017-12-04
CLT03060,28,Hauts-de-France,0,2,Partenaire banque,0.2838,2019-12-22
CLT03061,63,Normandie,1,1,Web,0.2668,2019-09-20
CLT03062,46,Provence-Alpes-Côte d'Azur,3,0,Web,0.1089,2018-08-01
CLT03063,28,Centre-Val de Loire,3,0,Web,0.01,2019-11-19
CLT03064,44,Nouvelle-Aquitaine,1,0,Agent,0.0597,2016-01-07
CLT03065,45,Centre-Val de Loire,3,1,Courtier,0.1384,2016-01-22
CLT03066,51,Nouvelle-Aquitaine,1,0,Courtier,0.1023,2019-11-29
CLT03067,43,Normandie,5,1,Agent,0.0957,2019-01-09
CLT03068,24,Auvergne-Rhône-Alpes,4,0,Agent,0.0459,2019-08-24
CLT03069,39,Auvergne-Rhône-Alpes,1,1,Courtier,0.2183,2020-09-02
CLT03070,41,Normandie,0,2,Agent,0.2557,2017-12-25
CLT03071,31,Bretagne,6,2,Téléphone,0.2518,2018-01-05
CLT03072,39,Bretagne,4,0,Web,0.0541,2020-04-23
CLT03073,54,Île-de-France,0,0,Web,0.0911,2018-01-30
CLT03074,42,Occitanie,1,0,Courtier,0.0375,2017-03-31
CLT03075,31,Île-de-France,4,0,Agent,0.1253,2019-10-27
CLT03076,52,Provence-Alpes-Côte d'Azur,0,0,Web,0.1021,2020-07-31
CLT03077,45,Centre-Val de Loire,1,0,Agent,0.1988,2020-07-15
CLT03078,51,Occitanie,0,0,Web,0.1324,2018-10-10
CLT03079,26,Provence-Alpes-Côte d'Azur,1,0,Web,0.0167,2018-10-08
CLT03080,37,Centre-Val de Loire,10,0,Web,0.01,2017-02-07
CLT03081,32,Bretagne,10,2,Web,0.1242,2017-07-24
CLT03082,37,Centre-Val de Loire,1,1,Courtier,0.3059,2016-12-17
CLT03083,46,Grand Est,10,0,Web,0.0239,2020-02-24
CLT03084,38,Centre-Val de Loire,8,0,Agent,0.0159,2019-05-21
CLT03085,36,Centre-Val de Loire,1,0,Web,0.1756,2019-04-21
CLT03086,52,Nouvelle-Aquitaine,0,0,Agent,0.0672,2016-09-19
CLT03087,40,Hauts-de-France,0,0,Partenaire banque,0.0676,2020-10-20
CLT03088,39,Occitanie,1,1,Téléphone,0.2918,2020-02-03
CLT03089,46,Hauts-de-France,1,1,Web,0.0241,2019-10-22
CLT03090,37,Île-de-France,1,0,Partenaire banque,0.0124,2019-11-22
CLT03091,50,Grand Est,2,0,Agent,0.1505,2019-10-28
CLT03092,43,Grand Est,6,1,Téléphone,0.0716,2016-01-07
CLT03093,25,Bretagne,3,0,Agent,0.2107,2019-08-26
CLT03094,62,Île-de-France,8,0,Téléphone,0.01,2017-10-25
CLT03095,42,Bretagne,4,1,Téléphone,0.2354,2018-04-15
CLT03096,36,Hauts-de-France,0,2,Web,0.3389,2018-11-29
CLT03097,47,Normandie,1,1,Courtier,0.4085,2018-11-27
CLT03098,45,Île-de-France,3,0,Téléphone,0.2369,2017-04-06
CLT03099,43,Île-de-France,11,0,Web,0.0489,2018-05-12
CLT03100,65,Grand Est,5,1,Courtier,0.2061,2016-01-13
CLT03101,39,Bretagne,0,0,Web,0.01,2016-06-18
CLT03102,35,Centre-Val de Loire,1,0,Téléphone,0.0775,2020-02-21
CLT03103,46,Occitanie,6,2,Partenaire banque,0.2427,2018-05-19
CLT03104,32,Auvergne-Rhône-Alpes,2,1,Téléphone,0.2132,2017-02-09
CLT03105,56,Nouvelle-Aquitaine,1,1,Web,0.2754,2016-05-10
CLT03106,47,Auvergne-Rhône-Alpes,2,1,Web,0.1472,2018-06-05
CLT03107,58,Île-de-France,3,0,Courtier,0.0244,2019-07-08
CLT03108,61,Provence-Alpes-Côte d'Azur,10,0,Téléphone,0.01,2017-05-23
CLT03109,63,Auvergne-Rhône-Alpes,5,0,Courtier,0.0882,2017-11-30
CLT03110,60,Île-de-France,7,1,Téléphone,0.1951,2018-12-02
CLT03111,41,Occitanie,0,0,Partenaire banque,0.0807,2020-05-09
CLT03112,40,Centre-Val de Loire,4,0,Agent,0.0534,2020-04-15
CLT03113,40,Auvergne-Rhône-Alpes,3,3,Agent,0.3518,2019-04-02
CLT03114,37,Auvergne-Rhône-Alpes,6,0,Web,0.0228,2016-05-06
CLT03115,19,Île-de-France,1,3,Courtier,0.4736,2020-12-29
CLT03116,46,Auvergne-Rhône-Alpes,11,0,Agent,0.0887,2016-05-08
CLT03117,65,Normandie,1,2,Web,0.3729,2019-06-06
CLT03118,33,Bretagne,7,1,Web,0.01,2019-10-21
CLT03119,37,Île-de-France,6,0,Courtier,0.0431,2017-08-28
CLT03120,61,Bretagne,0,0,Courtier,0.0867,2019-06-20
CLT03121,22,Bretagne,1,4,Web,0.3616,2019-05-14
CLT03122,27,Centre-Val de Loire,7,1,Web,0.0531,2018-02-27
CLT03123,43,Normandie,3,1,Agent,0.01,2020-12-09
CLT03124,40,Centre-Val de Loire,5,2,Agent,0.3367,2017-11-28
CLT03125,40,Île-de-France,2,2,Courtier,0.1353,2017-11-05
CLT03126,22,Centre-Val de Loire,8,1,Web,0.1227,2016-07-31
CLT03127,44,Île-de-France,4,0,Courtier,0.0348,2016-05-20
CLT03128,69,Centre-Val de Loire,1,1,Agent,0.3644,2017-02-02
CLT03129,36,Centre-Val de Loire,1,0,Web,0.0715,2018-11-10
CLT03130,73,Hauts-de-France,3,0,Courtier,0.164,2018-09-14
CLT03131,58,Centre-Val de Loire,2,1,Courtier,0.1519,2017-05-14
CLT03132,35,Nouvelle-Aquitaine,4,3,Agent,0.3746,2016-05-05
CLT03133,21,Nouvelle-Aquitaine,3,0,Web,0.3212,2018-06-13
CLT03134,18,Grand Est,0,1,Partenaire banque,0.2161,2020-03-26
CLT03135,45,Provence-Alpes-Côte d'Azur,4,1,Web,0.2237,2020-12-19
CLT03136,44,Grand Est,20,0,Agent,0.0619,2016-10-30
CLT03137,38,Normandie,3,2,Web,0.2815,2017-12-05
CLT03138,39,Hauts-de-France,4,0,Courtier,0.0919,2016-01-19
CLT03139,18,Grand Est,1,1,Courtier,0.2373,2019-10-23
CLT03140,47,Nouvelle-Aquitaine,1,0,Web,0.1213,2018-11-06
CLT03141,33,Grand Est,11,0,Téléphone,0.01,2018-05-16
CLT03142,37,Provence-Alpes-Côte d'Azur,0,1,Web,0.2311,2017-02-16
CLT03143,48,Occitanie,0,1,Agent,0.3748,2017-12-02
CLT03144,42,Occitanie,3,0,Agent,0.2441,2019-11-25
CLT03145,44,Normandie,2,0,Courtier,0.01,2017-11-11
CLT03146,58,Centre-Val de Loire,0,0,Courtier,0.2095,2017-11-20
CLT03147,30,Centre-Val de Loire,1,0,Web,0.0713,2017-11-06
CLT03148,35,Nouvelle-Aquitaine,6,2,Web,0.411,2020-12-01
CLT03149,66,Île-de-France,1,0,Courtier,0.1675,2016-01-10
CLT03150,45,Occitanie,3,1,Agent,0.1851,2018-08-15
CLT03151,44,Centre-Val de Loire,0,1,Web,0.0532,2018-09-13
CLT03152,50,Provence-Alpes-Côte d'Azur,2,0,Téléphone,0.1357,2018-02-10
CLT03153,36,Occitanie,0,0,Courtier,0.1103,2020-08-20
CLT03154,49,Île-de-France,7,0,Courtier,0.01,2016-06-02
CLT03155,26,Provence-Alpes-Côte d'Azur,9,0,Web,0.01,2016-08-25
CLT03156,28,Nouvelle-Aquitaine,3,0,Web,0.249,2017-02-04
CLT03157,58,Centre-Val de Loire,3,0,Téléphone,0.01,2018-01-09
CLT03158,36,Île-de-France,2,2,Partenaire banque,0.1793,2017-02-13
CLT03159,31,Occitanie,2,0,Web,0.0192,2017-03-26
CLT03160,29,Hauts-de-France,3,4,Agent,0.4511,2017-11-28
CLT03161,32,Grand Est,0,2,Web,0.2385,2017-02-07
CLT03162,60,Île-de-France,10,2,Web,0.2735,2017-06-22
CLT03163,50,Auvergne-Rhône-Alpes,1,0,Web,0.01,2019-10-21
CLT03164,54,Nouvelle-Aquitaine,5,0,Courtier,0.1334,2020-06-02
CLT03165,18,Auvergne-Rhône-Alpes,0,1,Web,0.2913,2017-03-08
CLT03166,43,Hauts-de-France,0,1,Courtier,0.1777,2018-01-29
CLT03167,18,Provence-Alpes-Côte d'Azur,7,0,Agent,0.1861,2018-12-17
CLT03168,51,Centre-Val de Loire,1,0,Téléphone,0.0469,2020-12-05
CLT03169,64,Auvergne-Rhône-Alpes,1,0,Web,0.01,2020-12-14
CLT03170,43,Nouvelle-Aquitaine,5,0,Agent,0.01,2017-01-29
CLT03171,30,Grand Est,0,0,Courtier,0.084,2018-02-07
CLT03172,80,Provence-Alpes-Côte d'Azur,11,0,Courtier,0.01,2019-07-28
CLT03173,51,Occitanie,2,1,Partenaire banque,0.4227,2020-04-13
CLT03174,43,Centre-Val de Loire,1,0,Courtier,0.064,2020-10-17
CLT03175,30,Grand Est,3,0,Web,0.01,2016-11-02
CLT03176,34,Provence-Alpes-Côte d'Azur,2,1,Web,0.01,2019-07-15
CLT03177,43,Hauts-de-France,6,0,Téléphone,0.098,2020-10-11
CLT03178,56,Grand Est,9,0,Partenaire banque,0.01,2020-12-21
CLT03179,41,Normandie,9,0,Web,0.01,2016-06-17
CLT03180,60,Normandie,6,1,Agent,0.236,2019-06-15
CLT03181,43,Auvergne-Rhône-Alpes,5,0,Web,0.0892,2018-03-07
CLT03182,25,Grand Est,1,1,Courtier,0.2732,2018-11-30
CLT03183,26,Normandie,3,0,Web,0.1605,2020-01-01
CLT03184,19,Provence-Alpes-Côte d'Azur,5,1,Courtier,0.272,2018-09-18
CLT03185,56,Normandie,4,1,Courtier,0.0329,2019-04-07
CLT03186,20,Bretagne,1,0,Agent,0.01,2020-06-09
CLT03187,33,Centre-Val de Loire,11,3,Agent,0.3277,2017-03-02
CLT03188,38,Occitanie,0,1,Téléphone,0.2232,2018-07-16
CLT03189,30,Occitanie,4,0,Courtier,0.1413,2017-09-20
CLT03190,37,Bretagne,4,0,Téléphone,0.094,2019-03-18
CLT03191,41,Nouvelle-Aquitaine,0,1,Partenaire banque,0.1236,2018-02-07
CLT03192,53,Hauts-de-France,1,0,Courtier,0.01,2016-10-04
CLT03193,35,Auvergne-Rhône-Alpes,0,0,Web,0.1455,2018-11-30
CLT03194,60,Provence-Alpes-Côte d'Azur,1,1,Web,0.01,2016-03-27
CLT03195,18,Normandie,4,1,Courtier,0.1016,2017-11-21
CLT03196,19,Bretagne,0,0,Courtier,0.056,2018-06-06
CLT03197,30,Bretagne,1,1,Courtier,0.155,2018-10-17
CLT03198,53,Provence-Alpes-Côte d'Azur,2,0,Web,0.2311,2016-02-22
CLT03199,59,Nouvelle-Aquitaine,1,0,Courtier,0.01,2017-06-29
CLT03200,70,Auvergne-Rhône-Alpes,2,1,Courtier,0.0825,2016-06-19
CLT03201,53,Hauts-de-France,5,0,Téléphone,0.0464,2018-11-18
CLT03202,49,Grand Est,7,0,Agent,0.01,2020-05-30
CLT03203,70,Hauts-de-France,2,1,Partenaire banque,0.2654,2016-07-22
CLT03204,21,Auvergne-Rhône-Alpes,0,0,Web,0.2357,2016-03-21
CLT03205,58,Grand Est,1,1,Web,0.3336,2017-02-08
CLT03206,41,Provence-Alpes-Côte d'Azur,5,0,Web,0.01,2020-03-08
CLT03207,45,Hauts-de-France,19,0,Web,0.2167,2019-05-24
CLT03208,29,Nouvelle-Aquitaine,0,0,Partenaire banque,0.098,2020-03-22
CLT03209,39,Grand Est,4,0,Téléphone,0.1017,2016-01-20
CLT03210,48,Hauts-de-France,0,2,Web,0.415,2017-12-12
CLT03211,75,Bretagne,20,0,Partenaire banque,0.0531,2020-08-12
CLT03212,28,Centre-Val de Loire,9,1,Agent,0.0551,2016-01-27
CLT03213,68,Normandie,3,1,Agent,0.1748,2020-04-09
CLT03214,56,Nouvelle-Aquitaine,0,0,Téléphone,0.0629,2017-04-13
CLT03215,40,Occitanie,1,1,Agent,0.1478,2017-03-07
CLT03216,69,Normandie,0,0,Web,0.0191,2019-04-19
CLT03217,62,Grand Est,5,0,Agent,0.1814,2020-01-21
CLT03218,55,Normandie,13,0,Web,0.1142,2016-06-26
CLT03219,72,Provence-Alpes-Côte d'Azur,20,0,Téléphone,0.1101,2018-05-30
CLT03220,18,Bretagne,2,0,Web,0.1683,2018-07-12
CLT03221,43,Grand Est,1,0,Web,0.0316,2016-10-13
CLT03222,37,Centre-Val de Loire,12,1,Téléphone,0.0868,2017-09-19
CLT03223,54,Île-de-France,2,1,Courtier,0.1634,2019-09-13
CLT03224,48,Provence-Alpes-Côte d'Azur,1,0,Web,0.2535,2018-05-10
CLT03225,38,Bretagne,0,0,Agent,0.3473,2018-04-08
CLT03226,60,Grand Est,0,0,Web,0.1059,2019-04-19
CLT03227,48,Île-de-France,1,1,Courtier,0.2963,2016-03-08
CLT03228,48,Nouvelle-Aquitaine,11,0,Web,0.01,2017-11-09
CLT03229,36,Centre-Val de Loire,0,0,Agent,0.0147,2019-05-21
CLT03230,50,Centre-Val de Loire,8,0,Courtier,0.01,2018-03-13
CLT03231,40,Bretagne,0,0,Web,0.1015,2018-03-13
CLT03232,33,Auvergne-Rhône-Alpes,8,1,Courtier,0.1631,2017-01-22
CLT03233,47,Normandie,9,1,Web,0.01,2019-03-14
CLT03234,18,Normandie,20,1,Agent,0.2344,2017-09-17
CLT03235,68,Auvergne-Rhône-Alpes,1,0,Web,0.01,2019-10-16
CLT03236,51,Grand Est,3,0,Web,0.0535,2020-08-21
CLT03237,37,Centre-Val de Loire,1,0,Courtier,0.1462,2017-01-19
CLT03238,60,Occitanie,2,1,Web,0.4073,2018-03-03
CLT03239,33,Hauts-de-France,6,1,Web,0.1909,2017-08-21
CLT03240,71,Grand Est,0,1,Web,0.1771,2016-04-29
CLT03241,45,Provence-Alpes-Côte d'Azur,5,0,Courtier,0.01,2016-12-19
CLT03242,35,Provence-Alpes-Côte d'Azur,5,0,Téléphone,0.2941,2018-04-23
CLT03243,53,Bretagne,12,1,Web,0.0986,2016-08-16
CLT03244,31,Nouvelle-Aquitaine,2,0,Courtier,0.01,2018-09-08
CLT03245,61,Auvergne-Rhône-Alpes,5,2,Courtier,0.1018,2020-11-09
CLT03246,76,Occitanie,0,0,Web,0.2038,2017-02-27
CLT03247,55,Hauts-de-France,9,0,Courtier,0.0468,2019-12-26
CLT03248,59,Normandie,3,0,Web,0.087,2019-03-25
CLT03249,42,Hauts-de-France,9,0,Courtier,0.0199,2018-10-28
CLT03250,59,Normandie,0,1,Web,0.2087,2016-01-18
CLT03251,48,Nouvelle-Aquitaine,0,0,Courtier,0.2221,2020-08-17
CLT03252,56,Bretagne,2,1,Agent,0.3236,2017-05-22
CLT03253,31,Grand Est,10,0,Web,0.01,2019-03-13
CLT03254,61,Normandie,0,0,Courtier,0.1131,2019-03-27
CLT03255,53,Île-de-France,3,2,Agent,0.1914,2017-08-14
CLT03256,47,Normandie,1,2,Web,0.4618,2020-09-23
CLT03257,28,Hauts-de-France,2,0,Courtier,0.01,2020-08-15
CLT03258,18,Nouvelle-Aquitaine,3,0,Courtier,0.0146,2017-01-04
CLT03259,55,Centre-Val de Loire,12,1,Agent,0.1279,2018-07-28
CLT03260,29,Bretagne,0,0,Téléphone,0.0578,2017-01-12
CLT03261,67,Centre-Val de Loire,7,3,Web,0.3678,2019-12-03
CLT03262,44,Île-de-France,4,1,Web,0.1113,2020-11-19
CLT03263,39,Nouvelle-Aquitaine,1,0,Web,0.0934,2019-07-12
CLT03264,60,Grand Est,0,0,Web,0.1092,2016-05-18
CLT03265,37,Occitanie,2,0,Téléphone,0.0559,2018-04-24
CLT03266,35,Grand Est,0,1,Web,0.208,2018-01-27
CLT03267,42,Auvergne-Rhône-Alpes,7,1,Agent,0.0868,2018-11-01
CLT03268,65,Provence-Alpes-Côte d'Azur,0,3,Courtier,0.4917,2016-12-05
CLT03269,52,Hauts-de-France,4,1,Web,0.2942,2016-04-03
CLT03270,26,Normandie,9,0,Web,0.01,2019-08-03
CLT03271,44,Normandie,4,2,Courtier,0.2669,2020-03-09
CLT03272,34,Bretagne,2,0,Téléphone,0.1626,2018-03-25
CLT03273,35,Île-de-France,1,1,Web,0.0264,2016-08-24
CLT03274,28,Nouvelle-Aquitaine,4,2,Web,0.1912,2020-03-15
CLT03275,42,Normandie,3,0,Courtier,0.1875,2016-05-21
CLT03276,21,Auvergne-Rhône-Alpes,1,0,Courtier,0.0856,2017-05-13
CLT03277,50,Normandie,3,0,Web,0.146,2020-08-09
CLT03278,47,Hauts-de-France,3,0,Téléphone,0.0636,2016-12-17
CLT03279,49,Île-de-France,2,0,Agent,0.01,2016-12-30
CLT03280,49,Hauts-de-France,4,0,Web,0.1456,2020-02-29
CLT03281,50,Bretagne,7,0,Web,0.0118,2019-10-09
CLT03282,39,Île-de-France,1,2,Agent,0.1703,2016-11-12
CLT03283,48,Normandie,0,0,Courtier,0.117,2017-03-21
CLT03284,18,Île-de-France,1,2,Téléphone,0.2757,2018-12-28
CLT03285,49,Occitanie,5,0,Courtier,0.01,2016-04-09
CLT03286,39,Grand Est,6,1,Agent,0.1305,2020-01-09
CLT03287,39,Auvergne-Rhône-Alpes,1,0,Courtier,0.01,2017-09-25
CLT03288,42,Normandie,5,0,Web,0.1567,2016-01-12
CLT03289,37,Île-de-France,0,0,Agent,0.01,2020-04-22
CLT03290,38,Occitanie,12,0,Partenaire banque,0.01,2018-02-08
CLT03291,45,Occitanie,15,0,Web,0.01,2016-02-04
CLT03292,35,Bretagne,8,2,Web,0.1713,2016-02-01
CLT03293,53,Provence-Alpes-Côte d'Azur,7,1,Téléphone,0.2526,2019-10-26
CLT03294,52,Auvergne-Rhône-Alpes,2,0,Web,0.01,2020-12-13
CLT03295,50,Auvergne-Rhône-Alpes,11,0,Agent,0.0959,2020-08-29
CLT03296,24,Nouvelle-Aquitaine,9,0,Agent,0.0909,2016-04-02
CLT03297,57,Bretagne,1,2,Courtier,0.3509,2020-07-30
CLT03298,50,Provence-Alpes-Côte d'Azur,13,0,Web,0.01,2019-07-09
CLT03299,77,Occitanie,0,0,Agent,0.01,2019-01-16
CLT03300,47,Bretagne,4,1,Partenaire banque,0.01,2016-09-06
CLT03301,49,Occitanie,8,0,Web,0.1194,2018-01-02
CLT03302,18,Provence-Alpes-Côte d'Azur,10,2,Web,0.1504,2018-04-05
CLT03303,29,Provence-Alpes-Côte d'Azur,1,1,Web,0.2159,2017-03-13
CLT03304,45,Normandie,5,0,Web,0.01,2019-09-11
CLT03305,37,Hauts-de-France,0,1,Agent,0.0132,2018-01-27
CLT03306,46,Île-de-France,4,0,Web,0.1006,2017-03-25
CLT03307,18,Bretagne,1,1,Web,0.3294,2019-05-13
CLT03308,46,Normandie,2,0,Partenaire banque,0.3417,2016-07-29
CLT03309,35,Grand Est,3,1,Agent,0.1935,2020-10-09
CLT03310,26,Centre-Val de Loire,3,0,Web,0.0781,2016-07-15
CLT03311,29,Centre-Val de Loire,2,2,Web,0.2827,2019-07-18
CLT03312,51,Bretagne,9,0,Agent,0.01,2020-04-30
CLT03313,45,Nouvelle-Aquitaine,3,3,Web,0.5018,2019-07-27
CLT03314,71,Provence-Alpes-Côte d'Azur,1,1,Partenaire banque,0.2896,2019-09-28
CLT03315,37,Normandie,5,1,Web,0.0504,2016-02-08
CLT03316,31,Centre-Val de Loire,9,1,Téléphone,0.1379,2018-07-10
CLT03317,32,Bretagne,3,1,Courtier,0.2499,2020-03-01
CLT03318,43,Occitanie,1,3,Courtier,0.3955,2019-12-16
CLT03319,38,Île-de-France,7,1,Web,0.122,2019-06-18
CLT03320,33,Auvergne-Rhône-Alpes,5,2,Web,0.2282,2020-02-22
CLT03321,49,Bretagne,3,0,Agent,0.1411,2019-06-25
CLT03322,45,Auvergne-Rhône-Alpes,2,0,Web,0.153,2018-02-08
CLT03323,47,Normandie,1,0,Web,0.01,2016-11-08
CLT03324,24,Bretagne,6,0,Web,0.0586,2016-03-20
CLT03325,26,Occitanie,1,0,Partenaire banque,0.1135,2019-05-11
CLT03326,50,Normandie,1,1,Agent,0.2571,2017-11-06
CLT03327,66,Nouvelle-Aquitaine,6,1,Web,0.1967,2019-08-13
CLT03328,43,Île-de-France,4,2,Courtier,0.3099,2018-05-01
CLT03329,33,Hauts-de-France,0,0,Agent,0.01,2017-04-16
CLT03330,43,Provence-Alpes-Côte d'Azur,3,1,Web,0.1693,2017-02-27
CLT03331,47,Grand Est,4,0,Web,0.1724,2019-09-25
CLT03332,71,Occitanie,3,3,Téléphone,0.4464,2019-11-28
CLT03333,34,Occitanie,1,0,Agent,0.01,2018-02-22
CLT03334,34,Grand Est,1,3,Web,0.5559,2018-06-26
CLT03335,18,Île-de-France,1,0,Web,0.1087,2018-10-05
CLT03336,50,Auvergne-Rhône-Alpes,1,0,Partenaire banque,0.01,2016-04-18
CLT03337,37,Nouvelle-Aquitaine,0,0,Partenaire banque,0.01,2016-09-16
CLT03338,43,Auvergne-Rhône-Alpes,3,1,Web,0.1555,2019-01-31
CLT03339,30,Occitanie,2,0,Web,0.0562,2016-06-11
CLT03340,65,Bretagne,7,1,Agent,0.1076,2017-10-01
CLT03341,32,Nouvelle-Aquitaine,4,0,Agent,0.0805,2017-05-18
CLT03342,20,Bretagne,0,0,Web,0.2632,2017-05-26
CLT03343,44,Hauts-de-France,14,0,Web,0.0733,2018-07-09
CLT03344,61,Occitanie,2,0,Web,0.1113,2020-05-21
CLT03345,67,Normandie,5,2,Web,0.3848,2018-01-08
CLT03346,35,Bretagne,5,1,Courtier,0.0145,2018-08-24
CLT03347,18,Normandie,1,0,Courtier,0.1826,2019-06-04
CLT03348,50,Bretagne,13,0,Agent,0.053,2020-08-07
CLT03349,21,Normandie,1,1,Web,0.4109,2018-02-22
CLT03350,50,Bretagne,5,0,Téléphone,0.1239,2020-04-05
CLT03351,33,Hauts-de-France,9,0,Courtier,0.1506,2016-11-10
CLT03352,48,Grand Est,1,0,Agent,0.01,2017-06-12
CLT03353,58,Bretagne,2,0,Courtier,0.0775,2018-07-19
CLT03354,34,Hauts-de-France,2,1,Courtier,0.0316,2019-05-28
CLT03355,34,Normandie,1,0,Web,0.01,2016-10-08
CLT03356,33,Normandie,2,1,Web,0.2857,2017-01-25
CLT03357,47,Île-de-France,2,1,Web,0.3553,2018-10-24
CLT03358,44,Provence-Alpes-Côte d'Azur,3,2,Courtier,0.3695,2018-05-03
CLT03359,36,Bretagne,3,0,Partenaire banque,0.2256,2018-02-05
CLT03360,50,Bretagne,3,1,Courtier,0.01,2019-08-07
CLT03361,66,Centre-Val de Loire,2,1,Web,0.1874,2020-12-19
CLT03362,18,Île-de-France,0,1,Partenaire banque,0.1136,2016-09-13
CLT03363,61,Bretagne,3,0,Partenaire banque,0.0719,2016-11-30
CLT03364,32,Occitanie,5,1,Agent,0.2365,2017-06-08
CLT03365,30,Provence-Alpes-Côte d'Azur,0,1,Courtier,0.1358,2018-09-29
CLT03366,32,Provence-Alpes-Côte d'Azur,2,1,Agent,0.2604,2019-08-28
CLT03367,55,Bretagne,0,2,Partenaire banque,0.4424,2020-02-17
CLT03368,35,Occitanie,1,0,Web,0.0187,2016-03-13
CLT03369,51,Provence-Alpes-Côte d'Azur,4,1,Agent,0.1004,2019-10-19
CLT03370,25,Île-de-France,0,0,Agent,0.1629,2019-08-16
CLT03371,53,Nouvelle-Aquitaine,1,0,Web,0.0313,2018-07-23
CLT03372,55,Nouvelle-Aquitaine,0,0,Web,0.1821,2019-05-20
CLT03373,58,Centre-Val de Loire,3,0,Partenaire banque,0.01,2020-09-21
CLT03374,32,Nouvelle-Aquitaine,5,3,Web,0.4242,2020-04-29
CLT03375,41,Auvergne-Rhône-Alpes,4,0,Agent,0.076,2018-02-28
CLT03376,52,Bretagne,4,0,Agent,0.1323,2016-06-15
CLT03377,28,Grand Est,2,0,Téléphone,0.0774,2020-12-01
CLT03378,27,Bretagne,1,0,Web,0.0451,2018-05-26
CLT03379,42,Hauts-de-France,2,0,Agent,0.1627,2018-10-24
CLT03380,51,Grand Est,0,0,Agent,0.1206,2018-02-24
CLT03381,41,Centre-Val de Loire,0,0,Web,0.1231,2018-04-24
CLT03382,47,Auvergne-Rhône-Alpes,20,1,Web,0.0803,2019-03-20
CLT03383,41,Provence-Alpes-Côte d'Azur,2,1,Téléphone,0.0959,2017-07-06
CLT03384,42,Occitanie,4,1,Partenaire banque,0.2341,2018-03-28
CLT03385,36,Hauts-de-France,0,0,Web,0.0752,2016-12-12
CLT03386,31,Normandie,16,0,Web,0.01,2016-05-25
CLT03387,29,Bretagne,1,0,Courtier,0.0994,2019-09-04
CLT03388,40,Hauts-de-France,0,0,Agent,0.1563,2016-12-17
CLT03389,36,Nouvelle-Aquitaine,3,0,Courtier,0.0159,2019-12-14
CLT03390,74,Nouvelle-Aquitaine,2,0,Web,0.01,2017-01-09
CLT03391,32,Grand Est,2,0,Partenaire banque,0.1898,2018-07-13
CLT03392,53,Centre-Val de Loire,4,0,Téléphone,0.0306,2017-01-17
CLT03393,54,Occitanie,4,0,Web,0.0811,2017-01-11
CLT03394,36,Occitanie,2,0,Web,0.1545,2020-11-22
CLT03395,43,Bretagne,2,1,Courtier,0.01,2019-07-04
CLT03396,47,Auvergne-Rhône-Alpes,0,1,Téléphone,0.1797,2016-12-08
CLT03397,69,Auvergne-Rhône-Alpes,0,1,Web,0.2055,2018-02-14
CLT03398,31,Auvergne-Rhône-Alpes,3,2,Web,0.2532,2017-12-03
CLT03399,52,Île-de-France,2,1,Courtier,0.1871,2018-09-07
CLT03400,58,Normandie,0,1,Agent,0.1693,2016-07-27
CLT03401,73,Île-de-France,2,0,Web,0.0936,2020-03-21
CLT03402,46,Île-de-France,6,2,Agent,0.0164,2020-06-06
CLT03403,54,Île-de-France,2,1,Web,0.247,2018-12-07
CLT03404,29,Île-de-France,1,2,Courtier,0.2695,2018-12-03
CLT03405,28,Hauts-de-France,4,2,Partenaire banque,0.2186,2018-08-29
CLT03406,30,Provence-Alpes-Côte d'Azur,5,1,Agent,0.1611,2017-11-22
CLT03407,44,Provence-Alpes-Côte d'Azur,6,2,Agent,0.2636,2017-12-05
CLT03408,40,Provence-Alpes-Côte d'Azur,6,0,Téléphone,0.01,2018-01-11
CLT03409,42,Bretagne,1,0,Courtier,0.2657,2016-04-29
CLT03410,29,Provence-Alpes-Côte d'Azur,1,1,Téléphone,0.3057,2020-07-11
CLT03411,61,Auvergne-Rhône-Alpes,1,1,Web,0.0556,2020-11-19
CLT03412,48,Bretagne,4,0,Agent,0.01,2020-12-25
CLT03413,32,Nouvelle-Aquitaine,4,0,Web,0.1709,2016-09-10
CLT03414,36,Grand Est,1,0,Web,0.0906,2019-12-05
CLT03415,18,Occitanie,2,0,Courtier,0.0547,2019-06-22
CLT03416,60,Normandie,1,1,Courtier,0.1202,2019-09-16
CLT03417,64,Occitanie,12,0,Web,0.01,2019-08-01
CLT03418,43,Provence-Alpes-Côte d'Azur,11,1,Web,0.06,2018-01-09
CLT03419,72,Île-de-France,3,2,Partenaire banque,0.2226,2020-02-17
CLT03420,18,Provence-Alpes-Côte d'Azur,4,0,Agent,0.0898,2017-04-25
CLT03421,37,Centre-Val de Loire,0,0,Courtier,0.097,2020-02-24
CLT03422,34,Centre-Val de Loire,2,0,Agent,0.1617,2017-12-16
CLT03423,29,Bretagne,20,0,Partenaire banque,0.13,2018-09-04
CLT03424,47,Auvergne-Rhône-Alpes,7,0,Agent,0.01,2017-08-26
CLT03425,37,Centre-Val de Loire,10,0,Web,0.0145,2016-10-22
CLT03426,41,Grand Est,2,3,Téléphone,0.4667,2020-05-28
CLT03427,85,Grand Est,2,1,Web,0.2495,2018-10-18
CLT03428,56,Auvergne-Rhône-Alpes,0,1,Web,0.3009,2019-10-12
CLT03429,33,Grand Est,3,0,Partenaire banque,0.0953,2018-08-16
CLT03430,63,Nouvelle-Aquitaine,4,0,Téléphone,0.064,2016-08-26
CLT03431,47,Normandie,0,2,Agent,0.3081,2017-05-10
CLT03432,28,Occitanie,9,0,Web,0.01,2020-03-24
CLT03433,44,Auvergne-Rhône-Alpes,0,1,Web,0.1357,2020-01-07
CLT03434,46,Île-de-France,0,0,Web,0.1391,2017-11-01
CLT03435,35,Bretagne,14,1,Agent,0.2428,2017-03-29
CLT03436,47,Hauts-de-France,8,0,Agent,0.01,2019-10-07
CLT03437,28,Auvergne-Rhône-Alpes,1,0,Agent,0.01,2019-01-01
CLT03438,50,Normandie,9,0,Web,0.01,2019-11-19
CLT03439,47,Provence-Alpes-Côte d'Azur,5,1,Téléphone,0.1114,2019-03-27
CLT03440,43,Centre-Val de Loire,3,0,Web,0.01,2017-12-05
CLT03441,25,Bretagne,2,1,Téléphone,0.2175,2020-03-03
CLT03442,34,Bretagne,1,0,Agent,0.2819,2020-05-28
CLT03443,37,Grand Est,4,1,Partenaire banque,0.1536,2018-06-15
CLT03444,33,Occitanie,1,1,Web,0.1524,2016-08-26
CLT03445,18,Hauts-de-France,0,0,Web,0.3177,2016-07-03
CLT03446,52,Provence-Alpes-Côte d'Azur,0,0,Agent,0.2485,2017-01-22
CLT03447,57,Auvergne-Rhône-Alpes,1,1,Courtier,0.2402,2016-09-19
CLT03448,34,Provence-Alpes-Côte d'Azur,6,2,Partenaire banque,0.3803,2019-03-29
CLT03449,53,Île-de-France,0,0,Web,0.1519,2019-04-25
CLT03450,38,Grand Est,3,0,Web,0.0863,2018-03-07
CLT03451,33,Bretagne,3,0,Web,0.0365,2018-01-19
CLT03452,49,Nouvelle-Aquitaine,2,0,Courtier,0.0504,2019-05-19
CLT03453,48,Centre-Val de Loire,0,0,Web,0.1251,2018-03-22
CLT03454,19,Île-de-France,5,2,Courtier,0.3944,2018-08-03
CLT03455,21,Provence-Alpes-Côte d'Azur,4,0,Web,0.0716,2017-09-01
CLT03456,50,Occitanie,0,0,Courtier,0.0643,2018-07-24
CLT03457,51,Nouvelle-Aquitaine,0,0,Agent,0.01,2016-10-27
CLT03458,56,Île-de-France,1,1,Courtier,0.2274,2017-09-26
CLT03459,31,Grand Est,0,1,Partenaire banque,0.3832,2016-09-11
CLT03460,35,Hauts-de-France,4,0,Partenaire banque,0.01,2019-12-19
CLT03461,18,Centre-Val de Loire,1,0,Courtier,0.0449,2020-08-26
CLT03462,61,Occitanie,5,1,Courtier,0.1156,2019-12-15
CLT03463,40,Bretagne,18,0,Web,0.0231,2020-07-19
CLT03464,18,Provence-Alpes-Côte d'Azur,1,3,Web,0.4039,2020-01-09
CLT03465,29,Occitanie,20,1,Téléphone,0.0921,2020-07-19
CLT03466,57,Occitanie,11,0,Agent,0.01,2016-04-19
CLT03467,30,Nouvelle-Aquitaine,6,0,Téléphone,0.01,2020-01-31
CLT03468,38,Bretagne,2,0,Web,0.031,2020-07-29
CLT03469,49,Nouvelle-Aquitaine,1,0,Partenaire banque,0.2502,2019-01-29
CLT03470,18,Bretagne,1,1,Web,0.2166,2019-10-22
CLT03471,26,Normandie,3,0,Partenaire banque,0.1239,2020-04-02
CLT03472,63,Bretagne,5,0,Courtier,0.0642,2018-12-19
CLT03473,46,Hauts-de-France,3,0,Web,0.0854,2017-02-05
CLT03474,32,Grand Est,8,0,Courtier,0.0511,2016-09-27
CLT03475,33,Provence-Alpes-Côte d'Azur,1,1,Agent,0.1751,2019-04-05
CLT03476,52,Île-de-France,2,0,Téléphone,0.0755,2019-12-26
CLT03477,26,Hauts-de-France,0,0,Courtier,0.3393,2016-12-03
CLT03478,52,Centre-Val de Loire,0,0,Web,0.1189,2019-11-28
CLT03479,58,Normandie,1,1,Web,0.1409,2016-10-25
CLT03480,43,Occitanie,4,0,Web,0.1276,2020-03-14
CLT03481,34,Occitanie,0,0,Agent,0.1475,2016-01-21
CLT03482,48,Provence-Alpes-Côte d'Azur,2,1,Agent,0.2401,2019-03-26
CLT03483,48,Auvergne-Rhône-Alpes,4,0,Agent,0.112,2020-10-26
CLT03484,23,Nouvelle-Aquitaine,3,1,Courtier,0.3319,2018-05-26
CLT03485,30,Nouvelle-Aquitaine,3,0,Partenaire banque,0.01,2016-07-17
CLT03486,54,Provence-Alpes-Côte d'Azur,3,0,Partenaire banque,0.01,2017-01-04
CLT03487,54,Île-de-France,5,0,Web,0.0206,2018-11-23
CLT03488,41,Provence-Alpes-Côte d'Azur,1,0,Courtier,0.0708,2016-11-02
CLT03489,48,Bretagne,2,0,Web,0.1211,2016-09-02
CLT03490,34,Occitanie,5,0,Courtier,0.0683,2017-09-13
CLT03491,44,Centre-Val de Loire,0,0,Partenaire banque,0.01,2019-08-31
CLT03492,39,Bretagne,0,1,Agent,0.3409,2020-06-18
CLT03493,39,Auvergne-Rhône-Alpes,2,2,Agent,0.451,2020-11-08
CLT03494,52,Bretagne,0,0,Web,0.0607,2019-09-01
CLT03495,52,Normandie,5,1,Courtier,0.2933,2016-09-04
CLT03496,48,Auvergne-Rhône-Alpes,2,0,Web,0.1875,2018-09-30
CLT03497,51,Grand Est,1,0,Web,0.1275,2019-04-18
CLT03498,43,Centre-Val de Loire,0,2,Partenaire banque,0.3717,2018-09-11
CLT03499,30,Hauts-de-France,8,0,Agent,0.0869,2016-07-14
CLT03500,37,Centre-Val de Loire,0,0,Web,0.174,2018-09-20
CLT03501,54,Bretagne,12,2,Web,0.1007,2016-09-15
CLT03502,50,Auvergne-Rhône-Alpes,4,0,Web,0.1053,2020-01-03
CLT03503,62,Grand Est,1,2,Web,0.3819,2020-07-24
CLT03504,56,Île-de-France,4,0,Courtier,0.1492,2020-08-03
CLT03505,40,Grand Est,0,2,Agent,0.4013,2018-12-23
CLT03506,48,Normandie,4,0,Web,0.106,2020-09-12
CLT03507,52,Centre-Val de Loire,2,0,Courtier,0.1122,2020-08-05
CLT03508,30,Auvergne-Rhône-Alpes,8,2,Agent,0.2088,2017-03-02
CLT03509,31,Auvergne-Rhône-Alpes,4,2,Web,0.3246,2019-05-13
CLT03510,46,Nouvelle-Aquitaine,1,0,Web,0.1984,2018-07-06
CLT03511,25,Provence-Alpes-Côte d'Azur,2,2,Web,0.4007,2016-09-22
CLT03512,18,Centre-Val de Loire,1,0,Web,0.0505,2016-11-28
CLT03513,27,Auvergne-Rhône-Alpes,1,0,Courtier,0.1105,2020-10-11
CLT03514,34,Île-de-France,12,0,Web,0.01,2016-09-14
CLT03515,27,Grand Est,0,0,Web,0.1236,2019-01-21
CLT03516,29,Nouvelle-Aquitaine,1,0,Courtier,0.1173,2019-09-11
CLT03517,42,Île-de-France,0,0,Web,0.01,2016-04-06
CLT03518,18,Grand Est,0,0,Téléphone,0.169,2017-08-25
CLT03519,45,Grand Est,6,3,Courtier,0.3824,2019-03-29
CLT03520,26,Normandie,4,1,Agent,0.1127,2018-12-08
CLT03521,41,Provence-Alpes-Côte d'Azur,2,0,Agent,0.2593,2018-11-13
CLT03522,18,Occitanie,5,2,Agent,0.314,2019-09-21
CLT03523,37,Île-de-France,1,1,Web,0.2641,2017-01-22
CLT03524,39,Nouvelle-Aquitaine,5,0,Web,0.01,2020-09-03
CLT03525,62,Occitanie,5,1,Partenaire banque,0.2685,2019-05-20
CLT03526,34,Grand Est,2,1,Web,0.0877,2018-01-07
CLT03527,56,Hauts-de-France,4,2,Web,0.1904,2019-06-30
CLT03528,33,Bretagne,16,1,Web,0.2858,2017-06-08
CLT03529,56,Hauts-de-France,10,0,Courtier,0.01,2016-12-02
CLT03530,38,Bretagne,1,1,Courtier,0.2325,2017-06-06
CLT03531,33,Bretagne,0,1,Partenaire banque,0.1661,2016-10-22
CLT03532,38,Grand Est,4,0,Web,0.1314,2019-07-15
CLT03533,48,Hauts-de-France,3,2,Partenaire banque,0.1192,2019-11-30
CLT03534,55,Occitanie,3,2,Agent,0.2574,2019-03-02
CLT03535,52,Grand Est,5,1,Agent,0.01,2018-05-11
CLT03536,30,Nouvelle-Aquitaine,0,1,Web,0.1417,2020-06-03
CLT03537,56,Bretagne,0,0,Courtier,0.01,2019-05-23
CLT03538,28,Occitanie,4,2,Web,0.403,2016-09-14
CLT03539,66,Grand Est,5,1,Web,0.1398,2019-01-30
CLT03540,47,Bretagne,5,0,Web,0.01,2019-08-06
CLT03541,46,Auvergne-Rhône-Alpes,1,0,Courtier,0.0336,2017-11-16
CLT03542,35,Hauts-de-France,3,0,Web,0.01,2020-06-24
CLT03543,55,Occitanie,0,1,Web,0.0727,2016-07-21
CLT03544,34,Bretagne,0,1,Partenaire banque,0.1514,2017-04-02
CLT03545,35,Bretagne,5,0,Partenaire banque,0.01,2020-05-24
CLT03546,18,Auvergne-Rhône-Alpes,0,1,Web,0.1797,2020-02-02
CLT03547,50,Hauts-de-France,2,0,Courtier,0.1936,2020-07-12
CLT03548,27,Normandie,2,1,Web,0.2214,2017-12-17
CLT03549,57,Centre-Val de Loire,0,0,Téléphone,0.2213,2019-02-05
CLT03550,41,Hauts-de-France,7,1,Agent,0.0427,2016-04-10
CLT03551,18,Nouvelle-Aquitaine,2,2,Web,0.2543,2020-03-21
CLT03552,52,Bretagne,0,0,Web,0.2329,2020-07-10
CLT03553,38,Grand Est,4,0,Courtier,0.1629,2020-12-13
CLT03554,39,Bretagne,1,0,Courtier,0.2663,2016-09-20
CLT03555,40,Hauts-de-France,0,2,Web,0.4139,2018-11-19
CLT03556,35,Nouvelle-Aquitaine,4,1,Agent,0.0983,2016-10-21
CLT03557,29,Bretagne,3,0,Courtier,0.01,2017-07-03
CLT03558,46,Île-de-France,6,0,Téléphone,0.01,2019-08-04
CLT03559,28,Provence-Alpes-Côte d'Azur,1,2,Agent,0.0948,2017-05-27
CLT03560,53,Centre-Val de Loire,3,0,Courtier,0.01,2018-07-28
CLT03561,50,Nouvelle-Aquitaine,2,2,Courtier,0.3476,2017-12-27
CLT03562,49,Normandie,5,1,Courtier,0.1178,2017-07-20
CLT03563,28,Bretagne,2,0,Courtier,0.1158,2020-01-13
CLT03564,21,Occitanie,0,0,Web,0.2648,2020-10-25
CLT03565,25,Auvergne-Rhône-Alpes,7,1,Partenaire banque,0.01,2018-04-14
CLT03566,49,Provence-Alpes-Côte d'Azur,0,2,Téléphone,0.3154,2019-07-25
CLT03567,59,Auvergne-Rhône-Alpes,0,0,Web,0.2335,2017-05-08
CLT03568,42,Auvergne-Rhône-Alpes,1,1,Web,0.2455,2016-04-29
CLT03569,31,Auvergne-Rhône-Alpes,12,0,Agent,0.0516,2019-02-10
CLT03570,27,Normandie,3,0,Téléphone,0.059,2016-01-24
CLT03571,56,Bretagne,0,1,Agent,0.1527,2020-02-07
CLT03572,42,Nouvelle-Aquitaine,0,0,Courtier,0.1211,2018-11-22
CLT03573,58,Grand Est,2,5,Agent,0.2256,2018-04-12
CLT03574,49,Île-de-France,13,1,Agent,0.1837,2020-08-31
CLT03575,65,Île-de-France,0,0,Agent,0.1861,2019-12-11
CLT03576,18,Grand Est,1,0,Agent,0.2776,2017-05-17
CLT03577,60,Grand Est,2,1,Agent,0.0186,2016-03-29
CLT03578,53,Centre-Val de Loire,0,0,Courtier,0.01,2016-12-13
CLT03579,23,Grand Est,2,0,Téléphone,0.0707,2016-12-26
CLT03580,69,Auvergne-Rhône-Alpes,0,1,Courtier,0.2697,2016-10-02
CLT03581,51,Grand Est,2,0,Courtier,0.01,2016-04-16
CLT03582,45,Bretagne,3,0,Courtier,0.0399,2016-12-17
CLT03583,58,Provence-Alpes-Côte d'Azur,3,0,Partenaire banque,0.0224,2017-11-25
CLT03584,23,Occitanie,2,1,Téléphone,0.13,2020-10-10
CLT03585,54,Auvergne-Rhône-Alpes,3,1,Web,0.1556,2018-09-18
CLT03586,60,Hauts-de-France,2,3,Web,0.5688,2016-01-07
CLT03587,23,Centre-Val de Loire,1,1,Courtier,0.1899,2017-09-18
CLT03588,72,Grand Est,2,2,Téléphone,0.2925,2016-03-15
CLT03589,27,Normandie,5,0,Téléphone,0.1977,2020-10-05
CLT03590,60,Normandie,3,0,Web,0.1314,2016-01-15
CLT03591,39,Centre-Val de Loire,3,0,Courtier,0.01,2017-09-05
CLT03592,35,Provence-Alpes-Côte d'Azur,5,0,Web,0.1635,2017-12-19
CLT03593,32,Nouvelle-Aquitaine,0,0,Courtier,0.01,2016-01-21
CLT03594,50,Auvergne-Rhône-Alpes,1,1,Courtier,0.1849,2017-02-10
CLT03595,43,Auvergne-Rhône-Alpes,4,0,Courtier,0.01,2016-11-12
CLT03596,38,Bretagne,1,1,Web,0.0407,2018-09-27
CLT03597,56,Île-de-France,6,1,Web,0.0478,2019-09-08
CLT03598,20,Hauts-de-France,4,0,Web,0.2094,2018-03-22
CLT03599,57,Provence-Alpes-Côte d'Azur,0,2,Web,0.2803,2018-05-29
CLT03600,18,Nouvelle-Aquitaine,20,0,Courtier,0.04,2017-07-07
CLT03601,65,Auvergne-Rhône-Alpes,10,1,Partenaire banque,0.1845,2019-09-08
CLT03602,37,Normandie,0,2,Web,0.212,2017-12-27
CLT03603,43,Bretagne,0,0,Web,0.3178,2020-12-16
CLT03604,47,Occitanie,0,1,Web,0.1325,2017-08-08
CLT03605,26,Île-de-France,1,0,Web,0.0777,2018-05-14
CLT03606,32,Provence-Alpes-Côte d'Azur,7,1,Téléphone,0.1643,2016-11-26
CLT03607,55,Occitanie,5,0,Partenaire banque,0.172,2019-09-26
CLT03608,35,Hauts-de-France,1,2,Web,0.2294,2018-09-30
CLT03609,27,Grand Est,1,0,Courtier,0.1866,2019-10-30
CLT03610,45,Nouvelle-Aquitaine,1,1,Web,0.1127,2020-04-16
CLT03611,53,Bretagne,0,1,Courtier,0.2059,2020-03-01
CLT03612,49,Bretagne,2,1,Web,0.316,2016-08-10
CLT03613,49,Île-de-France,3,0,Web,0.01,2017-12-07
CLT03614,50,Grand Est,5,0,Web,0.0483,2019-11-04
CLT03615,47,Occitanie,1,1,Web,0.2127,2020-08-28
CLT03616,48,Provence-Alpes-Côte d'Azur,3,0,Courtier,0.01,2019-05-09
CLT03617,47,Île-de-France,7,1,Courtier,0.1668,2017-08-17
CLT03618,57,Hauts-de-France,2,0,Courtier,0.0401,2020-04-09
CLT03619,25,Bretagne,4,0,Web,0.0624,2016-11-10
CLT03620,51,Grand Est,3,2,Web,0.336,2017-07-31
CLT03621,40,Auvergne-Rhône-Alpes,3,0,Téléphone,0.1305,2019-12-08
CLT03622,73,Occitanie,20,2,Agent,0.2815,2018-05-30
CLT03623,41,Occitanie,7,0,Courtier,0.0532,2020-05-24
CLT03624,49,Auvergne-Rhône-Alpes,11,1,Agent,0.1007,2018-10-27
CLT03625,49,Centre-Val de Loire,3,0,Web,0.01,2020-10-18
CLT03626,32,Centre-Val de Loire,2,0,Agent,0.1235,2016-11-02
CLT03627,67,Occitanie,4,0,Web,0.1039,2018-04-03
CLT03628,18,Île-de-France,7,0,Web,0.01,2017-01-30
CLT03629,54,Nouvelle-Aquitaine,1,1,Courtier,0.1034,2019-06-18
CLT03630,40,Occitanie,1,0,Web,0.0955,2016-04-16
CLT03631,60,Bretagne,4,2,Courtier,0.2444,2017-09-21
CLT03632,46,Occitanie,0,0,Web,0.2806,2018-05-24
CLT03633,40,Normandie,2,2,Web,0.2616,2018-05-26
CLT03634,42,Île-de-France,8,0,Web,0.0988,2017-07-07
CLT03635,47,Provence-Alpes-Côte d'Azur,1,0,Web,0.0675,2017-12-21
CLT03636,58,Bretagne,20,0,Web,0.01,2016-04-09
CLT03637,27,Nouvelle-Aquitaine,5,0,Web,0.01,2016-04-18
CLT03638,18,Provence-Alpes-Côte d'Azur,0,1,Web,0.3028,2018-08-26
CLT03639,31,Hauts-de-France,3,1,Téléphone,0.0797,2016-07-27
CLT03640,36,Bretagne,1,2,Web,0.1371,2018-10-05
CLT03641,59,Provence-Alpes-Côte d'Azur,7,1,Web,0.0278,2016-08-18
CLT03642,48,Auvergne-Rhône-Alpes,1,1,Agent,0.3458,2019-11-01
CLT03643,50,Grand Est,6,0,Agent,0.099,2016-09-25
CLT03644,49,Provence-Alpes-Côte d'Azur,4,0,Courtier,0.0922,2020-07-18
CLT03645,69,Provence-Alpes-Côte d'Azur,6,2,Agent,0.101,2019-04-23
CLT03646,66,Grand Est,8,2,Agent,0.2926,2017-05-04
CLT03647,38,Hauts-de-France,2,0,Web,0.2019,2018-02-27
CLT03648,48,Auvergne-Rhône-Alpes,12,0,Téléphone,0.1171,2016-09-26
CLT03649,41,Centre-Val de Loire,0,0,Web,0.0218,2019-04-18
CLT03650,37,Occitanie,0,1,Web,0.1565,2018-07-03
CLT03651,54,Auvergne-Rhône-Alpes,4,1,Web,0.147,2019-01-26
CLT03652,53,Centre-Val de Loire,3,0,Web,0.0996,2020-01-27
CLT03653,43,Normandie,9,0,Partenaire banque,0.113,2017-02-19
CLT03654,49,Grand Est,1,3,Agent,0.377,2016-04-01
CLT03655,54,Nouvelle-Aquitaine,5,2,Web,0.2853,2019-02-03
CLT03656,39,Hauts-de-France,1,1,Téléphone,0.0785,2020-04-06
CLT03657,18,Grand Est,3,0,Partenaire banque,0.0739,2018-01-21
CLT03658,48,Normandie,0,0,Agent,0.0354,2016-08-30
CLT03659,36,Bretagne,1,1,Web,0.1849,2018-05-10
CLT03660,34,Grand Est,0,0,Partenaire banque,0.0756,2018-10-30
CLT03661,21,Île-de-France,7,1,Web,0.2753,2017-07-17
CLT03662,43,Nouvelle-Aquitaine,0,0,Web,0.1043,2019-03-07
CLT03663,39,Île-de-France,3,0,Agent,0.01,2019-11-23
CLT03664,58,Occitanie,3,0,Agent,0.2064,2018-03-27
CLT03665,18,Normandie,2,1,Agent,0.2009,2020-11-19
CLT03666,41,Grand Est,6,1,Partenaire banque,0.1116,2016-12-06
CLT03667,38,Normandie,3,2,Agent,0.1063,2018-02-27
CLT03668,18,Grand Est,6,0,Agent,0.083,2018-04-02
CLT03669,41,Centre-Val de Loire,0,1,Web,0.2166,2017-01-13
CLT03670,31,Île-de-France,5,0,Web,0.01,2017-03-24
CLT03671,43,Centre-Val de Loire,2,1,Agent,0.1468,2020-12-07
CLT03672,28,Grand Est,5,2,Courtier,0.3212,2019-12-22
CLT03673,68,Grand Est,0,0,Web,0.0442,2020-10-13
CLT03674,40,Occitanie,16,0,Web,0.0664,2017-07-05
CLT03675,50,Grand Est,2,1,Web,0.3441,2017-04-05
CLT03676,46,Île-de-France,1,1,Courtier,0.2545,2017-08-22
CLT03677,36,Île-de-France,7,1,Agent,0.2501,2020-12-16
CLT03678,26,Hauts-de-France,2,0,Partenaire banque,0.1336,2017-07-09
CLT03679,21,Île-de-France,2,0,Agent,0.3944,2017-05-26
CLT03680,58,Occitanie,1,2,Courtier,0.3936,2016-01-05
CLT03681,44,Provence-Alpes-Côte d'Azur,0,0,Agent,0.1241,2018-01-27
CLT03682,59,Provence-Alpes-Côte d'Azur,7,0,Web,0.1612,2019-12-17
CLT03683,29,Grand Est,1,0,Web,0.0746,2016-10-02
CLT03684,42,Bretagne,7,0,Téléphone,0.1247,2017-08-28
CLT03685,31,Provence-Alpes-Côte d'Azur,1,1,Partenaire banque,0.1054,2019-07-07
CLT03686,43,Île-de-France,2,1,Téléphone,0.162,2017-03-27
CLT03687,53,Hauts-de-France,1,0,Web,0.1846,2016-02-04
CLT03688,28,Grand Est,0,1,Agent,0.179,2020-11-14
CLT03689,39,Centre-Val de Loire,4,0,Web,0.1137,2020-03-09
CLT03690,28,Bretagne,0,1,Partenaire banque,0.2305,2017-06-13
CLT03691,38,Centre-Val de Loire,1,0,Courtier,0.1451,2020-08-01
CLT03692,49,Normandie,10,0,Web,0.1744,2017-07-06
CLT03693,28,Occitanie,0,0,Courtier,0.2222,2020-07-14
CLT03694,26,Bretagne,0,0,Web,0.1016,2017-04-21
CLT03695,18,Bretagne,0,0,Courtier,0.0713,2018-09-10
CLT03696,44,Auvergne-Rhône-Alpes,4,0,Courtier,0.0594,2018-07-31
CLT03697,56,Nouvelle-Aquitaine,9,0,Téléphone,0.0494,2016-12-28
CLT03698,28,Occitanie,0,0,Courtier,0.0775,2020-02-04
CLT03699,36,Nouvelle-Aquitaine,2,2,Agent,0.0725,2016-02-15
CLT03700,64,Hauts-de-France,0,2,Web,0.3038,2016-12-31
CLT03701,51,Bretagne,0,1,Agent,0.2775,2017-01-21
CLT03702,47,Auvergne-Rhône-Alpes,1,1,Web,0.0469,2018-05-25
CLT03703,46,Occitanie,10,0,Courtier,0.01,2019-08-16
CLT03704,18,Bretagne,2,0,Web,0.2402,2018-12-16
CLT03705,38,Nouvelle-Aquitaine,15,1,Agent,0.0931,2020-07-14
CLT03706,52,Île-de-France,1,0,Agent,0.01,2018-02-14
CLT03707,18,Bretagne,0,1,Web,0.2278,2020-08-21
CLT03708,46,Île-de-France,10,0,Agent,0.1181,2019-08-14
CLT03709,51,Île-de-France,1,1,Web,0.0614,2020-04-28
CLT03710,21,Auvergne-Rhône-Alpes,0,4,Web,0.5087,2019-07-10
CLT03711,27,Centre-Val de Loire,0,0,Web,0.1164,2016-01-22
CLT03712,42,Auvergne-Rhône-Alpes,5,0,Courtier,0.1314,2020-08-04
CLT03713,29,Provence-Alpes-Côte d'Azur,0,0,Téléphone,0.01,2016-06-25
CLT03714,51,Occitanie,2,1,Web,0.0548,2020-04-06
CLT03715,50,Centre-Val de Loire,0,0,Téléphone,0.163,2020-07-30
CLT03716,48,Nouvelle-Aquitaine,1,0,Web,0.1167,2018-09-09
CLT03717,35,Nouvelle-Aquitaine,2,0,Web,0.01,2019-01-20
CLT03718,47,Hauts-de-France,7,0,Agent,0.208,2016-09-11
CLT03719,46,Île-de-France,0,1,Téléphone,0.3296,2016-07-31
CLT03720,42,Grand Est,1,2,Web,0.3222,2018-11-15
CLT03721,48,Bretagne,0,0,Web,0.01,2017-04-06
CLT03722,54,Île-de-France,0,0,Web,0.0615,2018-03-02
CLT03723,41,Nouvelle-Aquitaine,12,0,Courtier,0.0255,2017-08-12
CLT03724,52,Occitanie,1,0,Partenaire banque,0.22,2019-11-04
CLT03725,60,Bretagne,0,0,Agent,0.01,2020-01-06
CLT03726,42,Auvergne-Rhône-Alpes,2,0,Courtier,0.01,2016-08-15
CLT03727,30,Occitanie,0,0,Web,0.2346,2017-08-02
CLT03728,65,Provence-Alpes-Côte d'Azur,2,0,Web,0.127,2017-11-16
CLT03729,44,Auvergne-Rhône-Alpes,0,0,Courtier,0.1486,2016-06-24
CLT03730,59,Île-de-France,2,0,Agent,0.1266,2017-01-01
CLT03731,25,Bretagne,1,1,Courtier,0.1779,2019-05-15
CLT03732,38,Nouvelle-Aquitaine,9,1,Agent,0.0841,2016-11-05
CLT03733,52,Hauts-de-France,5,0,Agent,0.1733,2017-08-12
CLT03734,34,Provence-Alpes-Côte d'Azur,2,1,Téléphone,0.0403,2017-07-11
CLT03735,40,Normandie,2,2,Agent,0.2265,2017-06-29
CLT03736,55,Auvergne-Rhône-Alpes,4,0,Agent,0.1358,2020-11-01
CLT03737,47,Nouvelle-Aquitaine,5,4,Agent,0.4106,2016-10-29
CLT03738,79,Provence-Alpes-Côte d'Azur,1,2,Web,0.2824,2018-07-05
CLT03739,47,Normandie,1,0,Téléphone,0.2569,2016-08-21
CLT03740,44,Centre-Val de Loire,6,0,Courtier,0.1281,2020-01-30
CLT03741,32,Hauts-de-France,1,1,Web,0.0759,2017-10-25
CLT03742,41,Nouvelle-Aquitaine,13,0,Web,0.0162,2018-03-01
CLT03743,30,Provence-Alpes-Côte d'Azur,1,0,Web,0.0986,2018-05-20
CLT03744,45,Normandie,9,2,Agent,0.316,2018-04-29
CLT03745,56,Centre-Val de Loire,2,1,Agent,0.3679,2017-11-15
CLT03746,50,Nouvelle-Aquitaine,0,1,Téléphone,0.2623,2019-09-03
CLT03747,66,Occitanie,20,0,Courtier,0.0823,2019-02-01
CLT03748,58,Normandie,7,2,Courtier,0.1922,2018-10-07
CLT03749,48,Grand Est,4,0,Courtier,0.1295,2017-04-18
CLT03750,48,Bretagne,0,1,Web,0.1882,2020-01-06
CLT03751,59,Bretagne,4,0,Courtier,0.01,2020-05-11
CLT03752,47,Occitanie,1,1,Agent,0.3322,2017-04-28
CLT03753,57,Provence-Alpes-Côte d'Azur,8,0,Web,0.0334,2020-10-10
CLT03754,18,Île-de-France,2,2,Courtier,0.3601,2018-08-30
CLT03755,60,Nouvelle-Aquitaine,5,0,Partenaire banque,0.0951,2016-05-04
CLT03756,61,Provence-Alpes-Côte d'Azur,2,1,Courtier,0.0993,2020-10-07
CLT03757,31,Nouvelle-Aquitaine,0,0,Web,0.1887,2016-10-24
CLT03758,18,Grand Est,3,0,Partenaire banque,0.1362,2018-05-14
CLT03759,18,Occitanie,3,0,Web,0.143,2017-04-06
CLT03760,49,Île-de-France,0,2,Agent,0.2721,2016-08-30
CLT03761,18,Nouvelle-Aquitaine,0,0,Courtier,0.1113,2016-02-25
CLT03762,62,Bretagne,11,0,Courtier,0.01,2019-12-09
CLT03763,33,Auvergne-Rhône-Alpes,2,1,Agent,0.01,2016-06-02
CLT03764,42,Normandie,3,0,Téléphone,0.1721,2020-11-19
CLT03765,32,Nouvelle-Aquitaine,2,1,Web,0.1058,2018-01-20
CLT03766,33,Nouvelle-Aquitaine,1,1,Web,0.1093,2016-06-08
CLT03767,58,Île-de-France,1,0,Courtier,0.01,2020-07-26
CLT03768,38,Bretagne,5,1,Web,0.0836,2017-01-10
CLT03769,35,Normandie,8,0,Agent,0.0937,2020-03-14
CLT03770,19,Grand Est,0,1,Agent,0.0834,2017-09-07
CLT03771,24,Normandie,0,0,Courtier,0.01,2017-11-23
CLT03772,36,Normandie,0,2,Agent,0.3864,2019-11-26
CLT03773,42,Île-de-France,1,3,Web,0.2571,2016-11-17
CLT03774,21,Île-de-France,8,1,Téléphone,0.0978,2016-03-08
CLT03775,28,Centre-Val de Loire,2,1,Agent,0.2267,2018-10-29
CLT03776,44,Nouvelle-Aquitaine,13,1,Web,0.1134,2020-09-03
CLT03777,65,Bretagne,4,1,Agent,0.2445,2020-11-30
CLT03778,51,Normandie,9,1,Courtier,0.01,2020-08-27
CLT03779,60,Hauts-de-France,5,1,Téléphone,0.0723,2018-10-26
CLT03780,43,Hauts-de-France,6,0,Agent,0.1181,2018-05-19
CLT03781,53,Nouvelle-Aquitaine,0,0,Web,0.0649,2016-07-09
CLT03782,65,Grand Est,1,0,Courtier,0.078,2016-09-15
CLT03783,43,Occitanie,0,0,Courtier,0.1753,2016-04-26
CLT03784,23,Occitanie,8,1,Courtier,0.3208,2020-08-13
CLT03785,52,Grand Est,2,1,Agent,0.1705,2016-06-09
CLT03786,30,Normandie,1,0,Courtier,0.2117,2019-08-31
CLT03787,37,Bretagne,1,1,Téléphone,0.1546,2016-12-05
CLT03788,36,Île-de-France,3,0,Téléphone,0.092,2019-08-19
CLT03789,63,Bretagne,0,1,Web,0.1752,2016-08-12
CLT03790,25,Auvergne-Rhône-Alpes,5,0,Web,0.01,2019-05-22
CLT03791,43,Provence-Alpes-Côte d'Azur,0,3,Web,0.5655,2017-08-02
CLT03792,53,Nouvelle-Aquitaine,0,0,Courtier,0.1821,2016-05-15
CLT03793,39,Occitanie,2,1,Courtier,0.1306,2020-03-31
CLT03794,55,Hauts-de-France,0,0,Web,0.2095,2017-02-19
CLT03795,67,Île-de-France,20,0,Web,0.0422,2016-06-25
CLT03796,38,Centre-Val de Loire,4,1,Courtier,0.2435,2019-03-02
CLT03797,61,Normandie,0,1,Web,0.1286,2017-10-08
CLT03798,50,Auvergne-Rhône-Alpes,5,0,Partenaire banque,0.1085,2016-01-20
CLT03799,54,Provence-Alpes-Côte d'Azur,0,0,Agent,0.0393,2018-03-28
CLT03800,49,Grand Est,4,1,Web,0.06,2020-03-21
CLT03801,18,Bretagne,3,0,Agent,0.1475,2016-09-24
CLT03802,38,Auvergne-Rhône-Alpes,1,0,Web,0.01,2020-02-29
CLT03803,43,Grand Est,2,2,Web,0.3775,2020-07-13
CLT03804,46,Nouvelle-Aquitaine,0,0,Web,0.2186,2020-06-20
CLT03805,69,Bretagne,1,0,Courtier,0.072,2020-11-16
CLT03806,34,Île-de-France,7,1,Web,0.3187,2016-11-08
CLT03807,65,Normandie,2,0,Web,0.2101,2019-07-07
CLT03808,45,Auvergne-Rhône-Alpes,8,1,Partenaire banque,0.094,2017-04-21
CLT03809,23,Occitanie,2,1,Téléphone,0.2388,2019-09-03
CLT03810,35,Nouvelle-Aquitaine,3,1,Agent,0.2387,2016-11-27
CLT03811,18,Grand Est,2,1,Courtier,0.2575,2020-02-03
CLT03812,40,Centre-Val de Loire,5,0,Agent,0.01,2020-04-25
CLT03813,61,Provence-Alpes-Côte d'Azur,1,1,Courtier,0.2963,2016-09-27
CLT03814,18,Provence-Alpes-Côte d'Azur,3,1,Web,0.184,2019-07-02
CLT03815,31,Bretagne,0,1,Web,0.01,2020-01-01
CLT03816,40,Bretagne,0,0,Web,0.01,2019-06-06
CLT03817,44,Centre-Val de Loire,1,0,Web,0.01,2016-11-10
CLT03818,18,Centre-Val de Loire,4,0,Agent,0.0706,2018-10-17
CLT03819,41,Auvergne-Rhône-Alpes,2,0,Téléphone,0.29,2016-10-21
CLT03820,18,Hauts-de-France,2,0,Courtier,0.0164,2020-06-23
CLT03821,57,Auvergne-Rhône-Alpes,1,0,Courtier,0.1907,2018-07-22
CLT03822,50,Provence-Alpes-Côte d'Azur,2,3,Web,0.158,2017-08-30
CLT03823,43,Nouvelle-Aquitaine,13,0,Web,0.0271,2019-03-28
CLT03824,43,Provence-Alpes-Côte d'Azur,16,0,Courtier,0.01,2016-05-27
CLT03825,43,Nouvelle-Aquitaine,4,0,Agent,0.01,2018-08-03
CLT03826,37,Hauts-de-France,1,0,Partenaire banque,0.1485,2017-06-10
CLT03827,30,Normandie,5,0,Agent,0.0277,2016-10-16
CLT03828,44,Auvergne-Rhône-Alpes,1,0,Partenaire banque,0.2749,2018-09-28
CLT03829,56,Île-de-France,0,1,Courtier,0.049,2017-08-12
CLT03830,42,Bretagne,3,0,Courtier,0.0356,2019-06-25
CLT03831,29,Nouvelle-Aquitaine,2,0,Courtier,0.1063,2018-11-17
CLT03832,44,Centre-Val de Loire,6,1,Partenaire banque,0.0785,2018-02-06
CLT03833,36,Auvergne-Rhône-Alpes,11,0,Agent,0.089,2018-11-04
CLT03834,77,Normandie,1,1,Web,0.1541,2020-11-30
CLT03835,42,Île-de-France,2,0,Agent,0.0584,2019-08-13
CLT03836,47,Île-de-France,1,2,Agent,0.108,2017-05-18
CLT03837,41,Grand Est,2,1,Web,0.3203,2020-10-15
CLT03838,70,Auvergne-Rhône-Alpes,1,0,Web,0.052,2016-11-22
CLT03839,44,Centre-Val de Loire,7,0,Courtier,0.0779,2016-05-31
CLT03840,48,Occitanie,1,0,Courtier,0.0943,2018-08-06
CLT03841,18,Auvergne-Rhône-Alpes,0,2,Web,0.3796,2018-08-19
CLT03842,49,Grand Est,4,0,Téléphone,0.0986,2018-08-12
CLT03843,22,Auvergne-Rhône-Alpes,0,0,Web,0.0656,2020-02-09
CLT03844,54,Auvergne-Rhône-Alpes,0,3,Téléphone,0.3341,2018-03-25
CLT03845,30,Bretagne,3,1,Web,0.3055,2017-11-06
CLT03846,35,Auvergne-Rhône-Alpes,1,0,Web,0.1137,2019-05-24
CLT03847,31,Normandie,0,0,Web,0.046,2020-02-29
CLT03848,31,Normandie,11,2,Web,0.1989,2018-07-21
CLT03849,51,Île-de-France,16,1,Courtier,0.338,2018-08-22
CLT03850,39,Nouvelle-Aquitaine,0,1,Agent,0.2182,2017-10-19
CLT03851,46,Centre-Val de Loire,1,2,Web,0.2387,2019-05-18
CLT03852,37,Bretagne,0,0,Web,0.0793,2020-07-15
CLT03853,40,Provence-Alpes-Côte d'Azur,1,2,Agent,0.2064,2018-08-29
CLT03854,28,Occitanie,4,0,Web,0.0673,2020-11-14
CLT03855,26,Île-de-France,8,1,Partenaire banque,0.0546,2019-11-03
CLT03856,56,Bretagne,5,0,Web,0.01,2019-07-27
CLT03857,49,Nouvelle-Aquitaine,1,2,Web,0.3013,2016-05-23
CLT03858,30,Hauts-de-France,5,1,Courtier,0.2284,2017-09-04
CLT03859,54,Normandie,1,0,Téléphone,0.1497,2018-12-12
CLT03860,44,Occitanie,15,1,Agent,0.0151,2017-06-17
CLT03861,18,Nouvelle-Aquitaine,0,0,Téléphone,0.1854,2016-07-10
CLT03862,64,Bretagne,12,1,Web,0.01,2020-03-24
CLT03863,48,Hauts-de-France,2,0,Web,0.1113,2017-12-18
CLT03864,22,Bretagne,4,1,Courtier,0.1941,2019-01-03
CLT03865,45,Nouvelle-Aquitaine,1,1,Partenaire banque,0.1527,2018-06-15
CLT03866,55,Provence-Alpes-Côte d'Azur,3,3,Téléphone,0.3141,2019-03-16
CLT03867,37,Bretagne,2,1,Téléphone,0.1606,2019-02-24
CLT03868,35,Centre-Val de Loire,1,1,Web,0.2793,2020-01-22
CLT03869,32,Centre-Val de Loire,11,1,Agent,0.1732,2017-10-27
CLT03870,41,Provence-Alpes-Côte d'Azur,9,1,Web,0.0212,2018-07-30
CLT03871,34,Nouvelle-Aquitaine,0,1,Courtier,0.0182,2017-10-12
CLT03872,60,Auvergne-Rhône-Alpes,2,2,Agent,0.1573,2019-10-14
CLT03873,28,Bretagne,2,0,Web,0.1558,2020-01-21
CLT03874,36,Île-de-France,1,3,Partenaire banque,0.3083,2020-09-02
CLT03875,31,Nouvelle-Aquitaine,1,0,Agent,0.01,2019-08-03
CLT03876,47,Centre-Val de Loire,1,0,Web,0.2914,2017-03-25
CLT03877,44,Occitanie,0,1,Courtier,0.1721,2019-01-25
CLT03878,21,Nouvelle-Aquitaine,9,0,Agent,0.0865,2017-03-20
CLT03879,50,Provence-Alpes-Côte d'Azur,4,0,Web,0.01,2017-01-28
CLT03880,28,Centre-Val de Loire,2,1,Partenaire banque,0.1193,2018-01-30
CLT03881,47,Provence-Alpes-Côte d'Azur,2,2,Web,0.429,2017-09-22
CLT03882,32,Grand Est,3,2,Téléphone,0.4598,2016-09-14
CLT03883,18,Normandie,4,0,Agent,0.0554,2018-07-24
CLT03884,20,Bretagne,0,0,Courtier,0.3204,2017-12-24
CLT03885,55,Grand Est,2,0,Courtier,0.1429,2020-04-17
CLT03886,61,Provence-Alpes-Côte d'Azur,2,1,Web,0.139,2016-12-28
CLT03887,52,Normandie,0,0,Courtier,0.0355,2016-12-30
CLT03888,32,Grand Est,4,1,Courtier,0.6079,2019-01-18
CLT03889,66,Bretagne,3,0,Courtier,0.01,2020-09-28
CLT03890,50,Bretagne,0,1,Agent,0.2126,2019-12-10
CLT03891,26,Centre-Val de Loire,3,0,Partenaire banque,0.01,2020-10-23
CLT03892,34,Auvergne-Rhône-Alpes,10,1,Partenaire banque,0.3073,2020-07-10
CLT03893,50,Auvergne-Rhône-Alpes,3,0,Web,0.2455,2016-02-05
CLT03894,30,Centre-Val de Loire,1,3,Partenaire banque,0.3827,2016-08-02
CLT03895,25,Normandie,4,0,Agent,0.1011,2019-07-03
CLT03896,55,Grand Est,1,0,Web,0.01,2018-06-30
CLT03897,34,Grand Est,0,0,Courtier,0.19,2016-03-09
CLT03898,31,Hauts-de-France,5,0,Téléphone,0.01,2017-03-11
CLT03899,35,Occitanie,2,1,Agent,0.226,2019-02-05
CLT03900,52,Bretagne,1,0,Web,0.107,2020-10-21
CLT03901,23,Normandie,0,0,Partenaire banque,0.191,2017-12-21
CLT03902,22,Normandie,1,2,Courtier,0.3775,2020-08-09
CLT03903,33,Bretagne,1,0,Web,0.214,2018-02-08
CLT03904,39,Occitanie,7,1,Courtier,0.2668,2017-07-04
CLT03905,28,Hauts-de-France,8,0,Web,0.01,2020-06-18
CLT03906,28,Bretagne,10,3,Agent,0.2434,2016-01-11
CLT03907,32,Bretagne,1,1,Web,0.13,2016-02-25
CLT03908,43,Nouvelle-Aquitaine,4,1,Agent,0.105,2020-09-19
CLT03909,44,Grand Est,0,2,Téléphone,0.4385,2019-05-15
CLT03910,38,Provence-Alpes-Côte d'Azur,0,1,Web,0.01,2019-03-19
CLT03911,51,Bretagne,3,0,Web,0.1801,2018-03-14
CLT03912,31,Occitanie,7,0,Agent,0.01,2018-03-18
CLT03913,36,Île-de-France,6,1,Téléphone,0.2965,2019-03-31
CLT03914,46,Bretagne,6,1,Web,0.2382,2019-07-29
CLT03915,45,Bretagne,5,0,Partenaire banque,0.0519,2016-12-23
CLT03916,49,Bretagne,1,0,Téléphone,0.1529,2018-11-27
CLT03917,34,Nouvelle-Aquitaine,1,3,Courtier,0.4734,2016-07-24
CLT03918,44,Nouvelle-Aquitaine,1,1,Courtier,0.0284,2019-07-19
CLT03919,36,Centre-Val de Loire,6,0,Agent,0.1507,2020-09-24
CLT03920,70,Hauts-de-France,0,1,Téléphone,0.0932,2016-11-23
CLT03921,59,Provence-Alpes-Côte d'Azur,8,0,Web,0.0229,2016-07-12
CLT03922,45,Île-de-France,1,0,Courtier,0.01,2019-07-13
CLT03923,28,Centre-Val de Loire,6,2,Web,0.071,2019-06-21
CLT03924,28,Grand Est,1,1,Partenaire banque,0.0996,2016-06-12
CLT03925,45,Centre-Val de Loire,4,0,Courtier,0.0417,2020-03-02
CLT03926,48,Nouvelle-Aquitaine,8,0,Partenaire banque,0.01,2019-07-25
CLT03927,58,Provence-Alpes-Côte d'Azur,5,1,Web,0.1217,2019-08-31
CLT03928,38,Occitanie,0,1,Web,0.2618,2019-01-03
CLT03929,35,Occitanie,4,0,Agent,0.1405,2020-07-12
CLT03930,63,Bretagne,1,0,Agent,0.1664,2019-09-14
CLT03931,59,Île-de-France,1,0,Web,0.1042,2016-10-23
CLT03932,51,Île-de-France,0,2,Agent,0.3994,2019-04-03
CLT03933,53,Auvergne-Rhône-Alpes,1,0,Web,0.0657,2019-05-07
CLT03934,46,Auvergne-Rhône-Alpes,3,1,Web,0.1211,2017-08-03
CLT03935,59,Hauts-de-France,1,1,Téléphone,0.2595,2016-07-11
CLT03936,48,Auvergne-Rhône-Alpes,15,0,Courtier,0.01,2018-01-12
CLT03937,32,Occitanie,8,1,Courtier,0.1106,2018-10-04
CLT03938,18,Île-de-France,1,0,Courtier,0.171,2018-09-25
CLT03939,51,Auvergne-Rhône-Alpes,7,0,Web,0.0462,2018-05-11
CLT03940,37,Bretagne,1,1,Téléphone,0.313,2019-07-23
CLT03941,47,Normandie,10,0,Téléphone,0.01,2017-01-05
CLT03942,39,Hauts-de-France,6,0,Web,0.01,2017-01-02
CLT03943,65,Centre-Val de Loire,3,1,Agent,0.01,2020-10-18
CLT03944,45,Île-de-France,1,0,Web,0.2171,2017-12-05
CLT03945,60,Provence-Alpes-Côte d'Azur,1,1,Courtier,0.0407,2019-06-13
CLT03946,51,Centre-Val de Loire,0,0,Courtier,0.0579,2016-11-22
CLT03947,39,Grand Est,7,1,Agent,0.0333,2016-09-08
CLT03948,48,Occitanie,4,0,Agent,0.0438,2019-01-04
CLT03949,53,Île-de-France,3,1,Courtier,0.1561,2020-04-09
CLT03950,52,Nouvelle-Aquitaine,3,0,Web,0.01,2018-01-19
CLT03951,24,Auvergne-Rhône-Alpes,6,2,Téléphone,0.3008,2016-03-03
CLT03952,59,Provence-Alpes-Côte d'Azur,3,0,Web,0.0314,2016-06-21
CLT03953,42,Nouvelle-Aquitaine,2,0,Web,0.1585,2018-09-15
CLT03954,39,Occitanie,2,1,Partenaire banque,0.2597,2017-12-16
CLT03955,20,Grand Est,7,0,Agent,0.1533,2018-08-16
CLT03956,29,Normandie,4,0,Courtier,0.01,2018-04-01
CLT03957,33,Occitanie,0,0,Web,0.127,2017-02-11
CLT03958,43,Hauts-de-France,4,1,Partenaire banque,0.1837,2016-07-31
CLT03959,44,Centre-Val de Loire,1,0,Agent,0.01,2019-04-20
CLT03960,26,Hauts-de-France,1,0,Web,0.0969,2017-02-27
CLT03961,48,Normandie,2,0,Courtier,0.0496,2018-07-04
CLT03962,29,Bretagne,0,0,Courtier,0.0729,2017-07-12
CLT03963,60,Provence-Alpes-Côte d'Azur,3,1,Agent,0.1429,2019-05-30
CLT03964,55,Bretagne,0,1,Courtier,0.1566,2019-03-09
CLT03965,35,Provence-Alpes-Côte d'Azur,1,2,Courtier,0.3808,2019-07-21
CLT03966,44,Auvergne-Rhône-Alpes,5,1,Courtier,0.0814,2020-12-28
CLT03967,43,Île-de-France,1,0,Partenaire banque,0.0567,2017-06-04
CLT03968,31,Centre-Val de Loire,2,0,Courtier,0.078,2019-05-23
CLT03969,54,Grand Est,0,0,Courtier,0.2343,2016-03-04
CLT03970,31,Auvergne-Rhône-Alpes,4,2,Web,0.2042,2017-10-24
CLT03971,18,Bretagne,9,1,Agent,0.0849,2018-01-04
CLT03972,55,Occitanie,0,2,Web,0.2244,2019-09-09
CLT03973,41,Provence-Alpes-Côte d'Azur,1,1,Courtier,0.2636,2020-05-17
CLT03974,37,Provence-Alpes-Côte d'Azur,4,0,Web,0.01,2017-10-16
CLT03975,52,Île-de-France,0,1,Agent,0.33,2017-03-15
CLT03976,61,Normandie,6,0,Courtier,0.0856,2017-10-22
CLT03977,30,Occitanie,0,1,Courtier,0.4753,2018-03-02
CLT03978,35,Hauts-de-France,4,0,Agent,0.1996,2018-12-17
CLT03979,42,Occitanie,6,1,Web,0.0798,2017-07-25
CLT03980,26,Centre-Val de Loire,1,0,Partenaire banque,0.2176,2020-07-13
CLT03981,30,Auvergne-Rhône-Alpes,0,2,Courtier,0.3504,2019-08-18
CLT03982,51,Bretagne,2,2,Agent,0.3894,2018-06-12
CLT03983,25,Provence-Alpes-Côte d'Azur,2,1,Téléphone,0.1121,2017-02-11
CLT03984,55,Occitanie,2,0,Web,0.0458,2018-10-10
CLT03985,41,Normandie,4,0,Web,0.1741,2017-07-18
CLT03986,36,Bretagne,2,3,Web,0.2588,2018-07-18
CLT03987,63,Nouvelle-Aquitaine,0,0,Agent,0.017,2019-04-27
CLT03988,48,Bretagne,1,0,Web,0.1947,2016-02-15
CLT03989,45,Hauts-de-France,2,0,Web,0.1561,2020-05-25
CLT03990,25,Centre-Val de Loire,2,1,Partenaire banque,0.01,2018-08-05
CLT03991,29,Hauts-de-France,0,5,Web,0.5561,2018-04-06
CLT03992,46,Île-de-France,0,0,Téléphone,0.2106,2018-12-18
CLT03993,41,Île-de-France,8,0,Web,0.0405,2016-02-05
CLT03994,25,Auvergne-Rhône-Alpes,0,0,Courtier,0.01,2020-08-28
CLT03995,48,Bretagne,0,0,Agent,0.0594,2017-07-18
CLT03996,63,Provence-Alpes-Côte d'Azur,1,0,Agent,0.2162,2018-04-01
CLT03997,53,Auvergne-Rhône-Alpes,0,0,Courtier,0.1602,2017-10-05
CLT03998,32,Normandie,5,0,Agent,0.01,2018-03-18
CLT03999,32,Hauts-de-France,13,2,Agent,0.0974,2018-07-21
CLT04000,21,Normandie,0,0,Téléphone,0.2774,2016-09-07
CLT04001,19,Provence-Alpes-Côte d'Azur,7,0,Partenaire banque,0.1487,2016-07-31
CLT04002,29,Île-de-France,2,0,Web,0.0481,2020-08-19
CLT04003,32,Île-de-France,2,0,Web,0.01,2017-10-25
CLT04004,44,Bretagne,2,0,Web,0.01,2016-07-01
CLT04005,44,Occitanie,1,3,Agent,0.5161,2020-07-23
CLT04006,21,Provence-Alpes-Côte d'Azur,4,2,Téléphone,0.2113,2019-01-07
CLT04007,28,Île-de-France,9,3,Partenaire banque,0.1394,2020-11-14
CLT04008,55,Île-de-France,3,0,Web,0.0772,2020-05-28
CLT04009,51,Île-de-France,0,1,Web,0.01,2017-09-17
CLT04010,59,Auvergne-Rhône-Alpes,2,1,Web,0.1401,2019-11-11
CLT04011,30,Centre-Val de Loire,16,0,Agent,0.0759,2018-02-18
CLT04012,42,Hauts-de-France,2,0,Agent,0.1442,2016-10-11
CLT04013,47,Centre-Val de Loire,2,0,Courtier,0.01,2016-09-17
CLT04014,30,Provence-Alpes-Côte d'Azur,8,1,Téléphone,0.0508,2020-03-24
CLT04015,43,Centre-Val de Loire,16,0,Téléphone,0.0395,2018-04-28
CLT04016,36,Normandie,2,1,Agent,0.056,2018-12-06
CLT04017,56,Grand Est,2,0,Web,0.01,2018-09-07
CLT04018,53,Normandie,7,1,Partenaire banque,0.1455,2017-10-23
CLT04019,41,Normandie,5,0,Web,0.01,2017-06-26
CLT04020,48,Hauts-de-France,0,0,Agent,0.2097,2017-12-25
CLT04021,45,Grand Est,0,2,Téléphone,0.2163,2017-05-13
CLT04022,67,Occitanie,11,1,Agent,0.0609,2016-06-04
CLT04023,49,Normandie,4,0,Web,0.01,2016-01-29
CLT04024,63,Occitanie,0,1,Courtier,0.2011,2018-03-01
CLT04025,49,Occitanie,1,2,Courtier,0.4201,2017-11-30
CLT04026,62,Occitanie,3,0,Téléphone,0.01,2020-04-10
CLT04027,46,Grand Est,0,2,Courtier,0.1221,2017-10-05
CLT04028,39,Hauts-de-France,3,0,Agent,0.2027,2019-09-06
CLT04029,28,Nouvelle-Aquitaine,4,0,Téléphone,0.0244,2016-08-06
CLT04030,37,Nouvelle-Aquitaine,0,1,Web,0.0115,2018-01-16
CLT04031,42,Bretagne,3,0,Partenaire banque,0.1819,2020-11-14
CLT04032,43,Centre-Val de Loire,18,1,Courtier,0.2029,2020-05-18
CLT04033,18,Bretagne,1,1,Web,0.1487,2017-07-25
CLT04034,34,Bretagne,3,0,Web,0.1329,2017-09-23
CLT04035,51,Centre-Val de Loire,0,2,Agent,0.1552,2016-10-30
CLT04036,18,Normandie,8,1,Téléphone,0.3095,2020-03-07
CLT04037,18,Auvergne-Rhône-Alpes,12,0,Web,0.01,2018-08-03
CLT04038,71,Nouvelle-Aquitaine,3,0,Web,0.0846,2018-09-04
CLT04039,39,Grand Est,1,1,Courtier,0.1936,2017-06-29
CLT04040,56,Auvergne-Rhône-Alpes,5,0,Partenaire banque,0.01,2016-06-23
CLT04041,38,Provence-Alpes-Côte d'Azur,7,1,Courtier,0.2231,2016-11-06
CLT04042,39,Bretagne,1,1,Courtier,0.215,2018-11-08
CLT04043,42,Provence-Alpes-Côte d'Azur,7,0,Web,0.01,2017-07-14
CLT04044,66,Provence-Alpes-Côte d'Azur,7,2,Web,0.2703,2019-08-23
CLT04045,28,Bretagne,4,2,Agent,0.2435,2018-05-17
CLT04046,75,Occitanie,4,1,Web,0.1521,2018-04-06
CLT04047,27,Nouvelle-Aquitaine,1,2,Courtier,0.3676,2018-12-22
CLT04048,53,Centre-Val de Loire,3,1,Courtier,0.0278,2018-06-08
CLT04049,27,Auvergne-Rhône-Alpes,0,1,Agent,0.1591,2019-08-18
CLT04050,52,Occitanie,4,1,Partenaire banque,0.2171,2017-03-27
CLT04051,32,Auvergne-Rhône-Alpes,14,2,Web,0.1059,2016-03-16
CLT04052,48,Centre-Val de Loire,4,1,Web,0.1621,2016-05-16
CLT04053,54,Grand Est,0,1,Web,0.1581,2017-04-10
CLT04054,38,Centre-Val de Loire,5,0,Agent,0.1063,2018-04-10
CLT04055,43,Bretagne,13,1,Courtier,0.3341,2017-03-28
CLT04056,38,Hauts-de-France,1,0,Courtier,0.1426,2016-12-18
CLT04057,37,Occitanie,1,2,Web,0.3451,2017-08-14
CLT04058,44,Centre-Val de Loire,0,1,Web,0.2129,2016-01-09
CLT04059,40,Auvergne-Rhône-Alpes,4,0,Web,0.2679,2019-12-07
CLT04060,25,Centre-Val de Loire,6,0,Courtier,0.0249,2017-09-19
CLT04061,18,Occitanie,5,0,Web,0.01,2019-10-29
CLT04062,45,Auvergne-Rhône-Alpes,11,0,Web,0.01,2017-11-13
CLT04063,25,Normandie,6,0,Web,0.2073,2016-01-29
CLT04064,33,Normandie,3,1,Courtier,0.0757,2016-02-14
CLT04065,39,Nouvelle-Aquitaine,4,0,Partenaire banque,0.1057,2020-12-11
CLT04066,49,Auvergne-Rhône-Alpes,6,0,Web,0.01,2020-04-08
CLT04067,20,Île-de-France,4,0,Courtier,0.1559,2018-08-30
CLT04068,35,Centre-Val de Loire,0,0,Web,0.1526,2020-11-25
CLT04069,42,Occitanie,0,1,Courtier,0.0613,2016-04-04
CLT04070,50,Île-de-France,17,3,Courtier,0.4688,2017-08-20
CLT04071,42,Occitanie,0,1,Courtier,0.1578,2016-12-10
CLT04072,62,Nouvelle-Aquitaine,12,1,Agent,0.3164,2016-07-25
CLT04073,33,Hauts-de-France,2,0,Téléphone,0.01,2017-11-20
CLT04074,61,Normandie,3,1,Courtier,0.01,2017-12-21
CLT04075,55,Grand Est,0,0,Web,0.01,2018-09-25
CLT04076,52,Hauts-de-France,0,0,Courtier,0.01,2016-01-30
CLT04077,48,Provence-Alpes-Côte d'Azur,1,0,Web,0.0683,2017-11-16
CLT04078,70,Grand Est,4,0,Agent,0.0183,2020-10-23
CLT04079,39,Centre-Val de Loire,9,0,Courtier,0.01,2017-07-08
CLT04080,73,Grand Est,4,0,Agent,0.0248,2016-02-14
CLT04081,66,Nouvelle-Aquitaine,0,0,Partenaire banque,0.01,2020-10-21
CLT04082,45,Occitanie,0,0,Agent,0.3087,2016-10-19
CLT04083,33,Provence-Alpes-Côte d'Azur,0,0,Courtier,0.1207,2017-05-17
CLT04084,60,Centre-Val de Loire,1,1,Agent,0.1561,2018-06-03
CLT04085,43,Provence-Alpes-Côte d'Azur,6,2,Web,0.0814,2016-07-03
CLT04086,33,Occitanie,5,1,Partenaire banque,0.2132,2018-02-14
CLT04087,69,Auvergne-Rhône-Alpes,4,0,Partenaire banque,0.01,2020-12-03
CLT04088,43,Grand Est,0,0,Téléphone,0.1327,2018-07-11
CLT04089,45,Grand Est,3,1,Web,0.061,2019-10-24
CLT04090,55,Provence-Alpes-Côte d'Azur,10,1,Téléphone,0.01,2018-03-13
CLT04091,44,Centre-Val de Loire,3,2,Courtier,0.1182,2017-07-21
CLT04092,33,Hauts-de-France,3,0,Web,0.1107,2019-04-03
CLT04093,21,Grand Est,8,2,Agent,0.2299,2020-09-06
CLT04094,41,Centre-Val de Loire,18,1,Web,0.0968,2020-06-18
CLT04095,32,Normandie,1,0,Courtier,0.2555,2020-06-13
CLT04096,27,Provence-Alpes-Côte d'Azur,0,0,Web,0.01,2016-01-20
CLT04097,39,Normandie,1,0,Partenaire banque,0.133,2016-10-30
CLT04098,60,Normandie,0,2,Agent,0.3267,2018-12-09
CLT04099,56,Hauts-de-France,3,0,Agent,0.0969,2019-09-24
CLT04100,45,Nouvelle-Aquitaine,5,0,Web,0.01,2017-08-15
CLT04101,40,Auvergne-Rhône-Alpes,3,2,Agent,0.231,2016-02-03
CLT04102,46,Normandie,16,2,Web,0.1296,2017-08-04
CLT04103,50,Centre-Val de Loire,4,0,Web,0.1046,2018-09-29
CLT04104,41,Hauts-de-France,0,0,Web,0.16,2017-12-24
CLT04105,30,Île-de-France,0,2,Web,0.4966,2016-10-11
CLT04106,50,Provence-Alpes-Côte d'Azur,0,0,Téléphone,0.01,2020-05-29
CLT04107,57,Grand Est,1,0,Agent,0.0555,2020-04-25
CLT04108,41,Grand Est,11,1,Web,0.01,2016-06-27
CLT04109,36,Hauts-de-France,6,0,Web,0.01,2020-02-12
CLT04110,43,Occitanie,1,0,Courtier,0.01,2016-06-16
CLT04111,23,Hauts-de-France,2,1,Web,0.1122,2018-08-29
CLT04112,50,Provence-Alpes-Côte d'Azur,8,0,Web,0.01,2019-10-23
CLT04113,34,Bretagne,4,1,Courtier,0.1859,2016-07-21
CLT04114,22,Hauts-de-France,4,1,Partenaire banque,0.1833,2019-05-09
CLT04115,42,Hauts-de-France,3,0,Web,0.0263,2018-06-13
CLT04116,32,Provence-Alpes-Côte d'Azur,4,1,Téléphone,0.072,2016-10-14
CLT04117,49,Occitanie,5,0,Web,0.0243,2018-05-04
CLT04118,38,Grand Est,12,0,Web,0.01,2017-09-18
CLT04119,27,Auvergne-Rhône-Alpes,6,0,Web,0.01,2019-07-12
CLT04120,29,Normandie,2,0,Courtier,0.01,2018-02-10
CLT04121,61,Bretagne,6,1,Web,0.1416,2018-12-16
CLT04122,38,Normandie,0,2,Agent,0.3225,2018-10-30
CLT04123,63,Provence-Alpes-Côte d'Azur,5,0,Courtier,0.2002,2018-05-27
CLT04124,49,Normandie,1,0,Courtier,0.0251,2018-04-22
CLT04125,27,Normandie,13,1,Web,0.01,2019-02-20
CLT04126,54,Île-de-France,2,0,Partenaire banque,0.0827,2018-05-14
CLT04127,51,Auvergne-Rhône-Alpes,2,1,Agent,0.0629,2019-06-15
CLT04128,22,Hauts-de-France,4,1,Agent,0.1985,2019-04-05
CLT04129,55,Grand Est,7,2,Courtier,0.091,2019-06-27
CLT04130,50,Grand Est,11,0,Téléphone,0.01,2020-12-04
CLT04131,32,Hauts-de-France,5,0,Web,0.01,2020-09-28
CLT04132,18,Bretagne,1,0,Web,0.2116,2019-10-06
CLT04133,18,Île-de-France,3,1,Courtier,0.1711,2020-04-13
CLT04134,45,Grand Est,7,0,Courtier,0.01,2016-04-23
CLT04135,43,Auvergne-Rhône-Alpes,4,0,Web,0.01,2020-08-28
CLT04136,52,Auvergne-Rhône-Alpes,10,0,Web,0.1286,2016-07-20
CLT04137,38,Hauts-de-France,3,1,Courtier,0.1872,2019-11-17
CLT04138,20,Provence-Alpes-Côte d'Azur,5,0,Téléphone,0.1007,2016-09-07
CLT04139,46,Centre-Val de Loire,7,0,Agent,0.0627,2020-02-25
CLT04140,48,Île-de-France,3,1,Agent,0.2435,2018-11-25
CLT04141,18,Nouvelle-Aquitaine,14,3,Courtier,0.3813,2018-10-13
CLT04142,37,Nouvelle-Aquitaine,5,1,Web,0.2171,2019-10-17
CLT04143,62,Nouvelle-Aquitaine,0,0,Web,0.1213,2017-09-30
CLT04144,26,Île-de-France,6,0,Téléphone,0.0751,2019-07-03
CLT04145,46,Occitanie,2,2,Web,0.1375,2016-01-03
CLT04146,22,Nouvelle-Aquitaine,1,0,Agent,0.01,2016-09-06
CLT04147,33,Grand Est,0,0,Web,0.1978,2017-02-24
CLT04148,44,Auvergne-Rhône-Alpes,2,0,Courtier,0.0395,2020-09-03
CLT04149,50,Grand Est,0,1,Courtier,0.1717,2016-04-25
CLT04150,46,Auvergne-Rhône-Alpes,0,2,Web,0.359,2018-09-19
CLT04151,46,Nouvelle-Aquitaine,4,1,Téléphone,0.0668,2020-09-21
CLT04152,58,Grand Est,3,0,Web,0.141,2019-06-10
CLT04153,61,Normandie,2,0,Téléphone,0.01,2019-06-19
CLT04154,44,Auvergne-Rhône-Alpes,13,1,Courtier,0.0445,2019-07-28
CLT04155,26,Île-de-France,0,0,Web,0.0155,2020-08-05
CLT04156,22,Occitanie,0,3,Web,0.4007,2020-02-29
CLT04157,46,Grand Est,6,2,Web,0.1662,2018-09-12
CLT04158,26,Hauts-de-France,10,0,Web,0.0881,2016-07-25
CLT04159,38,Centre-Val de Loire,0,1,Courtier,0.2613,2019-10-01
CLT04160,34,Hauts-de-France,8,1,Courtier,0.1932,2019-12-01
CLT04161,34,Auvergne-Rhône-Alpes,7,0,Courtier,0.0133,2020-07-26
CLT04162,60,Bretagne,2,0,Web,0.01,2017-08-05
CLT04163,44,Normandie,0,1,Web,0.1059,2018-03-10
CLT04164,26,Île-de-France,0,1,Courtier,0.1656,2016-03-12
CLT04165,43,Centre-Val de Loire,0,0,Courtier,0.2092,2017-12-29
CLT04166,50,Nouvelle-Aquitaine,2,1,Courtier,0.2613,2020-01-22
CLT04167,54,Normandie,3,1,Web,0.2274,2016-11-22
CLT04168,54,Provence-Alpes-Côte d'Azur,1,0,Courtier,0.01,2020-10-31
CLT04169,33,Grand Est,1,1,Web,0.1529,2019-12-19
CLT04170,32,Grand Est,2,0,Courtier,0.1345,2016-05-10
CLT04171,46,Nouvelle-Aquitaine,3,0,Agent,0.01,2017-12-23
CLT04172,57,Centre-Val de Loire,0,0,Web,0.0921,2020-01-06
CLT04173,35,Nouvelle-Aquitaine,15,1,Web,0.1156,2020-04-12
CLT04174,67,Hauts-de-France,0,2,Partenaire banque,0.1251,2016-05-21
CLT04175,26,Normandie,0,1,Courtier,0.2183,2018-08-26
CLT04176,24,Centre-Val de Loire,3,0,Agent,0.1113,2019-03-27
CLT04177,56,Grand Est,4,5,Agent,0.573,2018-12-14
CLT04178,47,Hauts-de-France,0,0,Web,0.165,2017-10-27
CLT04179,41,Centre-Val de Loire,6,0,Partenaire banque,0.1652,2017-12-15
CLT04180,64,Centre-Val de Loire,9,0,Agent,0.01,2018-04-08
CLT04181,46,Auvergne-Rhône-Alpes,1,0,Web,0.1317,2020-10-12
CLT04182,29,Nouvelle-Aquitaine,0,1,Web,0.1948,2019-09-26
CLT04183,26,Auvergne-Rhône-Alpes,7,1,Courtier,0.1789,2019-10-25
CLT04184,54,Normandie,0,0,Web,0.1909,2017-04-21
CLT04185,22,Occitanie,2,0,Web,0.1569,2020-12-10
CLT04186,36,Nouvelle-Aquitaine,4,1,Agent,0.1822,2018-02-27
CLT04187,38,Bretagne,2,0,Partenaire banque,0.0971,2016-05-08
CLT04188,35,Centre-Val de Loire,0,1,Web,0.1032,2016-03-19
CLT04189,27,Auvergne-Rhône-Alpes,1,0,Courtier,0.1558,2018-02-07
CLT04190,64,Centre-Val de Loire,3,0,Agent,0.1713,2016-03-03
CLT04191,63,Nouvelle-Aquitaine,0,2,Web,0.2814,2019-12-03
CLT04192,25,Normandie,13,1,Courtier,0.0294,2019-07-31
CLT04193,43,Centre-Val de Loire,1,0,Courtier,0.1115,2017-02-06
CLT04194,55,Hauts-de-France,1,1,Courtier,0.1942,2019-10-24
CLT04195,59,Hauts-de-France,5,1,Web,0.0877,2020-03-01
CLT04196,57,Nouvelle-Aquitaine,6,0,Courtier,0.0295,2018-12-20
CLT04197,32,Occitanie,1,0,Web,0.1529,2016-02-21
CLT04198,57,Auvergne-Rhône-Alpes,3,0,Web,0.01,2020-07-18
CLT04199,49,Nouvelle-Aquitaine,2,0,Téléphone,0.0162,2018-01-08
CLT04200,51,Bretagne,4,0,Courtier,0.085,2020-11-07
CLT04201,48,Auvergne-Rhône-Alpes,3,0,Web,0.0671,2019-10-31
CLT04202,58,Grand Est,1,0,Courtier,0.01,2020-09-02
CLT04203,57,Occitanie,1,1,Courtier,0.01,2018-08-30
CLT04204,28,Grand Est,1,0,Courtier,0.0762,2019-06-22
CLT04205,64,Grand Est,0,0,Téléphone,0.1375,2020-07-01
CLT04206,48,Auvergne-Rhône-Alpes,1,0,Courtier,0.0771,2019-07-06
CLT04207,57,Bretagne,15,2,Téléphone,0.0287,2019-03-13
CLT04208,18,Auvergne-Rhône-Alpes,16,1,Web,0.1473,2018-11-27
CLT04209,42,Hauts-de-France,16,0,Web,0.01,2018-10-20
CLT04210,51,Occitanie,20,2,Web,0.1771,2019-01-14
CLT04211,56,Provence-Alpes-Côte d'Azur,4,0,Web,0.294,2020-08-11
CLT04212,30,Hauts-de-France,1,2,Partenaire banque,0.3254,2017-05-31
CLT04213,32,Bretagne,3,0,Agent,0.2369,2016-05-21
CLT04214,56,Nouvelle-Aquitaine,0,0,Partenaire banque,0.091,2016-06-04
CLT04215,36,Grand Est,0,0,Courtier,0.0493,2020-10-15
CLT04216,40,Grand Est,3,1,Partenaire banque,0.1652,2018-10-23
CLT04217,33,Hauts-de-France,0,0,Courtier,0.2157,2016-04-28
CLT04218,45,Grand Est,4,1,Agent,0.01,2016-08-17
CLT04219,25,Centre-Val de Loire,1,3,Courtier,0.2804,2017-06-24
CLT04220,18,Île-de-France,2,0,Web,0.01,2018-05-15
CLT04221,40,Hauts-de-France,1,2,Web,0.4181,2020-12-25
CLT04222,35,Île-de-France,3,0,Web,0.0871,2019-01-27
CLT04223,43,Provence-Alpes-Côte d'Azur,1,2,Partenaire banque,0.2551,2019-09-22
CLT04224,43,Île-de-France,0,1,Web,0.3784,2016-05-31
CLT04225,53,Centre-Val de Loire,2,1,Téléphone,0.1829,2019-12-12
CLT04226,40,Île-de-France,0,1,Web,0.0982,2016-05-26
CLT04227,29,Bretagne,2,0,Courtier,0.0728,2019-06-10
CLT04228,56,Auvergne-Rhône-Alpes,13,0,Téléphone,0.0653,2018-09-09
CLT04229,76,Nouvelle-Aquitaine,10,1,Web,0.2192,2016-03-28
CLT04230,69,Auvergne-Rhône-Alpes,4,1,Web,0.0804,2018-11-07
CLT04231,59,Occitanie,0,0,Agent,0.1846,2018-06-04
CLT04232,21,Normandie,7,0,Web,0.0864,2020-10-08
CLT04233,56,Occitanie,1,0,Web,0.2219,2016-04-25
CLT04234,57,Île-de-France,3,0,Agent,0.0108,2020-07-21
CLT04235,34,Occitanie,5,2,Courtier,0.429,2020-10-29
CLT04236,47,Bretagne,2,0,Agent,0.0392,2020-02-22
CLT04237,28,Île-de-France,0,1,Courtier,0.3029,2016-04-18
CLT04238,55,Bretagne,8,0,Agent,0.01,2019-11-27
CLT04239,56,Nouvelle-Aquitaine,0,0,Courtier,0.1751,2018-05-26
CLT04240,44,Grand Est,7,0,Web,0.01,2018-06-17
CLT04241,49,Auvergne-Rhône-Alpes,1,1,Téléphone,0.2547,2018-01-25
CLT04242,43,Provence-Alpes-Côte d'Azur,3,1,Web,0.2443,2018-06-15
CLT04243,46,Île-de-France,9,1,Web,0.2134,2016-07-09
CLT04244,45,Centre-Val de Loire,4,1,Web,0.2184,2018-04-27
CLT04245,20,Grand Est,3,2,Courtier,0.2686,2020-07-02
CLT04246,26,Île-de-France,3,3,Téléphone,0.4486,2017-05-28
CLT04247,33,Île-de-France,12,0,Web,0.01,2016-09-18
CLT04248,37,Normandie,3,1,Web,0.0401,2016-04-01
CLT04249,24,Provence-Alpes-Côte d'Azur,4,1,Web,0.01,2019-09-05
CLT04250,18,Occitanie,1,0,Partenaire banque,0.0451,2016-09-24
CLT04251,57,Centre-Val de Loire,6,0,Courtier,0.1257,2019-09-10
CLT04252,62,Auvergne-Rhône-Alpes,3,0,Agent,0.0587,2016-06-07
CLT04253,52,Hauts-de-France,3,3,Partenaire banque,0.3956,2017-02-27
CLT04254,40,Normandie,3,1,Agent,0.1303,2020-07-25
CLT04255,34,Provence-Alpes-Côte d'Azur,2,1,Téléphone,0.3346,2020-10-26
CLT04256,42,Occitanie,3,2,Courtier,0.1776,2017-09-13
CLT04257,65,Provence-Alpes-Côte d'Azur,17,2,Agent,0.2857,2017-08-24
CLT04258,36,Occitanie,3,1,Courtier,0.0605,2017-07-03
CLT04259,34,Provence-Alpes-Côte d'Azur,5,0,Agent,0.2194,2018-10-30
CLT04260,37,Auvergne-Rhône-Alpes,8,0,Web,0.01,2018-04-23
CLT04261,33,Centre-Val de Loire,2,1,Courtier,0.2499,2016-06-11
CLT04262,32,Occitanie,10,0,Téléphone,0.01,2020-09-21
CLT04263,26,Grand Est,1,0,Web,0.3235,2020-03-01
CLT04264,57,Grand Est,1,3,Web,0.4868,2018-02-03
CLT04265,52,Nouvelle-Aquitaine,0,0,Web,0.0575,2017-04-28
CLT04266,36,Normandie,2,0,Agent,0.161,2018-07-20
CLT04267,35,Auvergne-Rhône-Alpes,8,1,Web,0.2131,2020-09-10
CLT04268,25,Île-de-France,3,0,Web,0.01,2019-04-21
CLT04269,41,Bretagne,2,0,Web,0.1687,2016-06-24
CLT04270,36,Île-de-France,1,1,Web,0.3289,2019-06-04
CLT04271,66,Bretagne,5,0,Courtier,0.1922,2020-11-03
CLT04272,47,Bretagne,0,0,Courtier,0.0345,2016-04-02
CLT04273,42,Occitanie,4,0,Web,0.01,2017-01-14
CLT04274,50,Bretagne,2,4,Courtier,0.3612,2019-09-16
CLT04275,40,Hauts-de-France,1,1,Web,0.1985,2020-04-13
CLT04276,57,Provence-Alpes-Côte d'Azur,0,0,Partenaire banque,0.0663,2019-06-02
CLT04277,21,Provence-Alpes-Côte d'Azur,1,0,Partenaire banque,0.01,2017-06-23
CLT04278,48,Centre-Val de Loire,10,0,Web,0.01,2016-02-28
CLT04279,30,Provence-Alpes-Côte d'Azur,7,1,Agent,0.0808,2019-06-28
CLT04280,52,Bretagne,5,0,Téléphone,0.01,2020-05-23
CLT04281,61,Île-de-France,12,0,Téléphone,0.0851,2019-02-09
CLT04282,49,Bretagne,2,1,Partenaire banque,0.3455,2019-10-22
CLT04283,41,Hauts-de-France,2,0,Téléphone,0.01,2019-01-02
CLT04284,26,Normandie,3,0,Courtier,0.0404,2020-01-14
CLT04285,20,Centre-Val de Loire,0,1,Agent,0.234,2017-06-18
CLT04286,36,Nouvelle-Aquitaine,8,0,Partenaire banque,0.01,2018-08-17
CLT04287,41,Occitanie,1,2,Web,0.3668,2016-02-03
CLT04288,22,Hauts-de-France,10,1,Agent,0.01,2017-07-17
CLT04289,34,Auvergne-Rhône-Alpes,1,0,Partenaire banque,0.0243,2020-04-30
CLT04290,30,Grand Est,1,1,Web,0.2228,2019-03-17
CLT04291,34,Bretagne,1,0,Web,0.1088,2017-07-17
CLT04292,52,Provence-Alpes-Côte d'Azur,2,0,Web,0.3387,2017-05-30
CLT04293,47,Centre-Val de Loire,8,1,Web,0.0584,2017-09-22
CLT04294,54,Centre-Val de Loire,11,0,Agent,0.0938,2020-09-10
CLT04295,21,Hauts-de-France,5,1,Téléphone,0.3089,2018-06-29
CLT04296,27,Normandie,2,0,Web,0.0869,2016-01-21
CLT04297,47,Normandie,8,2,Web,0.1209,2018-01-06
CLT04298,33,Normandie,10,2,Agent,0.2823,2019-02-15
CLT04299,59,Occitanie,7,0,Courtier,0.062,2019-04-03
CLT04300,63,Auvergne-Rhône-Alpes,0,0,Web,0.1911,2019-06-05
CLT04301,34,Grand Est,0,2,Web,0.4293,2016-05-13
CLT04302,48,Normandie,4,1,Web,0.3422,2020-04-19
CLT04303,72,Hauts-de-France,10,1,Web,0.1863,2018-10-12
CLT04304,29,Nouvelle-Aquitaine,3,0,Web,0.2396,2016-12-25
CLT04305,41,Nouvelle-Aquitaine,6,2,Téléphone,0.3403,2019-09-07
CLT04306,37,Île-de-France,0,1,Web,0.3035,2019-09-04
CLT04307,48,Île-de-France,4,0,Web,0.01,2018-11-05
CLT04308,35,Normandie,6,0,Courtier,0.1153,2016-03-28
CLT04309,31,Grand Est,1,1,Agent,0.3339,2016-05-06
CLT04310,42,Hauts-de-France,2,1,Partenaire banque,0.194,2016-02-05
CLT04311,46,Provence-Alpes-Côte d'Azur,1,1,Courtier,0.191,2016-04-03
CLT04312,26,Centre-Val de Loire,2,1,Web,0.2387,2016-08-13
CLT04313,56,Auvergne-Rhône-Alpes,3,1,Courtier,0.3588,2016-08-21
CLT04314,36,Grand Est,2,4,Web,0.42,2017-02-23
CLT04315,22,Provence-Alpes-Côte d'Azur,2,1,Courtier,0.0428,2020-08-27
CLT04316,18,Bretagne,5,0,Web,0.0588,2018-05-25
CLT04317,45,Hauts-de-France,0,0,Web,0.14,2017-11-01
CLT04318,54,Centre-Val de Loire,6,2,Agent,0.0636,2017-11-19
CLT04319,74,Bretagne,0,1,Téléphone,0.1246,2018-02-08
CLT04320,57,Normandie,7,1,Partenaire banque,0.1268,2017-08-27
CLT04321,49,Centre-Val de Loire,9,0,Web,0.01,2018-01-26
CLT04322,24,Île-de-France,13,0,Web,0.01,2016-11-05
CLT04323,49,Centre-Val de Loire,1,1,Web,0.0833,2019-06-03
CLT04324,42,Occitanie,2,0,Téléphone,0.0585,2018-11-14
CLT04325,18,Grand Est,8,0,Agent,0.0597,2020-01-01
CLT04326,42,Provence-Alpes-Côte d'Azur,0,0,Partenaire banque,0.1242,2018-02-16
CLT04327,20,Centre-Val de Loire,1,0,Web,0.1525,2020-01-29
CLT04328,52,Nouvelle-Aquitaine,0,0,Courtier,0.3014,2019-08-24
CLT04329,44,Auvergne-Rhône-Alpes,12,0,Partenaire banque,0.0939,2017-04-06
CLT04330,50,Centre-Val de Loire,0,2,Courtier,0.5743,2019-03-24
CLT04331,63,Grand Est,2,0,Agent,0.2286,2019-01-10
CLT04332,62,Auvergne-Rhône-Alpes,0,0,Téléphone,0.3891,2018-12-18
CLT04333,51,Île-de-France,3,0,Agent,0.0332,2019-09-14
CLT04334,52,Grand Est,9,0,Courtier,0.01,2017-10-13
CLT04335,49,Hauts-de-France,15,1,Web,0.01,2019-03-26
CLT04336,18,Hauts-de-France,7,1,Téléphone,0.0578,2017-11-06
CLT04337,45,Occitanie,4,2,Agent,0.2487,2018-01-13
CLT04338,34,Occitanie,13,0,Courtier,0.1048,2020-03-14
CLT04339,59,Auvergne-Rhône-Alpes,3,2,Agent,0.1362,2018-07-02
CLT04340,34,Bretagne,1,0,Courtier,0.1854,2017-12-23
CLT04341,28,Grand Est,4,0,Courtier,0.1167,2018-01-13
CLT04342,58,Normandie,11,2,Agent,0.3333,2018-07-10
CLT04343,25,Bretagne,8,1,Web,0.2196,2020-08-24
CLT04344,51,Nouvelle-Aquitaine,14,1,Partenaire banque,0.1404,2017-05-18
CLT04345,28,Bretagne,1,1,Agent,0.1712,2019-09-27
CLT04346,63,Nouvelle-Aquitaine,6,0,Agent,0.1509,2020-06-19
CLT04347,35,Hauts-de-France,1,2,Web,0.1059,2016-08-31
CLT04348,37,Auvergne-Rhône-Alpes,6,0,Courtier,0.1233,2018-11-02
CLT04349,38,Nouvelle-Aquitaine,0,0,Courtier,0.2523,2019-07-21
CLT04350,62,Occitanie,0,1,Téléphone,0.1423,2020-12-01
CLT04351,59,Normandie,0,2,Web,0.372,2016-09-06
CLT04352,62,Bretagne,1,2,Web,0.3586,2019-02-11
CLT04353,37,Normandie,2,4,Agent,0.4229,2016-09-17
CLT04354,26,Île-de-France,1,0,Téléphone,0.2507,2016-02-21
CLT04355,42,Nouvelle-Aquitaine,6,1,Partenaire banque,0.3098,2016-09-30
CLT04356,28,Grand Est,2,1,Téléphone,0.3801,2018-03-07
CLT04357,46,Bretagne,3,1,Courtier,0.2324,2018-04-05
CLT04358,20,Grand Est,16,0,Web,0.01,2017-08-25
CLT04359,24,Auvergne-Rhône-Alpes,1,0,Web,0.1897,2020-08-18
CLT04360,38,Provence-Alpes-Côte d'Azur,2,1,Courtier,0.3696,2019-06-18
CLT04361,43,Auvergne-Rhône-Alpes,3,1,Partenaire banque,0.1525,2016-04-04
CLT04362,22,Auvergne-Rhône-Alpes,15,0,Agent,0.01,2017-12-29
CLT04363,41,Normandie,0,0,Téléphone,0.1175,2019-07-17
CLT04364,50,Normandie,3,2,Agent,0.3511,2018-06-13
CLT04365,47,Hauts-de-France,14,2,Agent,0.3412,2019-12-06
CLT04366,42,Nouvelle-Aquitaine,4,1,Agent,0.015,2020-01-24
CLT04367,19,Centre-Val de Loire,8,0,Téléphone,0.071,2018-11-11
CLT04368,25,Auvergne-Rhône-Alpes,1,1,Web,0.2764,2016-01-18
CLT04369,73,Centre-Val de Loire,1,1,Courtier,0.1973,2019-10-14
CLT04370,45,Normandie,16,1,Courtier,0.1322,2018-06-19
CLT04371,62,Nouvelle-Aquitaine,0,0,Courtier,0.0398,2019-04-21
CLT04372,40,Hauts-de-France,3,0,Partenaire banque,0.01,2016-07-19
CLT04373,51,Occitanie,2,0,Web,0.01,2017-12-01
CLT04374,65,Île-de-France,7,1,Courtier,0.01,2018-12-13
CLT04375,32,Centre-Val de Loire,0,0,Courtier,0.01,2018-05-25
CLT04376,42,Hauts-de-France,5,2,Web,0.2854,2017-10-16
CLT04377,48,Nouvelle-Aquitaine,0,0,Partenaire banque,0.1328,2016-03-28
CLT04378,49,Occitanie,2,0,Courtier,0.01,2017-07-25
CLT04379,23,Centre-Val de Loire,4,2,Téléphone,0.1883,2017-10-07
CLT04380,34,Auvergne-Rhône-Alpes,2,1,Web,0.2529,2016-12-07
CLT04381,35,Auvergne-Rhône-Alpes,2,3,Web,0.3394,2018-09-25
CLT04382,48,Normandie,0,1,Web,0.2279,2016-12-14
CLT04383,55,Hauts-de-France,20,1,Partenaire banque,0.1904,2017-06-17
CLT04384,18,Centre-Val de Loire,0,0,Agent,0.2437,2017-04-21
CLT04385,45,Hauts-de-France,9,1,Web,0.01,2017-03-01
CLT04386,40,Grand Est,1,0,Téléphone,0.0674,2020-03-27
CLT04387,61,Nouvelle-Aquitaine,3,0,Web,0.01,2016-03-24
CLT04388,59,Grand Est,7,0,Courtier,0.01,2017-02-05
CLT04389,38,Île-de-France,0,0,Courtier,0.0494,2020-08-13
CLT04390,40,Île-de-France,0,1,Courtier,0.0794,2017-08-02
CLT04391,24,Centre-Val de Loire,0,2,Courtier,0.3287,2018-07-02
CLT04392,57,Grand Est,2,0,Web,0.2389,2018-07-20
CLT04393,37,Hauts-de-France,2,0,Téléphone,0.126,2020-01-08
CLT04394,43,Auvergne-Rhône-Alpes,7,2,Courtier,0.2385,2018-06-06
CLT04395,46,Normandie,8,2,Web,0.2394,2020-11-07
CLT04396,18,Nouvelle-Aquitaine,2,0,Partenaire banque,0.2904,2020-02-09
CLT04397,38,Auvergne-Rhône-Alpes,7,1,Partenaire banque,0.1973,2020-07-05
CLT04398,63,Auvergne-Rhône-Alpes,4,0,Agent,0.0284,2017-04-02
CLT04399,37,Auvergne-Rhône-Alpes,0,0,Web,0.0515,2018-11-06
CLT04400,52,Provence-Alpes-Côte d'Azur,12,2,Web,0.0662,2019-07-17
CLT04401,33,Grand Est,1,2,Agent,0.4487,2016-06-02
CLT04402,43,Provence-Alpes-Côte d'Azur,4,1,Téléphone,0.3002,2016-03-21
CLT04403,18,Bretagne,1,1,Web,0.2488,2019-12-17
CLT04404,18,Grand Est,4,0,Web,0.01,2020-09-21
CLT04405,42,Grand Est,9,0,Agent,0.01,2020-12-04
CLT04406,53,Île-de-France,5,0,Partenaire banque,0.2162,2019-07-10
CLT04407,44,Île-de-France,7,0,Web,0.0872,2019-04-17
CLT04408,53,Bretagne,2,0,Téléphone,0.1514,2017-03-28
CLT04409,32,Occitanie,5,0,Web,0.0767,2016-11-08
CLT04410,49,Normandie,0,2,Téléphone,0.1946,2020-02-13
CLT04411,51,Normandie,0,0,Web,0.054,2017-02-12
CLT04412,66,Auvergne-Rhône-Alpes,0,0,Partenaire banque,0.1474,2020-10-23
CLT04413,19,Occitanie,5,1,Web,0.3207,2016-05-19
CLT04414,47,Normandie,2,0,Courtier,0.01,2017-03-05
CLT04415,25,Nouvelle-Aquitaine,0,0,Web,0.01,2019-11-11
CLT04416,47,Hauts-de-France,7,0,Agent,0.179,2019-07-18
CLT04417,70,Centre-Val de Loire,4,1,Web,0.0412,2017-12-17
CLT04418,32,Normandie,4,2,Courtier,0.2865,2017-01-05
CLT04419,44,Hauts-de-France,8,2,Téléphone,0.4175,2020-11-29
CLT04420,44,Hauts-de-France,4,1,Agent,0.1228,2018-10-02
CLT04421,23,Bretagne,5,0,Courtier,0.1645,2019-01-19
CLT04422,25,Normandie,0,1,Web,0.3031,2017-03-26
CLT04423,50,Auvergne-Rhône-Alpes,13,0,Partenaire banque,0.0217,2020-03-28
CLT04424,34,Hauts-de-France,9,1,Courtier,0.2213,2018-07-06
CLT04425,18,Provence-Alpes-Côte d'Azur,6,0,Web,0.01,2018-05-22
CLT04426,54,Auvergne-Rhône-Alpes,14,1,Web,0.2624,2017-10-17
CLT04427,53,Auvergne-Rhône-Alpes,9,0,Web,0.0636,2018-03-28
CLT04428,27,Nouvelle-Aquitaine,2,0,Agent,0.01,2018-09-19
CLT04429,71,Normandie,2,1,Agent,0.1751,2019-11-10
CLT04430,54,Occitanie,0,1,Web,0.228,2017-07-04
CLT04431,18,Grand Est,3,0,Web,0.0371,2020-10-10
CLT04432,22,Bretagne,7,1,Web,0.2952,2020-05-01
CLT04433,55,Provence-Alpes-Côte d'Azur,1,0,Web,0.0462,2017-10-14
CLT04434,23,Bretagne,1,0,Courtier,0.2352,2018-06-26
CLT04435,32,Bretagne,0,0,Courtier,0.01,2016-04-23
CLT04436,44,Hauts-de-France,3,1,Courtier,0.1631,2017-03-26
CLT04437,25,Provence-Alpes-Côte d'Azur,2,0,Agent,0.1274,2016-04-05
CLT04438,64,Hauts-de-France,15,1,Courtier,0.1702,2017-03-31
CLT04439,55,Centre-Val de Loire,5,2,Téléphone,0.3284,2019-01-04
CLT04440,43,Occitanie,1,0,Agent,0.0725,2016-08-15
CLT04441,58,Centre-Val de Loire,0,1,Agent,0.1626,2016-09-23
CLT04442,37,Centre-Val de Loire,0,3,Courtier,0.3208,2020-01-21
CLT04443,23,Île-de-France,1,0,Téléphone,0.1159,2016-07-05
CLT04444,35,Provence-Alpes-Côte d'Azur,1,1,Téléphone,0.2156,2020-04-21
CLT04445,18,Grand Est,6,0,Web,0.119,2016-04-12
CLT04446,53,Grand Est,2,0,Web,0.0104,2019-01-03
CLT04447,60,Occitanie,0,0,Partenaire banque,0.1836,2020-09-14
CLT04448,34,Grand Est,5,1,Courtier,0.0202,2020-01-12
CLT04449,31,Occitanie,0,0,Web,0.011,2016-11-28
CLT04450,43,Provence-Alpes-Côte d'Azur,6,1,Web,0.1194,2017-03-19
CLT04451,51,Grand Est,7,0,Agent,0.01,2016-01-30
CLT04452,38,Île-de-France,2,0,Téléphone,0.01,2020-03-28
CLT04453,43,Grand Est,1,1,Web,0.2088,2018-03-27
CLT04454,36,Normandie,9,1,Web,0.0157,2017-08-04
CLT04455,42,Hauts-de-France,3,0,Web,0.01,2019-07-19
CLT04456,33,Occitanie,0,0,Web,0.1187,2020-03-17
CLT04457,47,Auvergne-Rhône-Alpes,1,0,Téléphone,0.01,2018-02-14
CLT04458,41,Bretagne,5,0,Web,0.2094,2020-02-27
CLT04459,62,Hauts-de-France,3,1,Téléphone,0.2216,2016-06-07
CLT04460,40,Auvergne-Rhône-Alpes,3,0,Courtier,0.1214,2019-12-13
CLT04461,26,Bretagne,7,0,Web,0.01,2020-03-02
CLT04462,54,Grand Est,1,0,Agent,0.0818,2016-11-08
CLT04463,66,Auvergne-Rhône-Alpes,2,0,Agent,0.0231,2020-06-13
CLT04464,25,Bretagne,5,0,Web,0.1317,2019-05-27
CLT04465,65,Hauts-de-France,7,2,Agent,0.12,2018-05-22
CLT04466,37,Grand Est,8,2,Agent,0.1816,2017-09-12
CLT04467,71,Hauts-de-France,4,1,Courtier,0.2123,2016-07-25
CLT04468,26,Hauts-de-France,0,0,Partenaire banque,0.052,2019-03-28
CLT04469,32,Normandie,1,2,Courtier,0.2643,2018-05-31
CLT04470,33,Auvergne-Rhône-Alpes,0,1,Web,0.1606,2018-04-14
CLT04471,47,Grand Est,2,1,Web,0.1437,2017-08-07
CLT04472,43,Grand Est,8,1,Courtier,0.01,2018-02-24
CLT04473,35,Île-de-France,14,1,Partenaire banque,0.01,2020-02-01
CLT04474,63,Bretagne,2,2,Partenaire banque,0.034,2020-04-13
CLT04475,18,Grand Est,0,1,Agent,0.2307,2018-07-17
CLT04476,50,Occitanie,6,2,Courtier,0.3293,2016-02-22
CLT04477,47,Bretagne,5,0,Agent,0.01,2018-07-06
CLT04478,53,Provence-Alpes-Côte d'Azur,7,0,Courtier,0.1024,2016-08-13
CLT04479,25,Hauts-de-France,5,0,Web,0.1577,2020-07-18
CLT04480,20,Auvergne-Rhône-Alpes,0,0,Web,0.3163,2016-12-14
CLT04481,44,Occitanie,7,0,Téléphone,0.01,2018-10-02
CLT04482,40,Centre-Val de Loire,5,0,Web,0.01,2016-10-18
CLT04483,29,Bretagne,2,0,Agent,0.01,2018-08-29
CLT04484,60,Grand Est,3,0,Agent,0.01,2019-03-08
CLT04485,36,Occitanie,10,0,Web,0.2228,2018-10-09
CLT04486,55,Hauts-de-France,1,1,Courtier,0.2825,2020-02-27
CLT04487,29,Provence-Alpes-Côte d'Azur,1,1,Téléphone,0.2334,2016-03-17
CLT04488,18,Provence-Alpes-Côte d'Azur,4,0,Agent,0.1154,2019-05-13
CLT04489,18,Bretagne,0,0,Téléphone,0.0659,2017-07-05
CLT04490,34,Occitanie,0,0,Agent,0.0919,2020-06-17
CLT04491,24,Normandie,2,0,Courtier,0.1237,2017-10-05
CLT04492,33,Occitanie,2,1,Web,0.2816,2019-12-24
CLT04493,50,Normandie,2,0,Courtier,0.1909,2020-10-26
CLT04494,42,Auvergne-Rhône-Alpes,9,0,Partenaire banque,0.0301,2018-05-23
CLT04495,54,Auvergne-Rhône-Alpes,1,1,Courtier,0.1863,2020-04-01
CLT04496,40,Île-de-France,0,1,Web,0.2902,2020-03-14
CLT04497,40,Auvergne-Rhône-Alpes,0,1,Web,0.101,2018-06-17
CLT04498,31,Auvergne-Rhône-Alpes,3,1,Web,0.1085,2018-05-20
CLT04499,43,Normandie,6,0,Web,0.01,2020-07-04
CLT04500,49,Grand Est,3,0,Courtier,0.2204,2020-03-15
CLT04501,44,Grand Est,1,1,Courtier,0.1833,2016-01-21
CLT04502,40,Hauts-de-France,11,0,Web,0.01,2017-08-27
CLT04503,36,Hauts-de-France,3,2,Courtier,0.3307,2019-06-15
CLT04504,30,Provence-Alpes-Côte d'Azur,0,0,Courtier,0.01,2016-12-07
CLT04505,30,Nouvelle-Aquitaine,17,0,Web,0.183,2019-11-05
CLT04506,72,Occitanie,0,1,Téléphone,0.1646,2020-01-05
CLT04507,40,Provence-Alpes-Côte d'Azur,10,1,Courtier,0.0857,2017-05-31
CLT04508,18,Normandie,3,0,Courtier,0.1736,2017-11-09
CLT04509,48,Nouvelle-Aquitaine,0,0,Web,0.0177,2020-01-06
CLT04510,49,Normandie,3,0,Web,0.1742,2018-05-04
CLT04511,64,Nouvelle-Aquitaine,5,0,Web,0.01,2016-05-19
CLT04512,59,Île-de-France,3,0,Web,0.0363,2017-01-21
CLT04513,43,Occitanie,9,2,Agent,0.1467,2019-01-08
CLT04514,24,Normandie,1,1,Web,0.1314,2016-05-07
CLT04515,18,Centre-Val de Loire,1,0,Courtier,0.3321,2016-11-18
CLT04516,20,Auvergne-Rhône-Alpes,0,0,Courtier,0.1785,2019-02-21
CLT04517,38,Occitanie,20,0,Web,0.01,2016-01-31
CLT04518,30,Occitanie,3,0,Web,0.1181,2020-08-09
CLT04519,48,Bretagne,0,1,Courtier,0.3451,2017-09-20
CLT04520,19,Provence-Alpes-Côte d'Azur,5,0,Agent,0.0904,2018-04-07
CLT04521,52,Hauts-de-France,6,0,Courtier,0.0908,2019-08-08
CLT04522,20,Occitanie,2,0,Web,0.01,2016-11-10
CLT04523,51,Auvergne-Rhône-Alpes,3,1,Agent,0.01,2017-07-29
CLT04524,51,Nouvelle-Aquitaine,6,0,Web,0.01,2016-07-30
CLT04525,28,Nouvelle-Aquitaine,1,2,Agent,0.3295,2019-04-19
CLT04526,52,Bretagne,12,0,Web,0.0448,2020-05-02
CLT04527,18,Centre-Val de Loire,0,0,Agent,0.3036,2020-07-13
CLT04528,50,Centre-Val de Loire,8,0,Agent,0.0771,2018-08-29
CLT04529,28,Occitanie,0,1,Web,0.2068,2020-05-25
CLT04530,66,Occitanie,0,0,Partenaire banque,0.016,2016-07-08
CLT04531,44,Centre-Val de Loire,14,4,Web,0.2462,2016-12-05
CLT04532,18,Normandie,6,0,Téléphone,0.1452,2017-10-26
CLT04533,29,Auvergne-Rhône-Alpes,4,1,Téléphone,0.2796,2016-04-18
CLT04534,51,Nouvelle-Aquitaine,1,0,Courtier,0.1502,2018-06-21
CLT04535,33,Bretagne,0,1,Agent,0.1417,2017-11-02
CLT04536,37,Hauts-de-France,2,2,Courtier,0.3302,2016-08-30
CLT04537,55,Occitanie,1,0,Courtier,0.0572,2018-02-13
CLT04538,62,Bretagne,0,1,Agent,0.1721,2017-12-30
CLT04539,39,Hauts-de-France,1,0,Téléphone,0.1273,2017-10-13
CLT04540,60,Grand Est,4,3,Web,0.2802,2019-05-26
CLT04541,46,Occitanie,6,0,Partenaire banque,0.2204,2019-07-23
CLT04542,54,Hauts-de-France,0,0,Agent,0.1735,2020-09-18
CLT04543,18,Bretagne,0,0,Courtier,0.2489,2018-10-02
CLT04544,21,Hauts-de-France,0,0,Agent,0.1314,2019-02-18
CLT04545,21,Bretagne,3,1,Agent,0.2507,2017-01-01
CLT04546,77,Île-de-France,2,0,Téléphone,0.0116,2020-10-19
CLT04547,31,Normandie,20,0,Agent,0.01,2017-12-11
CLT04548,54,Bretagne,4,0,Web,0.0943,2019-02-22
CLT04549,68,Occitanie,13,1,Courtier,0.01,2017-01-03
CLT04550,35,Île-de-France,1,0,Web,0.1722,2018-01-11
CLT04551,50,Grand Est,2,0,Web,0.01,2019-04-17
CLT04552,18,Hauts-de-France,17,1,Web,0.0261,2018-01-27
CLT04553,38,Hauts-de-France,4,1,Courtier,0.2251,2016-01-29
CLT04554,25,Centre-Val de Loire,1,2,Web,0.3932,2019-08-20
CLT04555,33,Hauts-de-France,4,0,Agent,0.01,2018-03-28
CLT04556,36,Île-de-France,3,0,Partenaire banque,0.2269,2019-12-15
CLT04557,52,Hauts-de-France,9,0,Web,0.01,2016-04-29
CLT04558,68,Centre-Val de Loire,1,0,Téléphone,0.1201,2020-11-04
CLT04559,77,Normandie,0,0,Partenaire banque,0.1135,2019-07-20
CLT04560,33,Normandie,3,0,Courtier,0.01,2018-08-29
CLT04561,51,Grand Est,0,0,Téléphone,0.0603,2016-03-21
CLT04562,43,Provence-Alpes-Côte d'Azur,5,0,Web,0.0981,2020-01-02
CLT04563,30,Nouvelle-Aquitaine,2,1,Agent,0.2083,2016-12-30
CLT04564,18,Nouvelle-Aquitaine,6,2,Web,0.0859,2020-09-06
CLT04565,39,Auvergne-Rhône-Alpes,4,2,Web,0.2012,2019-07-31
CLT04566,51,Île-de-France,0,0,Web,0.3175,2020-10-24
CLT04567,50,Grand Est,1,1,Web,0.1962,2020-10-14
CLT04568,31,Occitanie,0,0,Agent,0.04,2020-02-21
CLT04569,41,Île-de-France,17,1,Web,0.0611,2019-10-10
CLT04570,40,Provence-Alpes-Côte d'Azur,1,1,Téléphone,0.0865,2016-12-14
CLT04571,74,Centre-Val de Loire,2,1,Agent,0.0714,2018-01-22
CLT04572,59,Grand Est,3,0,Web,0.0177,2019-09-24
CLT04573,43,Bretagne,7,0,Courtier,0.0611,2019-10-01
CLT04574,40,Île-de-France,6,2,Web,0.4571,2020-08-18
CLT04575,18,Grand Est,2,1,Web,0.1783,2017-07-02
CLT04576,18,Auvergne-Rhône-Alpes,1,0,Web,0.2435,2016-04-03
CLT04577,41,Hauts-de-France,0,1,Agent,0.1356,2019-11-13
CLT04578,44,Grand Est,14,1,Courtier,0.01,2019-07-27
CLT04579,52,Île-de-France,8,0,Web,0.1052,2019-02-24
CLT04580,35,Provence-Alpes-Côte d'Azur,11,0,Web,0.0778,2018-08-14
CLT04581,44,Centre-Val de Loire,2,1,Téléphone,0.1782,2016-06-27
CLT04582,31,Centre-Val de Loire,0,1,Partenaire banque,0.0985,2016-07-01
CLT04583,49,Auvergne-Rhône-Alpes,1,1,Téléphone,0.1585,2017-01-10
CLT04584,39,Auvergne-Rhône-Alpes,2,1,Web,0.1166,2019-04-27
CLT04585,59,Île-de-France,5,3,Agent,0.2953,2020-06-05
CLT04586,42,Île-de-France,1,0,Web,0.2228,2018-02-08
CLT04587,34,Normandie,0,0,Web,0.06,2020-01-25
CLT04588,58,Occitanie,0,1,Web,0.2293,2019-10-28
CLT04589,39,Occitanie,1,0,Agent,0.0821,2020-02-22
CLT04590,31,Nouvelle-Aquitaine,20,0,Web,0.01,2018-02-17
CLT04591,52,Hauts-de-France,7,0,Web,0.01,2016-10-16
CLT04592,37,Centre-Val de Loire,0,0,Web,0.1829,2017-04-09
CLT04593,19,Occitanie,4,0,Web,0.2393,2017-02-14
CLT04594,28,Nouvelle-Aquitaine,2,1,Partenaire banque,0.3117,2017-06-17
CLT04595,50,Normandie,5,0,Web,0.01,2018-10-02
CLT04596,25,Provence-Alpes-Côte d'Azur,3,0,Courtier,0.0533,2017-12-17
CLT04597,18,Grand Est,5,0,Courtier,0.01,2019-07-18
CLT04598,34,Nouvelle-Aquitaine,2,1,Web,0.2784,2020-09-07
CLT04599,29,Centre-Val de Loire,1,1,Courtier,0.0355,2019-01-08
CLT04600,50,Centre-Val de Loire,0,0,Web,0.2618,2019-12-11
CLT04601,34,Bretagne,2,0,Web,0.01,2020-07-20
CLT04602,31,Hauts-de-France,11,0,Web,0.0593,2019-12-05
CLT04603,56,Grand Est,6,0,Courtier,0.01,2020-03-03
CLT04604,49,Hauts-de-France,5,0,Web,0.0827,2020-05-04
CLT04605,49,Occitanie,4,2,Web,0.3208,2018-08-17
CLT04606,41,Hauts-de-France,0,0,Web,0.0254,2016-08-26
CLT04607,18,Grand Est,4,1,Agent,0.2935,2017-01-18
CLT04608,46,Normandie,1,0,Web,0.124,2019-04-18
CLT04609,55,Provence-Alpes-Côte d'Azur,7,0,Courtier,0.01,2018-02-14
CLT04610,27,Centre-Val de Loire,2,1,Téléphone,0.2069,2017-10-24
CLT04611,53,Auvergne-Rhône-Alpes,0,1,Agent,0.3334,2020-11-17
CLT04612,38,Île-de-France,0,0,Web,0.01,2018-09-02
CLT04613,56,Provence-Alpes-Côte d'Azur,6,0,Web,0.01,2016-07-26
CLT04614,49,Nouvelle-Aquitaine,1,1,Téléphone,0.3563,2017-09-21
CLT04615,62,Nouvelle-Aquitaine,4,0,Courtier,0.2086,2017-01-18
CLT04616,37,Île-de-France,0,1,Courtier,0.2798,2019-06-18
CLT04617,38,Normandie,4,0,Courtier,0.1891,2019-11-25
CLT04618,35,Bretagne,3,1,Agent,0.0416,2018-08-29
CLT04619,39,Occitanie,0,0,Web,0.0607,2018-02-05
CLT04620,79,Centre-Val de Loire,5,2,Web,0.317,2019-10-23
CLT04621,24,Bretagne,0,0,Web,0.0273,2020-12-03
CLT04622,20,Occitanie,4,1,Agent,0.2294,2018-11-06
CLT04623,54,Auvergne-Rhône-Alpes,2,0,Courtier,0.0561,2020-05-06
CLT04624,30,Hauts-de-France,0,1,Partenaire banque,0.1192,2018-04-02
CLT04625,41,Centre-Val de Loire,6,0,Web,0.0375,2018-11-16
CLT04626,51,Nouvelle-Aquitaine,2,0,Partenaire banque,0.01,2020-12-22
CLT04627,54,Centre-Val de Loire,14,0,Partenaire banque,0.01,2018-12-11
CLT04628,46,Occitanie,6,3,Partenaire banque,0.4965,2019-03-11
CLT04629,18,Nouvelle-Aquitaine,2,0,Web,0.111,2017-11-15
CLT04630,25,Île-de-France,4,0,Partenaire banque,0.1023,2017-09-27
CLT04631,23,Nouvelle-Aquitaine,2,0,Téléphone,0.1585,2018-07-30
CLT04632,41,Bretagne,1,0,Web,0.197,2016-01-04
CLT04633,26,Nouvelle-Aquitaine,18,0,Web,0.0663,2016-12-20
CLT04634,55,Hauts-de-France,1,1,Web,0.0617,2017-01-15
CLT04635,42,Occitanie,7,0,Téléphone,0.0365,2018-06-15
CLT04636,59,Auvergne-Rhône-Alpes,4,0,Agent,0.01,2016-11-13
CLT04637,23,Grand Est,3,0,Téléphone,0.01,2018-02-07
CLT04638,27,Île-de-France,2,0,Courtier,0.0146,2017-12-08
CLT04639,39,Auvergne-Rhône-Alpes,1,0,Courtier,0.1726,2019-11-09
CLT04640,61,Bretagne,2,0,Agent,0.1841,2018-08-27
CLT04641,69,Bretagne,2,0,Téléphone,0.01,2019-12-19
CLT04642,40,Occitanie,6,0,Agent,0.01,2016-07-17
CLT04643,55,Bretagne,0,0,Web,0.1211,2020-04-13
CLT04644,31,Nouvelle-Aquitaine,0,0,Courtier,0.183,2017-11-02
CLT04645,55,Hauts-de-France,3,0,Téléphone,0.0424,2020-02-06
CLT04646,50,Bretagne,0,0,Courtier,0.1046,2018-12-31
CLT04647,37,Auvergne-Rhône-Alpes,2,0,Web,0.0526,2019-10-05
CLT04648,33,Centre-Val de Loire,0,0,Web,0.1223,2020-12-20
CLT04649,40,Centre-Val de Loire,1,1,Web,0.2443,2017-04-28
CLT04650,22,Provence-Alpes-Côte d'Azur,0,0,Courtier,0.01,2018-10-25
CLT04651,18,Île-de-France,0,0,Agent,0.1115,2020-03-21
CLT04652,32,Bretagne,0,1,Téléphone,0.2014,2019-08-17
CLT04653,44,Occitanie,0,2,Web,0.2606,2017-01-21
CLT04654,36,Île-de-France,5,0,Web,0.0732,2018-06-12
CLT04655,48,Auvergne-Rhône-Alpes,2,1,Web,0.1633,2019-09-03
CLT04656,31,Nouvelle-Aquitaine,3,0,Courtier,0.0663,2017-08-08
CLT04657,34,Hauts-de-France,5,0,Courtier,0.01,2020-08-10
CLT04658,40,Normandie,15,0,Web,0.01,2018-05-15
CLT04659,45,Nouvelle-Aquitaine,1,1,Web,0.1485,2019-10-31
CLT04660,18,Grand Est,2,2,Téléphone,0.3071,2018-08-12
CLT04661,40,Auvergne-Rhône-Alpes,1,1,Web,0.2159,2020-02-11
CLT04662,43,Auvergne-Rhône-Alpes,1,2,Agent,0.2384,2018-04-10
CLT04663,30,Île-de-France,2,1,Web,0.2629,2016-09-22
CLT04664,32,Centre-Val de Loire,3,2,Courtier,0.2048,2019-11-08
CLT04665,60,Normandie,3,0,Web,0.2176,2019-09-03
CLT04666,27,Bretagne,0,0,Courtier,0.2939,2016-04-23
CLT04667,34,Hauts-de-France,1,1,Courtier,0.2234,2020-03-01
CLT04668,49,Auvergne-Rhône-Alpes,3,1,Agent,0.3025,2020-07-03
CLT04669,33,Normandie,2,1,Courtier,0.1332,2020-05-20
CLT04670,21,Normandie,0,1,Agent,0.2813,2020-09-26
CLT04671,53,Grand Est,0,1,Partenaire banque,0.0193,2016-08-18
CLT04672,30,Nouvelle-Aquitaine,9,2,Partenaire banque,0.219,2018-12-26
CLT04673,72,Bretagne,1,0,Téléphone,0.3461,2016-06-14
CLT04674,50,Nouvelle-Aquitaine,3,2,Web,0.2886,2019-12-22
CLT04675,59,Centre-Val de Loire,2,0,Web,0.01,2018-11-22
CLT04676,43,Centre-Val de Loire,7,1,Agent,0.1074,2018-07-22
CLT04677,33,Bretagne,0,1,Web,0.3719,2017-08-01
CLT04678,47,Île-de-France,0,2,Web,0.505,2018-10-01
CLT04679,74,Normandie,0,1,Courtier,0.1415,2020-12-28
CLT04680,71,Centre-Val de Loire,8,1,Agent,0.3023,2017-06-02
CLT04681,44,Bretagne,3,0,Web,0.1653,2017-08-31
CLT04682,52,Île-de-France,2,0,Courtier,0.0377,2017-01-03
CLT04683,59,Hauts-de-France,1,0,Courtier,0.2026,2016-02-07
CLT04684,36,Normandie,0,0,Web,0.01,2019-07-28
CLT04685,48,Île-de-France,5,0,Courtier,0.0395,2018-01-03
CLT04686,43,Île-de-France,2,0,Courtier,0.1235,2018-03-24
CLT04687,21,Occitanie,1,0,Web,0.0739,2019-01-02
CLT04688,64,Auvergne-Rhône-Alpes,1,1,Web,0.2071,2016-10-25
CLT04689,40,Normandie,9,1,Courtier,0.1532,2017-07-18
CLT04690,32,Provence-Alpes-Côte d'Azur,12,0,Partenaire banque,0.0242,2019-11-14
CLT04691,18,Centre-Val de Loire,2,2,Web,0.4063,2020-08-19
CLT04692,42,Grand Est,0,0,Courtier,0.1165,2016-03-26
CLT04693,40,Auvergne-Rhône-Alpes,2,0,Web,0.0842,2016-03-21
CLT04694,63,Nouvelle-Aquitaine,2,0,Agent,0.0381,2020-01-24
CLT04695,31,Auvergne-Rhône-Alpes,0,1,Courtier,0.0662,2020-01-27
CLT04696,39,Auvergne-Rhône-Alpes,2,0,Web,0.0157,2019-07-30
CLT04697,18,Hauts-de-France,2,1,Courtier,0.31,2016-02-17
CLT04698,43,Nouvelle-Aquitaine,1,1,Partenaire banque,0.4292,2017-06-12
CLT04699,70,Auvergne-Rhône-Alpes,6,2,Téléphone,0.2121,2018-06-08
CLT04700,42,Auvergne-Rhône-Alpes,0,0,Agent,0.0963,2019-03-17
CLT04701,65,Hauts-de-France,2,1,Partenaire banque,0.2015,2019-06-16
CLT04702,18,Grand Est,1,0,Courtier,0.0938,2020-06-15
CLT04703,30,Occitanie,0,1,Agent,0.2315,2016-04-12
CLT04704,25,Provence-Alpes-Côte d'Azur,2,2,Courtier,0.2569,2017-03-18
CLT04705,44,Bretagne,1,0,Web,0.0452,2019-11-13
CLT04706,50,Nouvelle-Aquitaine,4,1,Web,0.0942,2019-10-09
CLT04707,37,Île-de-France,4,1,Agent,0.01,2017-01-08
CLT04708,55,Hauts-de-France,2,1,Web,0.1044,2018-04-15
CLT04709,53,Occitanie,0,0,Web,0.2798,2018-04-30
CLT04710,35,Nouvelle-Aquitaine,0,2,Web,0.3405,2018-08-07
CLT04711,54,Centre-Val de Loire,7,2,Agent,0.4697,2019-07-26
CLT04712,36,Provence-Alpes-Côte d'Azur,0,1,Web,0.2116,2017-04-07
CLT04713,58,Île-de-France,1,0,Agent,0.1173,2017-03-30
CLT04714,47,Auvergne-Rhône-Alpes,5,1,Agent,0.168,2020-02-02
CLT04715,49,Centre-Val de Loire,2,0,Téléphone,0.0402,2019-04-21
CLT04716,52,Bretagne,4,4,Agent,0.4313,2017-11-06
CLT04717,31,Grand Est,1,0,Courtier,0.1199,2019-02-18
CLT04718,39,Île-de-France,0,2,Web,0.1906,2017-10-18
CLT04719,52,Provence-Alpes-Côte d'Azur,6,3,Téléphone,0.2836,2016-11-08
CLT04720,53,Normandie,1,1,Téléphone,0.1101,2018-10-20
CLT04721,32,Occitanie,2,1,Courtier,0.2674,2016-12-16
CLT04722,44,Bretagne,6,2,Web,0.2307,2016-03-09
CLT04723,31,Centre-Val de Loire,8,1,Partenaire banque,0.0607,2019-07-19
CLT04724,28,Normandie,0,0,Courtier,0.3134,2017-12-10
CLT04725,34,Auvergne-Rhône-Alpes,2,1,Web,0.1522,2018-12-22
CLT04726,21,Provence-Alpes-Côte d'Azur,0,0,Web,0.0717,2020-03-19
CLT04727,38,Provence-Alpes-Côte d'Azur,6,0,Courtier,0.01,2018-08-17
CLT04728,55,Île-de-France,1,0,Web,0.0257,2019-04-14
CLT04729,59,Nouvelle-Aquitaine,0,1,Agent,0.01,2019-03-04
CLT04730,54,Bretagne,1,0,Courtier,0.233,2020-04-17
CLT04731,63,Île-de-France,3,0,Agent,0.01,2017-08-06
CLT04732,61,Grand Est,1,2,Agent,0.3953,2017-04-27
CLT04733,40,Bretagne,5,1,Partenaire banque,0.2389,2016-09-28
CLT04734,52,Bretagne,1,0,Agent,0.0713,2020-10-08
CLT04735,55,Auvergne-Rhône-Alpes,11,0,Web,0.01,2017-03-25
CLT04736,36,Occitanie,14,1,Partenaire banque,0.1612,2019-03-16
CLT04737,50,Hauts-de-France,1,2,Web,0.2229,2016-11-23
CLT04738,46,Bretagne,4,2,Courtier,0.2387,2017-12-23
CLT04739,45,Occitanie,1,1,Courtier,0.2943,2019-05-14
CLT04740,40,Hauts-de-France,0,0,Web,0.01,2018-01-15
CLT04741,57,Auvergne-Rhône-Alpes,10,2,Agent,0.1484,2019-11-09
CLT04742,41,Provence-Alpes-Côte d'Azur,7,0,Courtier,0.082,2018-12-28
CLT04743,36,Bretagne,3,0,Web,0.01,2018-04-09
CLT04744,32,Normandie,6,0,Agent,0.1683,2017-08-11
CLT04745,25,Normandie,6,0,Web,0.1418,2020-11-25
CLT04746,49,Nouvelle-Aquitaine,0,0,Courtier,0.1193,2016-01-09
CLT04747,51,Grand Est,1,0,Téléphone,0.2127,2020-04-13
CLT04748,58,Normandie,2,1,Agent,0.1529,2019-11-02
CLT04749,57,Auvergne-Rhône-Alpes,7,0,Courtier,0.01,2019-09-01
CLT04750,40,Bretagne,2,0,Partenaire banque,0.0553,2018-04-22
CLT04751,53,Occitanie,1,1,Agent,0.2143,2019-06-23
CLT04752,42,Occitanie,0,0,Web,0.0409,2019-06-25
CLT04753,38,Grand Est,4,0,Partenaire banque,0.0991,2019-05-14
CLT04754,43,Centre-Val de Loire,7,0,Agent,0.01,2016-02-18
CLT04755,53,Provence-Alpes-Côte d'Azur,6,0,Agent,0.064,2016-12-08
CLT04756,42,Centre-Val de Loire,5,0,Agent,0.2246,2019-11-04
CLT04757,44,Auvergne-Rhône-Alpes,2,0,Partenaire banque,0.01,2016-02-18
CLT04758,18,Centre-Val de Loire,2,0,Téléphone,0.01,2019-09-03
CLT04759,44,Bretagne,1,0,Courtier,0.1334,2020-11-05
CLT04760,62,Occitanie,3,0,Téléphone,0.2028,2016-11-28
CLT04761,40,Normandie,2,0,Courtier,0.0589,2020-11-28
CLT04762,34,Occitanie,9,0,Web,0.1164,2020-01-01
CLT04763,41,Occitanie,0,1,Web,0.1307,2017-08-25
CLT04764,52,Auvergne-Rhône-Alpes,1,0,Téléphone,0.0751,2017-03-01
CLT04765,41,Centre-Val de Loire,0,0,Courtier,0.01,2017-05-18
CLT04766,51,Centre-Val de Loire,1,2,Courtier,0.1339,2017-05-12
CLT04767,29,Nouvelle-Aquitaine,1,0,Partenaire banque,0.1179,2018-10-23
CLT04768,47,Auvergne-Rhône-Alpes,3,0,Téléphone,0.01,2020-09-13
CLT04769,41,Provence-Alpes-Côte d'Azur,0,0,Téléphone,0.1169,2016-11-24
CLT04770,46,Occitanie,3,1,Courtier,0.1757,2016-05-25
CLT04771,42,Île-de-France,4,0,Agent,0.01,2019-10-30
CLT04772,49,Bretagne,3,0,Téléphone,0.01,2018-08-22
CLT04773,33,Bretagne,4,2,Web,0.01,2018-05-06
CLT04774,30,Hauts-de-France,1,0,Téléphone,0.0277,2019-01-07
CLT04775,47,Auvergne-Rhône-Alpes,7,0,Agent,0.082,2019-05-30
CLT04776,19,Grand Est,0,1,Agent,0.3166,2018-06-19
CLT04777,58,Normandie,6,0,Téléphone,0.1745,2016-05-04
CLT04778,48,Hauts-de-France,4,0,Téléphone,0.1221,2020-08-25
CLT04779,54,Île-de-France,3,1,Courtier,0.2653,2020-01-09
CLT04780,44,Grand Est,1,0,Agent,0.01,2018-06-22
CLT04781,41,Bretagne,6,0,Agent,0.024,2016-08-02
CLT04782,41,Nouvelle-Aquitaine,1,0,Téléphone,0.0633,2020-04-03
CLT04783,51,Centre-Val de Loire,0,3,Agent,0.3849,2016-08-18
CLT04784,33,Nouvelle-Aquitaine,2,0,Courtier,0.0841,2019-09-08
CLT04785,83,Provence-Alpes-Côte d'Azur,14,1,Web,0.2846,2017-05-14
CLT04786,34,Normandie,5,1,Web,0.1141,2016-07-19
CLT04787,46,Provence-Alpes-Côte d'Azur,3,0,Agent,0.0802,2016-06-02
CLT04788,25,Normandie,5,1,Téléphone,0.1082,2018-10-05
CLT04789,39,Occitanie,1,0,Agent,0.1128,2017-12-04
CLT04790,64,Hauts-de-France,8,0,Agent,0.01,2017-11-10
CLT04791,27,Normandie,15,0,Agent,0.1353,2019-03-11
CLT04792,42,Hauts-de-France,0,0,Courtier,0.0764,2020-04-10
CLT04793,56,Nouvelle-Aquitaine,2,1,Web,0.2712,2017-08-15
CLT04794,59,Île-de-France,4,0,Web,0.2303,2018-01-31
CLT04795,35,Centre-Val de Loire,2,1,Courtier,0.0137,2017-08-21
CLT04796,35,Hauts-de-France,0,1,Partenaire banque,0.1324,2016-11-22
CLT04797,32,Centre-Val de Loire,8,3,Agent,0.4859,2018-09-02
CLT04798,45,Normandie,1,0,Agent,0.2394,2016-11-14
CLT04799,18,Nouvelle-Aquitaine,1,2,Web,0.4715,2017-08-23
CLT04800,39,Bretagne,2,0,Web,0.01,2017-04-13
CLT04801,43,Île-de-France,1,1,Téléphone,0.0958,2019-04-11
CLT04802,33,Hauts-de-France,19,0,Web,0.01,2016-01-27
CLT04803,42,Hauts-de-France,8,1,Courtier,0.0773,2018-11-09
CLT04804,47,Grand Est,5,1,Courtier,0.0603,2019-06-22
CLT04805,28,Nouvelle-Aquitaine,8,1,Partenaire banque,0.039,2019-08-13
CLT04806,55,Nouvelle-Aquitaine,0,0,Courtier,0.0615,2018-10-25
CLT04807,48,Provence-Alpes-Côte d'Azur,9,0,Courtier,0.01,2018-02-15
CLT04808,18,Normandie,1,1,Agent,0.3077,2020-11-20
CLT04809,73,Grand Est,0,0,Courtier,0.0786,2018-09-20
CLT04810,63,Bretagne,1,0,Web,0.14,2016-05-14
CLT04811,46,Provence-Alpes-Côte d'Azur,0,3,Web,0.4044,2017-02-28
CLT04812,37,Occitanie,1,1,Web,0.1757,2019-06-02
CLT04813,40,Auvergne-Rhône-Alpes,4,0,Agent,0.0616,2018-01-02
CLT04814,36,Normandie,5,0,Courtier,0.01,2019-08-02
CLT04815,43,Île-de-France,5,1,Téléphone,0.1922,2020-09-30
CLT04816,27,Grand Est,2,1,Téléphone,0.2061,2020-02-29
CLT04817,51,Occitanie,0,0,Courtier,0.1858,2016-03-10
CLT04818,45,Bretagne,20,0,Agent,0.0366,2017-11-07
CLT04819,19,Grand Est,3,0,Web,0.1106,2019-02-09
CLT04820,41,Grand Est,3,2,Téléphone,0.4647,2019-01-08
CLT04821,41,Auvergne-Rhône-Alpes,0,1,Partenaire banque,0.2332,2016-04-26
CLT04822,18,Normandie,2,1,Courtier,0.2848,2017-05-24
CLT04823,63,Occitanie,1,0,Web,0.1248,2020-02-25
CLT04824,52,Nouvelle-Aquitaine,5,1,Agent,0.0933,2019-08-27
CLT04825,43,Occitanie,14,0,Web,0.01,2020-01-11
CLT04826,40,Normandie,1,2,Web,0.0974,2019-06-03
CLT04827,35,Hauts-de-France,3,0,Courtier,0.0945,2016-07-08
CLT04828,38,Occitanie,4,0,Agent,0.1499,2016-05-12
CLT04829,31,Nouvelle-Aquitaine,1,0,Courtier,0.01,2016-05-06
CLT04830,43,Occitanie,2,1,Web,0.4676,2019-04-16
CLT04831,42,Centre-Val de Loire,1,2,Courtier,0.5017,2016-07-22
CLT04832,21,Grand Est,9,0,Téléphone,0.0611,2016-04-16
CLT04833,40,Provence-Alpes-Côte d'Azur,5,3,Agent,0.3157,2016-05-31
CLT04834,44,Occitanie,13,0,Courtier,0.01,2018-06-26
CLT04835,31,Auvergne-Rhône-Alpes,0,1,Courtier,0.0803,2016-07-25
CLT04836,35,Grand Est,0,1,Courtier,0.2197,2019-05-12
CLT04837,56,Normandie,6,0,Web,0.0479,2016-01-22
CLT04838,50,Centre-Val de Loire,2,0,Courtier,0.01,2016-08-18
CLT04839,22,Normandie,9,0,Agent,0.01,2017-02-04
CLT04840,46,Centre-Val de Loire,4,2,Téléphone,0.0831,2019-06-14
CLT04841,21,Normandie,2,3,Partenaire banque,0.4409,2017-06-01
CLT04842,36,Bretagne,0,0,Agent,0.1021,2018-10-07
CLT04843,40,Nouvelle-Aquitaine,1,1,Web,0.1309,2018-09-18
CLT04844,32,Grand Est,1,1,Web,0.4336,2019-08-16
CLT04845,39,Hauts-de-France,2,0,Web,0.1192,2018-12-27
CLT04846,40,Occitanie,5,0,Web,0.01,2019-10-22
CLT04847,18,Grand Est,1,2,Courtier,0.3938,2019-07-07
CLT04848,32,Normandie,12,0,Web,0.01,2020-03-31
CLT04849,35,Nouvelle-Aquitaine,16,0,Courtier,0.1165,2017-10-17
CLT04850,60,Grand Est,13,2,Courtier,0.0604,2016-12-02
CLT04851,63,Nouvelle-Aquitaine,7,0,Web,0.0685,2018-06-05
CLT04852,51,Hauts-de-France,3,1,Web,0.3945,2020-11-02
CLT04853,38,Normandie,0,0,Web,0.01,2019-11-09
CLT04854,45,Grand Est,7,0,Téléphone,0.11,2017-02-02
CLT04855,45,Auvergne-Rhône-Alpes,0,2,Agent,0.3844,2017-03-14
CLT04856,53,Hauts-de-France,0,1,Courtier,0.2159,2017-10-19
CLT04857,59,Grand Est,0,1,Courtier,0.0526,2019-11-05
CLT04858,42,Hauts-de-France,1,0,Partenaire banque,0.01,2017-03-08
CLT04859,42,Centre-Val de Loire,8,1,Agent,0.2274,2017-10-27
CLT04860,34,Nouvelle-Aquitaine,2,1,Web,0.1513,2018-03-24
CLT04861,31,Nouvelle-Aquitaine,0,0,Téléphone,0.1328,2019-06-05
CLT04862,40,Nouvelle-Aquitaine,8,0,Web,0.0657,2018-11-25
CLT04863,61,Normandie,7,0,Agent,0.1944,2020-06-05
CLT04864,34,Bretagne,11,0,Agent,0.01,2017-07-07
CLT04865,42,Occitanie,3,2,Partenaire banque,0.2157,2018-08-26
CLT04866,44,Hauts-de-France,1,2,Courtier,0.3205,2017-09-21
CLT04867,29,Provence-Alpes-Côte d'Azur,0,2,Agent,0.4654,2020-08-27
CLT04868,66,Provence-Alpes-Côte d'Azur,8,2,Courtier,0.0884,2018-05-23
CLT04869,52,Centre-Val de Loire,2,1,Courtier,0.2286,2018-05-06
CLT04870,49,Île-de-France,4,1,Agent,0.01,2018-04-09
CLT04871,53,Île-de-France,14,0,Partenaire banque,0.0147,2017-12-27
CLT04872,50,Nouvelle-Aquitaine,2,0,Partenaire banque,0.01,2020-04-21
CLT04873,57,Hauts-de-France,6,0,Web,0.01,2019-12-15
CLT04874,77,Occitanie,0,0,Web,0.0129,2020-01-09
CLT04875,41,Hauts-de-France,1,1,Web,0.161,2018-02-05
CLT04876,52,Île-de-France,0,0,Web,0.01,2020-06-09
CLT04877,59,Bretagne,1,0,Web,0.1624,2019-02-22
CLT04878,55,Occitanie,3,1,Agent,0.1108,2019-06-20
CLT04879,52,Grand Est,2,1,Courtier,0.2536,2017-07-17
CLT04880,39,Auvergne-Rhône-Alpes,11,0,Web,0.01,2016-11-26
CLT04881,60,Provence-Alpes-Côte d'Azur,0,0,Agent,0.2475,2020-01-19
CLT04882,37,Centre-Val de Loire,0,0,Courtier,0.01,2016-04-06
CLT04883,52,Bretagne,1,0,Agent,0.01,2019-12-19
CLT04884,58,Normandie,1,2,Web,0.1786,2019-05-29
CLT04885,43,Centre-Val de Loire,2,0,Courtier,0.0245,2016-07-28
CLT04886,49,Île-de-France,4,0,Agent,0.01,2017-07-21
CLT04887,24,Grand Est,0,1,Courtier,0.2332,2017-08-07
CLT04888,18,Auvergne-Rhône-Alpes,4,0,Courtier,0.0311,2020-12-10
CLT04889,40,Auvergne-Rhône-Alpes,5,0,Web,0.0816,2020-05-08
CLT04890,83,Bretagne,1,0,Téléphone,0.1392,2020-11-26
CLT04891,51,Nouvelle-Aquitaine,5,0,Courtier,0.01,2019-03-23
CLT04892,35,Occitanie,1,1,Courtier,0.1806,2018-06-18
CLT04893,32,Occitanie,6,0,Web,0.01,2019-01-26
CLT04894,59,Hauts-de-France,3,0,Courtier,0.01,2020-08-02
CLT04895,39,Hauts-de-France,5,0,Agent,0.0753,2016-10-16
CLT04896,55,Auvergne-Rhône-Alpes,2,2,Téléphone,0.31,2019-12-05
CLT04897,48,Provence-Alpes-Côte d'Azur,3,0,Partenaire banque,0.0928,2018-01-11
CLT04898,36,Normandie,0,0,Agent,0.0419,2017-03-17
CLT04899,26,Nouvelle-Aquitaine,3,1,Web,0.01,2017-04-13
CLT04900,34,Normandie,5,0,Courtier,0.041,2017-02-13
CLT04901,41,Hauts-de-France,2,2,Web,0.3518,2020-03-13
CLT04902,40,Île-de-France,6,0,Web,0.1091,2019-08-10
CLT04903,35,Bretagne,1,1,Courtier,0.2603,2020-07-10
CLT04904,31,Normandie,4,2,Agent,0.1567,2020-09-01
CLT04905,31,Grand Est,0,1,Web,0.2076,2018-11-17
CLT04906,39,Provence-Alpes-Côte d'Azur,4,0,Web,0.01,2018-06-16
CLT04907,50,Île-de-France,5,1,Partenaire banque,0.2302,2020-11-25
CLT04908,55,Provence-Alpes-Côte d'Azur,3,1,Agent,0.2088,2018-10-06
CLT04909,33,Hauts-de-France,17,2,Courtier,0.2125,2019-07-25
CLT04910,37,Auvergne-Rhône-Alpes,1,1,Agent,0.2912,2019-03-05
CLT04911,38,Auvergne-Rhône-Alpes,4,1,Partenaire banque,0.3767,2020-05-19
CLT04912,32,Auvergne-Rhône-Alpes,13,0,Courtier,0.01,2020-06-25
CLT04913,63,Grand Est,2,2,Téléphone,0.1609,2016-06-30
CLT04914,34,Centre-Val de Loire,4,1,Partenaire banque,0.1768,2019-06-05
CLT04915,68,Occitanie,0,0,Agent,0.0107,2020-04-22
CLT04916,36,Bretagne,3,0,Téléphone,0.1886,2018-08-13
CLT04917,52,Normandie,3,4,Téléphone,0.3558,2020-02-24
CLT04918,59,Nouvelle-Aquitaine,2,0,Agent,0.01,2016-05-31
CLT04919,18,Nouvelle-Aquitaine,5,0,Agent,0.01,2017-11-28
CLT04920,32,Normandie,1,1,Courtier,0.1082,2019-11-21
CLT04921,25,Bretagne,1,1,Téléphone,0.0408,2018-04-04
CLT04922,50,Centre-Val de Loire,0,2,Web,0.3876,2019-07-03
CLT04923,59,Bretagne,1,0,Web,0.01,2017-04-08
CLT04924,48,Provence-Alpes-Côte d'Azur,5,0,Courtier,0.01,2017-06-16
CLT04925,18,Occitanie,5,1,Courtier,0.0309,2020-04-23
CLT04926,63,Provence-Alpes-Côte d'Azur,6,0,Courtier,0.0768,2019-09-02
CLT04927,58,Occitanie,1,0,Agent,0.0982,2019-03-24
CLT04928,36,Provence-Alpes-Côte d'Azur,0,0,Téléphone,0.1808,2020-01-06
CLT04929,27,Centre-Val de Loire,10,0,Web,0.0681,2020-05-04
CLT04930,18,Nouvelle-Aquitaine,4,0,Web,0.01,2017-01-08
CLT04931,31,Auvergne-Rhône-Alpes,3,1,Web,0.1573,2019-05-19
CLT04932,50,Île-de-France,4,0,Agent,0.1661,2019-01-13
CLT04933,18,Provence-Alpes-Côte d'Azur,5,0,Partenaire banque,0.177,2017-11-03
CLT04934,18,Provence-Alpes-Côte d'Azur,3,1,Partenaire banque,0.147,2019-09-11
CLT04935,18,Occitanie,6,0,Web,0.2379,2016-12-02
CLT04936,31,Bretagne,2,1,Partenaire banque,0.1144,2017-04-24
CLT04937,46,Occitanie,0,1,Agent,0.1787,2016-02-27
CLT04938,19,Nouvelle-Aquitaine,0,1,Téléphone,0.3922,2018-06-21
CLT04939,57,Auvergne-Rhône-Alpes,2,0,Téléphone,0.2217,2018-02-09
CLT04940,61,Île-de-France,4,1,Courtier,0.2613,2020-03-05
CLT04941,32,Occitanie,10,1,Courtier,0.0177,2018-07-06
CLT04942,35,Normandie,9,1,Courtier,0.0795,2017-02-27
CLT04943,38,Bretagne,1,1,Courtier,0.3298,2016-09-14
CLT04944,25,Auvergne-Rhône-Alpes,1,0,Partenaire banque,0.01,2018-11-05
CLT04945,35,Centre-Val de Loire,1,1,Agent,0.0164,2016-09-08
CLT04946,25,Nouvelle-Aquitaine,1,0,Agent,0.151,2016-09-05
CLT04947,37,Normandie,0,2,Agent,0.2484,2018-01-05
CLT04948,40,Provence-Alpes-Côte d'Azur,4,2,Courtier,0.2671,2017-03-08
CLT04949,33,Auvergne-Rhône-Alpes,2,2,Agent,0.253,2018-01-08
CLT04950,56,Normandie,2,0,Web,0.0888,2016-08-19
CLT04951,34,Normandie,0,0,Web,0.1777,2018-02-19
CLT04952,63,Bretagne,1,2,Courtier,0.4454,2020-10-24
CLT04953,61,Auvergne-Rhône-Alpes,5,0,Courtier,0.0927,2017-09-28
CLT04954,38,Auvergne-Rhône-Alpes,0,0,Courtier,0.01,2020-10-04
CLT04955,28,Hauts-de-France,0,0,Web,0.0935,2019-12-09
CLT04956,52,Auvergne-Rhône-Alpes,3,0,Agent,0.122,2020-07-19
CLT04957,24,Bretagne,0,1,Téléphone,0.1622,2016-02-04
CLT04958,51,Hauts-de-France,0,0,Agent,0.1958,2017-10-26
CLT04959,18,Île-de-France,3,3,Web,0.2731,2017-05-26
CLT04960,36,Nouvelle-Aquitaine,4,0,Courtier,0.01,2016-09-21
CLT04961,45,Grand Est,2,0,Web,0.0581,2019-11-26
CLT04962,40,Normandie,8,3,Agent,0.3293,2016-05-07
CLT04963,32,Centre-Val de Loire,6,0,Téléphone,0.01,2020-11-11
CLT04964,40,Hauts-de-France,2,0,Courtier,0.01,2018-05-01
CLT04965,35,Nouvelle-Aquitaine,4,0,Courtier,0.0638,2016-12-25
CLT04966,50,Grand Est,1,0,Partenaire banque,0.143,2020-03-01
CLT04967,18,Nouvelle-Aquitaine,0,0,Courtier,0.1195,2016-08-14
CLT04968,30,Nouvelle-Aquitaine,4,0,Web,0.01,2017-02-23
CLT04969,39,Hauts-de-France,7,0,Courtier,0.01,2018-02-05
CLT04970,42,Hauts-de-France,1,0,Agent,0.144,2016-03-01
CLT04971,46,Île-de-France,3,1,Web,0.3593,2020-12-27
CLT04972,18,Normandie,3,1,Web,0.2965,2020-11-22
CLT04973,18,Nouvelle-Aquitaine,1,0,Téléphone,0.0562,2016-04-07
CLT04974,37,Grand Est,1,1,Courtier,0.1611,2019-05-12
CLT04975,18,Grand Est,6,0,Web,0.0195,2016-07-26
CLT04976,33,Île-de-France,19,1,Web,0.0393,2017-04-03
CLT04977,31,Auvergne-Rhône-Alpes,0,1,Courtier,0.1474,2016-05-17
CLT04978,21,Auvergne-Rhône-Alpes,3,0,Partenaire banque,0.2152,2018-08-11
CLT04979,56,Bretagne,0,1,Téléphone,0.0676,2019-01-06
CLT04980,38,Normandie,3,1,Web,0.1069,2019-05-22
CLT04981,51,Île-de-France,0,1,Web,0.2093,2018-08-21
CLT04982,46,Hauts-de-France,1,0,Web,0.1656,2019-09-08
CLT04983,47,Grand Est,1,0,Courtier,0.2112,2019-06-12
CLT04984,35,Auvergne-Rhône-Alpes,0,1,Courtier,0.301,2020-03-15
CLT04985,26,Centre-Val de Loire,9,0,Web,0.01,2017-03-27
CLT04986,54,Grand Est,0,1,Web,0.2311,2016-10-21
CLT04987,25,Occitanie,4,0,Agent,0.2077,2020-03-04
CLT04988,36,Auvergne-Rhône-Alpes,6,0,Agent,0.01,2017-08-03
CLT04989,41,Centre-Val de Loire,1,1,Web,0.3018,2017-04-10
CLT04990,59,Hauts-de-France,1,0,Web,0.01,2019-09-14
CLT04991,49,Hauts-de-France,2,0,Web,0.1336,2018-08-06
CLT04992,43,Centre-Val de Loire,2,1,Courtier,0.3732,2019-03-30
CLT04993,55,Hauts-de-France,4,1,Agent,0.1825,2016-09-28
CLT04994,51,Provence-Alpes-Côte d'Azur,2,1,Courtier,0.1342,2019-09-18
CLT04995,46,Nouvelle-Aquitaine,1,0,Courtier,0.2486,2020-10-10
CLT04996,51,Île-de-France,0,1,Agent,0.4138,2020-06-27
CLT04997,38,Bretagne,4,1,Agent,0.01,2020-06-16
CLT04998,32,Occitanie,5,0,Partenaire banque,0.0342,2016-02-01
CLT04999,27,Nouvelle-Aquitaine,7,0,Agent,0.1481,2020-09-08
CLT05000,64,Occitanie,3,0,Web,0.0785,2017-10-24
