police_id,client_id,type_produit,niveau_garantie,date_souscription,prime_annuelle,statut,region
POL000001,CLT00096,Habitation,Confort,2022-12-06,1935,Active,Île-de-France
POL000002,CLT04729,Auto,Tous risques,2023-07-18,1624,Active,Nouvelle-Aquitaine
POL000003,CLT04472,Auto,Tiers étendu,2023-11-20,1715,Résiliée,Grand Est
POL000004,CLT02763,Santé,Essentiel,2022-11-30,666,Résiliée,Auvergne-Rhône-Alpes
POL000005,CLT03993,Habitation,Confort,2021-07-17,1527,Active,Île-de-France
POL000006,CLT02805,Habitation,Basique,2023-01-19,930,Active,Grand Est
POL000007,CLT00209,Santé,Essentiel,2022-04-11,424,Suspendue,Normandie
POL000008,CLT00911,Auto,Tiers étendu,2021-09-16,1640,Résiliée,Provence-Alpes-Côte d'Azur
POL000009,CLT02516,Habitation,Confort,2021-06-19,1684,Suspendue,Occitanie
POL000010,CLT04135,Auto,Tous risques,2023-11-13,2046,Active,Auvergne-Rhône-Alpes
POL000011,CLT01818,Habitation,Basique,2022-12-26,1365,Active,Centre-Val de Loire
POL000012,CLT01244,Habitation,Confort,2021-04-07,1801,Résiliée,Centre-Val de Loire
POL000013,CLT02971,Habitation,Confort,2023-12-24,1968,Active,Bretagne
POL000014,CLT01301,Auto,RC seule,2024-06-20,914,Active,Grand Est
POL000015,CLT01246,Habitation,Premium,2023-05-19,2899,Résiliée,Provence-Alpes-Côte d'Azur
POL000016,CLT02281,Auto,Tous risques,2023-04-01,1654,Active,Île-de-France
POL000017,CLT04275,Santé,Complet,2023-08-17,1372,Active,Hauts-de-France
POL000018,CLT02458,Auto,RC seule,2024-02-13,975,Active,Occitanie
POL000019,CLT01711,Santé,Équilibré,2021-05-17,880,Active,Grand Est
POL000020,CLT03362,Auto,Tiers étendu,2021-11-25,1697,Active,Île-de-France
POL000021,CLT01987,Auto,RC seule,2023-05-09,1228,Active,Auvergne-Rhône-Alpes
POL000022,CLT01585,Auto,RC seule,2022-04-09,1035,Suspendue,Auvergne-Rhône-Alpes
POL000023,CLT02263,Auto,Tiers étendu,2024-04-14,1707,Résiliée,Hauts-de-France
POL000024,CLT01244,Auto,RC seule,2022-07-19,1063,Active,Centre-Val de Loire
POL000025,CLT00089,Habitation,Confort,2023-12-10,1741,Active,Île-de-France
POL000026,CLT04903,Habitation,Confort,2022-09-04,1994,Résiliée,Bretagne
POL000027,CLT04434,Habitation,Confort,2021-05-25,2465,Résiliée,Bretagne
POL000028,CLT02797,Santé,Complet,2021-03-25,1392,Active,Grand Est
POL000029,CLT02093,Auto,Tiers étendu,2024-04-13,1318,Active,Nouvelle-Aquitaine
POL000030,CLT03992,Habitation,Basique,2021-07-31,1094,Active,Île-de-France
POL000031,CLT04943,Santé,Complet,2022-05-10,1588,Résiliée,Bretagne
POL000032,CLT04052,Santé,Complet,2023-05-14,1309,Active,Centre-Val de Loire
POL000033,CLT00862,Santé,Essentiel,2022-07-19,795,Résiliée,Hauts-de-France
POL000034,CLT04161,Auto,Tiers étendu,2022-05-30,1449,Suspendue,Auvergne-Rhône-Alpes
POL000035,CLT00681,Auto,Tiers étendu,2023-09-22,1644,Active,Centre-Val de Loire
POL000036,CLT04055,Auto,Tiers étendu,2022-06-29,1474,Active,Bretagne
POL000037,CLT03997,Habitation,Premium,2023-02-09,2456,Active,Auvergne-Rhône-Alpes
POL000038,CLT03135,Auto,RC seule,2021-07-21,792,Active,Provence-Alpes-Côte d'Azur
POL000039,CLT00963,Santé,Essentiel,2024-04-03,595,Active,Normandie
POL000040,CLT04947,Auto,RC seule,2021-03-23,1011,Active,Normandie
POL000041,CLT03607,Santé,Équilibré,2023-12-07,1112,Active,Occitanie
POL000042,CLT03267,Santé,Équilibré,2023-06-04,1098,Active,Auvergne-Rhône-Alpes
POL000043,CLT00211,Auto,RC seule,2022-11-05,754,Active,Normandie
POL000044,CLT03377,Santé,Équilibré,2022-06-04,1002,Active,Grand Est
POL000045,CLT02819,Auto,Tous risques,2022-07-21,1947,Active,Normandie
POL000046,CLT00392,Auto,Tiers étendu,2022-06-23,1518,Active,Nouvelle-Aquitaine
POL000047,CLT01316,Auto,Tous risques,2024-01-26,2420,Active,Auvergne-Rhône-Alpes
POL000048,CLT03288,Habitation,Premium,2021-12-19,2440,Résiliée,Normandie
POL000049,CLT00729,Auto,Tiers étendu,2022-04-12,1645,Active,Hauts-de-France
POL000050,CLT02506,Auto,Tiers étendu,2023-04-12,1876,Active,Provence-Alpes-Côte d'Azur
POL000051,CLT04074,Habitation,Premium,2022-02-19,3143,Active,Normandie
POL000052,CLT03977,Auto,Tous risques,2023-01-11,2448,Active,Occitanie
POL000053,CLT01381,Auto,RC seule,2024-04-06,931,Active,Bretagne
POL000054,CLT04147,Habitation,Confort,2024-02-21,1851,Active,Grand Est
POL000055,CLT03261,Habitation,Basique,2021-07-11,1205,Active,Centre-Val de Loire
POL000056,CLT04899,Santé,Équilibré,2022-06-24,1020,Active,Nouvelle-Aquitaine
POL000057,CLT02787,Habitation,Basique,2023-02-28,1083,Active,Provence-Alpes-Côte d'Azur
POL000058,CLT02408,Habitation,Premium,2022-10-26,2108,Suspendue,Bretagne
POL000059,CLT03626,Santé,Essentiel,2021-11-14,645,Active,Centre-Val de Loire
POL000060,CLT02243,Auto,RC seule,2022-03-25,959,Active,Normandie
POL000061,CLT01851,Auto,Tous risques,2021-10-25,2125,Active,Nouvelle-Aquitaine
POL000062,CLT01997,Santé,Complet,2023-09-17,1182,Résiliée,Occitanie
POL000063,CLT03396,Habitation,Premium,2022-01-29,3073,Active,Auvergne-Rhône-Alpes
POL000064,CLT04249,Habitation,Confort,2023-03-04,1557,Active,Provence-Alpes-Côte d'Azur
POL000065,CLT02982,Santé,Essentiel,2023-01-29,606,Active,Normandie
POL000066,CLT01923,Auto,RC seule,2021-10-03,1155,Active,Provence-Alpes-Côte d'Azur
POL000067,CLT02023,Habitation,Confort,2021-07-17,2008,Suspendue,Grand Est
POL000068,CLT04158,Habitation,Confort,2021-08-03,1496,Résiliée,Hauts-de-France
POL000069,CLT04949,Auto,RC seule,2024-02-09,803,Résiliée,Auvergne-Rhône-Alpes
POL000070,CLT01835,Habitation,Confort,2021-04-19,1979,Active,Auvergne-Rhône-Alpes
POL000071,CLT03588,Habitation,Confort,2021-12-17,1583,Active,Grand Est
POL000072,CLT03674,Habitation,Basique,2022-12-13,917,Active,Occitanie
POL000073,CLT01212,Auto,RC seule,2022-07-20,1032,Active,Normandie
POL000074,CLT00226,Habitation,Confort,2021-10-01,1935,Suspendue,Auvergne-Rhône-Alpes
POL000075,CLT01763,Habitation,Basique,2022-09-16,1343,Active,Grand Est
POL000076,CLT04669,Habitation,Confort,2023-04-14,1940,Active,Normandie
POL000077,CLT04421,Santé,Équilibré,2021-01-14,1018,Suspendue,Bretagne
POL000078,CLT00434,Habitation,Basique,2021-09-03,1137,Active,Centre-Val de Loire
POL000079,CLT00582,Habitation,Confort,2021-11-27,1934,Active,Bretagne
POL000080,CLT02039,Santé,Complet,2022-01-03,1974,Résiliée,Centre-Val de Loire
POL000081,CLT00242,Habitation,Confort,2021-09-02,1679,Active,Nouvelle-Aquitaine
POL000082,CLT00772,Santé,Équilibré,2023-03-05,830,Résiliée,Hauts-de-France
POL000083,CLT03124,Habitation,Basique,2022-12-05,1133,Active,Centre-Val de Loire
POL000084,CLT02550,Auto,Tiers étendu,2022-06-01,1328,Active,Nouvelle-Aquitaine
POL000085,CLT01512,Auto,RC seule,2022-12-21,973,Suspendue,Bretagne
POL000086,CLT00669,Auto,Tous risques,2023-12-09,1514,Active,Nouvelle-Aquitaine
POL000087,CLT04966,Auto,Tiers étendu,2023-02-04,1551,Active,Grand Est
POL000088,CLT00015,Santé,Équilibré,2021-01-10,1124,Active,Hauts-de-France
POL000089,CLT02509,Auto,Tous risques,2024-02-28,1651,Active,Bretagne
POL000090,CLT00569,Santé,Essentiel,2024-06-25,516,Active,Normandie
POL000091,CLT04385,Auto,RC seule,2021-11-13,912,Active,Hauts-de-France
POL000092,CLT04703,Auto,Tiers étendu,2021-12-30,1466,Active,Occitanie
POL000093,CLT03647,Auto,RC seule,2024-01-06,1020,Résiliée,Hauts-de-France
POL000094,CLT00986,Santé,Essentiel,2022-08-20,602,Active,Provence-Alpes-Côte d'Azur
POL000095,CLT01478,Habitation,Basique,2021-07-24,1393,Active,Centre-Val de Loire
POL000096,CLT04944,Auto,Tiers étendu,2022-11-22,1339,Résiliée,Auvergne-Rhône-Alpes
POL000097,CLT04490,Santé,Complet,2021-08-27,1288,Active,Occitanie
POL000098,CLT00537,Auto,RC seule,2022-05-06,825,Suspendue,Centre-Val de Loire
POL000099,CLT04021,Auto,Tiers étendu,2023-01-04,1647,Active,Grand Est
POL000100,CLT03936,Santé,Complet,2024-04-25,1511,Active,Auvergne-Rhône-Alpes
POL000101,CLT04259,Auto,Tiers étendu,2023-12-16,1627,Active,Provence-Alpes-Côte d'Azur
POL000102,CLT04358,Habitation,Premium,2022-02-16,3054,Active,Grand Est
POL000103,CLT01110,Auto,RC seule,2023-05-24,694,Active,Occitanie
POL000104,CLT03089,Auto,RC seule,2021-08-02,768,Active,Hauts-de-France
POL000105,CLT03966,Habitation,Basique,2022-08-12,1072,Active,Auvergne-Rhône-Alpes
POL000106,CLT00452,Habitation,Basique,2021-07-02,1080,Active,Grand Est
POL000107,CLT04813,Habitation,Confort,2021-12-22,1726,Active,Auvergne-Rhône-Alpes
POL000108,CLT00393,Habitation,Basique,2022-09-13,1410,Active,Île-de-France
POL000109,CLT02882,Santé,Essentiel,2023-06-08,748,Active,Auvergne-Rhône-Alpes
POL000110,CLT04293,Santé,Équilibré,2021-04-02,952,Résiliée,Centre-Val de Loire
POL000111,CLT00809,Habitation,Basique,2022-03-30,1187,Active,Provence-Alpes-Côte d'Azur
POL000112,CLT00598,Habitation,Confort,2024-03-15,1782,Active,Normandie
POL000113,CLT00128,Auto,RC seule,2021-08-27,937,Résiliée,Auvergne-Rhône-Alpes
POL000114,CLT00039,Santé,Équilibré,2022-11-09,1066,Suspendue,Nouvelle-Aquitaine
POL000115,CLT03195,Santé,Essentiel,2023-04-04,701,Active,Normandie
POL000116,CLT01161,Habitation,Confort,2022-06-13,2068,Résiliée,Grand Est
POL000117,CLT03464,Habitation,Confort,2022-09-27,1372,Active,Provence-Alpes-Côte d'Azur
POL000118,CLT02234,Auto,RC seule,2023-04-28,888,Active,Île-de-France
POL000119,CLT01553,Santé,Équilibré,2024-05-14,1255,Active,Centre-Val de Loire
POL000120,CLT03240,Auto,Tous risques,2021-09-21,2155,Active,Grand Est
POL000121,CLT01827,Auto,RC seule,2021-11-22,1069,Résiliée,Normandie
POL000122,CLT04003,Auto,Tiers étendu,2021-12-09,1342,Résiliée,Île-de-France
POL000123,CLT02102,Santé,Équilibré,2023-03-27,1063,Active,Normandie
POL000124,CLT02347,Auto,Tiers étendu,2021-08-11,1229,Active,Provence-Alpes-Côte d'Azur
POL000125,CLT03236,Santé,Complet,2021-06-27,1244,Active,Grand Est
POL000126,CLT04080,Auto,Tiers étendu,2021-03-15,1556,Active,Grand Est
POL000127,CLT00896,Auto,RC seule,2023-03-06,1028,Active,Île-de-France
POL000128,CLT00553,Auto,Tiers étendu,2023-06-17,1502,Active,Auvergne-Rhône-Alpes
POL000129,CLT03622,Habitation,Basique,2023-10-29,1101,Active,Occitanie
POL000130,CLT01549,Habitation,Confort,2021-03-31,1978,Active,Hauts-de-France
POL000131,CLT01252,Auto,Tous risques,2021-12-26,2647,Active,Bretagne
POL000132,CLT01644,Santé,Essentiel,2023-02-18,857,Active,Normandie
POL000133,CLT02391,Habitation,Basique,2022-02-03,1171,Active,Auvergne-Rhône-Alpes
POL000134,CLT03596,Auto,Tiers étendu,2022-05-19,1081,Active,Bretagne
POL000135,CLT02358,Habitation,Basique,2022-10-13,1379,Active,Normandie
POL000136,CLT00534,Auto,Tiers étendu,2024-06-20,1348,Active,Bretagne
POL000137,CLT02636,Auto,RC seule,2021-08-01,1016,Active,Île-de-France
POL000138,CLT00049,Auto,Tiers étendu,2023-03-05,1530,Active,Hauts-de-France
POL000139,CLT00981,Santé,Complet,2021-03-14,1426,Active,Nouvelle-Aquitaine
POL000140,CLT00606,Auto,Tous risques,2023-09-03,2227,Résiliée,Grand Est
POL000141,CLT03163,Auto,Tiers étendu,2023-07-10,1666,Résiliée,Auvergne-Rhône-Alpes
POL000142,CLT01947,Habitation,Confort,2022-12-08,1767,Suspendue,Nouvelle-Aquitaine
POL000143,CLT03728,Habitation,Premium,2023-07-20,2476,Active,Provence-Alpes-Côte d'Azur
POL000144,CLT02951,Auto,RC seule,2021-12-24,730,Suspendue,Centre-Val de Loire
POL000145,CLT03183,Santé,Complet,2023-01-24,1369,Active,Normandie
POL000146,CLT03537,Santé,Essentiel,2023-07-31,560,Active,Bretagne
POL000147,CLT04436,Santé,Complet,2021-09-14,1788,Résiliée,Hauts-de-France
POL000148,CLT02892,Auto,Tiers étendu,2023-05-06,1362,Active,Normandie
POL000149,CLT03706,Auto,RC seule,2023-01-15,1089,Active,Île-de-France
POL000150,CLT03268,Auto,Tiers étendu,2022-05-19,1299,Active,Provence-Alpes-Côte d'Azur
POL000151,CLT01565,Habitation,Premium,2024-06-21,3743,Active,Centre-Val de Loire
POL000152,CLT03796,Habitation,Premium,2023-04-17,3745,Active,Centre-Val de Loire
POL000153,CLT02515,Auto,RC seule,2021-08-11,946,Active,Auvergne-Rhône-Alpes
POL000154,CLT03706,Auto,Tous risques,2024-07-01,1628,Active,Île-de-France
POL000155,CLT01634,Auto,Tiers étendu,2021-11-17,1393,Active,Normandie
POL000156,CLT04240,Auto,Tous risques,2021-02-18,2070,Active,Grand Est
POL000157,CLT03162,Habitation,Basique,2024-02-28,1091,Active,Île-de-France
POL000158,CLT03293,Habitation,Premium,2021-11-05,3137,Active,Provence-Alpes-Côte d'Azur
POL000159,CLT03839,Auto,Tiers étendu,2023-09-24,1264,Active,Centre-Val de Loire
POL000160,CLT04347,Habitation,Premium,2021-07-18,2593,Active,Hauts-de-France
POL000161,CLT00703,Auto,Tous risques,2021-04-19,2217,Active,Nouvelle-Aquitaine
POL000162,CLT00737,Auto,Tous risques,2022-02-20,2021,Active,Île-de-France
POL000163,CLT01745,Auto,RC seule,2024-06-30,1326,Résiliée,Auvergne-Rhône-Alpes
POL000164,CLT04780,Santé,Équilibré,2022-11-25,902,Active,Grand Est
POL000165,CLT02374,Auto,Tous risques,2021-11-24,2598,Résiliée,Bretagne
POL000166,CLT01246,Auto,RC seule,2024-06-20,961,Active,Provence-Alpes-Côte d'Azur
POL000167,CLT04602,Habitation,Confort,2022-07-30,1921,Active,Hauts-de-France
POL000168,CLT02044,Santé,Équilibré,2021-10-28,1047,Résiliée,Grand Est
POL000169,CLT00796,Habitation,Basique,2023-02-20,1397,Active,Île-de-France
POL000170,CLT03907,Auto,RC seule,2023-01-13,968,Résiliée,Bretagne
POL000171,CLT04792,Habitation,Confort,2021-02-10,1898,Suspendue,Hauts-de-France
POL000172,CLT04644,Auto,RC seule,2021-06-24,956,Résiliée,Nouvelle-Aquitaine
POL000173,CLT00565,Auto,Tiers étendu,2023-03-18,1388,Résiliée,Centre-Val de Loire
POL000174,CLT00910,Santé,Complet,2022-02-08,1275,Suspendue,Hauts-de-France
POL000175,CLT02628,Auto,Tous risques,2021-06-20,2303,Active,Île-de-France
POL000176,CLT04053,Auto,Tous risques,2023-05-06,2392,Suspendue,Grand Est
POL000177,CLT02992,Santé,Essentiel,2022-07-28,642,Suspendue,Hauts-de-France
POL000178,CLT00193,Habitation,Premium,2021-04-17,2995,Active,Occitanie
POL000179,CLT02512,Auto,Tous risques,2022-11-23,2218,Active,Centre-Val de Loire
POL000180,CLT03753,Habitation,Basique,2021-03-06,1203,Active,Provence-Alpes-Côte d'Azur
POL000181,CLT00088,Habitation,Basique,2023-02-19,1199,Active,Normandie
POL000182,CLT03852,Auto,RC seule,2022-07-08,959,Active,Bretagne
POL000183,CLT02750,Auto,Tiers étendu,2023-05-20,1418,Active,Bretagne
POL000184,CLT02803,Auto,RC seule,2022-06-20,927,Active,Normandie
POL000185,CLT04005,Auto,RC seule,2023-07-11,1178,Résiliée,Occitanie
POL000186,CLT00695,Santé,Complet,2023-11-09,1326,Résiliée,Centre-Val de Loire
POL000187,CLT00189,Santé,Complet,2021-08-08,1882,Active,Normandie
POL000188,CLT01451,Auto,RC seule,2022-05-01,984,Active,Centre-Val de Loire
POL000189,CLT00618,Auto,RC seule,2022-11-30,1202,Résiliée,Île-de-France
POL000190,CLT00577,Auto,Tiers étendu,2023-08-02,1391,Active,Île-de-France
POL000191,CLT02711,Habitation,Basique,2021-09-07,1346,Active,Centre-Val de Loire
POL000192,CLT01137,Auto,Tiers étendu,2021-06-16,1479,Active,Nouvelle-Aquitaine
POL000193,CLT00751,Auto,Tous risques,2022-04-23,1785,Active,Occitanie
POL000194,CLT00651,Auto,Tiers étendu,2022-01-30,1342,Active,Auvergne-Rhône-Alpes
POL000195,CLT01617,Habitation,Confort,2022-01-17,2057,Active,Occitanie
POL000196,CLT04849,Santé,Essentiel,2022-01-14,576,Active,Nouvelle-Aquitaine
POL000197,CLT00652,Auto,RC seule,2021-10-22,678,Résiliée,Normandie
POL000198,CLT04714,Santé,Équilibré,2021-06-05,1024,Active,Auvergne-Rhône-Alpes
POL000199,CLT02633,Habitation,Basique,2023-03-20,1039,Active,Hauts-de-France
POL000200,CLT04853,Auto,Tiers étendu,2022-08-08,1430,Active,Normandie
POL000201,CLT02056,Santé,Équilibré,2023-12-23,1338,Active,Centre-Val de Loire
POL000202,CLT02062,Auto,RC seule,2021-05-07,1101,Active,Occitanie
POL000203,CLT02820,Santé,Essentiel,2023-05-31,780,Active,Centre-Val de Loire
POL000204,CLT03654,Auto,Tiers étendu,2021-06-30,1433,Active,Grand Est
POL000205,CLT02962,Habitation,Confort,2021-05-15,1842,Active,Auvergne-Rhône-Alpes
POL000206,CLT02614,Habitation,Confort,2023-09-11,1621,Active,Auvergne-Rhône-Alpes
POL000207,CLT02460,Habitation,Basique,2022-01-25,1180,Active,Normandie
POL000208,CLT01398,Auto,RC seule,2023-08-11,794,Résiliée,Auvergne-Rhône-Alpes
POL000209,CLT02658,Santé,Complet,2023-04-06,1181,Active,Auvergne-Rhône-Alpes
POL000210,CLT03805,Habitation,Basique,2023-03-01,1435,Active,Bretagne
POL000211,CLT00201,Santé,Complet,2023-02-21,1071,Suspendue,Normandie
POL000212,CLT01224,Auto,RC seule,2021-12-20,1080,Active,Grand Est
POL000213,CLT01507,Auto,RC seule,2023-08-26,1151,Active,Normandie
POL000214,CLT02764,Auto,Tiers étendu,2021-11-21,1655,Active,Centre-Val de Loire
POL000215,CLT04501,Auto,RC seule,2024-05-27,808,Active,Grand Est
POL000216,CLT03546,Auto,Tous risques,2023-09-26,1734,Suspendue,Auvergne-Rhône-Alpes
POL000217,CLT00490,Auto,RC seule,2022-10-25,878,Active,Île-de-France
POL000218,CLT04980,Auto,RC seule,2023-10-10,1006,Résiliée,Normandie
POL000219,CLT03411,Habitation,Premium,2021-11-21,2847,Active,Auvergne-Rhône-Alpes
POL000220,CLT02545,Habitation,Confort,2021-09-07,1543,Active,Hauts-de-France
POL000221,CLT04339,Auto,Tiers étendu,2021-09-20,1696,Active,Auvergne-Rhône-Alpes
POL000222,CLT03880,Auto,Tiers étendu,2023-05-05,1799,Active,Centre-Val de Loire
POL000223,CLT02673,Habitation,Premium,2022-10-03,2866,Active,Hauts-de-France
POL000224,CLT03901,Habitation,Confort,2024-03-28,1932,Active,Normandie
POL000225,CLT01593,Santé,Complet,2024-03-18,1189,Suspendue,Île-de-France
POL000226,CLT01876,Habitation,Confort,2022-05-26,1801,Active,Île-de-France
POL000227,CLT03849,Santé,Essentiel,2021-07-15,717,Active,Île-de-France
POL000228,CLT01216,Habitation,Basique,2023-10-03,1269,Active,Centre-Val de Loire
POL000229,CLT02180,Auto,RC seule,2022-01-31,896,Active,Nouvelle-Aquitaine
POL000230,CLT02263,Habitation,Basique,2021-05-01,1165,Active,Hauts-de-France
POL000231,CLT01830,Habitation,Basique,2024-06-25,1173,Active,Auvergne-Rhône-Alpes
POL000232,CLT01198,Habitation,Premium,2023-09-20,2696,Suspendue,Hauts-de-France
POL000233,CLT04955,Santé,Essentiel,2022-01-21,660,Résiliée,Hauts-de-France
POL000234,CLT04896,Habitation,Basique,2021-05-05,989,Active,Auvergne-Rhône-Alpes
POL000235,CLT01597,Habitation,Confort,2022-05-24,2011,Active,Bretagne
POL000236,CLT03466,Habitation,Premium,2022-09-03,2948,Active,Occitanie
POL000237,CLT01181,Auto,RC seule,2023-05-14,842,Active,Bretagne
POL000238,CLT03809,Habitation,Premium,2023-07-04,2795,Active,Occitanie
POL000239,CLT04549,Auto,Tiers étendu,2022-10-06,1313,Active,Occitanie
POL000240,CLT02241,Habitation,Basique,2024-05-27,1214,Active,Bretagne
POL000241,CLT01335,Habitation,Basique,2021-02-04,1254,Active,Normandie
POL000242,CLT02675,Habitation,Basique,2022-10-08,1283,Résiliée,Centre-Val de Loire
POL000243,CLT03073,Habitation,Confort,2022-10-26,1309,Active,Île-de-France
POL000244,CLT02676,Habitation,Premium,2022-08-03,3258,Active,Hauts-de-France
POL000245,CLT04658,Auto,Tiers étendu,2021-09-28,1346,Active,Normandie
POL000246,CLT00557,Auto,RC seule,2021-12-01,1198,Résiliée,Provence-Alpes-Côte d'Azur
POL000247,CLT01926,Auto,RC seule,2023-01-02,798,Active,Auvergne-Rhône-Alpes
POL000248,CLT03381,Auto,RC seule,2023-04-01,825,Active,Centre-Val de Loire
POL000249,CLT04299,Auto,Tous risques,2021-11-14,2168,Active,Occitanie
POL000250,CLT00733,Santé,Équilibré,2021-08-25,1084,Active,Auvergne-Rhône-Alpes
POL000251,CLT02137,Auto,RC seule,2024-02-17,668,Active,Hauts-de-France
POL000252,CLT01848,Habitation,Basique,2022-04-22,1137,Résiliée,Auvergne-Rhône-Alpes
POL000253,CLT01128,Habitation,Basique,2023-03-22,1292,Active,Bretagne
POL000254,CLT02373,Habitation,Confort,2023-04-30,1634,Active,Occitanie
POL000255,CLT00329,Auto,RC seule,2022-04-16,1116,Active,Centre-Val de Loire
POL000256,CLT00059,Auto,RC seule,2023-01-24,852,Active,Normandie
POL000257,CLT01345,Auto,RC seule,2021-01-16,794,Résiliée,Bretagne
POL000258,CLT02306,Auto,RC seule,2023-03-07,1010,Active,Occitanie
POL000259,CLT01652,Habitation,Basique,2022-02-05,1445,Active,Nouvelle-Aquitaine
POL000260,CLT02133,Auto,Tiers étendu,2023-07-14,1487,Active,Occitanie
POL000261,CLT04943,Santé,Équilibré,2023-04-11,1284,Active,Bretagne
POL000262,CLT00924,Auto,Tous risques,2022-02-26,2979,Active,Grand Est
POL000263,CLT04672,Habitation,Basique,2022-03-15,1131,Résiliée,Nouvelle-Aquitaine
POL000264,CLT02486,Auto,RC seule,2022-04-16,1082,Active,Hauts-de-France
POL000265,CLT02068,Auto,RC seule,2021-01-26,741,Active,Centre-Val de Loire
POL000266,CLT01483,Santé,Essentiel,2023-03-07,685,Active,Grand Est
POL000267,CLT03751,Santé,Équilibré,2021-12-05,972,Résiliée,Bretagne
POL000268,CLT03934,Habitation,Basique,2022-05-24,1436,Active,Auvergne-Rhône-Alpes
POL000269,CLT00879,Santé,Complet,2024-06-22,1961,Active,Auvergne-Rhône-Alpes
POL000270,CLT00092,Santé,Complet,2022-09-14,1688,Active,Grand Est
POL000271,CLT04654,Santé,Essentiel,2023-01-24,643,Active,Île-de-France
POL000272,CLT01563,Santé,Équilibré,2023-02-03,1180,Active,Nouvelle-Aquitaine
POL000273,CLT03421,Habitation,Basique,2021-03-13,1244,Résiliée,Centre-Val de Loire
POL000274,CLT02475,Auto,Tiers étendu,2022-02-24,1466,Active,Occitanie
POL000275,CLT00249,Santé,Complet,2021-12-24,2102,Active,Bretagne
POL000276,CLT00706,Habitation,Confort,2024-04-02,2275,Active,Normandie
POL000277,CLT02238,Auto,Tiers étendu,2023-09-10,1421,Active,Provence-Alpes-Côte d'Azur
POL000278,CLT01256,Auto,RC seule,2023-02-12,950,Active,Hauts-de-France
POL000279,CLT04075,Auto,Tiers étendu,2021-12-25,1420,Suspendue,Grand Est
POL000280,CLT04725,Santé,Équilibré,2022-07-30,771,Active,Auvergne-Rhône-Alpes
POL000281,CLT03926,Auto,RC seule,2022-07-11,862,Suspendue,Nouvelle-Aquitaine
POL000282,CLT01541,Auto,Tiers étendu,2021-01-04,1725,Suspendue,Hauts-de-France
POL000283,CLT00362,Santé,Complet,2023-06-11,1316,Active,Grand Est
POL000284,CLT04003,Habitation,Confort,2021-04-07,2335,Active,Île-de-France
POL000285,CLT00725,Habitation,Confort,2023-08-26,2257,Active,Normandie
POL000286,CLT03058,Habitation,Basique,2024-02-03,1286,Active,Bretagne
POL000287,CLT02628,Habitation,Basique,2021-12-23,1357,Active,Île-de-France
POL000288,CLT03049,Habitation,Basique,2022-08-22,1065,Active,Hauts-de-France
POL000289,CLT04052,Habitation,Confort,2023-06-04,1818,Active,Centre-Val de Loire
POL000290,CLT02075,Santé,Essentiel,2023-01-05,772,Active,Hauts-de-France
POL000291,CLT03693,Habitation,Premium,2021-12-03,2724,Résiliée,Occitanie
POL000292,CLT02814,Habitation,Premium,2024-07-04,3488,Active,Normandie
POL000293,CLT02799,Habitation,Premium,2021-11-23,2485,Résiliée,Nouvelle-Aquitaine
POL000294,CLT04700,Auto,Tous risques,2022-02-26,1832,Résiliée,Auvergne-Rhône-Alpes
POL000295,CLT03247,Auto,Tiers étendu,2021-08-18,1805,Suspendue,Hauts-de-France
POL000296,CLT04457,Auto,RC seule,2021-01-09,901,Active,Auvergne-Rhône-Alpes
POL000297,CLT04510,Habitation,Basique,2022-04-10,1177,Active,Normandie
POL000298,CLT02744,Habitation,Basique,2023-02-04,1515,Active,Île-de-France
POL000299,CLT03236,Habitation,Premium,2022-03-25,3351,Active,Grand Est
POL000300,CLT03343,Habitation,Premium,2022-04-08,3237,Active,Hauts-de-France
POL000301,CLT03717,Auto,Tiers étendu,2022-01-21,1289,Active,Nouvelle-Aquitaine
POL000302,CLT04133,Habitation,Confort,2021-05-28,1816,Active,Île-de-France
POL000303,CLT02512,Auto,Tiers étendu,2022-03-05,1531,Active,Centre-Val de Loire
POL000304,CLT00792,Santé,Essentiel,2021-02-03,730,Active,Normandie
POL000305,CLT00992,Auto,Tous risques,2021-05-27,2123,Active,Bretagne
POL000306,CLT03708,Santé,Équilibré,2023-01-03,1041,Active,Île-de-France
POL000307,CLT00087,Habitation,Basique,2023-03-06,1269,Active,Occitanie
POL000308,CLT02489,Auto,Tiers étendu,2023-09-07,1662,Active,Normandie
POL000309,CLT04861,Auto,Tiers étendu,2021-03-06,1612,Active,Nouvelle-Aquitaine
POL000310,CLT02880,Auto,Tiers étendu,2023-02-25,1179,Active,Occitanie
POL000311,CLT00803,Auto,Tiers étendu,2022-12-20,1482,Résiliée,Nouvelle-Aquitaine
POL000312,CLT04017,Santé,Essentiel,2023-09-26,508,Active,Grand Est
POL000313,CLT00712,Habitation,Confort,2021-06-19,2054,Active,Auvergne-Rhône-Alpes
POL000314,CLT00771,Habitation,Confort,2022-05-10,2036,Active,Normandie
POL000315,CLT03845,Auto,RC seule,2023-07-14,995,Active,Bretagne
POL000316,CLT03364,Auto,Tiers étendu,2024-04-30,1441,Résiliée,Occitanie
POL000317,CLT00232,Santé,Équilibré,2023-10-26,1010,Active,Bretagne
POL000318,CLT02251,Habitation,Basique,2024-01-03,1269,Active,Centre-Val de Loire
POL000319,CLT00400,Auto,RC seule,2023-11-25,825,Active,Normandie
POL000320,CLT03701,Auto,RC seule,2022-08-18,816,Active,Bretagne
POL000321,CLT03496,Auto,RC seule,2021-06-07,690,Active,Auvergne-Rhône-Alpes
POL000322,CLT03984,Auto,RC seule,2021-12-28,1066,Active,Occitanie
POL000323,CLT00360,Auto,RC seule,2024-04-10,965,Résiliée,Bretagne
POL000324,CLT01874,Habitation,Premium,2021-08-26,3099,Active,Occitanie
POL000325,CLT01141,Auto,Tous risques,2024-05-24,2809,Active,Hauts-de-France
POL000326,CLT03589,Habitation,Premium,2023-05-31,2434,Active,Normandie
POL000327,CLT04303,Santé,Essentiel,2024-01-19,450,Active,Hauts-de-France
POL000328,CLT03881,Auto,Tiers étendu,2023-05-15,1666,Active,Provence-Alpes-Côte d'Azur
POL000329,CLT00715,Auto,Tous risques,2023-01-03,2491,Active,Île-de-France
POL000330,CLT04155,Santé,Complet,2021-10-09,1072,Active,Île-de-France
POL000331,CLT01328,Auto,RC seule,2022-02-07,945,Active,Île-de-France
POL000332,CLT04473,Auto,RC seule,2021-05-17,854,Suspendue,Île-de-France
POL000333,CLT01520,Habitation,Basique,2021-03-23,1082,Active,Nouvelle-Aquitaine
POL000334,CLT01208,Auto,Tiers étendu,2023-03-12,1337,Active,Nouvelle-Aquitaine
POL000335,CLT00492,Habitation,Basique,2023-12-11,849,Active,Centre-Val de Loire
POL000336,CLT04798,Habitation,Basique,2021-10-08,1191,Active,Normandie
POL000337,CLT01997,Santé,Complet,2022-01-22,1327,Active,Occitanie
POL000338,CLT03919,Habitation,Basique,2023-03-06,1341,Active,Centre-Val de Loire
POL000339,CLT04436,Santé,Essentiel,2021-09-18,612,Résiliée,Hauts-de-France
POL000340,CLT01192,Santé,Essentiel,2023-11-18,688,Suspendue,Hauts-de-France
POL000341,CLT00595,Habitation,Basique,2023-04-27,850,Résiliée,Hauts-de-France
POL000342,CLT02964,Santé,Complet,2023-04-13,1336,Active,Provence-Alpes-Côte d'Azur
POL000343,CLT03538,Auto,RC seule,2023-03-20,1083,Active,Occitanie
POL000344,CLT03062,Auto,Tiers étendu,2022-04-06,1381,Active,Provence-Alpes-Côte d'Azur
POL000345,CLT01044,Habitation,Premium,2023-11-10,3414,Résiliée,Centre-Val de Loire
POL000346,CLT01289,Auto,Tiers étendu,2023-10-16,1044,Active,Centre-Val de Loire
POL000347,CLT03546,Habitation,Confort,2024-02-25,2089,Active,Auvergne-Rhône-Alpes
POL000348,CLT01193,Habitation,Basique,2022-07-23,1107,Active,Nouvelle-Aquitaine
POL000349,CLT03806,Habitation,Premium,2022-12-01,2745,Active,Île-de-France
POL000350,CLT04386,Habitation,Premium,2023-08-21,3261,Active,Grand Est
POL000351,CLT03163,Habitation,Premium,2024-04-22,3274,Active,Auvergne-Rhône-Alpes
POL000352,CLT04958,Habitation,Premium,2021-10-09,3402,Active,Hauts-de-France
POL000353,CLT00746,Habitation,Premium,2023-12-28,3673,Active,Occitanie
POL000354,CLT00516,Auto,RC seule,2022-07-10,1067,Résiliée,Grand Est
POL000355,CLT04870,Habitation,Basique,2022-10-26,1083,Résiliée,Île-de-France
POL000356,CLT04637,Auto,Tous risques,2022-01-28,2256,Résiliée,Grand Est
POL000357,CLT04241,Habitation,Basique,2024-05-09,1233,Active,Auvergne-Rhône-Alpes
POL000358,CLT01543,Habitation,Premium,2021-10-13,3733,Résiliée,Île-de-France
POL000359,CLT02417,Auto,Tiers étendu,2024-01-17,1687,Active,Provence-Alpes-Côte d'Azur
POL000360,CLT01675,Habitation,Confort,2021-12-22,1794,Active,Normandie
POL000361,CLT02388,Habitation,Basique,2022-11-22,1335,Active,Normandie
POL000362,CLT04072,Auto,RC seule,2022-07-09,823,Résiliée,Nouvelle-Aquitaine
POL000363,CLT03761,Habitation,Basique,2024-05-26,1278,Active,Nouvelle-Aquitaine
POL000364,CLT01020,Santé,Complet,2023-03-17,1294,Active,Provence-Alpes-Côte d'Azur
POL000365,CLT01548,Santé,Essentiel,2023-10-11,456,Active,Grand Est
POL000366,CLT04511,Habitation,Basique,2024-03-08,1321,Active,Nouvelle-Aquitaine
POL000367,CLT02177,Auto,Tiers étendu,2023-09-30,1752,Active,Provence-Alpes-Côte d'Azur
POL000368,CLT03903,Auto,RC seule,2021-10-14,1016,Active,Bretagne
POL000369,CLT02961,Habitation,Premium,2021-03-26,2739,Résiliée,Hauts-de-France
POL000370,CLT02273,Auto,Tiers étendu,2021-09-18,1220,Active,Centre-Val de Loire
POL000371,CLT03468,Auto,Tous risques,2024-03-06,1810,Active,Bretagne
POL000372,CLT00913,Auto,Tiers étendu,2022-07-22,1264,Active,Occitanie
POL000373,CLT01972,Auto,Tiers étendu,2024-03-14,1522,Active,Centre-Val de Loire
POL000374,CLT04528,Auto,RC seule,2021-02-17,1052,Active,Centre-Val de Loire
POL000375,CLT02595,Habitation,Basique,2023-02-24,1426,Active,Auvergne-Rhône-Alpes
POL000376,CLT00143,Santé,Essentiel,2024-06-11,444,Suspendue,Normandie
POL000377,CLT02210,Santé,Essentiel,2022-05-20,548,Résiliée,Normandie
POL000378,CLT01811,Auto,Tiers étendu,2021-12-22,1261,Résiliée,Provence-Alpes-Côte d'Azur
POL000379,CLT02290,Auto,RC seule,2022-09-24,628,Active,Normandie
POL000380,CLT04913,Santé,Équilibré,2022-04-21,1116,Active,Grand Est
POL000381,CLT00672,Auto,Tiers étendu,2021-11-04,1447,Active,Grand Est
POL000382,CLT03150,Santé,Complet,2021-02-17,1553,Active,Occitanie
POL000383,CLT02226,Auto,Tiers étendu,2023-06-14,1696,Active,Nouvelle-Aquitaine
POL000384,CLT04293,Auto,RC seule,2023-11-06,926,Active,Centre-Val de Loire
POL000385,CLT03623,Habitation,Basique,2021-06-08,1153,Active,Occitanie
POL000386,CLT03094,Auto,Tiers étendu,2022-03-23,1518,Active,Île-de-France
POL000387,CLT03319,Auto,Tiers étendu,2022-04-18,1670,Active,Île-de-France
POL000388,CLT03848,Santé,Équilibré,2024-02-28,1085,Active,Normandie
POL000389,CLT00530,Habitation,Premium,2023-03-08,3356,Active,Grand Est
POL000390,CLT02946,Auto,Tiers étendu,2023-07-02,1428,Résiliée,Grand Est
POL000391,CLT00733,Auto,RC seule,2022-07-06,926,Active,Auvergne-Rhône-Alpes
POL000392,CLT02129,Habitation,Basique,2024-04-14,1254,Active,Normandie
POL000393,CLT04908,Habitation,Basique,2021-03-16,1155,Suspendue,Provence-Alpes-Côte d'Azur
POL000394,CLT02987,Auto,RC seule,2021-11-22,886,Active,Nouvelle-Aquitaine
POL000395,CLT04529,Auto,RC seule,2022-06-07,1131,Active,Occitanie
POL000396,CLT02402,Auto,Tiers étendu,2022-01-16,1893,Active,Provence-Alpes-Côte d'Azur
POL000397,CLT02553,Auto,RC seule,2021-07-08,1145,Active,Grand Est
POL000398,CLT04691,Habitation,Premium,2021-12-27,2547,Active,Centre-Val de Loire
POL000399,CLT03853,Santé,Complet,2022-04-29,1215,Active,Provence-Alpes-Côte d'Azur
POL000400,CLT01601,Habitation,Basique,2021-07-27,1114,Active,Auvergne-Rhône-Alpes
POL000401,CLT01465,Habitation,Premium,2024-02-08,3015,Active,Normandie
POL000402,CLT01466,Auto,Tous risques,2022-05-19,1288,Active,Normandie
POL000403,CLT02667,Santé,Complet,2023-11-18,1429,Résiliée,Provence-Alpes-Côte d'Azur
POL000404,CLT04104,Habitation,Basique,2021-10-04,1478,Active,Hauts-de-France
POL000405,CLT03843,Auto,RC seule,2024-06-01,1037,Résiliée,Auvergne-Rhône-Alpes
POL000406,CLT04702,Habitation,Confort,2023-07-21,1719,Active,Grand Est
POL000407,CLT00901,Habitation,Basique,2024-05-26,1205,Active,Centre-Val de Loire
POL000408,CLT00550,Santé,Essentiel,2022-08-12,710,Active,Auvergne-Rhône-Alpes
POL000409,CLT04014,Habitation,Basique,2024-01-14,1360,Active,Provence-Alpes-Côte d'Azur
POL000410,CLT04302,Habitation,Confort,2023-12-01,1837,Active,Normandie
POL000411,CLT04961,Habitation,Premium,2023-04-10,2753,Active,Grand Est
POL000412,CLT04289,Santé,Essentiel,2023-10-21,547,Active,Auvergne-Rhône-Alpes
POL000413,CLT00299,Auto,Tiers étendu,2023-01-23,1137,Résiliée,Nouvelle-Aquitaine
POL000414,CLT00947,Habitation,Confort,2023-02-09,1867,Active,Hauts-de-France
POL000415,CLT00196,Auto,RC seule,2021-02-02,909,Active,Hauts-de-France
POL000416,CLT01206,Auto,Tiers étendu,2021-10-14,1163,Active,Auvergne-Rhône-Alpes
POL000417,CLT02474,Auto,RC seule,2022-04-11,983,Résiliée,Nouvelle-Aquitaine
POL000418,CLT02072,Habitation,Confort,2023-08-11,1996,Active,Île-de-France
POL000419,CLT01677,Habitation,Confort,2021-04-16,1984,Active,Île-de-France
POL000420,CLT01193,Santé,Complet,2022-08-29,1311,Active,Nouvelle-Aquitaine
POL000421,CLT02872,Habitation,Basique,2023-06-07,920,Active,Occitanie
POL000422,CLT02409,Auto,Tiers étendu,2023-09-05,1617,Active,Provence-Alpes-Côte d'Azur
POL000423,CLT03928,Auto,RC seule,2022-09-28,884,Résiliée,Occitanie
POL000424,CLT01360,Auto,RC seule,2024-02-25,873,Active,Occitanie
POL000425,CLT00203,Habitation,Confort,2023-01-31,1490,Active,Centre-Val de Loire
POL000426,CLT03305,Auto,Tiers étendu,2022-12-12,1350,Active,Hauts-de-France
POL000427,CLT02335,Auto,Tous risques,2024-04-14,2831,Active,Normandie
POL000428,CLT03592,Habitation,Confort,2023-11-19,1755,Active,Provence-Alpes-Côte d'Azur
POL000429,CLT04490,Habitation,Confort,2021-05-18,1569,Suspendue,Occitanie
POL000430,CLT01257,Santé,Essentiel,2023-06-20,698,Active,Nouvelle-Aquitaine
POL000431,CLT02189,Auto,Tous risques,2022-02-07,2443,Active,Île-de-France
POL000432,CLT03145,Auto,RC seule,2021-04-01,647,Active,Normandie
POL000433,CLT01090,Auto,Tiers étendu,2023-05-06,1537,Active,Occitanie
POL000434,CLT01243,Auto,Tiers étendu,2022-03-08,1884,Active,Grand Est
POL000435,CLT00543,Auto,RC seule,2023-09-16,651,Active,Provence-Alpes-Côte d'Azur
POL000436,CLT01795,Habitation,Premium,2023-10-08,2394,Active,Hauts-de-France
POL000437,CLT03766,Santé,Essentiel,2023-02-02,325,Résiliée,Nouvelle-Aquitaine
POL000438,CLT02115,Habitation,Confort,2022-11-09,2044,Active,Auvergne-Rhône-Alpes
POL000439,CLT02675,Habitation,Confort,2024-04-22,2154,Active,Centre-Val de Loire
POL000440,CLT02286,Santé,Complet,2022-05-18,1530,Active,Grand Est
POL000441,CLT00183,Auto,RC seule,2023-11-09,1121,Active,Nouvelle-Aquitaine
POL000442,CLT03316,Auto,Tiers étendu,2022-06-12,1630,Active,Centre-Val de Loire
POL000443,CLT01213,Habitation,Premium,2022-03-25,3491,Résiliée,Bretagne
POL000444,CLT02038,Habitation,Basique,2021-07-21,1466,Active,Nouvelle-Aquitaine
POL000445,CLT04144,Auto,Tiers étendu,2023-05-09,1349,Active,Île-de-France
POL000446,CLT02451,Auto,RC seule,2023-09-13,917,Résiliée,Grand Est
POL000447,CLT00544,Habitation,Premium,2021-04-27,2580,Active,Bretagne
POL000448,CLT03541,Auto,Tiers étendu,2021-03-04,1367,Active,Auvergne-Rhône-Alpes
POL000449,CLT03035,Auto,RC seule,2023-10-05,941,Résiliée,Grand Est
POL000450,CLT03247,Habitation,Confort,2022-04-27,1803,Active,Hauts-de-France
POL000451,CLT01351,Auto,Tiers étendu,2024-04-30,1786,Active,Normandie
POL000452,CLT00679,Auto,RC seule,2021-01-18,862,Active,Occitanie
POL000453,CLT03511,Habitation,Basique,2021-11-08,1187,Suspendue,Provence-Alpes-Côte d'Azur
POL000454,CLT00018,Habitation,Basique,2022-08-20,1099,Suspendue,Centre-Val de Loire
POL000455,CLT03005,Habitation,Premium,2023-01-02,3105,Active,Centre-Val de Loire
POL000456,CLT00717,Auto,Tous risques,2022-11-08,1714,Active,Bretagne
POL000457,CLT04775,Auto,RC seule,2021-01-01,897,Résiliée,Auvergne-Rhône-Alpes
POL000458,CLT01575,Habitation,Premium,2023-10-02,3531,Active,Île-de-France
POL000459,CLT04861,Auto,Tous risques,2021-05-27,2394,Résiliée,Nouvelle-Aquitaine
POL000460,CLT02331,Auto,Tiers étendu,2022-06-17,1457,Active,Bretagne
POL000461,CLT04218,Auto,Tiers étendu,2022-08-05,1396,Active,Grand Est
POL000462,CLT02775,Habitation,Confort,2023-07-16,1558,Active,Provence-Alpes-Côte d'Azur
POL000463,CLT04169,Auto,Tiers étendu,2023-04-02,1284,Active,Grand Est
POL000464,CLT01927,Habitation,Premium,2022-10-31,2918,Active,Île-de-France
POL000465,CLT03779,Auto,RC seule,2021-06-12,952,Active,Hauts-de-France
POL000466,CLT00965,Auto,Tous risques,2021-09-16,2596,Active,Centre-Val de Loire
POL000467,CLT00602,Auto,RC seule,2022-10-18,918,Active,Bretagne
POL000468,CLT03946,Auto,RC seule,2024-02-05,1080,Active,Centre-Val de Loire
POL000469,CLT02479,Santé,Essentiel,2023-08-28,789,Active,Île-de-France
POL000470,CLT02984,Auto,RC seule,2021-05-16,1051,Active,Normandie
POL000471,CLT02066,Auto,Tous risques,2023-08-08,2899,Active,Bretagne
POL000472,CLT03257,Habitation,Premium,2023-07-10,2410,Active,Hauts-de-France
POL000473,CLT02679,Habitation,Confort,2022-10-07,1520,Résiliée,Hauts-de-France
POL000474,CLT04642,Santé,Essentiel,2021-12-03,653,Résiliée,Occitanie
POL000475,CLT03407,Auto,Tous risques,2022-11-17,1867,Active,Provence-Alpes-Côte d'Azur
POL000476,CLT01150,Auto,Tiers étendu,2022-07-24,1439,Résiliée,Auvergne-Rhône-Alpes
POL000477,CLT01479,Auto,Tous risques,2023-01-09,2545,Active,Provence-Alpes-Côte d'Azur
POL000478,CLT03056,Auto,RC seule,2023-10-24,1124,Active,Auvergne-Rhône-Alpes
POL000479,CLT01211,Auto,Tiers étendu,2023-11-01,1353,Active,Bretagne
POL000480,CLT03201,Santé,Complet,2024-06-08,1356,Résiliée,Hauts-de-France
POL000481,CLT01612,Auto,Tous risques,2021-03-22,2473,Active,Centre-Val de Loire
POL000482,CLT04842,Habitation,Confort,2023-07-24,1578,Active,Bretagne
POL000483,CLT02725,Auto,Tiers étendu,2021-05-09,1414,Active,Centre-Val de Loire
POL000484,CLT03419,Santé,Complet,2024-05-31,1598,Active,Île-de-France
POL000485,CLT02582,Santé,Essentiel,2022-06-27,655,Active,Auvergne-Rhône-Alpes
POL000486,CLT00318,Santé,Équilibré,2024-04-01,1062,Active,Bretagne
POL000487,CLT02174,Auto,RC seule,2022-03-31,802,Résiliée,Île-de-France
POL000488,CLT03681,Auto,RC seule,2021-04-08,843,Résiliée,Provence-Alpes-Côte d'Azur
POL000489,CLT02242,Habitation,Premium,2023-05-04,2508,Active,Grand Est
POL000490,CLT02509,Habitation,Confort,2023-10-15,1466,Suspendue,Bretagne
POL000491,CLT01749,Habitation,Confort,2021-08-26,1982,Résiliée,Normandie
POL000492,CLT03187,Habitation,Basique,2024-01-22,1465,Active,Centre-Val de Loire
POL000493,CLT00117,Habitation,Basique,2022-05-18,1342,Résiliée,Auvergne-Rhône-Alpes
POL000494,CLT00170,Auto,Tous risques,2022-06-13,2114,Active,Normandie
POL000495,CLT02395,Habitation,Confort,2023-05-24,1618,Active,Provence-Alpes-Côte d'Azur
POL000496,CLT01343,Auto,Tous risques,2022-08-15,2574,Active,Île-de-France
POL000497,CLT04443,Habitation,Confort,2021-06-06,2027,Suspendue,Île-de-France
POL000498,CLT00995,Santé,Essentiel,2022-05-06,634,Active,Centre-Val de Loire
POL000499,CLT02213,Santé,Essentiel,2023-07-14,810,Active,Auvergne-Rhône-Alpes
POL000500,CLT04100,Habitation,Premium,2023-08-11,2797,Active,Nouvelle-Aquitaine
POL000501,CLT03943,Habitation,Basique,2021-06-20,1164,Active,Centre-Val de Loire
POL000502,CLT00754,Auto,RC seule,2022-01-23,930,Active,Normandie
POL000503,CLT02051,Habitation,Premium,2024-06-24,2186,Résiliée,Centre-Val de Loire
POL000504,CLT00708,Santé,Essentiel,2022-12-02,668,Active,Grand Est
POL000505,CLT04382,Auto,Tous risques,2022-12-21,2310,Active,Normandie
POL000506,CLT03189,Habitation,Confort,2023-11-16,2009,Active,Occitanie
POL000507,CLT03297,Auto,RC seule,2023-09-18,1239,Active,Bretagne
POL000508,CLT00549,Santé,Équilibré,2023-10-10,960,Active,Centre-Val de Loire
POL000509,CLT03751,Auto,Tiers étendu,2022-02-12,935,Résiliée,Bretagne
POL000510,CLT00299,Habitation,Basique,2022-12-29,1276,Active,Nouvelle-Aquitaine
POL000511,CLT03052,Habitation,Confort,2021-01-16,1920,Suspendue,Bretagne
POL000512,CLT03797,Auto,Tous risques,2024-05-02,2018,Active,Normandie
POL000513,CLT00955,Habitation,Confort,2024-02-08,1969,Suspendue,Auvergne-Rhône-Alpes
POL000514,CLT02792,Auto,Tous risques,2022-10-12,2630,Active,Auvergne-Rhône-Alpes
POL000515,CLT04400,Santé,Essentiel,2021-08-07,515,Active,Provence-Alpes-Côte d'Azur
POL000516,CLT02460,Habitation,Premium,2022-06-13,2883,Résiliée,Normandie
POL000517,CLT01254,Auto,Tous risques,2021-06-02,2750,Suspendue,Centre-Val de Loire
POL000518,CLT02981,Auto,RC seule,2022-09-07,868,Active,Normandie
POL000519,CLT00215,Santé,Essentiel,2021-07-10,616,Résiliée,Normandie
POL000520,CLT04301,Habitation,Premium,2023-01-13,1975,Active,Grand Est
POL000521,CLT02165,Habitation,Basique,2021-09-11,1085,Active,Grand Est
POL000522,CLT01740,Habitation,Basique,2021-04-11,1345,Active,Île-de-France
POL000523,CLT04508,Habitation,Premium,2021-06-13,3462,Résiliée,Normandie
POL000524,CLT04497,Santé,Complet,2024-01-24,1194,Active,Auvergne-Rhône-Alpes
POL000525,CLT04525,Habitation,Basique,2023-04-07,1330,Active,Nouvelle-Aquitaine
POL000526,CLT00334,Auto,Tous risques,2021-07-10,2219,Active,Hauts-de-France
POL000527,CLT02205,Habitation,Basique,2021-07-13,1362,Résiliée,Hauts-de-France
POL000528,CLT04820,Auto,Tous risques,2021-03-29,2021,Active,Grand Est
POL000529,CLT02959,Auto,RC seule,2021-11-22,1015,Active,Nouvelle-Aquitaine
POL000530,CLT04598,Santé,Essentiel,2022-11-16,579,Active,Nouvelle-Aquitaine
POL000531,CLT04662,Habitation,Basique,2021-02-04,1321,Active,Auvergne-Rhône-Alpes
POL000532,CLT01038,Auto,Tous risques,2023-11-10,2326,Active,Normandie
POL000533,CLT03342,Auto,Tiers étendu,2022-07-14,1456,Active,Bretagne
POL000534,CLT01537,Habitation,Basique,2023-05-31,1358,Active,Grand Est
POL000535,CLT03183,Auto,Tiers étendu,2022-12-07,1476,Active,Normandie
POL000536,CLT04840,Auto,Tiers étendu,2022-07-06,1407,Active,Centre-Val de Loire
POL000537,CLT01022,Habitation,Basique,2024-05-24,1182,Active,Provence-Alpes-Côte d'Azur
POL000538,CLT00939,Auto,RC seule,2022-06-03,985,Active,Grand Est
POL000539,CLT04724,Auto,Tiers étendu,2021-09-03,1580,Suspendue,Normandie
POL000540,CLT02039,Auto,RC seule,2022-05-27,819,Active,Centre-Val de Loire
POL000541,CLT00592,Habitation,Basique,2022-03-23,1228,Active,Auvergne-Rhône-Alpes
POL000542,CLT00923,Habitation,Confort,2021-08-15,1540,Résiliée,Auvergne-Rhône-Alpes
POL000543,CLT00113,Auto,RC seule,2023-07-05,900,Active,Hauts-de-France
POL000544,CLT01010,Santé,Essentiel,2023-04-22,570,Active,Normandie
POL000545,CLT04251,Habitation,Confort,2022-02-17,2067,Résiliée,Centre-Val de Loire
POL000546,CLT01196,Auto,RC seule,2022-05-13,1014,Active,Occitanie
POL000547,CLT02244,Auto,RC seule,2023-06-07,809,Active,Bretagne
POL000548,CLT00504,Habitation,Premium,2023-07-29,2966,Active,Provence-Alpes-Côte d'Azur
POL000549,CLT01670,Auto,Tous risques,2021-10-16,2495,Active,Auvergne-Rhône-Alpes
POL000550,CLT01451,Auto,RC seule,2023-12-21,957,Active,Centre-Val de Loire
POL000551,CLT03723,Auto,Tiers étendu,2023-07-10,1263,Active,Nouvelle-Aquitaine
POL000552,CLT02258,Santé,Complet,2022-07-07,1292,Active,Provence-Alpes-Côte d'Azur
POL000553,CLT01807,Auto,RC seule,2022-04-26,1005,Active,Hauts-de-France
POL000554,CLT03151,Auto,Tous risques,2023-11-10,2556,Active,Centre-Val de Loire
POL000555,CLT01186,Auto,Tiers étendu,2023-12-06,1369,Active,Occitanie
POL000556,CLT00810,Auto,Tiers étendu,2022-09-28,1562,Active,Auvergne-Rhône-Alpes
POL000557,CLT00167,Auto,Tous risques,2021-08-08,1165,Active,Grand Est
POL000558,CLT02317,Auto,RC seule,2024-02-13,1166,Résiliée,Auvergne-Rhône-Alpes
POL000559,CLT04706,Habitation,Confort,2022-01-10,1810,Active,Nouvelle-Aquitaine
POL000560,CLT04329,Auto,Tous risques,2022-11-02,2312,Active,Auvergne-Rhône-Alpes
POL000561,CLT04538,Auto,RC seule,2023-09-13,906,Active,Bretagne
POL000562,CLT00889,Habitation,Confort,2023-05-21,2238,Active,Normandie
POL000563,CLT02228,Habitation,Confort,2024-05-17,1636,Active,Nouvelle-Aquitaine
POL000564,CLT02924,Auto,Tiers étendu,2022-02-06,1779,Résiliée,Normandie
POL000565,CLT02661,Auto,RC seule,2023-08-24,951,Active,Bretagne
POL000566,CLT04363,Auto,RC seule,2024-02-26,1009,Active,Normandie
POL000567,CLT00625,Auto,Tous risques,2022-04-19,2195,Active,Bretagne
POL000568,CLT00360,Auto,Tiers étendu,2021-05-29,1145,Active,Bretagne
POL000569,CLT04494,Auto,RC seule,2022-03-16,1020,Active,Auvergne-Rhône-Alpes
POL000570,CLT00794,Auto,RC seule,2024-04-18,952,Active,Normandie
POL000571,CLT02298,Habitation,Premium,2022-03-05,3645,Active,Hauts-de-France
POL000572,CLT01940,Habitation,Basique,2022-05-28,1208,Active,Occitanie
POL000573,CLT04399,Habitation,Premium,2022-05-09,2672,Active,Auvergne-Rhône-Alpes
POL000574,CLT02270,Habitation,Confort,2021-01-14,2289,Résiliée,Centre-Val de Loire
POL000575,CLT04011,Santé,Essentiel,2023-04-24,809,Résiliée,Centre-Val de Loire
POL000576,CLT00820,Auto,Tiers étendu,2024-03-24,1458,Active,Hauts-de-France
POL000577,CLT03499,Habitation,Premium,2023-07-16,2564,Active,Hauts-de-France
POL000578,CLT01346,Auto,RC seule,2024-03-16,1008,Active,Grand Est
POL000579,CLT02255,Auto,Tous risques,2022-04-25,2255,Active,Centre-Val de Loire
POL000580,CLT01470,Auto,RC seule,2021-09-29,989,Active,Normandie
POL000581,CLT00502,Habitation,Basique,2021-10-03,1164,Active,Grand Est
POL000582,CLT01673,Auto,Tous risques,2022-09-06,2755,Résiliée,Auvergne-Rhône-Alpes
POL000583,CLT03538,Auto,RC seule,2021-11-22,914,Active,Occitanie
POL000584,CLT00063,Auto,RC seule,2021-12-25,966,Active,Bretagne
POL000585,CLT03444,Auto,Tous risques,2022-03-10,2121,Active,Occitanie
POL000586,CLT03401,Auto,RC seule,2021-12-07,890,Active,Île-de-France
POL000587,CLT04262,Habitation,Premium,2023-12-24,2643,Résiliée,Occitanie
POL000588,CLT04848,Santé,Complet,2022-11-07,1689,Résiliée,Normandie
POL000589,CLT01290,Santé,Équilibré,2024-03-07,1134,Active,Île-de-France
POL000590,CLT03679,Auto,Tiers étendu,2023-07-01,1690,Active,Île-de-France
POL000591,CLT02132,Habitation,Premium,2021-02-11,2903,Active,Normandie
POL000592,CLT02422,Auto,Tiers étendu,2021-07-06,1512,Résiliée,Occitanie
POL000593,CLT00945,Habitation,Basique,2021-04-21,1357,Active,Nouvelle-Aquitaine
POL000594,CLT04371,Santé,Essentiel,2023-09-09,701,Active,Nouvelle-Aquitaine
POL000595,CLT04757,Habitation,Premium,2021-04-19,1729,Active,Auvergne-Rhône-Alpes
POL000596,CLT04416,Santé,Complet,2022-05-08,1508,Résiliée,Hauts-de-France
POL000597,CLT04165,Santé,Équilibré,2021-06-01,1005,Active,Centre-Val de Loire
POL000598,CLT04525,Auto,Tiers étendu,2021-07-11,1685,Active,Nouvelle-Aquitaine
POL000599,CLT02721,Habitation,Premium,2021-04-01,2953,Active,Provence-Alpes-Côte d'Azur
POL000600,CLT01682,Auto,Tous risques,2021-07-03,2558,Active,Centre-Val de Loire
POL000601,CLT03624,Auto,Tiers étendu,2024-01-25,1220,Active,Auvergne-Rhône-Alpes
POL000602,CLT02637,Habitation,Confort,2022-11-23,1979,Active,Auvergne-Rhône-Alpes
POL000603,CLT00095,Habitation,Premium,2021-02-19,3612,Résiliée,Île-de-France
POL000604,CLT00249,Auto,RC seule,2024-04-14,817,Active,Bretagne
POL000605,CLT01560,Habitation,Premium,2023-06-19,4004,Active,Bretagne
POL000606,CLT04416,Habitation,Basique,2024-05-23,1452,Active,Hauts-de-France
POL000607,CLT01227,Santé,Essentiel,2021-08-24,653,Active,Hauts-de-France
POL000608,CLT04129,Habitation,Premium,2022-06-19,2536,Active,Grand Est
POL000609,CLT04471,Santé,Équilibré,2024-03-26,994,Active,Grand Est
POL000610,CLT02353,Habitation,Premium,2021-06-06,2933,Active,Normandie
POL000611,CLT02368,Habitation,Premium,2022-10-06,3044,Active,Île-de-France
POL000612,CLT00331,Habitation,Confort,2021-04-01,2188,Active,Grand Est
POL000613,CLT00023,Habitation,Premium,2023-02-13,2654,Active,Hauts-de-France
POL000614,CLT02798,Auto,Tiers étendu,2022-07-18,1517,Active,Provence-Alpes-Côte d'Azur
POL000615,CLT03320,Auto,RC seule,2023-04-26,795,Active,Auvergne-Rhône-Alpes
POL000616,CLT02208,Habitation,Premium,2023-01-27,2709,Active,Auvergne-Rhône-Alpes
POL000617,CLT03000,Auto,RC seule,2024-03-27,982,Active,Bretagne
POL000618,CLT00344,Habitation,Basique,2023-08-21,1326,Active,Normandie
POL000619,CLT01704,Auto,Tiers étendu,2024-06-11,1279,Active,Bretagne
POL000620,CLT02909,Habitation,Basique,2024-07-02,1305,Active,Grand Est
POL000621,CLT04308,Auto,RC seule,2022-07-03,1112,Résiliée,Normandie
POL000622,CLT01003,Santé,Essentiel,2023-12-19,737,Active,Normandie
POL000623,CLT04554,Santé,Équilibré,2022-06-20,1130,Active,Centre-Val de Loire
POL000624,CLT02119,Santé,Équilibré,2024-01-27,648,Résiliée,Nouvelle-Aquitaine
POL000625,CLT04084,Santé,Essentiel,2022-02-02,890,Active,Centre-Val de Loire
POL000626,CLT01538,Habitation,Basique,2022-07-03,1200,Active,Bretagne
POL000627,CLT00537,Auto,Tiers étendu,2022-08-28,1428,Active,Centre-Val de Loire
POL000628,CLT04274,Habitation,Confort,2022-09-22,1850,Active,Bretagne
POL000629,CLT01300,Auto,Tous risques,2021-09-25,2356,Active,Auvergne-Rhône-Alpes
POL000630,CLT04329,Auto,RC seule,2022-05-31,973,Active,Auvergne-Rhône-Alpes
POL000631,CLT00335,Santé,Essentiel,2023-03-10,697,Active,Bretagne
POL000632,CLT03062,Habitation,Premium,2021-03-28,2508,Active,Provence-Alpes-Côte d'Azur
POL000633,CLT01877,Habitation,Basique,2024-01-19,1200,Active,Nouvelle-Aquitaine
POL000634,CLT02408,Auto,Tous risques,2021-02-17,3002,Active,Bretagne
POL000635,CLT03849,Auto,Tiers étendu,2022-07-28,1591,Résiliée,Île-de-France
POL000636,CLT04203,Habitation,Premium,2023-11-01,2739,Résiliée,Occitanie
POL000637,CLT00185,Habitation,Confort,2023-01-25,1635,Active,Occitanie
POL000638,CLT04104,Habitation,Premium,2022-07-19,3146,Active,Hauts-de-France
POL000639,CLT01100,Habitation,Premium,2021-05-07,3326,Active,Nouvelle-Aquitaine
POL000640,CLT02785,Auto,Tiers étendu,2021-04-28,1745,Suspendue,Île-de-France
POL000641,CLT02387,Auto,Tous risques,2022-03-04,2172,Suspendue,Nouvelle-Aquitaine
POL000642,CLT02909,Auto,Tiers étendu,2024-04-17,1695,Active,Grand Est
POL000643,CLT01001,Auto,RC seule,2021-10-17,1130,Résiliée,Nouvelle-Aquitaine
POL000644,CLT00738,Auto,Tiers étendu,2023-12-14,1660,Active,Grand Est
POL000645,CLT01014,Habitation,Confort,2022-02-11,1653,Active,Centre-Val de Loire
POL000646,CLT00749,Habitation,Basique,2022-03-20,840,Active,Provence-Alpes-Côte d'Azur
POL000647,CLT02647,Santé,Essentiel,2023-04-13,662,Résiliée,Hauts-de-France
POL000648,CLT00630,Santé,Complet,2024-06-07,1906,Active,Bretagne
POL000649,CLT04069,Habitation,Basique,2023-03-09,1055,Active,Occitanie
POL000650,CLT04102,Santé,Complet,2023-12-11,1556,Résiliée,Normandie
POL000651,CLT00088,Santé,Essentiel,2021-02-24,616,Suspendue,Normandie
POL000652,CLT00241,Habitation,Basique,2023-04-30,1273,Active,Normandie
POL000653,CLT01048,Santé,Équilibré,2021-01-27,968,Active,Auvergne-Rhône-Alpes
POL000654,CLT03091,Auto,Tiers étendu,2023-10-16,1732,Active,Grand Est
POL000655,CLT02324,Santé,Équilibré,2023-05-01,1020,Résiliée,Provence-Alpes-Côte d'Azur
POL000656,CLT01751,Auto,Tiers étendu,2022-12-10,1259,Active,Grand Est
POL000657,CLT00475,Auto,Tiers étendu,2021-09-10,1615,Résiliée,Occitanie
POL000658,CLT04711,Auto,Tiers étendu,2022-04-08,1308,Active,Centre-Val de Loire
POL000659,CLT04341,Habitation,Premium,2024-04-16,3429,Active,Grand Est
POL000660,CLT03337,Auto,Tous risques,2021-11-19,2554,Résiliée,Nouvelle-Aquitaine
POL000661,CLT04970,Habitation,Basique,2022-05-07,1469,Active,Hauts-de-France
POL000662,CLT02746,Auto,RC seule,2022-06-07,883,Résiliée,Nouvelle-Aquitaine
POL000663,CLT02409,Auto,Tiers étendu,2021-03-29,1408,Résiliée,Provence-Alpes-Côte d'Azur
POL000664,CLT00175,Habitation,Basique,2023-10-06,1216,Résiliée,Occitanie
POL000665,CLT03512,Auto,Tous risques,2021-04-05,2203,Active,Centre-Val de Loire
POL000666,CLT00787,Auto,RC seule,2021-02-06,879,Résiliée,Provence-Alpes-Côte d'Azur
POL000667,CLT01581,Santé,Essentiel,2022-02-21,553,Active,Hauts-de-France
POL000668,CLT03260,Santé,Essentiel,2021-02-25,573,Active,Bretagne
POL000669,CLT03733,Auto,Tous risques,2022-03-12,1883,Active,Hauts-de-France
POL000670,CLT01438,Habitation,Basique,2022-11-29,1305,Active,Île-de-France
POL000671,CLT03521,Habitation,Basique,2024-03-17,1284,Active,Provence-Alpes-Côte d'Azur
POL000672,CLT03976,Auto,Tiers étendu,2021-10-20,1372,Active,Normandie
POL000673,CLT04297,Santé,Essentiel,2021-03-24,506,Active,Normandie
POL000674,CLT02491,Santé,Essentiel,2023-12-17,485,Suspendue,Nouvelle-Aquitaine
POL000675,CLT01590,Auto,RC seule,2024-02-01,1153,Active,Bretagne
POL000676,CLT04331,Auto,RC seule,2022-04-24,881,Active,Grand Est
POL000677,CLT01017,Auto,Tiers étendu,2023-07-14,1526,Active,Grand Est
POL000678,CLT00148,Habitation,Basique,2023-01-25,1269,Suspendue,Provence-Alpes-Côte d'Azur
POL000679,CLT04759,Habitation,Premium,2022-08-09,1757,Active,Bretagne
POL000680,CLT00130,Habitation,Confort,2022-06-07,2254,Active,Provence-Alpes-Côte d'Azur
POL000681,CLT01357,Auto,Tiers étendu,2024-03-19,1600,Active,Auvergne-Rhône-Alpes
POL000682,CLT03447,Habitation,Confort,2023-02-09,1723,Résiliée,Auvergne-Rhône-Alpes
POL000683,CLT02429,Santé,Équilibré,2024-05-14,1021,Active,Bretagne
POL000684,CLT03738,Auto,Tiers étendu,2021-10-25,1269,Active,Provence-Alpes-Côte d'Azur
POL000685,CLT03000,Habitation,Confort,2024-03-10,2345,Active,Bretagne
POL000686,CLT02707,Habitation,Basique,2023-10-22,1083,Résiliée,Provence-Alpes-Côte d'Azur
POL000687,CLT04666,Habitation,Premium,2022-02-03,2819,Résiliée,Bretagne
POL000688,CLT01560,Auto,Tous risques,2022-04-02,2046,Active,Bretagne
POL000689,CLT01158,Habitation,Confort,2024-02-29,1888,Active,Hauts-de-France
POL000690,CLT00449,Auto,Tiers étendu,2024-02-17,1805,Active,Auvergne-Rhône-Alpes
POL000691,CLT03261,Habitation,Confort,2023-05-06,2495,Suspendue,Centre-Val de Loire
POL000692,CLT00251,Habitation,Basique,2022-03-19,1187,Active,Provence-Alpes-Côte d'Azur
POL000693,CLT01869,Habitation,Basique,2024-05-18,1260,Résiliée,Île-de-France
POL000694,CLT01999,Santé,Équilibré,2024-02-24,995,Active,Provence-Alpes-Côte d'Azur
POL000695,CLT02333,Santé,Complet,2023-04-15,1409,Résiliée,Hauts-de-France
POL000696,CLT00966,Santé,Complet,2024-03-05,2112,Active,Provence-Alpes-Côte d'Azur
POL000697,CLT02797,Auto,Tous risques,2021-10-29,2723,Active,Grand Est
POL000698,CLT02939,Habitation,Basique,2022-06-29,1318,Active,Auvergne-Rhône-Alpes
POL000699,CLT04511,Auto,RC seule,2023-04-14,1093,Active,Nouvelle-Aquitaine
POL000700,CLT01775,Auto,Tiers étendu,2023-05-23,1733,Active,Normandie
POL000701,CLT01194,Habitation,Premium,2022-10-05,2875,Active,Centre-Val de Loire
POL000702,CLT00985,Auto,RC seule,2022-07-01,972,Active,Bretagne
POL000703,CLT01221,Auto,Tous risques,2022-09-29,2737,Résiliée,Grand Est
POL000704,CLT02228,Habitation,Basique,2021-03-02,1128,Résiliée,Nouvelle-Aquitaine
POL000705,CLT01346,Habitation,Basique,2021-01-14,1467,Active,Grand Est
POL000706,CLT04210,Auto,RC seule,2023-03-09,919,Active,Occitanie
POL000707,CLT00452,Auto,Tous risques,2023-03-04,2741,Active,Grand Est
POL000708,CLT00615,Auto,RC seule,2024-06-07,902,Active,Normandie
POL000709,CLT00209,Auto,RC seule,2023-12-17,1086,Active,Normandie
POL000710,CLT02288,Auto,Tiers étendu,2021-05-30,1492,Résiliée,Nouvelle-Aquitaine
POL000711,CLT02633,Auto,Tiers étendu,2021-12-29,1297,Résiliée,Hauts-de-France
POL000712,CLT04275,Auto,Tiers étendu,2023-06-27,1426,Active,Hauts-de-France
POL000713,CLT01177,Auto,RC seule,2022-07-28,1097,Active,Île-de-France
POL000714,CLT04058,Auto,Tiers étendu,2023-03-12,997,Active,Centre-Val de Loire
POL000715,CLT03679,Santé,Équilibré,2023-04-24,888,Active,Île-de-France
POL000716,CLT04885,Auto,RC seule,2021-07-08,818,Active,Centre-Val de Loire
POL000717,CLT04032,Habitation,Premium,2023-02-27,2512,Résiliée,Centre-Val de Loire
POL000718,CLT01319,Habitation,Premium,2021-05-17,3414,Active,Île-de-France
POL000719,CLT02159,Auto,Tous risques,2023-12-29,2681,Active,Normandie
POL000720,CLT01600,Auto,Tiers étendu,2021-07-02,1578,Résiliée,Centre-Val de Loire
POL000721,CLT02574,Auto,Tous risques,2022-02-19,2074,Active,Auvergne-Rhône-Alpes
POL000722,CLT03288,Auto,Tiers étendu,2021-06-12,1745,Active,Normandie
POL000723,CLT01679,Santé,Complet,2021-12-03,1155,Active,Grand Est
POL000724,CLT00644,Habitation,Basique,2021-08-19,1531,Active,Île-de-France
POL000725,CLT03457,Auto,Tiers étendu,2022-10-13,1266,Active,Nouvelle-Aquitaine
POL000726,CLT04062,Habitation,Premium,2023-02-10,2703,Active,Auvergne-Rhône-Alpes
POL000727,CLT01788,Auto,Tous risques,2024-01-22,2096,Active,Bretagne
POL000728,CLT02168,Habitation,Confort,2021-12-12,1640,Résiliée,Auvergne-Rhône-Alpes
POL000729,CLT02647,Auto,Tous risques,2022-08-26,3023,Active,Hauts-de-France
POL000730,CLT00775,Auto,RC seule,2021-04-19,1001,Active,Île-de-France
POL000731,CLT01679,Habitation,Premium,2023-03-27,3441,Active,Grand Est
POL000732,CLT00888,Santé,Complet,2023-10-21,1280,Active,Provence-Alpes-Côte d'Azur
POL000733,CLT01396,Santé,Essentiel,2021-11-27,652,Active,Normandie
POL000734,CLT04027,Santé,Équilibré,2022-01-09,1096,Active,Grand Est
POL000735,CLT01585,Auto,Tous risques,2023-05-10,2427,Active,Auvergne-Rhône-Alpes
POL000736,CLT04474,Auto,Tous risques,2024-05-27,1812,Active,Bretagne
POL000737,CLT03490,Santé,Essentiel,2024-01-10,722,Active,Occitanie
POL000738,CLT00942,Santé,Essentiel,2022-10-15,694,Active,Hauts-de-France
POL000739,CLT02773,Auto,Tous risques,2021-02-16,1978,Active,Nouvelle-Aquitaine
POL000740,CLT04822,Habitation,Confort,2023-04-05,1450,Active,Normandie
POL000741,CLT00975,Habitation,Confort,2023-04-05,2025,Résiliée,Nouvelle-Aquitaine
POL000742,CLT04068,Auto,Tiers étendu,2021-10-28,1976,Résiliée,Centre-Val de Loire
POL000743,CLT00127,Auto,RC seule,2024-01-13,790,Active,Bretagne
POL000744,CLT01401,Auto,Tiers étendu,2022-11-03,1521,Active,Île-de-France
POL000745,CLT00707,Santé,Équilibré,2023-01-20,1182,Active,Île-de-France
POL000746,CLT02745,Habitation,Confort,2021-08-03,1576,Active,Nouvelle-Aquitaine
POL000747,CLT03318,Habitation,Confort,2023-12-07,1879,Active,Occitanie
POL000748,CLT01428,Auto,Tiers étendu,2022-11-02,1237,Active,Centre-Val de Loire
POL000749,CLT03742,Habitation,Premium,2024-02-16,3209,Active,Nouvelle-Aquitaine
POL000750,CLT02200,Auto,Tiers étendu,2024-01-15,1721,Active,Nouvelle-Aquitaine
POL000751,CLT04479,Santé,Complet,2021-09-17,1612,Résiliée,Hauts-de-France
POL000752,CLT00310,Santé,Complet,2024-05-24,1316,Active,Hauts-de-France
POL000753,CLT01883,Habitation,Confort,2024-05-10,1746,Active,Occitanie
POL000754,CLT02055,Habitation,Basique,2021-09-24,1144,Active,Normandie
POL000755,CLT04962,Auto,Tiers étendu,2023-11-15,1323,Active,Normandie
POL000756,CLT00541,Habitation,Basique,2023-07-15,1297,Active,Occitanie
POL000757,CLT04158,Habitation,Premium,2021-03-15,3110,Active,Hauts-de-France
POL000758,CLT03616,Auto,Tous risques,2022-04-27,2378,Résiliée,Provence-Alpes-Côte d'Azur
POL000759,CLT03291,Auto,Tiers étendu,2024-01-10,1402,Active,Occitanie
POL000760,CLT01530,Auto,Tiers étendu,2022-07-17,1415,Active,Occitanie
POL000761,CLT00639,Santé,Essentiel,2023-08-03,660,Active,Bretagne
POL000762,CLT04360,Habitation,Confort,2024-07-01,1639,Active,Provence-Alpes-Côte d'Azur
POL000763,CLT03576,Habitation,Confort,2021-11-12,1993,Résiliée,Grand Est
POL000764,CLT01061,Auto,Tiers étendu,2023-10-09,1291,Suspendue,Auvergne-Rhône-Alpes
POL000765,CLT00313,Habitation,Confort,2023-12-10,1467,Active,Centre-Val de Loire
POL000766,CLT01526,Habitation,Premium,2023-01-26,3232,Active,Nouvelle-Aquitaine
POL000767,CLT02207,Santé,Équilibré,2023-01-09,919,Active,Bretagne
POL000768,CLT03197,Auto,Tiers étendu,2023-07-25,1512,Active,Bretagne
POL000769,CLT00251,Habitation,Basique,2024-01-15,1382,Active,Provence-Alpes-Côte d'Azur
POL000770,CLT02807,Santé,Essentiel,2022-01-09,532,Résiliée,Nouvelle-Aquitaine
POL000771,CLT03221,Habitation,Basique,2021-10-15,1225,Active,Grand Est
POL000772,CLT02410,Auto,RC seule,2021-09-30,703,Active,Provence-Alpes-Côte d'Azur
POL000773,CLT04720,Santé,Complet,2022-04-01,1945,Résiliée,Normandie
POL000774,CLT01594,Habitation,Premium,2024-03-18,2340,Résiliée,Grand Est
POL000775,CLT02787,Auto,RC seule,2022-11-03,882,Active,Provence-Alpes-Côte d'Azur
POL000776,CLT02768,Habitation,Premium,2021-12-31,3345,Résiliée,Hauts-de-France
POL000777,CLT02813,Auto,Tous risques,2021-12-18,2240,Active,Bretagne
POL000778,CLT04827,Auto,Tiers étendu,2022-12-05,1193,Active,Hauts-de-France
POL000779,CLT03032,Auto,Tous risques,2023-10-31,2535,Active,Hauts-de-France
POL000780,CLT03205,Auto,RC seule,2023-09-30,1081,Active,Grand Est
POL000781,CLT03165,Santé,Équilibré,2021-02-02,962,Active,Auvergne-Rhône-Alpes
POL000782,CLT03996,Habitation,Basique,2022-06-20,1193,Active,Provence-Alpes-Côte d'Azur
POL000783,CLT01591,Auto,Tiers étendu,2023-11-16,1394,Résiliée,Nouvelle-Aquitaine
POL000784,CLT00611,Santé,Essentiel,2023-09-13,609,Active,Auvergne-Rhône-Alpes
POL000785,CLT01351,Auto,Tiers étendu,2022-11-15,1093,Active,Normandie
POL000786,CLT02205,Habitation,Basique,2023-01-16,1189,Active,Hauts-de-France
POL000787,CLT02520,Auto,RC seule,2021-08-09,1117,Active,Île-de-France
POL000788,CLT02686,Auto,RC seule,2021-12-22,811,Active,Normandie
POL000789,CLT01757,Santé,Équilibré,2023-12-11,949,Active,Provence-Alpes-Côte d'Azur
POL000790,CLT03492,Auto,RC seule,2021-02-02,835,Résiliée,Bretagne
POL000791,CLT02178,Santé,Essentiel,2021-08-12,702,Active,Hauts-de-France
POL000792,CLT00714,Auto,RC seule,2023-07-25,1047,Active,Bretagne
POL000793,CLT04336,Santé,Essentiel,2024-04-26,730,Active,Hauts-de-France
POL000794,CLT04600,Auto,Tiers étendu,2021-09-27,1240,Active,Centre-Val de Loire
POL000795,CLT00056,Auto,RC seule,2023-11-20,1002,Active,Provence-Alpes-Côte d'Azur
POL000796,CLT02854,Auto,Tous risques,2022-11-09,2751,Active,Grand Est
POL000797,CLT03508,Auto,Tous risques,2024-04-10,2527,Active,Auvergne-Rhône-Alpes
POL000798,CLT03685,Habitation,Basique,2021-12-10,1311,Active,Provence-Alpes-Côte d'Azur
POL000799,CLT02768,Habitation,Premium,2022-07-27,2619,Active,Hauts-de-France
POL000800,CLT02782,Habitation,Confort,2023-01-15,1918,Active,Occitanie
POL000801,CLT02600,Habitation,Premium,2022-08-13,3304,Active,Bretagne
POL000802,CLT01056,Auto,Tiers étendu,2021-09-01,1604,Suspendue,Occitanie
POL000803,CLT03508,Santé,Essentiel,2021-01-13,504,Résiliée,Auvergne-Rhône-Alpes
POL000804,CLT00352,Auto,RC seule,2022-04-16,847,Active,Bretagne
POL000805,CLT01902,Auto,RC seule,2021-08-26,1091,Active,Auvergne-Rhône-Alpes
POL000806,CLT02600,Auto,RC seule,2022-11-28,941,Active,Bretagne
POL000807,CLT04275,Auto,Tiers étendu,2024-02-12,1508,Active,Hauts-de-France
POL000808,CLT00823,Auto,RC seule,2023-12-01,857,Active,Grand Est
POL000809,CLT03139,Auto,Tiers étendu,2023-10-02,1754,Active,Grand Est
POL000810,CLT01820,Auto,Tous risques,2023-06-23,3048,Active,Provence-Alpes-Côte d'Azur
POL000811,CLT02398,Habitation,Basique,2021-01-14,1472,Active,Auvergne-Rhône-Alpes
POL000812,CLT04222,Santé,Équilibré,2023-01-26,1227,Active,Île-de-France
POL000813,CLT00571,Habitation,Premium,2021-12-21,2664,Active,Normandie
POL000814,CLT00868,Habitation,Basique,2021-05-09,1128,Active,Centre-Val de Loire
POL000815,CLT04970,Auto,Tous risques,2021-01-15,2237,Active,Hauts-de-France
POL000816,CLT00759,Auto,Tiers étendu,2021-07-04,1443,Active,Nouvelle-Aquitaine
POL000817,CLT03403,Auto,RC seule,2024-02-07,1151,Active,Île-de-France
POL000818,CLT00199,Habitation,Premium,2023-04-08,3362,Active,Nouvelle-Aquitaine
POL000819,CLT00714,Habitation,Basique,2022-01-06,1284,Résiliée,Bretagne
POL000820,CLT03933,Habitation,Basique,2023-01-14,1004,Active,Auvergne-Rhône-Alpes
POL000821,CLT02177,Habitation,Basique,2024-03-15,1049,Résiliée,Provence-Alpes-Côte d'Azur
POL000822,CLT02666,Auto,RC seule,2023-07-18,967,Active,Auvergne-Rhône-Alpes
POL000823,CLT04537,Auto,RC seule,2021-04-19,1022,Active,Occitanie
POL000824,CLT01489,Habitation,Premium,2023-08-19,2832,Active,Grand Est
POL000825,CLT03746,Habitation,Basique,2022-03-21,1604,Résiliée,Nouvelle-Aquitaine
POL000826,CLT04773,Santé,Complet,2021-03-01,1233,Active,Bretagne
POL000827,CLT01414,Auto,Tous risques,2024-06-13,1792,Active,Occitanie
POL000828,CLT03375,Santé,Complet,2023-05-25,1364,Active,Auvergne-Rhône-Alpes
POL000829,CLT04794,Auto,RC seule,2024-02-07,872,Active,Île-de-France
POL000830,CLT01938,Santé,Essentiel,2023-01-15,666,Active,Hauts-de-France
POL000831,CLT02004,Habitation,Premium,2024-01-12,2747,Active,Occitanie
POL000832,CLT04555,Santé,Essentiel,2021-09-08,446,Active,Hauts-de-France
POL000833,CLT03794,Habitation,Premium,2022-03-25,3355,Active,Hauts-de-France
POL000834,CLT03221,Auto,Tous risques,2024-03-15,1599,Active,Grand Est
POL000835,CLT02080,Habitation,Premium,2023-10-18,2589,Active,Grand Est
POL000836,CLT00955,Auto,Tiers étendu,2024-04-07,1115,Active,Auvergne-Rhône-Alpes
POL000837,CLT01531,Habitation,Confort,2021-11-28,1950,Active,Provence-Alpes-Côte d'Azur
POL000838,CLT02020,Habitation,Confort,2023-12-16,1897,Résiliée,Grand Est
POL000839,CLT00922,Auto,Tiers étendu,2022-11-01,1863,Active,Centre-Val de Loire
POL000840,CLT04574,Santé,Équilibré,2021-09-25,1270,Active,Île-de-France
POL000841,CLT00808,Auto,RC seule,2021-04-22,1108,Active,Grand Est
POL000842,CLT01420,Auto,RC seule,2024-02-10,937,Active,Nouvelle-Aquitaine
POL000843,CLT03815,Habitation,Confort,2024-03-11,1560,Active,Bretagne
POL000844,CLT01726,Habitation,Confort,2023-02-02,2087,Active,Grand Est
POL000845,CLT02928,Auto,Tiers étendu,2023-03-19,1652,Résiliée,Île-de-France
POL000846,CLT00332,Auto,RC seule,2022-09-11,1004,Active,Auvergne-Rhône-Alpes
POL000847,CLT03178,Habitation,Premium,2024-03-21,2618,Active,Grand Est
POL000848,CLT03771,Auto,Tous risques,2021-11-30,2378,Résiliée,Normandie
POL000849,CLT04674,Santé,Complet,2021-02-16,1376,Active,Nouvelle-Aquitaine
POL000850,CLT04729,Auto,Tous risques,2024-04-16,1840,Active,Nouvelle-Aquitaine
POL000851,CLT00197,Auto,RC seule,2022-07-22,806,Active,Provence-Alpes-Côte d'Azur
POL000852,CLT04190,Auto,Tiers étendu,2022-02-07,1477,Résiliée,Centre-Val de Loire
POL000853,CLT04724,Auto,Tiers étendu,2022-03-07,1273,Active,Normandie
POL000854,CLT04095,Auto,Tous risques,2021-10-25,2208,Active,Normandie
POL000855,CLT01237,Habitation,Basique,2021-11-19,1536,Active,Provence-Alpes-Côte d'Azur
POL000856,CLT03772,Auto,Tous risques,2021-10-13,2053,Active,Normandie
POL000857,CLT04964,Habitation,Confort,2021-08-26,1678,Active,Hauts-de-France
POL000858,CLT03299,Auto,Tous risques,2021-03-27,2231,Active,Occitanie
POL000859,CLT00262,Auto,Tiers étendu,2023-12-20,1453,Active,Grand Est
POL000860,CLT02038,Auto,Tiers étendu,2022-03-15,1387,Active,Nouvelle-Aquitaine
POL000861,CLT04685,Auto,RC seule,2022-03-03,1006,Active,Île-de-France
POL000862,CLT01466,Habitation,Premium,2022-09-10,3214,Active,Normandie
POL000863,CLT00849,Auto,Tous risques,2021-12-27,2840,Active,Nouvelle-Aquitaine
POL000864,CLT02331,Auto,Tiers étendu,2023-03-20,1456,Active,Bretagne
POL000865,CLT01152,Santé,Complet,2024-03-26,1426,Active,Île-de-France
POL000866,CLT01103,Auto,RC seule,2021-09-21,907,Active,Normandie
POL000867,CLT04845,Auto,Tous risques,2022-12-18,2389,Active,Hauts-de-France
POL000868,CLT00541,Santé,Équilibré,2021-01-03,1011,Résiliée,Occitanie
POL000869,CLT01759,Habitation,Confort,2022-12-09,1818,Active,Île-de-France
POL000870,CLT04780,Habitation,Basique,2021-07-19,1136,Active,Grand Est
POL000871,CLT03717,Auto,RC seule,2023-05-19,820,Résiliée,Nouvelle-Aquitaine
POL000872,CLT04504,Auto,RC seule,2022-09-21,926,Active,Provence-Alpes-Côte d'Azur
POL000873,CLT01068,Auto,RC seule,2021-06-03,789,Résiliée,Normandie
POL000874,CLT01280,Auto,Tous risques,2021-04-21,2312,Active,Nouvelle-Aquitaine
POL000875,CLT02965,Habitation,Confort,2024-02-16,2141,Active,Auvergne-Rhône-Alpes
POL000876,CLT00495,Auto,Tiers étendu,2023-06-27,1304,Active,Centre-Val de Loire
POL000877,CLT00700,Auto,Tous risques,2021-02-15,2978,Active,Hauts-de-France
POL000878,CLT01065,Auto,RC seule,2021-08-08,920,Active,Occitanie
POL000879,CLT02139,Santé,Essentiel,2021-01-16,455,Active,Provence-Alpes-Côte d'Azur
POL000880,CLT02339,Auto,RC seule,2021-02-04,958,Active,Centre-Val de Loire
POL000881,CLT03323,Santé,Équilibré,2023-07-14,992,Active,Normandie
POL000882,CLT02526,Habitation,Basique,2024-04-23,1279,Active,Nouvelle-Aquitaine
POL000883,CLT02852,Auto,Tiers étendu,2021-12-20,1352,Résiliée,Centre-Val de Loire
POL000884,CLT02059,Habitation,Basique,2022-05-30,1196,Active,Occitanie
POL000885,CLT00023,Auto,Tiers étendu,2021-08-31,1201,Active,Hauts-de-France
POL000886,CLT04213,Auto,RC seule,2023-04-25,879,Active,Bretagne
POL000887,CLT00823,Auto,RC seule,2021-07-04,857,Active,Grand Est
POL000888,CLT03472,Habitation,Confort,2023-11-25,1545,Active,Bretagne
POL000889,CLT03001,Auto,RC seule,2021-03-04,909,Résiliée,Centre-Val de Loire
POL000890,CLT00887,Santé,Équilibré,2023-08-08,1178,Active,Occitanie
POL000891,CLT04165,Auto,Tiers étendu,2022-05-20,1838,Active,Centre-Val de Loire
POL000892,CLT01878,Auto,Tous risques,2022-08-13,2471,Active,Bretagne
POL000893,CLT04348,Santé,Équilibré,2022-02-13,1219,Résiliée,Auvergne-Rhône-Alpes
POL000894,CLT01434,Auto,RC seule,2021-02-05,1074,Active,Île-de-France
POL000895,CLT01489,Auto,Tous risques,2022-12-29,2549,Active,Grand Est
POL000896,CLT03519,Habitation,Confort,2022-02-23,1912,Active,Grand Est
POL000897,CLT00045,Auto,Tous risques,2022-02-15,2567,Active,Île-de-France
POL000898,CLT01283,Santé,Complet,2023-06-20,1399,Résiliée,Grand Est
POL000899,CLT03584,Santé,Équilibré,2021-11-01,984,Active,Occitanie
POL000900,CLT04794,Auto,RC seule,2021-10-11,970,Active,Île-de-France
POL000901,CLT03892,Auto,RC seule,2022-06-29,1076,Active,Auvergne-Rhône-Alpes
POL000902,CLT03487,Auto,Tous risques,2024-04-21,2362,Active,Île-de-France
POL000903,CLT00556,Habitation,Basique,2024-04-20,1223,Active,Bretagne
POL000904,CLT03829,Auto,RC seule,2021-02-10,919,Active,Île-de-France
POL000905,CLT02152,Habitation,Confort,2024-02-05,1916,Active,Provence-Alpes-Côte d'Azur
POL000906,CLT04612,Habitation,Premium,2022-07-07,3076,Active,Île-de-France
POL000907,CLT02581,Auto,Tous risques,2021-05-15,1742,Active,Grand Est
POL000908,CLT01411,Auto,Tiers étendu,2023-10-25,1246,Active,Auvergne-Rhône-Alpes
POL000909,CLT04831,Auto,Tous risques,2023-10-15,2977,Résiliée,Centre-Val de Loire
POL000910,CLT03236,Habitation,Confort,2023-10-07,1813,Active,Grand Est
POL000911,CLT00534,Auto,Tiers étendu,2021-09-04,1319,Résiliée,Bretagne
POL000912,CLT03132,Habitation,Confort,2021-07-29,1929,Active,Nouvelle-Aquitaine
POL000913,CLT03130,Santé,Essentiel,2023-09-21,601,Active,Hauts-de-France
POL000914,CLT00403,Habitation,Confort,2022-05-24,2023,Active,Bretagne
POL000915,CLT01428,Habitation,Confort,2022-03-08,1534,Active,Centre-Val de Loire
POL000916,CLT04223,Habitation,Confort,2024-04-08,1944,Active,Provence-Alpes-Côte d'Azur
POL000917,CLT00934,Santé,Équilibré,2021-01-31,1110,Active,Île-de-France
POL000918,CLT02164,Auto,Tiers étendu,2021-10-13,1486,Active,Grand Est
POL000919,CLT03828,Auto,Tiers étendu,2024-01-13,1563,Résiliée,Auvergne-Rhône-Alpes
POL000920,CLT00866,Auto,RC seule,2021-11-21,996,Active,Centre-Val de Loire
POL000921,CLT00225,Habitation,Confort,2022-06-16,1815,Active,Nouvelle-Aquitaine
POL000922,CLT04471,Santé,Complet,2022-04-27,1319,Active,Grand Est
POL000923,CLT04683,Habitation,Confort,2024-04-12,2560,Active,Hauts-de-France
POL000924,CLT01201,Santé,Essentiel,2023-06-30,652,Suspendue,Occitanie
POL000925,CLT04404,Habitation,Confort,2022-08-17,1759,Résiliée,Grand Est
POL000926,CLT04164,Auto,Tous risques,2021-05-25,2558,Suspendue,Île-de-France
POL000927,CLT03269,Santé,Essentiel,2021-10-11,826,Active,Hauts-de-France
POL000928,CLT00986,Habitation,Premium,2022-12-31,2654,Active,Provence-Alpes-Côte d'Azur
POL000929,CLT01910,Habitation,Confort,2023-11-05,1652,Active,Grand Est
POL000930,CLT00095,Habitation,Basique,2021-02-22,1158,Active,Île-de-France
POL000931,CLT00384,Auto,RC seule,2021-07-11,1136,Résiliée,Centre-Val de Loire
POL000932,CLT01474,Santé,Essentiel,2021-06-24,500,Active,Auvergne-Rhône-Alpes
POL000933,CLT03304,Auto,Tiers étendu,2021-06-22,1398,Résiliée,Normandie
POL000934,CLT04186,Santé,Équilibré,2024-04-24,878,Active,Nouvelle-Aquitaine
POL000935,CLT01355,Habitation,Confort,2023-10-31,1442,Active,Centre-Val de Loire
POL000936,CLT03213,Habitation,Premium,2023-09-05,2823,Active,Normandie
POL000937,CLT00410,Auto,Tiers étendu,2022-04-15,1244,Active,Grand Est
POL000938,CLT02119,Santé,Essentiel,2024-04-04,534,Active,Nouvelle-Aquitaine
POL000939,CLT02905,Auto,Tiers étendu,2024-02-05,1806,Active,Normandie
POL000940,CLT01451,Habitation,Confort,2024-02-07,2076,Active,Centre-Val de Loire
POL000941,CLT02731,Habitation,Basique,2023-08-01,1343,Active,Normandie
POL000942,CLT03262,Auto,Tiers étendu,2024-05-23,1617,Résiliée,Île-de-France
POL000943,CLT02319,Santé,Essentiel,2024-01-25,607,Active,Centre-Val de Loire
POL000944,CLT02170,Santé,Équilibré,2022-06-29,916,Active,Normandie
POL000945,CLT02560,Auto,Tiers étendu,2021-11-10,1496,Active,Provence-Alpes-Côte d'Azur
POL000946,CLT00838,Auto,RC seule,2022-12-30,958,Active,Bretagne
POL000947,CLT01992,Santé,Équilibré,2024-01-17,980,Active,Centre-Val de Loire
POL000948,CLT00003,Habitation,Confort,2022-03-31,1858,Active,Auvergne-Rhône-Alpes
POL000949,CLT03278,Habitation,Confort,2024-06-11,1654,Active,Hauts-de-France
POL000950,CLT03571,Auto,RC seule,2023-09-10,919,Active,Bretagne
POL000951,CLT04319,Auto,Tiers étendu,2023-05-21,1382,Active,Bretagne
POL000952,CLT00520,Auto,RC seule,2021-08-20,804,Active,Hauts-de-France
POL000953,CLT02034,Auto,Tous risques,2024-05-13,1381,Active,Grand Est
POL000954,CLT01338,Santé,Complet,2023-04-15,1346,Active,Normandie
POL000955,CLT01748,Habitation,Confort,2021-01-01,2257,Active,Hauts-de-France
POL000956,CLT02037,Auto,RC seule,2024-02-14,909,Active,Centre-Val de Loire
POL000957,CLT03282,Auto,Tous risques,2021-02-14,2597,Résiliée,Île-de-France
POL000958,CLT02952,Santé,Essentiel,2022-09-11,393,Active,Provence-Alpes-Côte d'Azur
POL000959,CLT02148,Auto,RC seule,2022-10-14,835,Active,Bretagne
POL000960,CLT01584,Habitation,Basique,2024-03-07,1039,Active,Occitanie
POL000961,CLT00518,Habitation,Confort,2021-05-14,1843,Active,Provence-Alpes-Côte d'Azur
POL000962,CLT01039,Habitation,Confort,2024-03-19,2559,Active,Centre-Val de Loire
POL000963,CLT00343,Habitation,Premium,2021-01-06,3182,Résiliée,Centre-Val de Loire
POL000964,CLT03783,Santé,Essentiel,2022-07-11,810,Active,Occitanie
POL000965,CLT02219,Auto,Tous risques,2021-08-03,2273,Active,Centre-Val de Loire
POL000966,CLT02675,Habitation,Premium,2023-02-11,3520,Résiliée,Centre-Val de Loire
POL000967,CLT04473,Auto,Tiers étendu,2024-06-18,1820,Résiliée,Île-de-France
POL000968,CLT02040,Habitation,Confort,2024-06-20,1963,Active,Occitanie
POL000969,CLT02553,Santé,Essentiel,2022-10-02,573,Active,Grand Est
POL000970,CLT00740,Auto,Tiers étendu,2022-10-05,1142,Résiliée,Occitanie
POL000971,CLT00404,Auto,Tiers étendu,2024-05-11,1408,Active,Grand Est
POL000972,CLT00480,Santé,Complet,2023-01-10,1627,Active,Hauts-de-France
POL000973,CLT03126,Santé,Essentiel,2021-08-21,832,Active,Centre-Val de Loire
POL000974,CLT00644,Auto,Tiers étendu,2022-04-11,1148,Résiliée,Île-de-France
POL000975,CLT04406,Habitation,Confort,2023-03-20,1932,Active,Île-de-France
POL000976,CLT02576,Auto,Tous risques,2021-09-15,1728,Active,Nouvelle-Aquitaine
POL000977,CLT04746,Auto,RC seule,2021-04-25,879,Active,Nouvelle-Aquitaine
POL000978,CLT00063,Auto,Tiers étendu,2024-03-18,1475,Active,Bretagne
POL000979,CLT01114,Auto,Tous risques,2022-05-28,2470,Active,Grand Est
POL000980,CLT02403,Santé,Complet,2022-07-16,1678,Active,Normandie
POL000981,CLT04561,Habitation,Confort,2023-04-21,1933,Active,Grand Est
POL000982,CLT03571,Auto,RC seule,2022-09-29,1014,Active,Bretagne
POL000983,CLT02984,Habitation,Confort,2024-01-06,1914,Résiliée,Normandie
POL000984,CLT04680,Habitation,Premium,2022-10-16,2596,Suspendue,Centre-Val de Loire
POL000985,CLT01576,Habitation,Premium,2021-03-01,2106,Active,Normandie
POL000986,CLT01987,Santé,Essentiel,2023-04-09,567,Résiliée,Auvergne-Rhône-Alpes
POL000987,CLT01072,Santé,Essentiel,2023-05-08,602,Active,Provence-Alpes-Côte d'Azur
POL000988,CLT02370,Auto,RC seule,2022-11-16,1088,Active,Centre-Val de Loire
POL000989,CLT02843,Auto,RC seule,2023-05-22,929,Active,Nouvelle-Aquitaine
POL000990,CLT01530,Auto,RC seule,2022-01-06,879,Suspendue,Occitanie
POL000991,CLT03703,Auto,Tous risques,2023-08-29,2341,Active,Occitanie
POL000992,CLT01101,Habitation,Confort,2023-03-11,1891,Active,Nouvelle-Aquitaine
POL000993,CLT00648,Auto,Tiers étendu,2021-07-24,1566,Active,Provence-Alpes-Côte d'Azur
POL000994,CLT04124,Santé,Essentiel,2023-11-25,803,Active,Normandie
POL000995,CLT00492,Auto,Tous risques,2024-01-05,3021,Active,Centre-Val de Loire
POL000996,CLT03888,Habitation,Premium,2023-09-13,3356,Active,Grand Est
POL000997,CLT04578,Auto,Tous risques,2021-12-21,2324,Active,Grand Est
POL000998,CLT02936,Auto,Tous risques,2021-01-28,2760,Résiliée,Grand Est
POL000999,CLT02239,Auto,Tous risques,2023-04-17,2239,Active,Île-de-France
POL001000,CLT01345,Habitation,Confort,2021-10-29,1975,Active,Bretagne
POL001001,CLT01349,Auto,Tiers étendu,2022-04-14,1176,Active,Île-de-France
POL001002,CLT03922,Auto,Tiers étendu,2024-04-20,1341,Active,Île-de-France
POL001003,CLT04361,Auto,Tiers étendu,2021-12-12,1705,Active,Auvergne-Rhône-Alpes
POL001004,CLT02169,Santé,Essentiel,2021-09-19,581,Active,Nouvelle-Aquitaine
POL001005,CLT04567,Habitation,Basique,2022-10-27,1250,Résiliée,Grand Est
POL001006,CLT02966,Habitation,Premium,2022-07-04,2213,Active,Île-de-France
POL001007,CLT03517,Auto,Tiers étendu,2022-08-08,1806,Active,Île-de-France
POL001008,CLT02774,Habitation,Premium,2021-06-07,3315,Active,Occitanie
POL001009,CLT01586,Auto,Tiers étendu,2023-07-06,1441,Active,Grand Est
POL001010,CLT04402,Habitation,Confort,2023-10-04,2100,Active,Provence-Alpes-Côte d'Azur
POL001011,CLT00696,Habitation,Premium,2023-03-27,2998,Active,Provence-Alpes-Côte d'Azur
POL001012,CLT01990,Habitation,Confort,2021-12-07,2172,Active,Nouvelle-Aquitaine
POL001013,CLT00252,Auto,Tous risques,2024-01-09,2024,Active,Hauts-de-France
POL001014,CLT01391,Santé,Complet,2022-12-26,1777,Active,Provence-Alpes-Côte d'Azur
POL001015,CLT04448,Auto,Tous risques,2024-05-27,2592,Active,Grand Est
POL001016,CLT02023,Santé,Essentiel,2022-02-03,738,Active,Grand Est
POL001017,CLT04988,Santé,Complet,2022-10-28,937,Active,Auvergne-Rhône-Alpes
POL001018,CLT04121,Santé,Essentiel,2022-04-15,563,Active,Bretagne
POL001019,CLT01881,Santé,Essentiel,2021-08-01,499,Active,Île-de-France
POL001020,CLT03247,Auto,Tiers étendu,2023-11-20,1449,Résiliée,Hauts-de-France
POL001021,CLT03482,Auto,RC seule,2022-06-05,705,Active,Provence-Alpes-Côte d'Azur
POL001022,CLT02945,Auto,Tiers étendu,2023-12-25,1034,Active,Bretagne
POL001023,CLT04384,Santé,Équilibré,2023-09-01,1400,Active,Centre-Val de Loire
POL001024,CLT01782,Habitation,Premium,2021-08-08,3056,Active,Centre-Val de Loire
POL001025,CLT02626,Auto,Tiers étendu,2021-10-29,1442,Active,Nouvelle-Aquitaine
POL001026,CLT04116,Habitation,Basique,2024-01-09,1281,Active,Provence-Alpes-Côte d'Azur
POL001027,CLT04653,Habitation,Premium,2023-12-17,3082,Active,Occitanie
POL001028,CLT01270,Santé,Complet,2024-05-11,1845,Active,Bretagne
POL001029,CLT02577,Habitation,Confort,2023-09-09,1646,Active,Bretagne
POL001030,CLT03682,Habitation,Basique,2022-04-22,1287,Active,Provence-Alpes-Côte d'Azur
POL001031,CLT00734,Santé,Complet,2024-01-12,1580,Active,Hauts-de-France
POL001032,CLT03124,Habitation,Basique,2021-09-28,1148,Résiliée,Centre-Val de Loire
POL001033,CLT04561,Habitation,Confort,2021-11-30,2157,Active,Grand Est
POL001034,CLT01952,Habitation,Basique,2021-08-19,1248,Suspendue,Bretagne
POL001035,CLT04504,Habitation,Basique,2021-11-18,1356,Résiliée,Provence-Alpes-Côte d'Azur
POL001036,CLT04642,Auto,RC seule,2023-11-21,916,Résiliée,Occitanie
POL001037,CLT04736,Habitation,Basique,2021-10-26,1514,Active,Occitanie
POL001038,CLT00959,Auto,RC seule,2021-01-05,796,Active,Auvergne-Rhône-Alpes
POL001039,CLT04277,Auto,Tiers étendu,2021-08-23,1186,Active,Provence-Alpes-Côte d'Azur
POL001040,CLT00245,Habitation,Confort,2024-02-18,1694,Résiliée,Centre-Val de Loire
POL001041,CLT03940,Habitation,Basique,2024-01-27,1334,Active,Bretagne
POL001042,CLT02421,Auto,RC seule,2021-07-10,1093,Active,Bretagne
POL001043,CLT01928,Santé,Essentiel,2022-10-16,777,Active,Bretagne
POL001044,CLT00697,Habitation,Premium,2023-09-16,2026,Active,Provence-Alpes-Côte d'Azur
POL001045,CLT04509,Habitation,Basique,2022-09-26,1244,Active,Nouvelle-Aquitaine
POL001046,CLT04823,Auto,Tiers étendu,2021-07-20,785,Active,Occitanie
POL001047,CLT01627,Habitation,Premium,2023-07-26,3340,Résiliée,Hauts-de-France
POL001048,CLT03312,Santé,Essentiel,2022-07-26,713,Résiliée,Bretagne
POL001049,CLT04820,Auto,Tous risques,2022-11-10,2490,Active,Grand Est
POL001050,CLT00378,Auto,Tous risques,2023-03-10,2311,Active,Hauts-de-France
POL001051,CLT00754,Auto,Tous risques,2023-03-16,2430,Résiliée,Normandie
POL001052,CLT02451,Santé,Équilibré,2022-04-06,871,Suspendue,Grand Est
POL001053,CLT00013,Santé,Équilibré,2021-07-25,1119,Active,Auvergne-Rhône-Alpes
POL001054,CLT04846,Auto,Tiers étendu,2021-03-27,1357,Active,Occitanie
POL001055,CLT00124,Auto,Tiers étendu,2022-02-03,1658,Active,Hauts-de-France
POL001056,CLT04492,Auto,Tiers étendu,2023-02-13,1493,Active,Occitanie
POL001057,CLT04649,Habitation,Confort,2023-03-07,1700,Active,Centre-Val de Loire
POL001058,CLT00127,Habitation,Confort,2024-02-17,1437,Active,Bretagne
POL001059,CLT04635,Auto,Tiers étendu,2023-09-21,1038,Active,Occitanie
POL001060,CLT00596,Auto,RC seule,2024-04-26,1060,Active,Île-de-France
POL001061,CLT02974,Habitation,Basique,2023-07-20,1179,Résiliée,Normandie
POL001062,CLT00192,Habitation,Basique,2021-02-15,1326,Résiliée,Normandie
POL001063,CLT01088,Auto,Tiers étendu,2023-01-05,1844,Active,Nouvelle-Aquitaine
POL001064,CLT04277,Habitation,Premium,2022-01-18,2582,Active,Provence-Alpes-Côte d'Azur
POL001065,CLT02480,Santé,Équilibré,2021-01-12,982,Active,Île-de-France
POL001066,CLT04683,Auto,RC seule,2021-05-30,937,Active,Hauts-de-France
POL001067,CLT02960,Auto,RC seule,2021-08-30,924,Active,Grand Est
POL001068,CLT03744,Auto,RC seule,2021-10-10,1233,Active,Normandie
POL001069,CLT03155,Habitation,Premium,2021-07-17,3436,Active,Provence-Alpes-Côte d'Azur
POL001070,CLT04518,Auto,RC seule,2024-04-27,1009,Active,Occitanie
POL001071,CLT01129,Auto,RC seule,2021-10-16,1077,Active,Grand Est
POL001072,CLT03912,Auto,Tiers étendu,2023-07-10,1368,Active,Occitanie
POL001073,CLT02166,Habitation,Basique,2021-09-28,1264,Active,Normandie
POL001074,CLT04535,Auto,RC seule,2023-09-23,900,Résiliée,Bretagne
POL001075,CLT00372,Auto,Tous risques,2021-09-16,1753,Active,Nouvelle-Aquitaine
POL001076,CLT04735,Auto,Tous risques,2023-01-22,2629,Active,Auvergne-Rhône-Alpes
POL001077,CLT00001,Habitation,Basique,2021-04-12,1332,Active,Auvergne-Rhône-Alpes
POL001078,CLT03272,Auto,Tiers étendu,2022-12-02,1472,Active,Bretagne
POL001079,CLT00433,Habitation,Basique,2021-10-06,1206,Active,Occitanie
POL001080,CLT03851,Santé,Équilibré,2024-02-21,808,Active,Centre-Val de Loire
POL001081,CLT02294,Auto,RC seule,2023-12-02,807,Active,Bretagne
POL001082,CLT04233,Auto,Tiers étendu,2023-07-16,1564,Active,Occitanie
POL001083,CLT01117,Santé,Essentiel,2024-01-16,572,Résiliée,Occitanie
POL001084,CLT03057,Auto,RC seule,2022-12-21,886,Résiliée,Nouvelle-Aquitaine
POL001085,CLT00484,Auto,Tiers étendu,2021-01-03,1383,Active,Auvergne-Rhône-Alpes
POL001086,CLT03800,Santé,Essentiel,2021-06-26,541,Active,Grand Est
POL001087,CLT03502,Auto,Tous risques,2023-01-13,1920,Active,Auvergne-Rhône-Alpes
POL001088,CLT03610,Auto,Tiers étendu,2022-02-13,1113,Active,Nouvelle-Aquitaine
POL001089,CLT03788,Auto,Tiers étendu,2022-10-05,1408,Active,Île-de-France
POL001090,CLT00038,Santé,Essentiel,2021-06-27,686,Résiliée,Centre-Val de Loire
POL001091,CLT04703,Habitation,Confort,2022-11-02,1485,Active,Occitanie
POL001092,CLT01860,Santé,Essentiel,2024-03-08,613,Active,Hauts-de-France
POL001093,CLT03385,Habitation,Confort,2023-04-25,1912,Active,Hauts-de-France
POL001094,CLT04876,Auto,Tous risques,2021-08-25,1859,Active,Île-de-France
POL001095,CLT00722,Santé,Complet,2023-11-21,2164,Résiliée,Nouvelle-Aquitaine
POL001096,CLT03885,Auto,RC seule,2024-01-08,890,Active,Grand Est
POL001097,CLT00580,Auto,RC seule,2021-11-11,894,Active,Auvergne-Rhône-Alpes
POL001098,CLT04600,Habitation,Confort,2022-01-11,1897,Active,Centre-Val de Loire
POL001099,CLT02432,Auto,Tous risques,2023-01-08,1621,Active,Nouvelle-Aquitaine
POL001100,CLT04293,Habitation,Premium,2022-11-22,3259,Résiliée,Centre-Val de Loire
POL001101,CLT01241,Auto,RC seule,2022-07-14,826,Suspendue,Normandie
POL001102,CLT03567,Auto,Tiers étendu,2022-02-01,1447,Active,Auvergne-Rhône-Alpes
POL001103,CLT01795,Santé,Complet,2022-09-06,1713,Résiliée,Hauts-de-France
POL001104,CLT04124,Auto,RC seule,2021-12-29,1083,Active,Normandie
POL001105,CLT01867,Auto,Tous risques,2022-09-03,1980,Active,Normandie
POL001106,CLT01130,Habitation,Basique,2021-04-19,1177,Active,Auvergne-Rhône-Alpes
POL001107,CLT03640,Santé,Équilibré,2023-03-17,1236,Active,Bretagne
POL001108,CLT02749,Auto,RC seule,2023-03-25,973,Active,Nouvelle-Aquitaine
POL001109,CLT04625,Auto,Tous risques,2024-05-01,2462,Active,Centre-Val de Loire
POL001110,CLT02731,Santé,Essentiel,2021-03-29,496,Active,Normandie
POL001111,CLT02536,Habitation,Confort,2024-05-13,1854,Active,Centre-Val de Loire
POL001112,CLT01914,Auto,RC seule,2021-07-25,922,Active,Normandie
POL001113,CLT04158,Santé,Essentiel,2021-02-09,527,Active,Hauts-de-France
POL001114,CLT02417,Habitation,Confort,2023-03-08,1437,Active,Provence-Alpes-Côte d'Azur
POL001115,CLT01452,Auto,RC seule,2024-06-25,889,Active,Auvergne-Rhône-Alpes
POL001116,CLT01916,Auto,Tous risques,2022-07-03,2727,Active,Grand Est
POL001117,CLT00682,Habitation,Premium,2021-06-19,2832,Active,Nouvelle-Aquitaine
POL001118,CLT01493,Auto,RC seule,2024-03-04,1163,Active,Normandie
POL001119,CLT00488,Auto,Tous risques,2021-04-14,2270,Active,Centre-Val de Loire
POL001120,CLT00910,Auto,Tous risques,2022-01-10,1938,Résiliée,Hauts-de-France
POL001121,CLT02843,Santé,Équilibré,2024-04-19,1226,Active,Nouvelle-Aquitaine
POL001122,CLT02784,Auto,RC seule,2023-10-06,1022,Active,Centre-Val de Loire
POL001123,CLT03629,Habitation,Premium,2023-08-08,3283,Active,Nouvelle-Aquitaine
POL001124,CLT00406,Santé,Équilibré,2024-04-23,869,Active,Auvergne-Rhône-Alpes
POL001125,CLT00230,Santé,Équilibré,2021-05-15,1139,Active,Hauts-de-France
POL001126,CLT03217,Auto,Tiers étendu,2022-03-19,1701,Suspendue,Grand Est
POL001127,CLT00100,Auto,Tous risques,2021-08-31,2399,Active,Occitanie
POL001128,CLT02853,Auto,RC seule,2022-03-16,853,Active,Hauts-de-France
POL001129,CLT04150,Habitation,Premium,2022-08-06,3081,Active,Auvergne-Rhône-Alpes
POL001130,CLT04447,Auto,Tiers étendu,2021-07-12,1606,Résiliée,Occitanie
POL001131,CLT02760,Santé,Équilibré,2021-12-23,1102,Résiliée,Occitanie
POL001132,CLT02943,Auto,Tous risques,2023-02-05,2485,Active,Nouvelle-Aquitaine
POL001133,CLT02790,Auto,RC seule,2021-05-25,1090,Active,Normandie
POL001134,CLT03339,Santé,Équilibré,2024-03-28,897,Active,Occitanie
POL001135,CLT00158,Auto,Tiers étendu,2024-01-27,1172,Active,Grand Est
POL001136,CLT04479,Auto,Tiers étendu,2022-06-23,1458,Active,Hauts-de-France
POL001137,CLT01980,Santé,Équilibré,2021-09-14,962,Active,Île-de-France
POL001138,CLT01785,Habitation,Confort,2022-08-15,2211,Active,Nouvelle-Aquitaine
POL001139,CLT03072,Santé,Essentiel,2023-03-16,500,Active,Bretagne
POL001140,CLT03089,Habitation,Premium,2022-11-16,3231,Active,Hauts-de-France
POL001141,CLT01786,Auto,RC seule,2021-01-23,1127,Active,Grand Est
POL001142,CLT01741,Santé,Essentiel,2021-09-24,644,Résiliée,Île-de-France
POL001143,CLT01505,Auto,Tiers étendu,2022-06-06,1471,Active,Hauts-de-France
POL001144,CLT00501,Habitation,Confort,2024-03-18,1630,Active,Bretagne
POL001145,CLT01225,Auto,RC seule,2022-11-09,879,Résiliée,Nouvelle-Aquitaine
POL001146,CLT00572,Auto,Tous risques,2024-03-16,2264,Active,Provence-Alpes-Côte d'Azur
POL001147,CLT03456,Santé,Essentiel,2022-05-16,758,Active,Occitanie
POL001148,CLT04432,Habitation,Confort,2022-06-03,1939,Active,Bretagne
POL001149,CLT01241,Santé,Essentiel,2023-02-26,492,Active,Normandie
POL001150,CLT01802,Habitation,Confort,2021-01-14,1942,Active,Nouvelle-Aquitaine
POL001151,CLT02741,Santé,Complet,2023-07-24,1808,Active,Hauts-de-France
POL001152,CLT04609,Habitation,Premium,2023-07-13,2798,Active,Provence-Alpes-Côte d'Azur
POL001153,CLT04634,Santé,Essentiel,2024-04-30,760,Active,Hauts-de-France
POL001154,CLT03470,Auto,RC seule,2022-04-18,1057,Résiliée,Bretagne
POL001155,CLT01969,Auto,Tous risques,2022-01-02,1869,Active,Provence-Alpes-Côte d'Azur
POL001156,CLT01159,Habitation,Basique,2022-01-18,1120,Active,Provence-Alpes-Côte d'Azur
POL001157,CLT03785,Santé,Complet,2024-05-05,1636,Active,Grand Est
POL001158,CLT03645,Auto,Tous risques,2021-11-28,1665,Active,Provence-Alpes-Côte d'Azur
POL001159,CLT04512,Auto,RC seule,2021-12-11,950,Active,Île-de-France
POL001160,CLT04981,Habitation,Basique,2022-12-24,994,Résiliée,Île-de-France
POL001161,CLT04297,Habitation,Confort,2023-09-29,2130,Active,Normandie
POL001162,CLT02999,Habitation,Confort,2021-08-18,2169,Active,Centre-Val de Loire
POL001163,CLT01733,Habitation,Basique,2024-02-02,1357,Active,Centre-Val de Loire
POL001164,CLT04822,Santé,Équilibré,2023-08-08,953,Active,Normandie
POL001165,CLT03854,Auto,Tiers étendu,2023-02-21,1462,Active,Occitanie
POL001166,CLT00365,Habitation,Premium,2022-11-27,2883,Résiliée,Hauts-de-France
POL001167,CLT03922,Habitation,Premium,2024-05-21,2394,Résiliée,Île-de-France
POL001168,CLT00551,Habitation,Basique,2021-11-13,1257,Active,Provence-Alpes-Côte d'Azur
POL001169,CLT04767,Habitation,Basique,2023-11-09,1350,Active,Nouvelle-Aquitaine
POL001170,CLT02548,Santé,Équilibré,2023-11-19,1062,Active,Nouvelle-Aquitaine
POL001171,CLT03906,Auto,RC seule,2024-02-03,1152,Active,Bretagne
POL001172,CLT02413,Habitation,Confort,2022-04-14,2127,Active,Normandie
POL001173,CLT01274,Auto,RC seule,2022-07-25,1009,Active,Île-de-France
POL001174,CLT02284,Habitation,Confort,2023-12-11,1493,Active,Nouvelle-Aquitaine
POL001175,CLT00541,Auto,Tous risques,2023-01-08,2300,Active,Occitanie
POL001176,CLT01608,Habitation,Confort,2021-01-27,1688,Active,Nouvelle-Aquitaine
POL001177,CLT01703,Santé,Essentiel,2021-11-02,615,Active,Occitanie
POL001178,CLT01075,Auto,Tiers étendu,2023-01-06,1302,Résiliée,Grand Est
POL001179,CLT01042,Habitation,Basique,2023-02-03,1249,Active,Normandie
POL001180,CLT00340,Santé,Complet,2023-10-28,1881,Active,Bretagne
POL001181,CLT02749,Santé,Équilibré,2023-03-22,1070,Active,Nouvelle-Aquitaine
POL001182,CLT00471,Auto,Tous risques,2022-04-18,2560,Résiliée,Grand Est
POL001183,CLT03605,Habitation,Basique,2024-04-12,982,Active,Île-de-France
POL001184,CLT04402,Auto,Tous risques,2021-02-16,2420,Active,Provence-Alpes-Côte d'Azur
POL001185,CLT04901,Auto,Tiers étendu,2021-06-01,1761,Active,Hauts-de-France
POL001186,CLT03098,Santé,Essentiel,2021-11-22,803,Active,Île-de-France
POL001187,CLT04350,Auto,Tous risques,2021-03-01,1728,Active,Occitanie
POL001188,CLT04434,Santé,Essentiel,2023-03-04,604,Active,Bretagne
POL001189,CLT01236,Habitation,Premium,2022-02-20,3345,Résiliée,Provence-Alpes-Côte d'Azur
POL001190,CLT03439,Habitation,Confort,2023-01-22,1810,Active,Provence-Alpes-Côte d'Azur
POL001191,CLT03020,Santé,Équilibré,2023-03-17,881,Active,Centre-Val de Loire
POL001192,CLT00333,Auto,Tiers étendu,2021-11-10,1150,Active,Nouvelle-Aquitaine
POL001193,CLT04196,Santé,Essentiel,2021-05-04,509,Active,Nouvelle-Aquitaine
POL001194,CLT02351,Habitation,Premium,2022-09-08,2241,Active,Auvergne-Rhône-Alpes
POL001195,CLT03613,Santé,Essentiel,2022-02-07,607,Active,Île-de-France
POL001196,CLT04954,Habitation,Confort,2024-03-08,2030,Active,Auvergne-Rhône-Alpes
POL001197,CLT00070,Auto,Tiers étendu,2021-12-09,1202,Active,Île-de-France
POL001198,CLT01061,Santé,Essentiel,2023-06-08,629,Résiliée,Auvergne-Rhône-Alpes
POL001199,CLT00963,Auto,Tous risques,2022-06-08,2920,Active,Normandie
POL001200,CLT03367,Habitation,Premium,2022-12-05,3170,Résiliée,Bretagne
POL001201,CLT04545,Habitation,Basique,2021-11-06,1030,Active,Bretagne
POL001202,CLT04217,Santé,Équilibré,2021-03-22,1105,Active,Hauts-de-France
POL001203,CLT04039,Santé,Équilibré,2024-06-19,1028,Active,Grand Est
POL001204,CLT03339,Auto,RC seule,2022-09-30,896,Résiliée,Occitanie
POL001205,CLT00694,Habitation,Confort,2023-02-18,1786,Active,Normandie
POL001206,CLT01647,Habitation,Premium,2021-10-02,2992,Active,Nouvelle-Aquitaine
POL001207,CLT02308,Santé,Complet,2022-01-18,1716,Résiliée,Nouvelle-Aquitaine
POL001208,CLT00472,Auto,RC seule,2022-05-18,1281,Active,Normandie
POL001209,CLT01658,Santé,Essentiel,2022-05-09,613,Active,Provence-Alpes-Côte d'Azur
POL001210,CLT02997,Santé,Équilibré,2023-04-11,1290,Active,Provence-Alpes-Côte d'Azur
POL001211,CLT02188,Auto,Tiers étendu,2023-03-11,1475,Résiliée,Île-de-France
POL001212,CLT04618,Habitation,Confort,2023-07-18,1797,Active,Bretagne
POL001213,CLT02198,Habitation,Premium,2022-11-19,2967,Résiliée,Nouvelle-Aquitaine
POL001214,CLT02954,Santé,Équilibré,2024-03-01,829,Active,Hauts-de-France
POL001215,CLT02219,Auto,Tous risques,2024-05-02,2484,Active,Centre-Val de Loire
POL001216,CLT03132,Santé,Essentiel,2022-03-04,445,Résiliée,Nouvelle-Aquitaine
POL001217,CLT01037,Auto,RC seule,2023-01-28,823,Active,Bretagne
POL001218,CLT00065,Habitation,Premium,2024-06-20,2889,Résiliée,Provence-Alpes-Côte d'Azur
POL001219,CLT02510,Habitation,Premium,2022-01-15,3401,Active,Normandie
POL001220,CLT04882,Auto,Tous risques,2023-01-31,2708,Active,Centre-Val de Loire
POL001221,CLT03253,Auto,Tiers étendu,2021-08-20,1356,Résiliée,Grand Est
POL001222,CLT01963,Auto,Tous risques,2022-07-20,2360,Active,Nouvelle-Aquitaine
POL001223,CLT03015,Habitation,Confort,2021-09-01,2052,Active,Auvergne-Rhône-Alpes
POL001224,CLT03153,Auto,Tous risques,2021-04-18,1792,Suspendue,Occitanie
POL001225,CLT02170,Habitation,Confort,2022-05-23,1906,Active,Normandie
POL001226,CLT01290,Santé,Complet,2022-09-09,1312,Active,Île-de-France
POL001227,CLT02531,Auto,Tous risques,2023-07-17,2383,Active,Hauts-de-France
POL001228,CLT01803,Habitation,Confort,2021-08-02,1727,Suspendue,Grand Est
POL001229,CLT00149,Auto,Tiers étendu,2021-09-07,1511,Active,Grand Est
POL001230,CLT04349,Santé,Complet,2021-10-18,1761,Résiliée,Nouvelle-Aquitaine
POL001231,CLT00651,Auto,Tiers étendu,2021-07-09,1634,Résiliée,Auvergne-Rhône-Alpes
POL001232,CLT04563,Auto,RC seule,2023-01-13,1000,Résiliée,Nouvelle-Aquitaine
POL001233,CLT02289,Habitation,Basique,2023-11-02,1229,Active,Bretagne
POL001234,CLT02128,Auto,Tiers étendu,2023-10-18,1863,Active,Centre-Val de Loire
POL001235,CLT04074,Auto,Tous risques,2021-02-21,1671,Active,Normandie
POL001236,CLT03367,Habitation,Premium,2021-10-30,3939,Active,Bretagne
POL001237,CLT03644,Habitation,Basique,2023-05-31,1188,Active,Provence-Alpes-Côte d'Azur
POL001238,CLT02654,Auto,RC seule,2021-01-07,1018,Active,Provence-Alpes-Côte d'Azur
POL001239,CLT00508,Habitation,Basique,2023-01-02,1174,Résiliée,Bretagne
POL001240,CLT03599,Santé,Essentiel,2023-01-23,574,Active,Provence-Alpes-Côte d'Azur
POL001241,CLT04253,Habitation,Basique,2021-02-21,1423,Résiliée,Hauts-de-France
POL001242,CLT03964,Santé,Essentiel,2021-09-20,737,Active,Bretagne
POL001243,CLT01527,Auto,Tiers étendu,2022-02-04,1623,Active,Grand Est
POL001244,CLT00217,Habitation,Basique,2024-03-20,1277,Active,Provence-Alpes-Côte d'Azur
POL001245,CLT01012,Habitation,Basique,2023-03-27,1775,Active,Bretagne
POL001246,CLT00712,Habitation,Basique,2021-03-13,1459,Active,Auvergne-Rhône-Alpes
POL001247,CLT01623,Auto,RC seule,2021-11-12,1030,Active,Provence-Alpes-Côte d'Azur
POL001248,CLT03202,Auto,Tiers étendu,2024-05-15,1333,Active,Grand Est
POL001249,CLT04716,Habitation,Premium,2022-05-20,2879,Active,Bretagne
POL001250,CLT03060,Santé,Essentiel,2022-03-13,620,Résiliée,Hauts-de-France
POL001251,CLT01216,Auto,Tiers étendu,2023-06-26,1636,Active,Centre-Val de Loire
POL001252,CLT01558,Santé,Équilibré,2021-12-23,839,Active,Auvergne-Rhône-Alpes
POL001253,CLT02979,Santé,Équilibré,2022-03-31,911,Active,Bretagne
POL001254,CLT01848,Auto,Tiers étendu,2021-06-28,1594,Active,Auvergne-Rhône-Alpes
POL001255,CLT00285,Habitation,Basique,2021-04-11,1358,Active,Bretagne
POL001256,CLT03762,Auto,RC seule,2024-05-28,809,Active,Bretagne
POL001257,CLT00990,Habitation,Premium,2022-02-14,2484,Active,Île-de-France
POL001258,CLT00809,Auto,RC seule,2023-03-23,1095,Active,Provence-Alpes-Côte d'Azur
POL001259,CLT04536,Auto,Tous risques,2024-02-22,2555,Active,Hauts-de-France
POL001260,CLT01499,Habitation,Premium,2023-10-07,2261,Active,Provence-Alpes-Côte d'Azur
POL001261,CLT03562,Santé,Complet,2023-12-30,1218,Résiliée,Normandie
POL001262,CLT03298,Habitation,Basique,2022-06-22,1149,Active,Provence-Alpes-Côte d'Azur
POL001263,CLT01719,Santé,Complet,2021-11-09,1763,Active,Nouvelle-Aquitaine
POL001264,CLT01323,Santé,Équilibré,2021-08-06,1085,Active,Auvergne-Rhône-Alpes
POL001265,CLT02393,Auto,RC seule,2024-02-22,1100,Suspendue,Grand Est
POL001266,CLT04638,Auto,Tous risques,2022-01-13,1685,Active,Île-de-France
POL001267,CLT02898,Auto,RC seule,2024-06-19,933,Suspendue,Normandie
POL001268,CLT02766,Auto,Tiers étendu,2023-03-09,1825,Active,Normandie
POL001269,CLT03923,Santé,Essentiel,2021-08-23,748,Active,Centre-Val de Loire
POL001270,CLT02225,Auto,Tous risques,2022-07-19,2545,Active,Île-de-France
POL001271,CLT01936,Auto,Tiers étendu,2022-04-15,1936,Résiliée,Île-de-France
POL001272,CLT02498,Habitation,Confort,2022-10-26,2086,Active,Nouvelle-Aquitaine
POL001273,CLT00588,Auto,RC seule,2023-04-02,1092,Active,Provence-Alpes-Côte d'Azur
POL001274,CLT04168,Habitation,Confort,2022-04-15,1816,Active,Provence-Alpes-Côte d'Azur
POL001275,CLT03880,Habitation,Basique,2022-10-05,1121,Active,Centre-Val de Loire
POL001276,CLT03901,Auto,RC seule,2024-03-10,840,Active,Normandie
POL001277,CLT01428,Santé,Équilibré,2023-01-25,1014,Active,Centre-Val de Loire
POL001278,CLT02193,Auto,Tiers étendu,2022-12-02,1437,Active,Provence-Alpes-Côte d'Azur
POL001279,CLT02226,Auto,Tous risques,2021-07-07,1606,Active,Nouvelle-Aquitaine
POL001280,CLT03080,Habitation,Basique,2022-10-20,1049,Active,Centre-Val de Loire
POL001281,CLT04069,Auto,RC seule,2023-09-05,877,Résiliée,Occitanie
POL001282,CLT01124,Auto,RC seule,2021-11-21,1031,Active,Île-de-France
POL001283,CLT00583,Habitation,Confort,2021-07-16,1841,Active,Normandie
POL001284,CLT00736,Auto,RC seule,2022-02-18,924,Active,Centre-Val de Loire
POL001285,CLT03523,Santé,Équilibré,2023-08-06,897,Active,Île-de-France
POL001286,CLT03719,Auto,Tiers étendu,2023-12-08,1543,Active,Île-de-France
POL001287,CLT00608,Auto,Tiers étendu,2023-09-18,1668,Active,Provence-Alpes-Côte d'Azur
POL001288,CLT04932,Santé,Essentiel,2023-06-16,646,Active,Île-de-France
POL001289,CLT00232,Habitation,Basique,2024-03-27,994,Suspendue,Bretagne
POL001290,CLT04381,Habitation,Confort,2023-05-11,1638,Active,Auvergne-Rhône-Alpes
POL001291,CLT01704,Santé,Équilibré,2022-09-25,1093,Active,Bretagne
POL001292,CLT04937,Auto,Tous risques,2022-11-05,2235,Active,Occitanie
POL001293,CLT00253,Santé,Équilibré,2024-03-30,1051,Active,Hauts-de-France
POL001294,CLT01489,Auto,RC seule,2021-11-21,845,Active,Grand Est
POL001295,CLT00568,Auto,RC seule,2022-12-16,991,Active,Hauts-de-France
POL001296,CLT03098,Auto,RC seule,2023-07-24,925,Active,Île-de-France
POL001297,CLT02328,Habitation,Confort,2021-01-03,1775,Active,Nouvelle-Aquitaine
POL001298,CLT04598,Habitation,Basique,2024-01-21,1161,Active,Nouvelle-Aquitaine
POL001299,CLT03566,Habitation,Basique,2023-07-07,1464,Active,Provence-Alpes-Côte d'Azur
POL001300,CLT02536,Santé,Essentiel,2022-02-17,628,Active,Centre-Val de Loire
POL001301,CLT02848,Auto,Tous risques,2022-06-11,2454,Résiliée,Bretagne
POL001302,CLT00271,Auto,RC seule,2022-10-07,804,Active,Grand Est
POL001303,CLT03853,Auto,Tiers étendu,2023-03-02,1854,Suspendue,Provence-Alpes-Côte d'Azur
POL001304,CLT04629,Auto,RC seule,2023-08-10,1088,Active,Nouvelle-Aquitaine
POL001305,CLT00901,Santé,Équilibré,2023-01-04,736,Active,Centre-Val de Loire
POL001306,CLT03115,Auto,RC seule,2023-01-30,917,Active,Île-de-France
POL001307,CLT00066,Auto,RC seule,2021-11-27,960,Active,Normandie
POL001308,CLT03791,Auto,RC seule,2022-09-06,867,Active,Provence-Alpes-Côte d'Azur
POL001309,CLT00642,Santé,Équilibré,2023-12-11,1018,Active,Île-de-France
POL001310,CLT04585,Santé,Complet,2024-06-06,1748,Active,Île-de-France
POL001311,CLT02308,Auto,Tiers étendu,2022-09-04,1437,Suspendue,Nouvelle-Aquitaine
POL001312,CLT02145,Santé,Complet,2022-08-22,1655,Active,Nouvelle-Aquitaine
POL001313,CLT02519,Habitation,Premium,2022-09-18,2549,Active,Bretagne
POL001314,CLT03241,Habitation,Confort,2022-05-16,1242,Active,Provence-Alpes-Côte d'Azur
POL001315,CLT01987,Santé,Complet,2022-06-14,1815,Active,Auvergne-Rhône-Alpes
POL001316,CLT03694,Auto,Tiers étendu,2022-07-07,1643,Résiliée,Bretagne
POL001317,CLT02162,Auto,Tous risques,2024-02-24,3235,Active,Auvergne-Rhône-Alpes
POL001318,CLT01840,Auto,RC seule,2023-05-11,637,Active,Provence-Alpes-Côte d'Azur
POL001319,CLT03908,Habitation,Basique,2024-03-24,1353,Active,Nouvelle-Aquitaine
POL001320,CLT04368,Habitation,Premium,2024-04-08,2179,Résiliée,Auvergne-Rhône-Alpes
POL001321,CLT02209,Auto,RC seule,2021-01-17,1140,Suspendue,Auvergne-Rhône-Alpes
POL001322,CLT04678,Auto,RC seule,2021-12-21,1103,Active,Île-de-France
POL001323,CLT03922,Habitation,Confort,2022-09-10,1566,Résiliée,Île-de-France
POL001324,CLT04249,Auto,RC seule,2023-04-26,996,Active,Provence-Alpes-Côte d'Azur
POL001325,CLT03872,Santé,Essentiel,2021-09-15,570,Active,Auvergne-Rhône-Alpes
POL001326,CLT00084,Auto,RC seule,2023-06-06,981,Résiliée,Auvergne-Rhône-Alpes
POL001327,CLT03126,Santé,Essentiel,2024-06-05,643,Active,Centre-Val de Loire
POL001328,CLT00448,Santé,Essentiel,2022-12-30,798,Active,Normandie
POL001329,CLT00941,Auto,Tous risques,2022-11-14,2893,Résiliée,Bretagne
POL001330,CLT02919,Habitation,Confort,2022-01-25,1682,Active,Centre-Val de Loire
POL001331,CLT02764,Habitation,Premium,2021-01-05,3558,Active,Centre-Val de Loire
POL001332,CLT03525,Santé,Essentiel,2024-03-20,686,Active,Occitanie
POL001333,CLT00564,Auto,RC seule,2022-09-04,794,Active,Nouvelle-Aquitaine
POL001334,CLT02681,Auto,RC seule,2021-05-29,818,Active,Occitanie
POL001335,CLT04441,Habitation,Basique,2022-02-24,1626,Active,Centre-Val de Loire
POL001336,CLT01504,Auto,Tiers étendu,2021-10-05,1564,Active,Occitanie
POL001337,CLT02038,Auto,Tiers étendu,2022-01-11,1707,Active,Nouvelle-Aquitaine
POL001338,CLT01704,Habitation,Basique,2022-04-21,1196,Active,Bretagne
POL001339,CLT04747,Auto,Tiers étendu,2023-03-23,1374,Active,Grand Est
POL001340,CLT04426,Santé,Essentiel,2022-10-05,650,Active,Auvergne-Rhône-Alpes
POL001341,CLT01154,Habitation,Basique,2024-04-08,1218,Résiliée,Nouvelle-Aquitaine
POL001342,CLT01254,Santé,Équilibré,2023-09-25,765,Active,Centre-Val de Loire
POL001343,CLT02344,Auto,RC seule,2021-03-18,812,Active,Provence-Alpes-Côte d'Azur
POL001344,CLT02610,Auto,RC seule,2023-01-21,1030,Résiliée,Normandie
POL001345,CLT01339,Auto,Tiers étendu,2022-07-29,1327,Active,Hauts-de-France
POL001346,CLT02772,Auto,Tous risques,2021-11-23,2286,Active,Bretagne
POL001347,CLT01094,Habitation,Basique,2022-04-24,1291,Active,Île-de-France
POL001348,CLT00134,Auto,Tiers étendu,2021-08-09,1466,Active,Occitanie
POL001349,CLT00082,Auto,RC seule,2022-06-04,1093,Active,Normandie
POL001350,CLT03613,Auto,Tiers étendu,2023-05-27,1183,Active,Île-de-France
POL001351,CLT02992,Santé,Essentiel,2023-05-25,658,Active,Hauts-de-France
POL001352,CLT03919,Habitation,Basique,2022-10-08,1372,Active,Centre-Val de Loire
POL001353,CLT00465,Auto,Tiers étendu,2022-03-08,1702,Active,Île-de-France
POL001354,CLT01418,Santé,Équilibré,2024-02-13,798,Active,Provence-Alpes-Côte d'Azur
POL001355,CLT03995,Auto,RC seule,2022-07-09,947,Active,Bretagne
POL001356,CLT01080,Auto,Tiers étendu,2023-07-28,2036,Active,Île-de-France
POL001357,CLT04764,Santé,Complet,2021-02-03,1508,Active,Auvergne-Rhône-Alpes
POL001358,CLT01336,Santé,Équilibré,2021-09-29,1055,Active,Auvergne-Rhône-Alpes
POL001359,CLT03059,Auto,Tous risques,2023-04-28,2563,Résiliée,Provence-Alpes-Côte d'Azur
POL001360,CLT02122,Habitation,Confort,2021-07-28,1608,Résiliée,Centre-Val de Loire
POL001361,CLT03902,Habitation,Confort,2022-10-20,2514,Résiliée,Normandie
POL001362,CLT03391,Auto,Tous risques,2024-05-15,2510,Résiliée,Grand Est
POL001363,CLT01499,Santé,Essentiel,2023-01-07,653,Active,Provence-Alpes-Côte d'Azur
POL001364,CLT01863,Habitation,Premium,2021-11-12,2141,Active,Hauts-de-France
POL001365,CLT03844,Habitation,Basique,2021-05-12,1451,Active,Auvergne-Rhône-Alpes
POL001366,CLT02595,Habitation,Premium,2024-04-12,3151,Active,Auvergne-Rhône-Alpes
POL001367,CLT02812,Auto,Tous risques,2022-08-01,3023,Active,Grand Est
POL001368,CLT04155,Habitation,Basique,2022-05-22,1158,Active,Île-de-France
POL001369,CLT01538,Habitation,Premium,2021-06-06,2412,Active,Bretagne
POL001370,CLT00817,Auto,RC seule,2021-04-07,909,Active,Bretagne
POL001371,CLT03752,Santé,Essentiel,2022-12-11,604,Suspendue,Occitanie
POL001372,CLT04529,Auto,Tous risques,2024-06-11,1920,Active,Occitanie
POL001373,CLT00606,Habitation,Basique,2023-09-20,1397,Active,Grand Est
POL001374,CLT00296,Habitation,Premium,2024-05-10,3428,Active,Hauts-de-France
POL001375,CLT00849,Habitation,Confort,2022-05-31,1913,Active,Nouvelle-Aquitaine
POL001376,CLT01460,Habitation,Confort,2021-08-13,1753,Active,Île-de-France
POL001377,CLT01415,Auto,Tous risques,2023-03-06,1606,Active,Provence-Alpes-Côte d'Azur
POL001378,CLT02047,Auto,Tiers étendu,2021-12-01,1643,Active,Provence-Alpes-Côte d'Azur
POL001379,CLT02370,Auto,RC seule,2021-12-27,1138,Active,Centre-Val de Loire
POL001380,CLT02626,Habitation,Basique,2023-02-23,1118,Résiliée,Nouvelle-Aquitaine
POL001381,CLT01576,Santé,Équilibré,2021-01-04,984,Active,Normandie
POL001382,CLT01602,Auto,RC seule,2022-09-11,954,Active,Auvergne-Rhône-Alpes
POL001383,CLT00152,Auto,Tous risques,2023-10-20,2811,Active,Île-de-France
POL001384,CLT04753,Santé,Essentiel,2023-08-10,638,Active,Grand Est
POL001385,CLT01362,Auto,RC seule,2023-02-13,949,Active,Île-de-France
POL001386,CLT02862,Auto,Tous risques,2022-10-04,2276,Active,Auvergne-Rhône-Alpes
POL001387,CLT03672,Habitation,Confort,2022-01-08,1582,Active,Grand Est
POL001388,CLT01714,Auto,Tous risques,2022-10-11,1812,Active,Bretagne
POL001389,CLT02196,Auto,Tous risques,2023-08-30,2127,Active,Normandie
POL001390,CLT01397,Auto,RC seule,2021-11-11,1028,Active,Centre-Val de Loire
POL001391,CLT00660,Santé,Essentiel,2021-06-21,641,Active,Nouvelle-Aquitaine
POL001392,CLT04953,Auto,Tiers étendu,2024-03-18,1330,Active,Auvergne-Rhône-Alpes
POL001393,CLT01292,Auto,RC seule,2021-05-27,908,Active,Auvergne-Rhône-Alpes
POL001394,CLT03363,Auto,RC seule,2022-10-13,902,Active,Bretagne
POL001395,CLT04765,Auto,Tiers étendu,2023-08-07,1745,Active,Centre-Val de Loire
POL001396,CLT01263,Habitation,Basique,2024-06-28,1267,Active,Auvergne-Rhône-Alpes
POL001397,CLT01474,Auto,RC seule,2022-11-18,813,Active,Auvergne-Rhône-Alpes
POL001398,CLT04214,Auto,Tiers étendu,2022-11-27,1443,Active,Nouvelle-Aquitaine
POL001399,CLT01678,Habitation,Basique,2024-01-08,1467,Active,Centre-Val de Loire
POL001400,CLT00332,Auto,Tiers étendu,2022-04-05,1325,Active,Auvergne-Rhône-Alpes
POL001401,CLT01287,Auto,Tiers étendu,2021-12-29,1252,Résiliée,Normandie
POL001402,CLT00774,Santé,Essentiel,2021-06-06,561,Active,Centre-Val de Loire
POL001403,CLT02426,Habitation,Premium,2021-08-19,2942,Active,Bretagne
POL001404,CLT04410,Auto,Tiers étendu,2023-05-05,1627,Active,Normandie
POL001405,CLT03289,Auto,RC seule,2024-04-08,1023,Active,Île-de-France
POL001406,CLT02677,Auto,Tiers étendu,2023-03-09,1223,Active,Grand Est
POL001407,CLT02504,Habitation,Premium,2021-01-02,2466,Active,Centre-Val de Loire
POL001408,CLT03181,Auto,Tous risques,2023-10-17,2142,Active,Auvergne-Rhône-Alpes
POL001409,CLT04297,Habitation,Premium,2023-12-03,3185,Active,Normandie
POL001410,CLT03177,Habitation,Basique,2023-03-29,1040,Active,Hauts-de-France
POL001411,CLT00973,Habitation,Confort,2022-03-22,1653,Active,Bretagne
POL001412,CLT01477,Auto,RC seule,2023-06-13,847,Résiliée,Grand Est
POL001413,CLT01467,Auto,RC seule,2022-09-18,1016,Active,Nouvelle-Aquitaine
POL001414,CLT00373,Auto,Tiers étendu,2023-12-26,1511,Active,Centre-Val de Loire
POL001415,CLT00924,Auto,Tiers étendu,2023-11-13,1690,Résiliée,Grand Est
POL001416,CLT04656,Habitation,Confort,2021-08-18,2177,Active,Nouvelle-Aquitaine
POL001417,CLT03658,Auto,Tous risques,2024-04-19,2115,Active,Normandie
POL001418,CLT02275,Habitation,Confort,2021-11-26,1679,Active,Normandie
POL001419,CLT01632,Auto,Tiers étendu,2021-04-27,1205,Active,Bretagne
POL001420,CLT03539,Auto,RC seule,2021-12-11,707,Active,Grand Est
POL001421,CLT00512,Auto,Tous risques,2021-11-27,2192,Active,Auvergne-Rhône-Alpes
POL001422,CLT01585,Habitation,Basique,2021-07-17,1208,Active,Auvergne-Rhône-Alpes
POL001423,CLT00381,Auto,RC seule,2022-05-16,1053,Résiliée,Hauts-de-France
POL001424,CLT01925,Habitation,Basique,2022-12-29,1212,Active,Nouvelle-Aquitaine
POL001425,CLT01326,Santé,Complet,2024-06-15,1447,Active,Bretagne
POL001426,CLT04625,Habitation,Basique,2023-07-13,1195,Active,Centre-Val de Loire
POL001427,CLT03541,Auto,Tiers étendu,2023-06-13,1204,Résiliée,Auvergne-Rhône-Alpes
POL001428,CLT01861,Auto,Tiers étendu,2022-02-28,1684,Résiliée,Occitanie
POL001429,CLT04110,Habitation,Basique,2022-02-22,1085,Active,Occitanie
POL001430,CLT03963,Auto,Tiers étendu,2023-11-02,1222,Active,Provence-Alpes-Côte d'Azur
POL001431,CLT00935,Santé,Complet,2023-04-05,1709,Active,Auvergne-Rhône-Alpes
POL001432,CLT03727,Auto,Tiers étendu,2022-09-17,1621,Suspendue,Occitanie
POL001433,CLT00891,Auto,RC seule,2021-11-14,750,Active,Provence-Alpes-Côte d'Azur
POL001434,CLT01285,Auto,RC seule,2024-05-31,1036,Active,Hauts-de-France
POL001435,CLT04429,Santé,Équilibré,2022-04-04,914,Active,Normandie
POL001436,CLT01531,Habitation,Confort,2021-05-10,1797,Active,Provence-Alpes-Côte d'Azur
POL001437,CLT02666,Habitation,Premium,2021-02-10,2994,Active,Auvergne-Rhône-Alpes
POL001438,CLT03951,Habitation,Basique,2021-03-30,1404,Active,Auvergne-Rhône-Alpes
POL001439,CLT03033,Santé,Essentiel,2024-01-08,661,Active,Auvergne-Rhône-Alpes
POL001440,CLT02183,Auto,RC seule,2021-09-18,964,Active,Provence-Alpes-Côte d'Azur
POL001441,CLT03643,Santé,Essentiel,2023-10-28,574,Active,Grand Est
POL001442,CLT02887,Santé,Équilibré,2023-12-29,1073,Active,Centre-Val de Loire
POL001443,CLT04433,Habitation,Basique,2023-10-16,1198,Active,Provence-Alpes-Côte d'Azur
POL001444,CLT00137,Santé,Complet,2021-11-05,2015,Active,Nouvelle-Aquitaine
POL001445,CLT03088,Auto,Tous risques,2023-03-29,2615,Active,Occitanie
POL001446,CLT01400,Habitation,Basique,2021-07-12,1110,Active,Bretagne
POL001447,CLT03672,Auto,Tiers étendu,2024-04-29,1430,Active,Grand Est
POL001448,CLT01332,Auto,RC seule,2022-07-13,908,Active,Normandie
POL001449,CLT00074,Habitation,Confort,2021-10-07,2168,Active,Centre-Val de Loire
POL001450,CLT04980,Auto,RC seule,2023-09-01,1103,Active,Normandie
POL001451,CLT03376,Auto,Tous risques,2022-09-16,2143,Active,Bretagne
POL001452,CLT03588,Habitation,Basique,2021-02-14,1152,Active,Grand Est
POL001453,CLT04533,Habitation,Confort,2023-10-17,1663,Active,Auvergne-Rhône-Alpes
POL001454,CLT02884,Habitation,Premium,2022-08-06,2968,Active,Normandie
POL001455,CLT00617,Santé,Essentiel,2024-05-30,854,Résiliée,Normandie
POL001456,CLT02477,Auto,Tiers étendu,2022-08-15,1549,Résiliée,Grand Est
POL001457,CLT04252,Santé,Essentiel,2023-03-28,448,Active,Auvergne-Rhône-Alpes
POL001458,CLT04395,Santé,Essentiel,2023-02-19,565,Active,Normandie
POL001459,CLT04787,Habitation,Basique,2022-10-10,1133,Active,Provence-Alpes-Côte d'Azur
POL001460,CLT04956,Auto,Tiers étendu,2023-03-19,1280,Résiliée,Auvergne-Rhône-Alpes
POL001461,CLT02677,Santé,Essentiel,2021-03-06,576,Active,Grand Est
POL001462,CLT01144,Santé,Essentiel,2023-03-31,660,Active,Hauts-de-France
POL001463,CLT04931,Santé,Essentiel,2024-01-20,699,Active,Auvergne-Rhône-Alpes
POL001464,CLT04380,Santé,Essentiel,2021-08-02,762,Active,Auvergne-Rhône-Alpes
POL001465,CLT00005,Habitation,Confort,2024-02-12,1953,Active,Île-de-France
POL001466,CLT00338,Auto,RC seule,2024-01-13,711,Active,Grand Est
POL001467,CLT04875,Habitation,Basique,2021-08-06,1091,Active,Hauts-de-France
POL001468,CLT03408,Santé,Essentiel,2021-11-02,585,Résiliée,Provence-Alpes-Côte d'Azur
POL001469,CLT03663,Habitation,Premium,2021-04-07,2867,Active,Île-de-France
POL001470,CLT00377,Habitation,Confort,2023-04-06,2183,Active,Île-de-France
POL001471,CLT04887,Auto,RC seule,2023-01-03,968,Active,Grand Est
POL001472,CLT00796,Habitation,Premium,2022-01-28,2958,Résiliée,Île-de-France
POL001473,CLT04435,Habitation,Premium,2022-08-26,2903,Active,Bretagne
POL001474,CLT04666,Auto,Tous risques,2021-02-09,2296,Active,Bretagne
POL001475,CLT04349,Habitation,Confort,2021-03-13,1959,Active,Nouvelle-Aquitaine
POL001476,CLT01672,Auto,Tous risques,2021-09-09,2863,Active,Provence-Alpes-Côte d'Azur
POL001477,CLT02224,Santé,Essentiel,2022-06-01,593,Active,Provence-Alpes-Côte d'Azur
POL001478,CLT04877,Santé,Essentiel,2022-07-16,626,Active,Bretagne
POL001479,CLT03457,Habitation,Premium,2023-02-06,2794,Active,Nouvelle-Aquitaine
POL001480,CLT00317,Auto,Tous risques,2021-09-16,2699,Active,Bretagne
POL001481,CLT02820,Habitation,Confort,2023-09-06,1576,Active,Centre-Val de Loire
POL001482,CLT03486,Habitation,Basique,2022-01-06,1470,Active,Provence-Alpes-Côte d'Azur
POL001483,CLT00065,Auto,RC seule,2022-08-27,771,Active,Provence-Alpes-Côte d'Azur
POL001484,CLT00241,Auto,RC seule,2023-03-08,860,Active,Normandie
POL001485,CLT02364,Habitation,Basique,2024-05-08,1315,Active,Nouvelle-Aquitaine
POL001486,CLT03581,Auto,RC seule,2022-04-20,1026,Active,Grand Est
POL001487,CLT02561,Auto,Tous risques,2021-10-08,1785,Active,Nouvelle-Aquitaine
POL001488,CLT02849,Auto,RC seule,2024-05-05,794,Active,Grand Est
POL001489,CLT02041,Auto,Tiers étendu,2021-07-07,1548,Résiliée,Grand Est
POL001490,CLT00557,Santé,Complet,2022-05-01,2208,Résiliée,Provence-Alpes-Côte d'Azur
POL001491,CLT01173,Habitation,Confort,2021-11-18,2142,Active,Bretagne
POL001492,CLT02218,Habitation,Confort,2022-05-20,1798,Active,Centre-Val de Loire
POL001493,CLT04553,Auto,Tiers étendu,2024-02-09,978,Active,Hauts-de-France
POL001494,CLT01483,Habitation,Basique,2022-12-11,1292,Active,Grand Est
POL001495,CLT02562,Auto,RC seule,2023-10-26,972,Active,Normandie
POL001496,CLT03017,Habitation,Confort,2021-04-23,1734,Active,Occitanie
POL001497,CLT00428,Habitation,Confort,2023-01-14,1650,Active,Normandie
POL001498,CLT00760,Auto,Tiers étendu,2022-07-06,1503,Active,Auvergne-Rhône-Alpes
POL001499,CLT03000,Habitation,Basique,2021-10-17,1100,Active,Bretagne
POL001500,CLT04333,Habitation,Premium,2022-08-29,3584,Active,Île-de-France
POL001501,CLT03779,Auto,Tiers étendu,2024-03-15,1740,Active,Hauts-de-France
POL001502,CLT02130,Auto,Tous risques,2022-02-21,2606,Active,Centre-Val de Loire
POL001503,CLT01896,Habitation,Confort,2022-04-01,1830,Active,Centre-Val de Loire
POL001504,CLT04341,Auto,RC seule,2021-05-21,849,Active,Grand Est
POL001505,CLT01964,Santé,Équilibré,2024-05-15,981,Suspendue,Provence-Alpes-Côte d'Azur
POL001506,CLT03499,Santé,Équilibré,2023-11-03,1257,Active,Hauts-de-France
POL001507,CLT01435,Santé,Équilibré,2022-12-24,1123,Active,Normandie
POL001508,CLT03932,Habitation,Basique,2022-08-08,1377,Résiliée,Île-de-France
POL001509,CLT03562,Auto,Tiers étendu,2022-10-04,1640,Active,Normandie
POL001510,CLT03647,Habitation,Confort,2022-03-12,2053,Résiliée,Hauts-de-France
POL001511,CLT01855,Habitation,Premium,2023-11-15,2967,Active,Occitanie
POL001512,CLT04194,Habitation,Basique,2023-05-21,1425,Active,Hauts-de-France
POL001513,CLT01541,Auto,Tous risques,2023-10-14,2388,Active,Hauts-de-France
POL001514,CLT03926,Auto,RC seule,2021-11-29,1006,Active,Nouvelle-Aquitaine
POL001515,CLT03257,Habitation,Basique,2022-09-28,1227,Active,Hauts-de-France
POL001516,CLT03245,Auto,Tiers étendu,2022-06-11,1390,Résiliée,Auvergne-Rhône-Alpes
POL001517,CLT03523,Auto,Tous risques,2021-04-18,2167,Active,Île-de-France
POL001518,CLT04712,Habitation,Basique,2021-03-17,1169,Active,Provence-Alpes-Côte d'Azur
POL001519,CLT04361,Habitation,Basique,2022-04-12,1003,Active,Auvergne-Rhône-Alpes
POL001520,CLT04353,Santé,Complet,2022-11-29,1433,Active,Normandie
POL001521,CLT00697,Habitation,Confort,2023-12-06,1690,Active,Provence-Alpes-Côte d'Azur
POL001522,CLT02356,Auto,RC seule,2022-07-22,879,Active,Auvergne-Rhône-Alpes
POL001523,CLT04216,Habitation,Basique,2024-06-13,1505,Active,Grand Est
POL001524,CLT04775,Auto,RC seule,2023-01-30,902,Résiliée,Auvergne-Rhône-Alpes
POL001525,CLT04017,Auto,Tiers étendu,2022-12-15,1452,Active,Grand Est
POL001526,CLT01036,Santé,Équilibré,2024-04-28,1084,Active,Grand Est
POL001527,CLT01176,Auto,Tiers étendu,2023-08-06,1722,Active,Nouvelle-Aquitaine
POL001528,CLT04991,Habitation,Confort,2021-06-01,1722,Résiliée,Hauts-de-France
POL001529,CLT02452,Habitation,Basique,2024-05-31,1238,Résiliée,Auvergne-Rhône-Alpes
POL001530,CLT03702,Santé,Équilibré,2022-11-04,977,Active,Auvergne-Rhône-Alpes
POL001531,CLT04335,Auto,Tous risques,2022-11-05,2605,Résiliée,Hauts-de-France
POL001532,CLT02179,Habitation,Basique,2023-10-14,1466,Active,Normandie
POL001533,CLT01310,Habitation,Basique,2023-12-08,1322,Active,Normandie
POL001534,CLT01493,Habitation,Confort,2022-03-06,2303,Active,Normandie
POL001535,CLT02800,Habitation,Premium,2021-08-22,2907,Active,Normandie
POL001536,CLT04736,Auto,Tous risques,2023-10-04,2243,Résiliée,Occitanie
POL001537,CLT00654,Auto,Tous risques,2024-03-26,2737,Active,Occitanie
POL001538,CLT00186,Habitation,Confort,2024-03-19,2223,Active,Normandie
POL001539,CLT01368,Santé,Équilibré,2024-03-27,872,Active,Normandie
POL001540,CLT02586,Auto,Tous risques,2023-05-17,2556,Active,Nouvelle-Aquitaine
POL001541,CLT01811,Santé,Essentiel,2022-10-04,581,Active,Provence-Alpes-Côte d'Azur
POL001542,CLT04412,Habitation,Premium,2023-08-10,2785,Suspendue,Auvergne-Rhône-Alpes
POL001543,CLT00098,Habitation,Confort,2022-02-04,2260,Active,Auvergne-Rhône-Alpes
POL001544,CLT03233,Auto,Tiers étendu,2021-09-07,1386,Active,Normandie
POL001545,CLT04789,Auto,RC seule,2023-12-27,978,Active,Occitanie
POL001546,CLT04699,Santé,Essentiel,2022-10-08,708,Active,Auvergne-Rhône-Alpes
POL001547,CLT01994,Habitation,Basique,2021-05-01,1099,Active,Hauts-de-France
POL001548,CLT02688,Santé,Complet,2023-10-26,1672,Active,Bretagne
POL001549,CLT00350,Auto,RC seule,2021-10-05,1111,Active,Bretagne
POL001550,CLT03777,Auto,RC seule,2022-12-04,842,Résiliée,Bretagne
POL001551,CLT04350,Habitation,Basique,2023-04-04,1321,Active,Occitanie
POL001552,CLT03604,Auto,Tiers étendu,2023-11-10,1283,Active,Occitanie
POL001553,CLT03285,Habitation,Basique,2022-05-11,1357,Active,Occitanie
POL001554,CLT00495,Habitation,Confort,2024-01-21,2085,Active,Centre-Val de Loire
POL001555,CLT03525,Auto,Tiers étendu,2022-08-21,1436,Active,Occitanie
POL001556,CLT02018,Auto,RC seule,2023-03-02,1168,Résiliée,Hauts-de-France
POL001557,CLT01962,Habitation,Confort,2023-01-02,2236,Active,Grand Est
POL001558,CLT00948,Auto,RC seule,2023-03-16,1011,Résiliée,Hauts-de-France
POL001559,CLT00349,Habitation,Premium,2022-05-07,3144,Active,Centre-Val de Loire
POL001560,CLT01489,Habitation,Premium,2024-01-21,3268,Active,Grand Est
POL001561,CLT03099,Auto,RC seule,2022-05-26,791,Active,Île-de-France
POL001562,CLT04270,Auto,Tous risques,2022-06-10,2491,Active,Île-de-France
POL001563,CLT03377,Auto,Tous risques,2024-06-30,2388,Suspendue,Grand Est
POL001564,CLT03784,Santé,Essentiel,2022-02-24,613,Active,Occitanie
POL001565,CLT02455,Auto,RC seule,2023-02-04,1050,Suspendue,Bretagne
POL001566,CLT00307,Auto,Tiers étendu,2021-01-03,1651,Active,Provence-Alpes-Côte d'Azur
POL001567,CLT01754,Auto,RC seule,2023-05-10,957,Active,Grand Est
POL001568,CLT01101,Santé,Équilibré,2021-07-29,1061,Active,Nouvelle-Aquitaine
POL001569,CLT02124,Habitation,Confort,2023-12-20,1625,Active,Centre-Val de Loire
POL001570,CLT01884,Habitation,Premium,2021-02-14,2091,Active,Occitanie
POL001571,CLT04712,Habitation,Confort,2023-04-04,2121,Active,Provence-Alpes-Côte d'Azur
POL001572,CLT04972,Habitation,Confort,2021-01-08,1953,Active,Normandie
POL001573,CLT01419,Habitation,Premium,2022-07-24,2997,Résiliée,Bretagne
POL001574,CLT04171,Habitation,Basique,2022-10-18,1055,Active,Nouvelle-Aquitaine
POL001575,CLT02873,Auto,Tiers étendu,2022-11-05,1453,Active,Normandie
POL001576,CLT03717,Auto,Tiers étendu,2023-07-18,1624,Active,Nouvelle-Aquitaine
POL001577,CLT01611,Auto,Tous risques,2024-02-07,2431,Résiliée,Auvergne-Rhône-Alpes
POL001578,CLT00982,Habitation,Premium,2022-07-09,2903,Active,Bretagne
POL001579,CLT00288,Auto,Tous risques,2024-04-24,2335,Active,Centre-Val de Loire
POL001580,CLT04283,Santé,Équilibré,2022-02-25,796,Active,Hauts-de-France
POL001581,CLT03631,Habitation,Basique,2023-11-15,1388,Active,Bretagne
POL001582,CLT01918,Auto,RC seule,2023-08-31,819,Active,Centre-Val de Loire
POL001583,CLT02057,Auto,Tiers étendu,2024-05-24,1241,Active,Provence-Alpes-Côte d'Azur
POL001584,CLT00924,Santé,Essentiel,2023-11-16,529,Résiliée,Grand Est
POL001585,CLT03434,Santé,Essentiel,2021-09-19,606,Active,Île-de-France
POL001586,CLT02857,Auto,RC seule,2021-03-22,941,Résiliée,Hauts-de-France
POL001587,CLT00556,Habitation,Basique,2022-04-22,1248,Résiliée,Bretagne
POL001588,CLT00286,Habitation,Basique,2023-08-04,1133,Active,Hauts-de-France
POL001589,CLT02200,Habitation,Basique,2021-04-26,1396,Active,Nouvelle-Aquitaine
POL001590,CLT04053,Habitation,Premium,2022-07-12,3282,Active,Grand Est
POL001591,CLT01763,Auto,RC seule,2022-05-07,931,Résiliée,Grand Est
POL001592,CLT00617,Auto,Tiers étendu,2024-06-15,1341,Active,Normandie
POL001593,CLT01184,Auto,RC seule,2023-08-12,832,Active,Provence-Alpes-Côte d'Azur
POL001594,CLT04572,Habitation,Confort,2022-06-08,1731,Résiliée,Grand Est
POL001595,CLT04705,Auto,RC seule,2023-02-04,741,Active,Bretagne
POL001596,CLT04064,Santé,Complet,2022-01-15,1288,Active,Normandie
POL001597,CLT02172,Santé,Équilibré,2022-03-15,1163,Active,Île-de-France
POL001598,CLT00817,Auto,Tous risques,2021-04-16,2563,Active,Bretagne
POL001599,CLT02503,Auto,Tiers étendu,2023-02-21,1732,Active,Hauts-de-France
POL001600,CLT03891,Auto,Tiers étendu,2023-07-08,1344,Active,Centre-Val de Loire
POL001601,CLT01392,Auto,Tous risques,2021-03-13,2129,Active,Provence-Alpes-Côte d'Azur
POL001602,CLT02747,Habitation,Basique,2023-04-29,1160,Active,Hauts-de-France
POL001603,CLT00575,Habitation,Basique,2024-01-19,1158,Active,Nouvelle-Aquitaine
POL001604,CLT00082,Auto,Tiers étendu,2022-10-04,1336,Active,Normandie
POL001605,CLT00785,Habitation,Basique,2024-02-28,1308,Suspendue,Provence-Alpes-Côte d'Azur
POL001606,CLT00213,Habitation,Basique,2023-08-04,1268,Active,Centre-Val de Loire
POL001607,CLT00284,Habitation,Basique,2021-07-11,1126,Active,Centre-Val de Loire
POL001608,CLT04429,Santé,Équilibré,2023-11-10,1229,Active,Normandie
POL001609,CLT00620,Habitation,Confort,2022-01-16,2364,Active,Grand Est
POL001610,CLT02080,Auto,Tous risques,2022-07-27,2848,Active,Grand Est
POL001611,CLT00917,Santé,Essentiel,2021-12-09,731,Active,Île-de-France
POL001612,CLT00561,Habitation,Basique,2022-06-10,1330,Active,Auvergne-Rhône-Alpes
POL001613,CLT03335,Auto,Tous risques,2022-04-07,2942,Active,Île-de-France
POL001614,CLT02402,Santé,Complet,2021-09-27,1776,Active,Provence-Alpes-Côte d'Azur
POL001615,CLT01182,Auto,RC seule,2021-10-23,890,Active,Île-de-France
POL001616,CLT01759,Santé,Essentiel,2021-06-18,701,Active,Île-de-France
POL001617,CLT00140,Habitation,Basique,2023-07-03,1365,Active,Bretagne
POL001618,CLT03887,Santé,Essentiel,2021-02-16,505,Active,Normandie
POL001619,CLT01497,Auto,Tiers étendu,2022-10-09,1374,Active,Hauts-de-France
POL001620,CLT01070,Habitation,Basique,2023-08-12,1465,Active,Hauts-de-France
POL001621,CLT02459,Habitation,Basique,2021-10-02,930,Active,Occitanie
POL001622,CLT02826,Santé,Essentiel,2024-01-12,513,Active,Auvergne-Rhône-Alpes
POL001623,CLT03132,Auto,RC seule,2024-03-23,977,Active,Nouvelle-Aquitaine
POL001624,CLT02619,Santé,Équilibré,2021-07-06,1064,Active,Bretagne
POL001625,CLT03522,Habitation,Confort,2022-08-08,1598,Active,Occitanie
POL001626,CLT04390,Santé,Essentiel,2024-02-13,601,Active,Île-de-France
POL001627,CLT04209,Habitation,Basique,2023-08-08,1377,Active,Hauts-de-France
POL001628,CLT00482,Santé,Équilibré,2022-07-06,1103,Active,Centre-Val de Loire
POL001629,CLT02121,Auto,Tiers étendu,2023-06-17,1705,Résiliée,Grand Est
POL001630,CLT04567,Santé,Complet,2021-08-13,1431,Active,Grand Est
POL001631,CLT04020,Auto,Tous risques,2021-09-25,2037,Active,Hauts-de-France
POL001632,CLT02464,Auto,Tiers étendu,2023-12-20,1647,Résiliée,Grand Est
POL001633,CLT01652,Auto,Tous risques,2024-07-04,2336,Active,Nouvelle-Aquitaine
POL001634,CLT01617,Habitation,Premium,2022-07-25,2368,Active,Occitanie
POL001635,CLT04177,Auto,Tiers étendu,2021-03-22,1452,Active,Grand Est
POL001636,CLT00961,Auto,Tous risques,2023-04-21,2903,Active,Auvergne-Rhône-Alpes
POL001637,CLT03537,Auto,Tiers étendu,2021-01-20,1218,Active,Bretagne
POL001638,CLT01364,Auto,Tiers étendu,2021-10-31,1616,Résiliée,Occitanie
POL001639,CLT02944,Santé,Essentiel,2022-03-03,586,Active,Grand Est
POL001640,CLT00017,Auto,RC seule,2023-11-29,930,Active,Auvergne-Rhône-Alpes
POL001641,CLT02390,Habitation,Premium,2023-07-18,3048,Active,Nouvelle-Aquitaine
POL001642,CLT00912,Habitation,Basique,2023-12-04,888,Active,Centre-Val de Loire
POL001643,CLT04655,Santé,Essentiel,2021-09-01,475,Active,Auvergne-Rhône-Alpes
POL001644,CLT00022,Auto,Tous risques,2021-07-09,2385,Active,Occitanie
POL001645,CLT01248,Santé,Essentiel,2023-10-10,529,Active,Auvergne-Rhône-Alpes
POL001646,CLT03742,Habitation,Confort,2023-12-26,2059,Résiliée,Nouvelle-Aquitaine
POL001647,CLT04729,Habitation,Confort,2024-06-19,1402,Active,Nouvelle-Aquitaine
POL001648,CLT00073,Habitation,Confort,2022-09-07,1998,Active,Grand Est
POL001649,CLT00674,Santé,Complet,2024-01-27,1253,Active,Île-de-France
POL001650,CLT02114,Auto,RC seule,2021-02-17,860,Résiliée,Centre-Val de Loire
POL001651,CLT04830,Habitation,Confort,2022-05-26,1749,Active,Occitanie
POL001652,CLT00793,Habitation,Basique,2023-07-02,1528,Active,Île-de-France
POL001653,CLT00788,Habitation,Basique,2021-07-09,1047,Active,Occitanie
POL001654,CLT04549,Habitation,Confort,2022-11-07,1774,Active,Occitanie
POL001655,CLT04697,Santé,Essentiel,2021-02-07,467,Active,Hauts-de-France
POL001656,CLT02129,Santé,Équilibré,2021-05-21,1257,Active,Normandie
POL001657,CLT02654,Habitation,Basique,2023-04-22,1324,Active,Provence-Alpes-Côte d'Azur
POL001658,CLT02635,Auto,Tiers étendu,2024-05-08,1452,Active,Grand Est
POL001659,CLT04768,Santé,Essentiel,2023-04-09,749,Active,Auvergne-Rhône-Alpes
POL001660,CLT01215,Habitation,Basique,2024-02-02,1287,Active,Nouvelle-Aquitaine
POL001661,CLT00132,Santé,Équilibré,2024-01-10,1015,Résiliée,Provence-Alpes-Côte d'Azur
POL001662,CLT04154,Auto,RC seule,2022-04-01,928,Active,Auvergne-Rhône-Alpes
POL001663,CLT04887,Santé,Essentiel,2021-01-03,702,Active,Grand Est
POL001664,CLT03204,Auto,Tiers étendu,2023-10-23,1393,Résiliée,Auvergne-Rhône-Alpes
POL001665,CLT04071,Auto,RC seule,2021-10-06,915,Active,Occitanie
POL001666,CLT02937,Habitation,Basique,2022-10-01,1380,Active,Île-de-France
POL001667,CLT01821,Auto,Tiers étendu,2021-01-18,1459,Active,Centre-Val de Loire
POL001668,CLT01307,Habitation,Premium,2024-02-21,2762,Résiliée,Île-de-France
POL001669,CLT04520,Habitation,Basique,2021-08-26,1016,Active,Provence-Alpes-Côte d'Azur
POL001670,CLT00569,Habitation,Premium,2022-11-02,3494,Active,Normandie
POL001671,CLT00147,Auto,Tous risques,2023-03-26,2036,Active,Auvergne-Rhône-Alpes
POL001672,CLT00260,Auto,Tiers étendu,2022-03-25,1614,Active,Provence-Alpes-Côte d'Azur
POL001673,CLT03494,Auto,RC seule,2021-09-19,937,Active,Bretagne
POL001674,CLT04280,Auto,RC seule,2021-07-03,747,Active,Bretagne
POL001675,CLT01440,Auto,Tous risques,2024-03-08,2756,Active,Centre-Val de Loire
POL001676,CLT03500,Auto,RC seule,2021-03-02,979,Active,Centre-Val de Loire
POL001677,CLT02167,Santé,Équilibré,2021-01-24,1252,Active,Hauts-de-France
POL001678,CLT03518,Auto,RC seule,2022-06-14,922,Active,Grand Est
POL001679,CLT00377,Santé,Essentiel,2021-12-30,726,Résiliée,Île-de-France
POL001680,CLT03603,Auto,RC seule,2022-09-07,754,Active,Bretagne
POL001681,CLT00207,Auto,RC seule,2022-04-30,870,Active,Grand Est
POL001682,CLT04090,Habitation,Premium,2022-02-24,2297,Suspendue,Provence-Alpes-Côte d'Azur
POL001683,CLT02533,Habitation,Basique,2022-04-27,1218,Active,Nouvelle-Aquitaine
POL001684,CLT03456,Auto,Tous risques,2024-01-01,2410,Active,Occitanie
POL001685,CLT02604,Habitation,Confort,2021-09-16,1751,Résiliée,Auvergne-Rhône-Alpes
POL001686,CLT01502,Auto,Tous risques,2023-11-10,2644,Active,Normandie
POL001687,CLT03427,Habitation,Basique,2022-12-21,1151,Résiliée,Grand Est
POL001688,CLT03279,Santé,Complet,2022-07-20,1726,Suspendue,Île-de-France
POL001689,CLT03621,Santé,Équilibré,2024-01-23,1222,Active,Auvergne-Rhône-Alpes
POL001690,CLT02209,Habitation,Basique,2023-08-15,1388,Résiliée,Auvergne-Rhône-Alpes
POL001691,CLT01308,Habitation,Confort,2023-01-11,1830,Active,Centre-Val de Loire
POL001692,CLT03382,Santé,Essentiel,2023-11-12,396,Active,Auvergne-Rhône-Alpes
POL001693,CLT04634,Habitation,Basique,2021-10-26,1311,Active,Hauts-de-France
POL001694,CLT02566,Santé,Complet,2022-09-22,1473,Active,Grand Est
POL001695,CLT03435,Santé,Complet,2024-01-27,1346,Active,Bretagne
POL001696,CLT00905,Auto,RC seule,2023-06-06,871,Résiliée,Hauts-de-France
POL001697,CLT04953,Habitation,Basique,2023-01-01,1454,Active,Auvergne-Rhône-Alpes
POL001698,CLT01410,Auto,RC seule,2022-07-21,819,Résiliée,Normandie
POL001699,CLT00721,Habitation,Basique,2024-06-08,1408,Active,Grand Est
POL001700,CLT01603,Habitation,Basique,2021-10-28,1250,Active,Hauts-de-France
POL001701,CLT00021,Santé,Équilibré,2022-09-21,940,Active,Hauts-de-France
POL001702,CLT04807,Habitation,Confort,2023-10-27,1967,Résiliée,Provence-Alpes-Côte d'Azur
POL001703,CLT00531,Habitation,Basique,2023-05-10,1473,Active,Normandie
POL001704,CLT03320,Auto,Tous risques,2021-02-07,2239,Active,Auvergne-Rhône-Alpes
POL001705,CLT00806,Santé,Complet,2022-01-08,1560,Active,Occitanie
POL001706,CLT03040,Auto,Tiers étendu,2022-07-26,1631,Active,Hauts-de-France
POL001707,CLT01528,Auto,RC seule,2023-04-03,1014,Active,Grand Est
POL001708,CLT04325,Auto,Tous risques,2022-05-06,2193,Active,Grand Est
POL001709,CLT00824,Habitation,Confort,2023-11-01,1768,Active,Normandie
POL001710,CLT00479,Auto,RC seule,2022-02-17,651,Active,Hauts-de-France
POL001711,CLT03660,Habitation,Confort,2024-05-22,1641,Résiliée,Grand Est
POL001712,CLT00406,Auto,Tous risques,2021-03-08,1909,Résiliée,Auvergne-Rhône-Alpes
POL001713,CLT01720,Auto,Tous risques,2021-08-28,2526,Active,Normandie
POL001714,CLT04067,Habitation,Confort,2023-08-14,1820,Active,Île-de-France
POL001715,CLT04545,Auto,Tous risques,2021-08-03,2258,Résiliée,Bretagne
POL001716,CLT03179,Santé,Essentiel,2022-12-28,600,Active,Normandie
POL001717,CLT00418,Habitation,Basique,2024-04-06,1072,Active,Grand Est
POL001718,CLT03823,Santé,Essentiel,2023-01-17,761,Résiliée,Nouvelle-Aquitaine
POL001719,CLT00987,Auto,Tous risques,2022-11-29,2784,Active,Grand Est
POL001720,CLT04343,Auto,RC seule,2023-08-26,1166,Résiliée,Bretagne
POL001721,CLT04573,Habitation,Premium,2023-06-28,3129,Active,Bretagne
POL001722,CLT00029,Habitation,Premium,2024-05-11,2841,Active,Grand Est
POL001723,CLT01858,Habitation,Premium,2021-08-05,3456,Active,Nouvelle-Aquitaine
POL001724,CLT04527,Habitation,Basique,2024-06-14,1197,Active,Centre-Val de Loire
POL001725,CLT01267,Auto,RC seule,2024-05-05,797,Résiliée,Provence-Alpes-Côte d'Azur
POL001726,CLT04818,Habitation,Basique,2023-09-13,1121,Active,Bretagne
POL001727,CLT00989,Habitation,Confort,2022-04-10,1936,Active,Provence-Alpes-Côte d'Azur
POL001728,CLT03435,Habitation,Basique,2021-01-15,1164,Active,Bretagne
POL001729,CLT02350,Habitation,Confort,2024-01-30,1829,Active,Occitanie
POL001730,CLT02883,Habitation,Premium,2021-03-06,2175,Active,Bretagne
POL001731,CLT02105,Habitation,Basique,2021-10-04,1373,Active,Grand Est
POL001732,CLT03238,Santé,Essentiel,2021-09-06,503,Active,Occitanie
POL001733,CLT00312,Habitation,Basique,2023-02-23,1148,Active,Normandie
POL001734,CLT03735,Auto,Tiers étendu,2021-02-10,1755,Active,Normandie
POL001735,CLT03625,Habitation,Basique,2023-06-14,1381,Active,Centre-Val de Loire
POL001736,CLT00970,Auto,Tous risques,2023-01-17,2457,Active,Provence-Alpes-Côte d'Azur
POL001737,CLT01164,Auto,RC seule,2021-08-25,935,Résiliée,Provence-Alpes-Côte d'Azur
POL001738,CLT02443,Santé,Essentiel,2021-01-10,594,Active,Centre-Val de Loire
POL001739,CLT00080,Auto,RC seule,2023-12-07,860,Active,Provence-Alpes-Côte d'Azur
POL001740,CLT01283,Auto,RC seule,2021-08-19,859,Active,Grand Est
POL001741,CLT01820,Habitation,Basique,2022-08-23,1066,Active,Provence-Alpes-Côte d'Azur
POL001742,CLT01806,Auto,RC seule,2021-08-08,946,Active,Nouvelle-Aquitaine
POL001743,CLT04921,Santé,Essentiel,2021-02-01,612,Active,Bretagne
POL001744,CLT01873,Auto,RC seule,2021-05-26,826,Active,Auvergne-Rhône-Alpes
POL001745,CLT02988,Habitation,Confort,2023-03-06,2314,Active,Auvergne-Rhône-Alpes
POL001746,CLT03312,Habitation,Basique,2024-06-12,1294,Résiliée,Bretagne
POL001747,CLT01907,Auto,RC seule,2021-01-07,1018,Active,Île-de-France
POL001748,CLT00971,Santé,Essentiel,2023-10-19,574,Active,Normandie
POL001749,CLT01274,Habitation,Premium,2024-04-13,2887,Active,Île-de-France
POL001750,CLT01002,Auto,RC seule,2022-11-22,978,Active,Normandie
POL001751,CLT00911,Auto,Tous risques,2023-07-09,2378,Résiliée,Provence-Alpes-Côte d'Azur
POL001752,CLT02700,Santé,Essentiel,2024-04-27,828,Active,Occitanie
POL001753,CLT04611,Habitation,Basique,2023-01-12,1286,Active,Auvergne-Rhône-Alpes
POL001754,CLT03084,Santé,Équilibré,2024-05-10,908,Active,Centre-Val de Loire
POL001755,CLT01861,Habitation,Basique,2022-08-29,1359,Active,Occitanie
POL001756,CLT03565,Habitation,Premium,2023-01-28,2301,Active,Auvergne-Rhône-Alpes
POL001757,CLT03464,Habitation,Confort,2021-03-17,2277,Active,Provence-Alpes-Côte d'Azur
POL001758,CLT03618,Auto,Tiers étendu,2021-05-06,1153,Résiliée,Hauts-de-France
POL001759,CLT03800,Auto,RC seule,2022-06-24,994,Active,Grand Est
POL001760,CLT03938,Habitation,Confort,2022-04-16,1721,Active,Île-de-France
POL001761,CLT00502,Auto,Tiers étendu,2022-09-21,1499,Suspendue,Grand Est
POL001762,CLT04343,Auto,RC seule,2023-06-25,1075,Active,Bretagne
POL001763,CLT00598,Santé,Équilibré,2022-10-27,1101,Active,Normandie
POL001764,CLT01484,Auto,RC seule,2021-12-20,758,Active,Île-de-France
POL001765,CLT03232,Habitation,Confort,2021-10-30,1652,Résiliée,Auvergne-Rhône-Alpes
POL001766,CLT01524,Habitation,Premium,2021-04-04,2570,Active,Occitanie
POL001767,CLT03512,Auto,RC seule,2023-02-12,682,Active,Centre-Val de Loire
POL001768,CLT01179,Habitation,Basique,2022-02-27,1467,Résiliée,Normandie
POL001769,CLT01706,Habitation,Premium,2023-04-02,2923,Active,Hauts-de-France
POL001770,CLT01134,Auto,RC seule,2023-12-20,766,Active,Occitanie
POL001771,CLT04129,Santé,Équilibré,2023-04-13,1231,Résiliée,Grand Est
POL001772,CLT00248,Habitation,Confort,2023-12-08,1667,Suspendue,Normandie
POL001773,CLT04845,Habitation,Basique,2022-11-17,1281,Active,Hauts-de-France
POL001774,CLT01928,Auto,RC seule,2021-02-22,820,Active,Bretagne
POL001775,CLT04948,Habitation,Confort,2024-03-29,1399,Active,Provence-Alpes-Côte d'Azur
POL001776,CLT00687,Santé,Essentiel,2023-07-10,489,Active,Centre-Val de Loire
POL001777,CLT02109,Habitation,Basique,2022-10-21,1136,Active,Centre-Val de Loire
POL001778,CLT00474,Habitation,Confort,2023-08-07,2156,Active,Auvergne-Rhône-Alpes
POL001779,CLT02778,Auto,RC seule,2021-06-07,953,Active,Bretagne
POL001780,CLT00227,Auto,Tous risques,2022-06-16,2473,Active,Normandie
POL001781,CLT01483,Habitation,Premium,2021-09-24,2128,Active,Grand Est
POL001782,CLT01690,Auto,Tiers étendu,2021-12-26,1775,Résiliée,Nouvelle-Aquitaine
POL001783,CLT01207,Habitation,Basique,2021-06-03,1312,Résiliée,Occitanie
POL001784,CLT03040,Habitation,Confort,2024-05-27,1894,Active,Hauts-de-France
POL001785,CLT04029,Auto,RC seule,2022-08-27,1043,Active,Nouvelle-Aquitaine
POL001786,CLT04450,Auto,RC seule,2024-02-06,1087,Active,Provence-Alpes-Côte d'Azur
POL001787,CLT04534,Auto,RC seule,2021-08-01,1085,Résiliée,Nouvelle-Aquitaine
POL001788,CLT04740,Auto,Tiers étendu,2022-01-02,1354,Active,Hauts-de-France
POL001789,CLT01477,Habitation,Premium,2024-03-10,2453,Active,Grand Est
POL001790,CLT00114,Auto,Tous risques,2022-06-30,2553,Active,Grand Est
POL001791,CLT03257,Auto,Tous risques,2021-05-05,1727,Active,Hauts-de-France
POL001792,CLT00208,Santé,Équilibré,2021-02-09,1289,Résiliée,Normandie
POL001793,CLT00659,Auto,RC seule,2021-03-22,978,Résiliée,Hauts-de-France
POL001794,CLT00089,Santé,Essentiel,2022-02-11,516,Active,Île-de-France
POL001795,CLT03386,Santé,Essentiel,2022-07-27,478,Active,Normandie
POL001796,CLT01834,Santé,Complet,2023-06-22,1249,Active,Auvergne-Rhône-Alpes
POL001797,CLT02283,Habitation,Confort,2022-05-10,1840,Résiliée,Nouvelle-Aquitaine
POL001798,CLT00044,Habitation,Premium,2021-03-08,2900,Active,Hauts-de-France
POL001799,CLT02664,Auto,RC seule,2022-12-18,785,Active,Bretagne
POL001800,CLT04506,Auto,Tiers étendu,2022-03-25,1394,Active,Occitanie
POL001801,CLT01843,Auto,Tiers étendu,2023-10-08,1129,Active,Grand Est
POL001802,CLT00713,Auto,Tiers étendu,2023-03-05,1740,Active,Hauts-de-France
POL001803,CLT00392,Auto,Tous risques,2023-05-30,2236,Active,Nouvelle-Aquitaine
POL001804,CLT03527,Habitation,Confort,2022-11-10,1802,Résiliée,Hauts-de-France
POL001805,CLT03717,Santé,Équilibré,2022-09-15,789,Active,Nouvelle-Aquitaine
POL001806,CLT01683,Habitation,Basique,2024-04-15,1193,Active,Île-de-France
POL001807,CLT03709,Habitation,Confort,2024-01-24,1727,Active,Île-de-France
POL001808,CLT00023,Auto,Tiers étendu,2023-01-15,1488,Active,Hauts-de-France
POL001809,CLT00178,Auto,Tiers étendu,2021-07-31,1532,Active,Auvergne-Rhône-Alpes
POL001810,CLT01408,Habitation,Basique,2021-06-09,1378,Résiliée,Normandie
POL001811,CLT02452,Santé,Essentiel,2021-03-08,585,Active,Auvergne-Rhône-Alpes
POL001812,CLT04442,Habitation,Basique,2022-04-07,1009,Active,Centre-Val de Loire
POL001813,CLT01286,Auto,RC seule,2022-02-27,1054,Active,Bretagne
POL001814,CLT01375,Auto,RC seule,2021-11-12,804,Résiliée,Hauts-de-France
POL001815,CLT02715,Auto,Tous risques,2021-08-21,1876,Active,Bretagne
POL001816,CLT01854,Santé,Essentiel,2021-03-10,687,Active,Bretagne
POL001817,CLT03317,Habitation,Premium,2024-02-22,3139,Active,Bretagne
POL001818,CLT01706,Habitation,Premium,2022-05-18,2659,Active,Hauts-de-France
POL001819,CLT01329,Auto,RC seule,2021-12-01,868,Active,Nouvelle-Aquitaine
POL001820,CLT01084,Auto,Tiers étendu,2022-12-12,1383,Active,Nouvelle-Aquitaine
POL001821,CLT04411,Santé,Essentiel,2021-09-16,753,Résiliée,Normandie
POL001822,CLT02208,Habitation,Basique,2024-04-02,1233,Active,Auvergne-Rhône-Alpes
POL001823,CLT02731,Habitation,Basique,2024-06-06,1057,Active,Normandie
POL001824,CLT01097,Santé,Essentiel,2022-05-13,535,Suspendue,Bretagne
POL001825,CLT03289,Auto,Tiers étendu,2022-09-25,1353,Active,Île-de-France
POL001826,CLT02277,Auto,Tous risques,2023-02-26,2290,Active,Centre-Val de Loire
POL001827,CLT02198,Habitation,Confort,2023-07-07,1993,Active,Nouvelle-Aquitaine
POL001828,CLT00802,Habitation,Basique,2023-07-04,1320,Active,Occitanie
POL001829,CLT01877,Auto,RC seule,2023-04-01,831,Active,Nouvelle-Aquitaine
POL001830,CLT03470,Santé,Essentiel,2022-10-15,593,Active,Bretagne
POL001831,CLT04168,Habitation,Basique,2023-02-24,1314,Active,Provence-Alpes-Côte d'Azur
POL001832,CLT01163,Habitation,Premium,2023-05-22,2571,Active,Hauts-de-France
POL001833,CLT01873,Auto,Tiers étendu,2021-11-21,1370,Active,Auvergne-Rhône-Alpes
POL001834,CLT04367,Santé,Essentiel,2021-10-09,673,Active,Centre-Val de Loire
POL001835,CLT01566,Auto,RC seule,2022-12-26,1036,Active,Normandie
POL001836,CLT02719,Auto,RC seule,2022-07-09,952,Active,Centre-Val de Loire
POL001837,CLT01144,Auto,Tiers étendu,2022-09-06,1365,Active,Hauts-de-France
POL001838,CLT00405,Habitation,Confort,2024-04-25,1572,Active,Bretagne
POL001839,CLT01145,Auto,Tiers étendu,2021-09-17,1607,Active,Centre-Val de Loire
POL001840,CLT02059,Santé,Essentiel,2021-07-11,835,Active,Occitanie
POL001841,CLT01936,Habitation,Basique,2022-10-21,1641,Active,Île-de-France
POL001842,CLT04422,Habitation,Confort,2021-01-16,2069,Active,Normandie
POL001843,CLT04447,Habitation,Basique,2023-10-07,1258,Active,Occitanie
POL001844,CLT04707,Auto,RC seule,2022-04-26,791,Active,Île-de-France
POL001845,CLT04825,Habitation,Confort,2022-12-27,1334,Active,Occitanie
POL001846,CLT00469,Auto,Tiers étendu,2024-01-17,1451,Active,Île-de-France
POL001847,CLT03550,Auto,Tous risques,2022-11-15,3061,Active,Hauts-de-France
POL001848,CLT02944,Habitation,Confort,2024-01-14,2249,Active,Grand Est
POL001849,CLT02627,Habitation,Confort,2023-09-06,2085,Active,Île-de-France
POL001850,CLT01409,Auto,Tiers étendu,2023-03-26,1453,Active,Nouvelle-Aquitaine
POL001851,CLT04789,Habitation,Basique,2022-03-20,1296,Résiliée,Occitanie
POL001852,CLT02613,Habitation,Basique,2024-04-14,871,Active,Normandie
POL001853,CLT04551,Auto,RC seule,2022-12-19,994,Active,Grand Est
POL001854,CLT00871,Habitation,Basique,2023-04-11,1227,Active,Occitanie
POL001855,CLT02457,Auto,Tiers étendu,2022-01-22,1361,Active,Grand Est
POL001856,CLT02064,Santé,Équilibré,2021-07-05,967,Résiliée,Normandie
POL001857,CLT01389,Habitation,Basique,2022-07-15,1231,Active,Normandie
POL001858,CLT04668,Habitation,Confort,2021-01-28,1767,Active,Auvergne-Rhône-Alpes
POL001859,CLT03421,Auto,Tous risques,2023-06-28,2269,Active,Centre-Val de Loire
POL001860,CLT03358,Auto,RC seule,2022-12-03,925,Résiliée,Provence-Alpes-Côte d'Azur
POL001861,CLT00432,Santé,Essentiel,2022-02-02,639,Active,Grand Est
POL001862,CLT03910,Santé,Équilibré,2021-02-08,759,Active,Provence-Alpes-Côte d'Azur
POL001863,CLT00614,Auto,Tous risques,2024-03-23,2216,Active,Nouvelle-Aquitaine
POL001864,CLT03038,Habitation,Confort,2021-12-30,1556,Active,Normandie
POL001865,CLT02441,Santé,Essentiel,2024-04-27,577,Active,Auvergne-Rhône-Alpes
POL001866,CLT00048,Habitation,Confort,2021-02-13,1866,Résiliée,Nouvelle-Aquitaine
POL001867,CLT01177,Habitation,Confort,2022-10-19,1440,Active,Île-de-France
POL001868,CLT03279,Auto,Tiers étendu,2023-05-07,1239,Résiliée,Île-de-France
POL001869,CLT00450,Habitation,Confort,2021-09-23,1969,Active,Centre-Val de Loire
POL001870,CLT01790,Habitation,Confort,2022-12-26,1578,Active,Nouvelle-Aquitaine
POL001871,CLT04690,Auto,Tiers étendu,2022-02-14,1768,Active,Provence-Alpes-Côte d'Azur
POL001872,CLT00739,Auto,Tiers étendu,2021-10-28,1645,Résiliée,Bretagne
POL001873,CLT00912,Auto,Tous risques,2022-02-10,2035,Active,Centre-Val de Loire
POL001874,CLT00940,Auto,Tous risques,2024-06-18,2032,Active,Nouvelle-Aquitaine
POL001875,CLT00764,Santé,Essentiel,2022-02-14,669,Active,Auvergne-Rhône-Alpes
POL001876,CLT03188,Auto,Tous risques,2022-08-13,1806,Active,Occitanie
POL001877,CLT01611,Habitation,Confort,2023-03-07,1435,Active,Auvergne-Rhône-Alpes
POL001878,CLT03905,Santé,Complet,2021-03-06,1389,Active,Hauts-de-France
POL001879,CLT01708,Habitation,Confort,2022-01-04,1927,Active,Grand Est
POL001880,CLT00369,Santé,Complet,2021-05-23,1687,Active,Provence-Alpes-Côte d'Azur
POL001881,CLT02787,Auto,Tiers étendu,2021-02-10,1343,Suspendue,Provence-Alpes-Côte d'Azur
POL001882,CLT04051,Habitation,Confort,2021-12-20,2185,Active,Auvergne-Rhône-Alpes
POL001883,CLT01498,Auto,RC seule,2024-02-22,722,Active,Occitanie
POL001884,CLT02521,Auto,RC seule,2023-10-14,772,Active,Hauts-de-France
POL001885,CLT02201,Auto,Tous risques,2022-02-07,2567,Active,Provence-Alpes-Côte d'Azur
POL001886,CLT03185,Habitation,Confort,2021-01-23,1524,Active,Normandie
POL001887,CLT02404,Habitation,Basique,2022-04-07,1035,Active,Île-de-France
POL001888,CLT01121,Auto,Tiers étendu,2022-07-30,1561,Active,Bretagne
POL001889,CLT01417,Auto,Tiers étendu,2022-06-30,1346,Active,Occitanie
POL001890,CLT00100,Santé,Essentiel,2022-11-26,611,Active,Occitanie
POL001891,CLT02763,Habitation,Basique,2022-07-03,1168,Active,Auvergne-Rhône-Alpes
POL001892,CLT03202,Habitation,Basique,2024-04-23,1073,Active,Grand Est
POL001893,CLT00267,Habitation,Basique,2023-12-29,964,Active,Normandie
POL001894,CLT03501,Auto,Tiers étendu,2023-04-21,1471,Active,Bretagne
POL001895,CLT02406,Auto,Tiers étendu,2023-12-07,1216,Active,Grand Est
POL001896,CLT01739,Habitation,Basique,2023-02-08,1182,Active,Occitanie
POL001897,CLT03698,Santé,Complet,2022-12-21,1403,Résiliée,Occitanie
POL001898,CLT02101,Santé,Complet,2021-09-27,1528,Active,Occitanie
POL001899,CLT03177,Habitation,Confort,2021-05-18,1814,Active,Hauts-de-France
POL001900,CLT02433,Santé,Essentiel,2023-02-03,637,Résiliée,Bretagne
POL001901,CLT04989,Habitation,Premium,2021-11-02,2736,Active,Centre-Val de Loire
POL001902,CLT01368,Habitation,Basique,2023-11-25,1390,Active,Normandie
POL001903,CLT00336,Habitation,Confort,2024-02-26,1479,Active,Occitanie
POL001904,CLT02377,Santé,Essentiel,2023-05-28,589,Active,Nouvelle-Aquitaine
POL001905,CLT00300,Auto,RC seule,2022-07-01,1103,Résiliée,Nouvelle-Aquitaine
POL001906,CLT04851,Habitation,Basique,2023-03-23,1297,Active,Nouvelle-Aquitaine
POL001907,CLT03605,Habitation,Basique,2023-04-09,1078,Active,Île-de-France
POL001908,CLT00986,Habitation,Basique,2022-01-11,1108,Active,Provence-Alpes-Côte d'Azur
POL001909,CLT03895,Santé,Équilibré,2021-06-16,854,Active,Normandie
POL001910,CLT04194,Habitation,Confort,2023-06-02,2063,Active,Hauts-de-France
POL001911,CLT04116,Habitation,Confort,2021-04-06,1649,Active,Provence-Alpes-Côte d'Azur
POL001912,CLT01682,Habitation,Basique,2021-12-13,1291,Active,Centre-Val de Loire
POL001913,CLT04127,Habitation,Premium,2021-02-19,2960,Active,Auvergne-Rhône-Alpes
POL001914,CLT02580,Habitation,Confort,2021-02-14,2514,Résiliée,Occitanie
POL001915,CLT02480,Habitation,Basique,2021-08-30,1382,Active,Île-de-France
POL001916,CLT00481,Auto,Tous risques,2023-05-16,1921,Active,Île-de-France
POL001917,CLT00637,Habitation,Confort,2023-06-26,1439,Active,Hauts-de-France
POL001918,CLT03202,Auto,Tous risques,2021-05-23,2109,Active,Grand Est
POL001919,CLT01335,Habitation,Premium,2021-01-31,2875,Active,Normandie
POL001920,CLT04754,Habitation,Premium,2023-11-09,1921,Résiliée,Centre-Val de Loire
POL001921,CLT00657,Habitation,Confort,2024-01-04,1752,Résiliée,Provence-Alpes-Côte d'Azur
POL001922,CLT04019,Auto,RC seule,2022-10-24,938,Suspendue,Normandie
POL001923,CLT01672,Habitation,Basique,2021-07-05,1236,Active,Provence-Alpes-Côte d'Azur
POL001924,CLT00050,Habitation,Premium,2022-09-23,3197,Active,Nouvelle-Aquitaine
POL001925,CLT01406,Auto,RC seule,2021-03-03,774,Active,Provence-Alpes-Côte d'Azur
POL001926,CLT04845,Habitation,Premium,2022-04-26,3180,Suspendue,Hauts-de-France
POL001927,CLT00714,Habitation,Basique,2022-11-01,1341,Active,Bretagne
POL001928,CLT04928,Habitation,Basique,2023-01-05,1416,Active,Provence-Alpes-Côte d'Azur
POL001929,CLT03429,Auto,Tous risques,2024-05-11,1699,Active,Grand Est
POL001930,CLT02786,Santé,Équilibré,2021-01-05,1075,Active,Centre-Val de Loire
POL001931,CLT04975,Habitation,Premium,2022-07-11,2547,Active,Grand Est
POL001932,CLT04200,Habitation,Basique,2022-05-18,1014,Résiliée,Bretagne
POL001933,CLT01202,Habitation,Confort,2021-06-04,1750,Active,Nouvelle-Aquitaine
POL001934,CLT04414,Auto,Tiers étendu,2021-01-12,1222,Active,Normandie
POL001935,CLT03088,Santé,Essentiel,2022-03-31,752,Active,Occitanie
POL001936,CLT02816,Santé,Équilibré,2021-04-17,1138,Active,Auvergne-Rhône-Alpes
POL001937,CLT02070,Santé,Équilibré,2021-10-18,809,Résiliée,Normandie
POL001938,CLT04187,Auto,RC seule,2023-07-09,836,Active,Bretagne
POL001939,CLT00938,Habitation,Premium,2021-11-16,2655,Active,Normandie
POL001940,CLT02445,Auto,Tous risques,2022-02-21,2381,Active,Bretagne
POL001941,CLT04419,Auto,Tiers étendu,2021-05-15,1801,Active,Hauts-de-France
POL001942,CLT03295,Auto,RC seule,2023-04-30,1011,Active,Auvergne-Rhône-Alpes
POL001943,CLT02425,Santé,Complet,2022-10-31,1618,Active,Grand Est
POL001944,CLT00248,Habitation,Basique,2021-10-29,1191,Active,Normandie
POL001945,CLT04747,Santé,Complet,2022-01-12,1124,Active,Grand Est
POL001946,CLT03826,Habitation,Basique,2023-05-09,1455,Active,Hauts-de-France
POL001947,CLT03466,Santé,Équilibré,2024-05-13,915,Résiliée,Occitanie
POL001948,CLT03153,Santé,Essentiel,2023-08-26,780,Active,Occitanie
POL001949,CLT01085,Auto,RC seule,2021-10-01,974,Résiliée,Nouvelle-Aquitaine
POL001950,CLT01967,Habitation,Confort,2021-12-25,2313,Suspendue,Auvergne-Rhône-Alpes
POL001951,CLT03452,Auto,Tous risques,2022-06-26,2448,Active,Nouvelle-Aquitaine
POL001952,CLT01789,Auto,Tiers étendu,2022-01-12,1232,Active,Provence-Alpes-Côte d'Azur
POL001953,CLT02737,Santé,Équilibré,2023-09-20,945,Résiliée,Auvergne-Rhône-Alpes
POL001954,CLT00666,Auto,Tiers étendu,2022-08-28,1506,Résiliée,Auvergne-Rhône-Alpes
POL001955,CLT01169,Auto,Tiers étendu,2023-02-05,1352,Active,Occitanie
POL001956,CLT04888,Auto,RC seule,2021-11-16,862,Résiliée,Auvergne-Rhône-Alpes
POL001957,CLT03757,Auto,RC seule,2024-02-04,777,Résiliée,Nouvelle-Aquitaine
POL001958,CLT04669,Habitation,Premium,2021-05-01,2914,Active,Normandie
POL001959,CLT03087,Habitation,Confort,2021-09-28,1897,Résiliée,Hauts-de-France
POL001960,CLT02406,Auto,RC seule,2022-09-24,824,Active,Grand Est
POL001961,CLT02908,Auto,Tous risques,2022-06-08,2913,Active,Nouvelle-Aquitaine
POL001962,CLT00649,Habitation,Premium,2023-01-23,3132,Active,Auvergne-Rhône-Alpes
POL001963,CLT02281,Habitation,Premium,2023-03-31,2480,Résiliée,Île-de-France
POL001964,CLT02229,Santé,Complet,2024-01-25,1125,Active,Bretagne
POL001965,CLT02886,Santé,Équilibré,2023-10-18,1018,Active,Normandie
POL001966,CLT03027,Auto,Tiers étendu,2023-04-22,1351,Active,Hauts-de-France
POL001967,CLT01619,Santé,Essentiel,2021-03-20,743,Active,Grand Est
POL001968,CLT03798,Habitation,Confort,2023-12-20,1821,Active,Auvergne-Rhône-Alpes
POL001969,CLT04795,Auto,RC seule,2022-09-28,759,Active,Centre-Val de Loire
POL001970,CLT03970,Santé,Complet,2021-12-23,2035,Active,Auvergne-Rhône-Alpes
POL001971,CLT00414,Santé,Essentiel,2023-12-11,689,Active,Île-de-France
POL001972,CLT01359,Santé,Équilibré,2021-09-21,1020,Active,Occitanie
POL001973,CLT03416,Auto,Tous risques,2024-03-11,2339,Active,Normandie
POL001974,CLT01450,Auto,RC seule,2024-06-03,988,Suspendue,Auvergne-Rhône-Alpes
POL001975,CLT04922,Habitation,Basique,2024-05-20,1100,Active,Centre-Val de Loire
POL001976,CLT04491,Auto,RC seule,2024-02-07,953,Active,Normandie
POL001977,CLT03276,Habitation,Confort,2023-10-12,1730,Active,Auvergne-Rhône-Alpes
POL001978,CLT01535,Auto,Tous risques,2021-01-26,2575,Active,Centre-Val de Loire
POL001979,CLT02024,Auto,RC seule,2023-12-08,877,Résiliée,Île-de-France
POL001980,CLT02061,Santé,Complet,2021-07-15,1373,Active,Occitanie
POL001981,CLT04941,Habitation,Basique,2024-05-12,1457,Active,Occitanie
POL001982,CLT01033,Auto,RC seule,2021-05-17,1050,Active,Normandie
POL001983,CLT00407,Habitation,Confort,2023-08-14,996,Résiliée,Hauts-de-France
POL001984,CLT01203,Santé,Équilibré,2021-05-18,1178,Résiliée,Occitanie
POL001985,CLT02499,Habitation,Confort,2021-03-11,1823,Résiliée,Île-de-France
POL001986,CLT04621,Auto,RC seule,2021-02-04,821,Active,Bretagne
POL001987,CLT04710,Habitation,Basique,2024-01-19,1156,Active,Nouvelle-Aquitaine
POL001988,CLT00272,Habitation,Confort,2022-11-02,1632,Résiliée,Île-de-France
POL001989,CLT03144,Auto,Tiers étendu,2021-10-05,1356,Active,Occitanie
POL001990,CLT00094,Auto,Tous risques,2021-11-06,1835,Active,Île-de-France
POL001991,CLT01497,Auto,Tous risques,2021-03-05,1765,Active,Hauts-de-France
POL001992,CLT03969,Santé,Équilibré,2021-07-29,881,Active,Grand Est
POL001993,CLT02139,Habitation,Confort,2021-09-14,1929,Résiliée,Provence-Alpes-Côte d'Azur
POL001994,CLT04657,Santé,Complet,2024-01-22,1517,Résiliée,Hauts-de-France
POL001995,CLT00279,Habitation,Premium,2023-04-04,3105,Active,Normandie
POL001996,CLT00036,Auto,Tiers étendu,2022-05-19,1437,Active,Occitanie
POL001997,CLT00023,Auto,Tiers étendu,2021-07-25,1158,Résiliée,Hauts-de-France
POL001998,CLT03528,Habitation,Premium,2021-11-10,3254,Active,Bretagne
POL001999,CLT02379,Santé,Essentiel,2022-05-23,507,Active,Nouvelle-Aquitaine
POL002000,CLT02518,Habitation,Basique,2021-12-01,1317,Active,Provence-Alpes-Côte d'Azur
POL002001,CLT00595,Habitation,Confort,2024-06-21,1570,Active,Hauts-de-France
POL002002,CLT03316,Auto,RC seule,2023-10-01,851,Active,Centre-Val de Loire
POL002003,CLT01390,Auto,Tous risques,2022-12-18,2079,Active,Grand Est
POL002004,CLT03433,Auto,Tiers étendu,2022-01-03,1597,Suspendue,Auvergne-Rhône-Alpes
POL002005,CLT01202,Habitation,Premium,2024-04-10,2961,Active,Nouvelle-Aquitaine
POL002006,CLT00582,Habitation,Confort,2022-02-01,1810,Active,Bretagne
POL002007,CLT00331,Auto,Tiers étendu,2022-08-25,1788,Résiliée,Grand Est
POL002008,CLT02544,Auto,Tiers étendu,2024-02-01,1035,Active,Normandie
POL002009,CLT02220,Habitation,Basique,2023-12-31,1083,Active,Grand Est
POL002010,CLT01055,Habitation,Basique,2021-05-15,1083,Résiliée,Centre-Val de Loire
POL002011,CLT00043,Habitation,Confort,2022-10-21,1413,Active,Centre-Val de Loire
POL002012,CLT04984,Auto,Tiers étendu,2021-03-11,1369,Suspendue,Auvergne-Rhône-Alpes
POL002013,CLT04566,Santé,Complet,2021-07-03,1831,Active,Île-de-France
POL002014,CLT01958,Santé,Essentiel,2024-01-08,543,Active,Île-de-France
POL002015,CLT00643,Auto,RC seule,2022-06-08,877,Active,Provence-Alpes-Côte d'Azur
POL002016,CLT00602,Habitation,Basique,2021-01-03,949,Active,Bretagne
POL002017,CLT04462,Habitation,Confort,2021-07-15,1640,Active,Grand Est
POL002018,CLT03702,Auto,Tiers étendu,2024-06-22,1326,Active,Auvergne-Rhône-Alpes
POL002019,CLT02997,Auto,Tiers étendu,2023-03-27,1635,Active,Provence-Alpes-Côte d'Azur
POL002020,CLT04030,Santé,Essentiel,2022-08-07,434,Active,Nouvelle-Aquitaine
POL002021,CLT02014,Santé,Complet,2022-09-30,1476,Active,Centre-Val de Loire
POL002022,CLT02554,Auto,RC seule,2021-02-07,1050,Suspendue,Grand Est
POL002023,CLT02037,Habitation,Premium,2024-01-24,2762,Active,Centre-Val de Loire
POL002024,CLT00668,Santé,Essentiel,2022-03-05,414,Active,Bretagne
POL002025,CLT03225,Habitation,Premium,2021-03-23,3656,Active,Bretagne
POL002026,CLT03046,Santé,Équilibré,2023-03-29,1174,Active,Occitanie
POL002027,CLT02284,Habitation,Confort,2021-02-13,2156,Active,Nouvelle-Aquitaine
POL002028,CLT04376,Habitation,Basique,2022-10-21,1018,Active,Hauts-de-France
POL002029,CLT02769,Auto,Tous risques,2022-08-02,2737,Active,Bretagne
POL002030,CLT04918,Auto,RC seule,2022-04-30,809,Active,Nouvelle-Aquitaine
POL002031,CLT03421,Auto,RC seule,2022-01-24,863,Active,Centre-Val de Loire
POL002032,CLT03838,Auto,Tous risques,2023-10-28,1984,Résiliée,Auvergne-Rhône-Alpes
POL002033,CLT00438,Habitation,Premium,2023-09-26,3240,Active,Occitanie
POL002034,CLT04958,Habitation,Premium,2021-03-29,2888,Active,Hauts-de-France
POL002035,CLT00337,Santé,Équilibré,2024-05-12,1082,Active,Bretagne
POL002036,CLT00760,Habitation,Confort,2022-08-01,1910,Résiliée,Auvergne-Rhône-Alpes
POL002037,CLT00647,Auto,Tiers étendu,2021-10-25,1455,Résiliée,Nouvelle-Aquitaine
POL002038,CLT03102,Auto,RC seule,2022-07-19,804,Active,Centre-Val de Loire
POL002039,CLT04595,Auto,RC seule,2023-03-29,1120,Active,Normandie
POL002040,CLT00978,Auto,Tiers étendu,2021-03-08,1128,Active,Auvergne-Rhône-Alpes
POL002041,CLT03726,Habitation,Confort,2021-11-22,1908,Active,Auvergne-Rhône-Alpes
POL002042,CLT02569,Auto,Tous risques,2021-01-15,2373,Active,Auvergne-Rhône-Alpes
POL002043,CLT02234,Auto,RC seule,2023-09-11,1046,Active,Île-de-France
POL002044,CLT00465,Santé,Équilibré,2021-10-09,1266,Résiliée,Île-de-France
POL002045,CLT01612,Auto,Tous risques,2022-08-16,2301,Active,Centre-Val de Loire
POL002046,CLT00602,Santé,Équilibré,2022-05-15,1067,Active,Bretagne
POL002047,CLT03451,Santé,Équilibré,2023-03-05,1258,Suspendue,Bretagne
POL002048,CLT01084,Santé,Essentiel,2022-11-01,621,Active,Nouvelle-Aquitaine
POL002049,CLT04721,Auto,RC seule,2022-04-21,833,Suspendue,Occitanie
POL002050,CLT01130,Habitation,Basique,2023-12-31,1187,Active,Auvergne-Rhône-Alpes
POL002051,CLT01063,Auto,Tous risques,2023-07-08,1792,Active,Nouvelle-Aquitaine
POL002052,CLT03181,Habitation,Basique,2021-04-17,1289,Active,Auvergne-Rhône-Alpes
POL002053,CLT00341,Auto,RC seule,2021-01-18,1094,Active,Grand Est
POL002054,CLT01059,Habitation,Premium,2021-06-29,2933,Active,Hauts-de-France
POL002055,CLT03514,Auto,RC seule,2024-01-22,707,Active,Île-de-France
POL002056,CLT00090,Santé,Équilibré,2024-04-28,1166,Active,Bretagne
POL002057,CLT01351,Auto,Tiers étendu,2021-03-01,1118,Active,Normandie
POL002058,CLT01109,Auto,RC seule,2021-11-20,773,Active,Occitanie
POL002059,CLT03769,Habitation,Confort,2024-05-08,1804,Active,Normandie
POL002060,CLT00919,Habitation,Premium,2023-03-15,3130,Active,Provence-Alpes-Côte d'Azur
POL002061,CLT04370,Auto,RC seule,2023-08-08,988,Active,Normandie
POL002062,CLT04039,Santé,Équilibré,2022-06-12,1026,Résiliée,Grand Est
POL002063,CLT04838,Santé,Essentiel,2022-08-09,778,Active,Centre-Val de Loire
POL002064,CLT04956,Auto,RC seule,2022-11-06,941,Active,Auvergne-Rhône-Alpes
POL002065,CLT00742,Auto,RC seule,2024-02-24,1113,Active,Provence-Alpes-Côte d'Azur
POL002066,CLT04490,Habitation,Basique,2022-12-19,1354,Active,Occitanie
POL002067,CLT02322,Santé,Complet,2022-11-08,1180,Active,Normandie
POL002068,CLT03328,Auto,RC seule,2023-01-30,961,Active,Île-de-France
POL002069,CLT04042,Habitation,Basique,2023-04-15,1616,Active,Bretagne
POL002070,CLT01923,Santé,Équilibré,2023-05-11,940,Résiliée,Provence-Alpes-Côte d'Azur
POL002071,CLT02537,Habitation,Basique,2021-01-22,1236,Active,Normandie
POL002072,CLT01264,Habitation,Premium,2023-04-12,2960,Active,Nouvelle-Aquitaine
POL002073,CLT01612,Auto,Tous risques,2023-01-20,2177,Active,Centre-Val de Loire
POL002074,CLT00223,Auto,Tous risques,2021-01-09,2070,Active,Île-de-France
POL002075,CLT01888,Habitation,Confort,2021-07-04,1691,Active,Île-de-France
POL002076,CLT00770,Auto,RC seule,2023-12-15,1076,Active,Nouvelle-Aquitaine
POL002077,CLT00507,Auto,RC seule,2022-09-11,912,Active,Bretagne
POL002078,CLT02010,Habitation,Basique,2024-03-07,1076,Active,Normandie
POL002079,CLT03076,Santé,Équilibré,2023-01-19,776,Active,Provence-Alpes-Côte d'Azur
POL002080,CLT02621,Habitation,Premium,2023-08-16,4079,Active,Bretagne
POL002081,CLT02616,Habitation,Basique,2021-06-13,1223,Active,Nouvelle-Aquitaine
POL002082,CLT04299,Habitation,Confort,2023-06-10,1944,Suspendue,Occitanie
POL002083,CLT02461,Santé,Équilibré,2022-03-16,894,Active,Centre-Val de Loire
POL002084,CLT03182,Santé,Équilibré,2022-02-03,1112,Résiliée,Grand Est
POL002085,CLT04975,Habitation,Confort,2024-02-20,2177,Active,Grand Est
POL002086,CLT04481,Santé,Essentiel,2023-08-18,536,Active,Occitanie
POL002087,CLT01522,Santé,Complet,2023-09-07,1626,Résiliée,Grand Est
POL002088,CLT00727,Habitation,Basique,2021-01-13,992,Résiliée,Provence-Alpes-Côte d'Azur
POL002089,CLT00822,Habitation,Basique,2024-05-20,1537,Active,Bretagne
POL002090,CLT04005,Auto,RC seule,2021-10-22,1076,Active,Occitanie
POL002091,CLT04946,Habitation,Basique,2021-09-30,1189,Active,Nouvelle-Aquitaine
POL002092,CLT03317,Auto,RC seule,2024-02-23,929,Résiliée,Bretagne
POL002093,CLT02640,Auto,RC seule,2023-03-20,841,Résiliée,Hauts-de-France
POL002094,CLT03770,Auto,Tous risques,2022-01-18,2090,Active,Grand Est
POL002095,CLT03599,Habitation,Basique,2021-11-23,902,Active,Provence-Alpes-Côte d'Azur
POL002096,CLT04383,Santé,Équilibré,2021-04-06,1020,Active,Hauts-de-France
POL002097,CLT01494,Auto,RC seule,2021-01-01,965,Active,Auvergne-Rhône-Alpes
POL002098,CLT01548,Auto,Tous risques,2023-11-24,2510,Active,Grand Est
POL002099,CLT01133,Auto,RC seule,2021-05-25,883,Active,Auvergne-Rhône-Alpes
POL002100,CLT04304,Auto,Tiers étendu,2023-09-17,1335,Active,Nouvelle-Aquitaine
POL002101,CLT02631,Santé,Essentiel,2022-07-05,658,Active,Auvergne-Rhône-Alpes
POL002102,CLT01040,Santé,Essentiel,2023-06-26,459,Active,Occitanie
POL002103,CLT04657,Habitation,Confort,2022-02-18,1841,Active,Hauts-de-France
POL002104,CLT01812,Auto,RC seule,2023-03-17,684,Active,Provence-Alpes-Côte d'Azur
POL002105,CLT02015,Auto,RC seule,2023-06-05,1101,Suspendue,Île-de-France
POL002106,CLT01234,Santé,Équilibré,2023-08-16,1146,Active,Bretagne
POL002107,CLT01670,Santé,Équilibré,2023-11-03,865,Active,Auvergne-Rhône-Alpes
POL002108,CLT00277,Santé,Équilibré,2022-09-04,1171,Active,Hauts-de-France
POL002109,CLT00232,Santé,Équilibré,2022-03-01,1017,Active,Bretagne
POL002110,CLT00429,Auto,Tous risques,2022-11-18,1941,Active,Centre-Val de Loire
POL002111,CLT01389,Habitation,Premium,2021-10-05,2138,Active,Normandie
POL002112,CLT00695,Habitation,Basique,2023-08-27,1251,Active,Centre-Val de Loire
POL002113,CLT02438,Habitation,Basique,2023-10-13,1109,Active,Auvergne-Rhône-Alpes
POL002114,CLT03559,Habitation,Premium,2023-11-03,3330,Active,Provence-Alpes-Côte d'Azur
POL002115,CLT03715,Auto,RC seule,2021-01-05,945,Résiliée,Centre-Val de Loire
POL002116,CLT03521,Santé,Essentiel,2021-03-23,571,Active,Provence-Alpes-Côte d'Azur
POL002117,CLT03317,Auto,Tiers étendu,2023-01-01,1891,Active,Bretagne
POL002118,CLT03306,Santé,Complet,2023-04-24,1693,Active,Île-de-France
POL002119,CLT02317,Habitation,Basique,2024-05-03,717,Active,Auvergne-Rhône-Alpes
POL002120,CLT04803,Auto,Tiers étendu,2022-03-22,1332,Suspendue,Hauts-de-France
POL002121,CLT04676,Habitation,Confort,2024-01-15,1500,Active,Centre-Val de Loire
POL002122,CLT04901,Habitation,Basique,2023-11-03,1194,Active,Hauts-de-France
POL002123,CLT04828,Habitation,Premium,2022-10-05,2865,Active,Occitanie
POL002124,CLT02311,Habitation,Premium,2022-03-02,3076,Active,Normandie
POL002125,CLT03416,Habitation,Confort,2022-03-20,1932,Active,Normandie
POL002126,CLT01823,Santé,Essentiel,2023-02-20,734,Active,Provence-Alpes-Côte d'Azur
POL002127,CLT00827,Auto,Tiers étendu,2023-12-29,1579,Résiliée,Bretagne
POL002128,CLT00612,Habitation,Premium,2022-11-06,3038,Active,Provence-Alpes-Côte d'Azur
POL002129,CLT04608,Santé,Essentiel,2021-02-03,643,Active,Normandie
POL002130,CLT00600,Auto,Tiers étendu,2021-12-01,1696,Active,Nouvelle-Aquitaine
POL002131,CLT01582,Santé,Complet,2022-09-15,1602,Résiliée,Provence-Alpes-Côte d'Azur
POL002132,CLT02460,Auto,Tous risques,2021-11-27,2258,Active,Normandie
POL002133,CLT03778,Habitation,Confort,2021-05-12,1327,Résiliée,Normandie
POL002134,CLT04106,Habitation,Premium,2021-09-21,3232,Active,Provence-Alpes-Côte d'Azur
POL002135,CLT04308,Habitation,Confort,2021-04-29,1842,Active,Normandie
POL002136,CLT04479,Santé,Essentiel,2023-03-06,935,Active,Hauts-de-France
POL002137,CLT03150,Habitation,Premium,2022-02-14,2784,Active,Occitanie
POL002138,CLT02093,Habitation,Basique,2022-09-19,1341,Active,Nouvelle-Aquitaine
POL002139,CLT04711,Habitation,Premium,2022-07-10,3443,Active,Centre-Val de Loire
POL002140,CLT02659,Habitation,Confort,2024-06-30,1554,Active,Provence-Alpes-Côte d'Azur
POL002141,CLT03169,Auto,Tiers étendu,2022-05-10,1476,Suspendue,Auvergne-Rhône-Alpes
POL002142,CLT03644,Auto,RC seule,2021-09-02,929,Active,Provence-Alpes-Côte d'Azur
POL002143,CLT04449,Auto,Tous risques,2023-05-05,2100,Active,Occitanie
POL002144,CLT03284,Auto,RC seule,2022-10-23,1126,Active,Île-de-France
POL002145,CLT02611,Habitation,Confort,2023-04-13,1607,Résiliée,Nouvelle-Aquitaine
POL002146,CLT02708,Habitation,Premium,2023-03-28,2918,Active,Auvergne-Rhône-Alpes
POL002147,CLT02937,Santé,Essentiel,2021-12-19,778,Active,Île-de-France
POL002148,CLT03531,Auto,RC seule,2023-03-03,855,Active,Bretagne
POL002149,CLT02766,Habitation,Premium,2023-12-24,2903,Résiliée,Normandie
POL002150,CLT02386,Habitation,Basique,2023-04-30,1648,Active,Normandie
POL002151,CLT02092,Auto,RC seule,2022-06-10,967,Résiliée,Nouvelle-Aquitaine
POL002152,CLT02131,Auto,Tiers étendu,2024-06-06,1322,Active,Occitanie
POL002153,CLT02426,Auto,Tous risques,2022-02-18,2559,Active,Bretagne
POL002154,CLT03331,Santé,Complet,2021-02-04,1428,Active,Grand Est
POL002155,CLT01912,Santé,Complet,2021-03-27,1200,Active,Centre-Val de Loire
POL002156,CLT03708,Auto,RC seule,2022-02-02,1102,Active,Île-de-France
POL002157,CLT02444,Santé,Essentiel,2022-03-11,527,Active,Normandie
POL002158,CLT03369,Auto,RC seule,2022-11-13,1230,Active,Provence-Alpes-Côte d'Azur
POL002159,CLT04429,Habitation,Confort,2021-03-04,1765,Suspendue,Normandie
POL002160,CLT02278,Habitation,Basique,2024-03-30,1539,Active,Auvergne-Rhône-Alpes
POL002161,CLT03550,Habitation,Premium,2023-09-02,2281,Active,Hauts-de-France
POL002162,CLT04718,Santé,Essentiel,2022-07-13,742,Active,Île-de-France
POL002163,CLT01253,Habitation,Basique,2023-01-13,1290,Active,Provence-Alpes-Côte d'Azur
POL002164,CLT02215,Habitation,Basique,2021-03-28,1382,Active,Centre-Val de Loire
POL002165,CLT02900,Habitation,Basique,2023-10-05,1407,Active,Provence-Alpes-Côte d'Azur
POL002166,CLT04174,Santé,Essentiel,2022-10-22,570,Active,Hauts-de-France
POL002167,CLT01825,Habitation,Confort,2022-11-21,1599,Active,Hauts-de-France
POL002168,CLT04494,Auto,Tiers étendu,2023-06-05,1402,Active,Auvergne-Rhône-Alpes
POL002169,CLT02056,Auto,Tiers étendu,2021-04-01,1594,Résiliée,Centre-Val de Loire
POL002170,CLT00738,Auto,Tiers étendu,2021-10-14,1342,Active,Grand Est
POL002171,CLT02297,Habitation,Premium,2023-08-18,2931,Active,Grand Est
POL002172,CLT02558,Auto,RC seule,2024-02-29,988,Active,Hauts-de-France
POL002173,CLT03767,Habitation,Confort,2023-08-01,1577,Active,Île-de-France
POL002174,CLT02993,Santé,Essentiel,2022-09-25,641,Active,Nouvelle-Aquitaine
POL002175,CLT03485,Habitation,Premium,2023-12-07,2701,Active,Nouvelle-Aquitaine
POL002176,CLT01651,Auto,Tiers étendu,2021-09-22,1275,Résiliée,Grand Est
POL002177,CLT02622,Habitation,Confort,2023-03-23,2068,Active,Centre-Val de Loire
POL002178,CLT02265,Auto,Tiers étendu,2022-05-17,1269,Active,Occitanie
POL002179,CLT01801,Auto,Tous risques,2021-03-05,2190,Active,Nouvelle-Aquitaine
POL002180,CLT02954,Habitation,Basique,2024-06-29,1260,Active,Hauts-de-France
POL002181,CLT01358,Habitation,Premium,2022-08-23,3594,Résiliée,Île-de-France
POL002182,CLT01719,Auto,Tous risques,2022-01-30,2376,Active,Nouvelle-Aquitaine
POL002183,CLT03146,Auto,Tous risques,2022-03-14,2534,Active,Centre-Val de Loire
POL002184,CLT00709,Auto,Tous risques,2023-12-21,2149,Résiliée,Occitanie
POL002185,CLT00740,Habitation,Confort,2022-08-27,1789,Active,Occitanie
POL002186,CLT03126,Santé,Complet,2024-02-28,1542,Active,Centre-Val de Loire
POL002187,CLT04496,Habitation,Basique,2023-05-11,1352,Résiliée,Île-de-France
POL002188,CLT01930,Auto,Tiers étendu,2022-03-27,1427,Active,Île-de-France
POL002189,CLT00976,Habitation,Confort,2024-04-01,2281,Active,Île-de-France
POL002190,CLT01242,Santé,Essentiel,2024-03-19,618,Active,Occitanie
POL002191,CLT03510,Auto,RC seule,2024-01-16,736,Active,Nouvelle-Aquitaine
POL002192,CLT03671,Auto,Tous risques,2022-07-29,3299,Résiliée,Centre-Val de Loire
POL002193,CLT03659,Habitation,Confort,2021-05-25,1813,Active,Bretagne
POL002194,CLT03647,Auto,RC seule,2022-02-19,1121,Active,Hauts-de-France
POL002195,CLT00635,Santé,Complet,2024-01-21,1862,Active,Provence-Alpes-Côte d'Azur
POL002196,CLT00326,Santé,Équilibré,2023-08-06,1134,Active,Île-de-France
POL002197,CLT02890,Habitation,Basique,2024-05-18,1192,Active,Provence-Alpes-Côte d'Azur
POL002198,CLT04760,Auto,Tiers étendu,2024-05-31,1546,Active,Occitanie
POL002199,CLT03200,Auto,Tous risques,2022-03-07,1797,Active,Auvergne-Rhône-Alpes
POL002200,CLT04510,Habitation,Confort,2023-12-12,2417,Active,Normandie
POL002201,CLT01275,Santé,Équilibré,2023-03-28,854,Active,Hauts-de-France
POL002202,CLT01949,Habitation,Confort,2022-01-05,1860,Active,Centre-Val de Loire
POL002203,CLT04937,Auto,Tous risques,2021-06-30,2354,Active,Occitanie
POL002204,CLT04480,Auto,Tous risques,2024-01-11,2367,Active,Auvergne-Rhône-Alpes
POL002205,CLT03171,Santé,Complet,2021-07-21,1369,Active,Grand Est
POL002206,CLT01097,Santé,Essentiel,2023-09-28,785,Active,Bretagne
POL002207,CLT03292,Auto,Tous risques,2024-05-05,2662,Active,Bretagne
POL002208,CLT00971,Auto,Tiers étendu,2022-03-26,1527,Active,Normandie
POL002209,CLT01203,Habitation,Basique,2024-02-08,1164,Active,Occitanie
POL002210,CLT01893,Auto,Tous risques,2023-11-14,2590,Active,Provence-Alpes-Côte d'Azur
POL002211,CLT03578,Habitation,Confort,2023-07-20,1688,Résiliée,Centre-Val de Loire
POL002212,CLT01988,Habitation,Basique,2023-10-03,1532,Active,Île-de-France
POL002213,CLT04187,Habitation,Premium,2022-04-07,2927,Suspendue,Bretagne
POL002214,CLT01565,Auto,Tiers étendu,2021-01-28,1650,Résiliée,Centre-Val de Loire
POL002215,CLT03623,Auto,RC seule,2021-12-16,900,Résiliée,Occitanie
POL002216,CLT01787,Auto,RC seule,2021-03-29,968,Active,Île-de-France
POL002217,CLT02608,Auto,Tous risques,2023-01-03,2662,Active,Hauts-de-France
POL002218,CLT00767,Habitation,Confort,2022-04-01,2560,Active,Île-de-France
POL002219,CLT02296,Auto,RC seule,2023-11-09,1090,Active,Bretagne
POL002220,CLT00858,Santé,Essentiel,2022-09-24,689,Résiliée,Hauts-de-France
POL002221,CLT00422,Habitation,Confort,2021-11-09,2027,Résiliée,Île-de-France
POL002222,CLT02644,Santé,Essentiel,2024-01-03,552,Suspendue,Grand Est
POL002223,CLT00933,Auto,Tous risques,2023-12-30,2339,Active,Auvergne-Rhône-Alpes
POL002224,CLT00307,Habitation,Confort,2023-07-12,1576,Active,Provence-Alpes-Côte d'Azur
POL002225,CLT04406,Auto,Tous risques,2022-04-21,2482,Active,Île-de-France
POL002226,CLT02479,Santé,Équilibré,2023-01-02,1086,Active,Île-de-France
POL002227,CLT02392,Auto,Tous risques,2024-03-22,1564,Résiliée,Hauts-de-France
POL002228,CLT00203,Santé,Complet,2023-05-17,1514,Active,Centre-Val de Loire
POL002229,CLT03501,Santé,Complet,2021-05-16,1652,Active,Bretagne
POL002230,CLT01104,Habitation,Confort,2023-10-19,1991,Active,Nouvelle-Aquitaine
POL002231,CLT01707,Santé,Essentiel,2023-10-18,637,Active,Auvergne-Rhône-Alpes
POL002232,CLT01313,Habitation,Confort,2021-10-29,1502,Active,Bretagne
POL002233,CLT01914,Auto,RC seule,2024-02-20,845,Active,Normandie
POL002234,CLT01708,Habitation,Basique,2021-07-01,1479,Active,Grand Est
POL002235,CLT03018,Santé,Équilibré,2021-12-02,992,Suspendue,Centre-Val de Loire
POL002236,CLT01858,Auto,RC seule,2023-02-09,943,Résiliée,Nouvelle-Aquitaine
POL002237,CLT03055,Auto,RC seule,2022-06-05,902,Active,Grand Est
POL002238,CLT04777,Auto,RC seule,2023-08-14,949,Résiliée,Normandie
POL002239,CLT02457,Auto,RC seule,2023-08-23,674,Active,Grand Est
POL002240,CLT03185,Auto,RC seule,2024-03-18,1011,Active,Normandie
POL002241,CLT02322,Habitation,Premium,2023-09-25,3533,Active,Normandie
POL002242,CLT04996,Auto,RC seule,2021-01-07,868,Active,Île-de-France
POL002243,CLT01324,Santé,Essentiel,2021-07-12,507,Active,Auvergne-Rhône-Alpes
POL002244,CLT04521,Auto,Tous risques,2022-08-11,2418,Résiliée,Hauts-de-France
POL002245,CLT00811,Auto,Tous risques,2022-07-15,2984,Active,Grand Est
POL002246,CLT03168,Habitation,Basique,2024-04-24,1216,Active,Centre-Val de Loire
POL002247,CLT04608,Auto,Tiers étendu,2023-07-11,1197,Active,Normandie
POL002248,CLT01053,Habitation,Confort,2021-09-14,1753,Active,Centre-Val de Loire
POL002249,CLT02365,Habitation,Premium,2022-02-17,2499,Active,Normandie
POL002250,CLT00235,Santé,Équilibré,2022-12-14,908,Suspendue,Hauts-de-France
POL002251,CLT00243,Habitation,Confort,2023-02-27,1849,Active,Hauts-de-France
POL002252,CLT01534,Auto,Tous risques,2023-05-02,1916,Active,Provence-Alpes-Côte d'Azur
POL002253,CLT03766,Auto,Tiers étendu,2023-05-01,1285,Active,Nouvelle-Aquitaine
POL002254,CLT00639,Auto,Tous risques,2023-03-19,2483,Résiliée,Bretagne
POL002255,CLT02277,Auto,Tous risques,2021-03-07,2282,Active,Centre-Val de Loire
POL002256,CLT01049,Auto,Tiers étendu,2022-03-27,1170,Active,Occitanie
POL002257,CLT04821,Habitation,Basique,2022-03-04,1347,Active,Auvergne-Rhône-Alpes
POL002258,CLT03469,Habitation,Premium,2023-09-27,2845,Active,Nouvelle-Aquitaine
POL002259,CLT00133,Auto,Tous risques,2024-06-12,2591,Active,Île-de-France
POL002260,CLT01227,Habitation,Basique,2023-04-07,1434,Active,Hauts-de-France
POL002261,CLT02407,Auto,RC seule,2022-05-18,923,Active,Normandie
POL002262,CLT02871,Auto,RC seule,2023-03-21,989,Résiliée,Auvergne-Rhône-Alpes
POL002263,CLT03558,Santé,Essentiel,2023-02-11,517,Résiliée,Île-de-France
POL002264,CLT00902,Habitation,Basique,2021-09-20,1526,Active,Normandie
POL002265,CLT00545,Habitation,Premium,2023-01-01,2487,Active,Centre-Val de Loire
POL002266,CLT03125,Santé,Équilibré,2022-12-31,1074,Active,Île-de-France
POL002267,CLT01294,Habitation,Confort,2023-06-18,1812,Active,Hauts-de-France
POL002268,CLT02153,Santé,Essentiel,2021-04-03,543,Active,Hauts-de-France
POL002269,CLT04486,Auto,Tous risques,2022-11-17,2728,Active,Hauts-de-France
POL002270,CLT01707,Santé,Complet,2022-07-10,1350,Active,Auvergne-Rhône-Alpes
POL002271,CLT02096,Santé,Essentiel,2021-10-16,431,Active,Auvergne-Rhône-Alpes
POL002272,CLT04391,Auto,RC seule,2023-08-19,608,Active,Centre-Val de Loire
POL002273,CLT01913,Auto,Tous risques,2022-07-20,1981,Active,Nouvelle-Aquitaine
POL002274,CLT00686,Auto,Tiers étendu,2024-04-03,1738,Résiliée,Auvergne-Rhône-Alpes
POL002275,CLT01220,Auto,RC seule,2024-04-19,1110,Active,Grand Est
POL002276,CLT04236,Habitation,Premium,2022-03-14,2542,Active,Bretagne
POL002277,CLT00067,Auto,Tiers étendu,2022-08-08,1379,Active,Auvergne-Rhône-Alpes
POL002278,CLT04060,Habitation,Confort,2023-11-19,1696,Active,Centre-Val de Loire
POL002279,CLT04329,Santé,Équilibré,2021-05-03,801,Active,Auvergne-Rhône-Alpes
POL002280,CLT04391,Habitation,Basique,2022-10-02,1161,Active,Centre-Val de Loire
POL002281,CLT00691,Auto,Tous risques,2022-05-28,2804,Active,Normandie
POL002282,CLT03944,Habitation,Basique,2021-08-01,1358,Résiliée,Île-de-France
POL002283,CLT00122,Habitation,Confort,2024-01-29,1919,Active,Hauts-de-France
POL002284,CLT00372,Habitation,Confort,2023-12-11,1470,Active,Nouvelle-Aquitaine
POL002285,CLT02468,Auto,Tous risques,2021-04-19,2286,Active,Grand Est
POL002286,CLT04489,Habitation,Basique,2023-05-27,871,Résiliée,Bretagne
POL002287,CLT01622,Auto,Tous risques,2021-05-28,2502,Active,Centre-Val de Loire
POL002288,CLT02157,Auto,Tiers étendu,2021-01-26,1524,Active,Hauts-de-France
POL002289,CLT00433,Auto,RC seule,2023-10-26,742,Active,Occitanie
POL002290,CLT02747,Santé,Équilibré,2022-11-18,1245,Résiliée,Hauts-de-France
POL002291,CLT00155,Habitation,Premium,2021-10-10,2402,Active,Auvergne-Rhône-Alpes
POL002292,CLT00783,Auto,Tous risques,2021-02-25,2398,Active,Nouvelle-Aquitaine
POL002293,CLT03936,Auto,RC seule,2022-06-09,969,Active,Auvergne-Rhône-Alpes
POL002294,CLT04824,Habitation,Basique,2023-04-03,1042,Active,Nouvelle-Aquitaine
POL002295,CLT02047,Auto,Tiers étendu,2021-10-16,1487,Active,Provence-Alpes-Côte d'Azur
POL002296,CLT01120,Auto,RC seule,2022-10-17,750,Active,Bretagne
POL002297,CLT04810,Auto,Tiers étendu,2021-04-07,865,Active,Bretagne
POL002298,CLT01146,Habitation,Basique,2024-06-11,1078,Active,Normandie
POL002299,CLT00619,Auto,RC seule,2023-12-31,894,Active,Île-de-France
POL002300,CLT01832,Habitation,Basique,2021-12-23,1431,Active,Normandie
POL002301,CLT04236,Auto,Tous risques,2022-03-16,2249,Active,Bretagne
POL002302,CLT04897,Auto,Tous risques,2023-04-24,2294,Active,Provence-Alpes-Côte d'Azur
POL002303,CLT02731,Auto,RC seule,2023-10-23,780,Active,Normandie
POL002304,CLT02441,Habitation,Confort,2021-01-11,1798,Active,Auvergne-Rhône-Alpes
POL002305,CLT04782,Habitation,Confort,2022-07-03,1597,Active,Nouvelle-Aquitaine
POL002306,CLT00447,Habitation,Confort,2023-01-01,1542,Active,Bretagne
POL002307,CLT03718,Habitation,Confort,2022-05-12,1754,Active,Hauts-de-France
POL002308,CLT04693,Habitation,Confort,2021-12-30,1864,Active,Auvergne-Rhône-Alpes
POL002309,CLT01901,Auto,Tous risques,2021-07-08,2110,Active,Nouvelle-Aquitaine
POL002310,CLT01455,Santé,Complet,2023-04-08,1423,Active,Hauts-de-France
POL002311,CLT02724,Habitation,Basique,2023-09-27,1346,Active,Provence-Alpes-Côte d'Azur
POL002312,CLT03196,Santé,Essentiel,2022-05-20,559,Résiliée,Bretagne
POL002313,CLT04186,Auto,Tous risques,2023-05-03,1827,Active,Nouvelle-Aquitaine
POL002314,CLT02184,Habitation,Premium,2022-03-25,3034,Active,Nouvelle-Aquitaine
POL002315,CLT04765,Habitation,Basique,2023-06-24,1243,Active,Centre-Val de Loire
POL002316,CLT02219,Santé,Essentiel,2022-10-13,681,Active,Centre-Val de Loire
POL002317,CLT02770,Auto,Tiers étendu,2023-04-16,1599,Active,Occitanie
POL002318,CLT04724,Habitation,Basique,2022-05-27,1387,Active,Normandie
POL002319,CLT01660,Santé,Équilibré,2023-03-07,1040,Active,Provence-Alpes-Côte d'Azur
POL002320,CLT04853,Auto,RC seule,2023-08-31,1190,Active,Normandie
POL002321,CLT03750,Santé,Équilibré,2023-05-07,831,Résiliée,Bretagne
POL002322,CLT04482,Santé,Essentiel,2022-03-12,542,Résiliée,Centre-Val de Loire
POL002323,CLT02348,Auto,RC seule,2023-05-29,1038,Active,Hauts-de-France
POL002324,CLT04733,Auto,Tous risques,2023-03-17,2411,Active,Bretagne
POL002325,CLT01206,Auto,Tiers étendu,2022-04-30,1572,Active,Auvergne-Rhône-Alpes
POL002326,CLT04476,Habitation,Basique,2021-07-16,1346,Active,Occitanie
POL002327,CLT01840,Habitation,Confort,2021-07-27,2149,Active,Provence-Alpes-Côte d'Azur
POL002328,CLT04222,Habitation,Confort,2021-07-01,1588,Active,Île-de-France
POL002329,CLT00190,Habitation,Basique,2021-09-25,1405,Active,Grand Est
POL002330,CLT03863,Habitation,Premium,2021-01-09,3377,Résiliée,Hauts-de-France
POL002331,CLT02244,Habitation,Confort,2023-09-15,1536,Résiliée,Bretagne
POL002332,CLT00157,Habitation,Basique,2022-07-18,1310,Active,Bretagne
POL002333,CLT00966,Auto,RC seule,2022-08-08,897,Active,Provence-Alpes-Côte d'Azur
POL002334,CLT01610,Habitation,Basique,2023-06-25,1112,Active,Grand Est
POL002335,CLT02649,Habitation,Premium,2024-03-30,2216,Suspendue,Hauts-de-France
POL002336,CLT01348,Auto,Tiers étendu,2022-12-07,1217,Active,Occitanie
POL002337,CLT01681,Santé,Essentiel,2021-08-11,672,Active,Nouvelle-Aquitaine
POL002338,CLT04793,Santé,Équilibré,2022-09-08,1191,Active,Nouvelle-Aquitaine
POL002339,CLT03240,Santé,Essentiel,2021-06-13,609,Suspendue,Grand Est
POL002340,CLT00900,Auto,Tiers étendu,2023-02-24,1632,Active,Île-de-France
POL002341,CLT04647,Habitation,Confort,2023-07-14,2068,Suspendue,Auvergne-Rhône-Alpes
POL002342,CLT00210,Auto,Tous risques,2022-04-05,2260,Active,Bretagne
POL002343,CLT01808,Habitation,Basique,2023-03-09,1146,Active,Auvergne-Rhône-Alpes
POL002344,CLT02867,Habitation,Confort,2021-08-21,1953,Active,Centre-Val de Loire
POL002345,CLT02023,Habitation,Basique,2024-04-13,1302,Active,Grand Est
POL002346,CLT00667,Auto,RC seule,2022-07-11,1073,Active,Normandie
POL002347,CLT03435,Santé,Équilibré,2022-02-25,1190,Résiliée,Bretagne
POL002348,CLT02242,Habitation,Basique,2021-04-04,998,Résiliée,Grand Est
POL002349,CLT04469,Habitation,Basique,2021-05-08,1212,Résiliée,Normandie
POL002350,CLT03557,Habitation,Basique,2021-06-01,917,Suspendue,Bretagne
POL002351,CLT04460,Auto,Tiers étendu,2022-08-03,1605,Active,Auvergne-Rhône-Alpes
POL002352,CLT04836,Habitation,Basique,2021-02-21,1245,Active,Grand Est
POL002353,CLT02553,Habitation,Premium,2021-03-21,3119,Active,Grand Est
POL002354,CLT04603,Santé,Équilibré,2023-05-05,760,Résiliée,Grand Est
POL002355,CLT03312,Santé,Complet,2021-05-29,1855,Résiliée,Bretagne
POL002356,CLT04934,Auto,RC seule,2021-09-07,790,Résiliée,Provence-Alpes-Côte d'Azur
POL002357,CLT01644,Auto,Tous risques,2022-11-06,2736,Active,Normandie
POL002358,CLT02140,Santé,Complet,2022-03-06,1699,Active,Provence-Alpes-Côte d'Azur
POL002359,CLT00612,Auto,Tiers étendu,2024-03-04,1366,Suspendue,Provence-Alpes-Côte d'Azur
POL002360,CLT00788,Habitation,Premium,2024-04-26,2822,Active,Occitanie
POL002361,CLT04453,Auto,RC seule,2023-09-12,875,Active,Grand Est
POL002362,CLT00708,Habitation,Basique,2021-10-04,1398,Active,Grand Est
POL002363,CLT00801,Habitation,Basique,2021-02-03,1218,Suspendue,Hauts-de-France
POL002364,CLT02486,Santé,Équilibré,2021-01-09,844,Active,Hauts-de-France
POL002365,CLT04267,Habitation,Confort,2022-08-16,1812,Active,Auvergne-Rhône-Alpes
POL002366,CLT01086,Santé,Équilibré,2022-09-05,1049,Active,Hauts-de-France
POL002367,CLT03970,Santé,Essentiel,2024-05-29,732,Active,Auvergne-Rhône-Alpes
POL002368,CLT03573,Habitation,Confort,2023-10-03,1760,Active,Grand Est
POL002369,CLT03512,Auto,RC seule,2024-02-09,848,Active,Centre-Val de Loire
POL002370,CLT00653,Auto,Tiers étendu,2022-09-10,1498,Active,Hauts-de-France
POL002371,CLT00911,Habitation,Basique,2024-03-28,1404,Suspendue,Provence-Alpes-Côte d'Azur
POL002372,CLT01388,Auto,RC seule,2022-12-15,780,Active,Grand Est
POL002373,CLT00393,Auto,RC seule,2022-11-19,1003,Active,Île-de-France
POL002374,CLT00422,Auto,Tiers étendu,2022-01-15,1361,Active,Île-de-France
POL002375,CLT03331,Habitation,Premium,2022-11-22,2808,Active,Grand Est
POL002376,CLT02648,Auto,Tiers étendu,2022-10-01,1995,Résiliée,Centre-Val de Loire
POL002377,CLT00017,Auto,RC seule,2023-09-24,906,Active,Auvergne-Rhône-Alpes
POL002378,CLT00533,Santé,Équilibré,2024-01-17,1096,Active,Auvergne-Rhône-Alpes
POL002379,CLT02261,Habitation,Premium,2023-01-06,3207,Active,Auvergne-Rhône-Alpes
POL002380,CLT04953,Auto,Tiers étendu,2024-05-09,1196,Active,Auvergne-Rhône-Alpes
POL002381,CLT00479,Auto,RC seule,2022-11-29,697,Active,Hauts-de-France
POL002382,CLT02850,Santé,Complet,2022-03-03,1710,Active,Grand Est
POL002383,CLT04136,Auto,RC seule,2022-01-13,799,Active,Auvergne-Rhône-Alpes
POL002384,CLT00708,Habitation,Basique,2021-09-30,953,Active,Grand Est
POL002385,CLT02963,Auto,RC seule,2023-02-23,1089,Résiliée,Provence-Alpes-Côte d'Azur
POL002386,CLT03903,Auto,RC seule,2022-08-26,827,Résiliée,Bretagne
POL002387,CLT02249,Auto,RC seule,2023-02-14,865,Active,Auvergne-Rhône-Alpes
POL002388,CLT03449,Santé,Essentiel,2023-11-15,833,Active,Île-de-France
POL002389,CLT00841,Santé,Essentiel,2023-04-24,448,Active,Centre-Val de Loire
POL002390,CLT04912,Auto,RC seule,2021-07-25,751,Active,Auvergne-Rhône-Alpes
POL002391,CLT04394,Auto,Tiers étendu,2021-12-12,1401,Active,Auvergne-Rhône-Alpes
POL002392,CLT00912,Auto,Tous risques,2021-11-27,2124,Active,Centre-Val de Loire
POL002393,CLT01171,Habitation,Basique,2024-02-13,1099,Active,Île-de-France
POL002394,CLT00108,Habitation,Confort,2021-11-15,1525,Active,Auvergne-Rhône-Alpes
POL002395,CLT02933,Santé,Équilibré,2022-09-01,1235,Active,Grand Est
POL002396,CLT02236,Auto,Tiers étendu,2024-02-10,1494,Active,Hauts-de-France
POL002397,CLT04959,Santé,Essentiel,2021-07-28,712,Active,Île-de-France
POL002398,CLT02018,Auto,RC seule,2022-10-06,886,Active,Hauts-de-France
POL002399,CLT03630,Santé,Essentiel,2023-12-23,646,Active,Occitanie
POL002400,CLT00063,Habitation,Confort,2021-08-29,2051,Active,Bretagne
POL002401,CLT02945,Santé,Équilibré,2021-03-25,867,Active,Bretagne
POL002402,CLT03805,Habitation,Basique,2024-01-12,1266,Active,Bretagne
POL002403,CLT00597,Auto,RC seule,2024-06-27,1041,Active,Centre-Val de Loire
POL002404,CLT02699,Auto,RC seule,2022-11-13,1143,Résiliée,Bretagne
POL002405,CLT01035,Habitation,Confort,2021-07-15,2299,Résiliée,Nouvelle-Aquitaine
POL002406,CLT02152,Auto,Tiers étendu,2023-07-20,1420,Active,Provence-Alpes-Côte d'Azur
POL002407,CLT01056,Habitation,Basique,2023-11-11,1500,Active,Occitanie
POL002408,CLT05000,Auto,RC seule,2022-12-07,593,Active,Occitanie
POL002409,CLT04582,Habitation,Premium,2022-04-11,3522,Active,Centre-Val de Loire
POL002410,CLT04794,Habitation,Confort,2021-07-19,1730,Active,Île-de-France
POL002411,CLT03643,Auto,Tous risques,2022-05-06,2178,Résiliée,Grand Est
POL002412,CLT03298,Habitation,Basique,2022-11-11,1269,Active,Provence-Alpes-Côte d'Azur
POL002413,CLT02822,Santé,Complet,2024-04-28,1508,Active,Provence-Alpes-Côte d'Azur
POL002414,CLT00171,Habitation,Basique,2024-03-25,1298,Résiliée,Occitanie
POL002415,CLT00006,Santé,Équilibré,2023-05-31,1305,Active,Grand Est
POL002416,CLT00401,Habitation,Basique,2021-11-10,1231,Active,Provence-Alpes-Côte d'Azur
POL002417,CLT04451,Auto,RC seule,2021-04-10,771,Active,Grand Est
POL002418,CLT03444,Habitation,Basique,2022-07-14,1539,Active,Occitanie
POL002419,CLT00355,Auto,RC seule,2023-06-29,1093,Active,Provence-Alpes-Côte d'Azur
POL002420,CLT01825,Auto,Tiers étendu,2022-09-05,1937,Active,Hauts-de-France
POL002421,CLT04521,Auto,RC seule,2021-02-11,1030,Active,Hauts-de-France
POL002422,CLT01593,Habitation,Basique,2024-06-11,1061,Active,Île-de-France
POL002423,CLT03259,Auto,RC seule,2023-10-19,1014,Résiliée,Centre-Val de Loire
POL002424,CLT01478,Auto,Tous risques,2021-01-19,1861,Active,Centre-Val de Loire
POL002425,CLT01509,Auto,RC seule,2022-05-29,951,Active,Occitanie
POL002426,CLT02470,Habitation,Premium,2022-07-15,2876,Active,Auvergne-Rhône-Alpes
POL002427,CLT01033,Auto,Tiers étendu,2022-12-02,1079,Active,Normandie
POL002428,CLT03264,Habitation,Basique,2022-11-24,1113,Active,Grand Est
POL002429,CLT02309,Santé,Équilibré,2021-02-28,1344,Active,Île-de-France
POL002430,CLT04088,Habitation,Basique,2021-11-29,1284,Active,Grand Est
POL002431,CLT03023,Habitation,Basique,2022-03-13,1207,Active,Provence-Alpes-Côte d'Azur
POL002432,CLT01183,Habitation,Basique,2024-05-13,1476,Active,Occitanie
POL002433,CLT01486,Santé,Complet,2022-10-22,1405,Active,Normandie
POL002434,CLT01142,Habitation,Basique,2022-07-27,1236,Active,Hauts-de-France
POL002435,CLT01146,Habitation,Basique,2024-06-18,1398,Active,Normandie
POL002436,CLT03626,Auto,Tiers étendu,2021-11-18,1368,Active,Centre-Val de Loire
POL002437,CLT01074,Auto,RC seule,2023-08-09,866,Active,Provence-Alpes-Côte d'Azur
POL002438,CLT01449,Santé,Essentiel,2022-05-09,377,Active,Provence-Alpes-Côte d'Azur
POL002439,CLT03327,Auto,RC seule,2021-01-11,834,Active,Nouvelle-Aquitaine
POL002440,CLT01034,Santé,Complet,2022-03-18,1270,Active,Provence-Alpes-Côte d'Azur
POL002441,CLT01890,Habitation,Confort,2022-09-11,1881,Active,Hauts-de-France
POL002442,CLT02936,Auto,RC seule,2023-05-07,829,Active,Grand Est
POL002443,CLT04793,Auto,Tiers étendu,2022-05-14,1980,Active,Nouvelle-Aquitaine
POL002444,CLT01849,Habitation,Confort,2024-05-21,1662,Active,Bretagne
POL002445,CLT00477,Habitation,Basique,2024-04-06,1492,Active,Centre-Val de Loire
POL002446,CLT03525,Auto,RC seule,2022-11-29,1000,Active,Occitanie
POL002447,CLT02301,Habitation,Basique,2023-01-25,1324,Active,Provence-Alpes-Côte d'Azur
POL002448,CLT04913,Auto,Tiers étendu,2024-04-01,1623,Suspendue,Grand Est
POL002449,CLT01169,Auto,RC seule,2022-12-06,699,Active,Occitanie
POL002450,CLT01780,Auto,RC seule,2023-02-28,979,Active,Nouvelle-Aquitaine
POL002451,CLT03840,Habitation,Premium,2021-06-04,2771,Active,Occitanie
POL002452,CLT03088,Auto,Tiers étendu,2022-05-17,1276,Active,Occitanie
POL002453,CLT00969,Habitation,Premium,2022-12-24,2997,Active,Normandie
POL002454,CLT00856,Santé,Équilibré,2023-10-19,1303,Active,Bretagne
POL002455,CLT03447,Habitation,Basique,2022-12-07,856,Active,Auvergne-Rhône-Alpes
POL002456,CLT03858,Habitation,Premium,2021-05-18,2763,Active,Hauts-de-France
POL002457,CLT04715,Auto,RC seule,2022-10-20,759,Active,Centre-Val de Loire
POL002458,CLT00451,Auto,RC seule,2024-07-03,938,Active,Hauts-de-France
POL002459,CLT01082,Auto,Tiers étendu,2023-03-12,1354,Active,Nouvelle-Aquitaine
POL002460,CLT04482,Habitation,Confort,2023-03-03,1653,Active,Centre-Val de Loire
POL002461,CLT03915,Habitation,Basique,2022-05-19,1323,Active,Bretagne
POL002462,CLT01626,Habitation,Basique,2022-12-30,1449,Active,Normandie
POL002463,CLT00587,Santé,Essentiel,2023-11-25,952,Active,Auvergne-Rhône-Alpes
POL002464,CLT04200,Auto,RC seule,2023-10-17,831,Active,Bretagne
POL002465,CLT02344,Santé,Équilibré,2022-01-30,736,Active,Provence-Alpes-Côte d'Azur
POL002466,CLT00237,Santé,Essentiel,2022-11-21,679,Active,Île-de-France
POL002467,CLT02013,Habitation,Confort,2021-11-01,2328,Résiliée,Île-de-France
POL002468,CLT00600,Auto,RC seule,2022-12-07,1021,Active,Nouvelle-Aquitaine
POL002469,CLT04115,Santé,Essentiel,2022-03-04,766,Active,Hauts-de-France
POL002470,CLT03922,Habitation,Confort,2022-06-13,1748,Active,Île-de-France
POL002471,CLT04537,Auto,Tiers étendu,2023-04-26,1300,Active,Occitanie
POL002472,CLT00587,Santé,Essentiel,2022-03-07,672,Résiliée,Auvergne-Rhône-Alpes
POL002473,CLT01143,Auto,RC seule,2022-07-17,939,Active,Île-de-France
POL002474,CLT00249,Santé,Complet,2021-12-02,1882,Active,Bretagne
POL002475,CLT03219,Auto,Tiers étendu,2022-03-28,1646,Résiliée,Provence-Alpes-Côte d'Azur
POL002476,CLT03022,Auto,RC seule,2022-01-10,1075,Suspendue,Bretagne
POL002477,CLT02589,Santé,Essentiel,2022-05-25,702,Active,Provence-Alpes-Côte d'Azur
POL002478,CLT02994,Habitation,Basique,2023-03-02,1240,Active,Bretagne
POL002479,CLT03365,Auto,Tiers étendu,2022-08-25,1622,Active,Provence-Alpes-Côte d'Azur
POL002480,CLT01309,Auto,Tous risques,2024-03-29,1654,Active,Nouvelle-Aquitaine
POL002481,CLT03012,Santé,Essentiel,2023-04-14,648,Active,Grand Est
POL002482,CLT02580,Auto,Tiers étendu,2021-09-23,1482,Suspendue,Occitanie
POL002483,CLT03431,Auto,Tiers étendu,2022-11-15,1575,Résiliée,Normandie
POL002484,CLT01172,Santé,Essentiel,2023-05-14,604,Active,Île-de-France
POL002485,CLT03665,Santé,Équilibré,2022-01-03,1107,Active,Normandie
POL002486,CLT01896,Habitation,Confort,2024-06-11,1663,Active,Centre-Val de Loire
POL002487,CLT01766,Auto,Tous risques,2021-10-11,2685,Active,Provence-Alpes-Côte d'Azur
POL002488,CLT04715,Auto,Tiers étendu,2023-01-31,1512,Résiliée,Centre-Val de Loire
POL002489,CLT01525,Auto,RC seule,2023-10-08,929,Active,Hauts-de-France
POL002490,CLT00052,Auto,RC seule,2023-10-07,944,Active,Centre-Val de Loire
POL002491,CLT03799,Santé,Essentiel,2021-08-27,689,Résiliée,Provence-Alpes-Côte d'Azur
POL002492,CLT02387,Habitation,Basique,2021-02-19,1267,Active,Nouvelle-Aquitaine
POL002493,CLT04340,Auto,RC seule,2024-02-12,854,Active,Bretagne
POL002494,CLT01180,Habitation,Basique,2021-11-16,1226,Active,Centre-Val de Loire
POL002495,CLT04649,Habitation,Basique,2021-05-12,1389,Active,Centre-Val de Loire
POL002496,CLT03234,Habitation,Premium,2023-07-01,3233,Active,Normandie
POL002497,CLT01615,Auto,RC seule,2021-10-15,981,Résiliée,Grand Est
POL002498,CLT04262,Auto,RC seule,2021-05-18,913,Suspendue,Occitanie
POL002499,CLT01242,Auto,Tous risques,2021-04-11,2811,Résiliée,Occitanie
POL002500,CLT04244,Auto,Tous risques,2021-09-17,2805,Active,Centre-Val de Loire
POL002501,CLT02074,Habitation,Premium,2022-02-21,3265,Active,Bretagne
POL002502,CLT01741,Auto,Tiers étendu,2024-03-26,1377,Active,Île-de-France
POL002503,CLT04174,Auto,Tous risques,2024-01-12,1898,Active,Hauts-de-France
POL002504,CLT04086,Habitation,Confort,2022-02-28,1770,Active,Occitanie
POL002505,CLT02749,Habitation,Basique,2022-08-09,1520,Résiliée,Nouvelle-Aquitaine
POL002506,CLT04911,Auto,Tiers étendu,2023-01-29,1620,Résiliée,Auvergne-Rhône-Alpes
POL002507,CLT02294,Habitation,Premium,2021-08-21,3764,Résiliée,Bretagne
POL002508,CLT01193,Auto,RC seule,2021-07-11,888,Résiliée,Nouvelle-Aquitaine
POL002509,CLT01763,Auto,Tous risques,2021-01-02,2235,Active,Grand Est
POL002510,CLT02719,Auto,RC seule,2022-12-08,967,Active,Centre-Val de Loire
POL002511,CLT04347,Habitation,Premium,2021-05-03,2850,Active,Hauts-de-France
POL002512,CLT00400,Auto,Tiers étendu,2023-11-10,1249,Active,Normandie
POL002513,CLT00293,Auto,Tiers étendu,2021-05-06,1269,Active,Normandie
POL002514,CLT02228,Auto,RC seule,2023-02-28,1023,Résiliée,Nouvelle-Aquitaine
POL002515,CLT02785,Auto,RC seule,2022-11-08,1137,Active,Île-de-France
POL002516,CLT00845,Auto,Tiers étendu,2023-09-05,1894,Active,Île-de-France
POL002517,CLT02620,Auto,RC seule,2021-03-28,877,Active,Centre-Val de Loire
POL002518,CLT00099,Auto,Tiers étendu,2022-10-13,1484,Active,Centre-Val de Loire
POL002519,CLT03665,Auto,Tous risques,2023-07-13,2046,Active,Normandie
POL002520,CLT00296,Auto,Tous risques,2021-03-18,2670,Active,Hauts-de-France
POL002521,CLT03790,Habitation,Confort,2023-04-10,2009,Résiliée,Auvergne-Rhône-Alpes
POL002522,CLT04319,Habitation,Confort,2022-02-23,1639,Active,Bretagne
POL002523,CLT00843,Auto,RC seule,2023-11-23,847,Résiliée,Bretagne
POL002524,CLT03476,Santé,Équilibré,2023-05-16,1148,Active,Île-de-France
POL002525,CLT04660,Habitation,Premium,2023-03-01,3225,Active,Grand Est
POL002526,CLT04745,Habitation,Confort,2022-02-12,2074,Active,Normandie
POL002527,CLT00538,Habitation,Basique,2022-10-20,1155,Résiliée,Île-de-France
POL002528,CLT02727,Santé,Équilibré,2023-02-07,732,Active,Occitanie
POL002529,CLT02921,Habitation,Basique,2022-12-14,1073,Active,Grand Est
POL002530,CLT03603,Habitation,Confort,2022-05-21,2159,Active,Bretagne
POL002531,CLT01962,Santé,Équilibré,2024-04-30,1396,Active,Grand Est
POL002532,CLT04172,Auto,RC seule,2023-03-31,871,Active,Centre-Val de Loire
POL002533,CLT00773,Habitation,Premium,2023-09-15,3735,Active,Île-de-France
POL002534,CLT00355,Auto,RC seule,2022-07-03,1134,Résiliée,Provence-Alpes-Côte d'Azur
POL002535,CLT03505,Habitation,Confort,2022-03-03,1626,Active,Grand Est
POL002536,CLT01659,Auto,Tous risques,2022-11-30,2459,Active,Île-de-France
POL002537,CLT03785,Auto,Tous risques,2023-05-31,2630,Active,Grand Est
POL002538,CLT01819,Auto,RC seule,2023-01-30,610,Résiliée,Nouvelle-Aquitaine
POL002539,CLT00502,Auto,RC seule,2023-11-27,980,Active,Grand Est
POL002540,CLT02457,Auto,Tous risques,2021-01-10,2820,Résiliée,Grand Est
POL002541,CLT03827,Santé,Complet,2021-01-16,1613,Active,Normandie
POL002542,CLT04623,Santé,Essentiel,2021-01-17,603,Active,Auvergne-Rhône-Alpes
POL002543,CLT01834,Habitation,Confort,2021-12-08,1859,Résiliée,Auvergne-Rhône-Alpes
POL002544,CLT03893,Habitation,Premium,2021-08-26,2906,Active,Auvergne-Rhône-Alpes
POL002545,CLT04107,Auto,RC seule,2023-09-12,771,Active,Grand Est
POL002546,CLT03195,Auto,Tous risques,2021-05-06,2019,Active,Normandie
POL002547,CLT00680,Auto,RC seule,2021-10-17,906,Active,Hauts-de-France
POL002548,CLT02283,Auto,RC seule,2022-08-18,916,Active,Nouvelle-Aquitaine
POL002549,CLT00425,Auto,Tiers étendu,2023-07-05,1371,Suspendue,Provence-Alpes-Côte d'Azur
POL002550,CLT00770,Habitation,Premium,2023-05-25,2461,Résiliée,Nouvelle-Aquitaine
POL002551,CLT04749,Habitation,Confort,2023-02-10,1995,Active,Auvergne-Rhône-Alpes
POL002552,CLT04997,Auto,Tous risques,2023-04-05,2336,Active,Bretagne
POL002553,CLT03332,Auto,Tiers étendu,2023-02-13,1465,Active,Occitanie
POL002554,CLT01922,Auto,Tous risques,2021-02-02,2429,Active,Centre-Val de Loire
POL002555,CLT03004,Auto,Tous risques,2022-07-31,2172,Résiliée,Provence-Alpes-Côte d'Azur
POL002556,CLT03112,Habitation,Basique,2023-07-29,1228,Active,Centre-Val de Loire
POL002557,CLT01494,Auto,RC seule,2021-06-05,1111,Active,Auvergne-Rhône-Alpes
POL002558,CLT01998,Santé,Équilibré,2023-07-29,892,Active,Île-de-France
POL002559,CLT02331,Habitation,Basique,2021-04-13,1077,Active,Bretagne
POL002560,CLT02741,Habitation,Confort,2021-08-23,1869,Active,Hauts-de-France
POL002561,CLT02694,Auto,Tiers étendu,2021-03-31,1145,Active,Hauts-de-France
POL002562,CLT01241,Auto,RC seule,2021-03-08,912,Active,Normandie
POL002563,CLT02857,Habitation,Confort,2022-06-20,1898,Résiliée,Hauts-de-France
POL002564,CLT02755,Habitation,Premium,2022-02-21,1902,Active,Provence-Alpes-Côte d'Azur
POL002565,CLT02368,Habitation,Confort,2023-01-04,1976,Active,Île-de-France
POL002566,CLT00732,Habitation,Basique,2024-03-14,1283,Active,Île-de-France
POL002567,CLT04671,Auto,RC seule,2022-05-12,1047,Suspendue,Grand Est
POL002568,CLT04140,Santé,Complet,2023-03-05,1667,Résiliée,Île-de-France
POL002569,CLT01967,Santé,Essentiel,2022-03-02,675,Active,Auvergne-Rhône-Alpes
POL002570,CLT04054,Habitation,Premium,2023-04-15,3380,Active,Centre-Val de Loire
POL002571,CLT01199,Habitation,Basique,2023-03-16,1184,Active,Île-de-France
POL002572,CLT02162,Santé,Équilibré,2021-12-07,1030,Suspendue,Auvergne-Rhône-Alpes
POL002573,CLT04081,Habitation,Basique,2021-03-22,966,Résiliée,Nouvelle-Aquitaine
POL002574,CLT01158,Auto,RC seule,2021-04-12,1088,Active,Hauts-de-France
POL002575,CLT03089,Habitation,Basique,2024-04-21,1186,Active,Hauts-de-France
POL002576,CLT02769,Auto,Tous risques,2023-10-12,1853,Résiliée,Bretagne
POL002577,CLT03283,Santé,Essentiel,2021-04-27,697,Résiliée,Normandie
POL002578,CLT01624,Santé,Essentiel,2023-05-12,389,Résiliée,Occitanie
POL002579,CLT01779,Auto,Tiers étendu,2022-02-16,1318,Résiliée,Centre-Val de Loire
POL002580,CLT00733,Santé,Essentiel,2021-03-19,718,Active,Auvergne-Rhône-Alpes
POL002581,CLT04312,Santé,Équilibré,2021-05-16,979,Active,Centre-Val de Loire
POL002582,CLT04269,Auto,RC seule,2022-09-27,855,Résiliée,Bretagne
POL002583,CLT04356,Santé,Essentiel,2022-04-18,622,Active,Grand Est
POL002584,CLT02283,Auto,Tiers étendu,2024-05-14,1001,Active,Nouvelle-Aquitaine
POL002585,CLT00415,Habitation,Basique,2022-06-22,1319,Active,Auvergne-Rhône-Alpes
POL002586,CLT03634,Auto,RC seule,2023-05-06,911,Active,Île-de-France
POL002587,CLT04373,Santé,Essentiel,2021-06-18,574,Active,Occitanie
POL002588,CLT01124,Habitation,Confort,2021-05-17,1809,Active,Île-de-France
POL002589,CLT04687,Auto,Tiers étendu,2022-06-10,1433,Active,Occitanie
POL002590,CLT00031,Santé,Complet,2022-03-28,1712,Active,Provence-Alpes-Côte d'Azur
POL002591,CLT00724,Auto,RC seule,2024-01-29,896,Résiliée,Île-de-France
POL002592,CLT02004,Auto,Tiers étendu,2023-10-16,1177,Résiliée,Occitanie
POL002593,CLT04954,Auto,Tiers étendu,2021-10-13,1519,Active,Auvergne-Rhône-Alpes
POL002594,CLT04789,Santé,Équilibré,2021-10-14,1090,Active,Occitanie
POL002595,CLT04968,Auto,Tous risques,2022-12-31,2278,Active,Nouvelle-Aquitaine
POL002596,CLT00851,Auto,Tiers étendu,2023-09-08,1833,Active,Île-de-France
POL002597,CLT00806,Habitation,Confort,2021-09-14,1959,Active,Occitanie
POL002598,CLT04446,Santé,Essentiel,2022-04-29,713,Active,Grand Est
POL002599,CLT04309,Santé,Équilibré,2021-02-20,1310,Active,Grand Est
POL002600,CLT03249,Santé,Complet,2021-11-27,1655,Active,Hauts-de-France
POL002601,CLT03290,Auto,RC seule,2023-05-21,812,Active,Occitanie
POL002602,CLT03637,Habitation,Confort,2021-01-23,1772,Active,Nouvelle-Aquitaine
POL002603,CLT01596,Auto,RC seule,2023-03-21,1147,Suspendue,Bretagne
POL002604,CLT02662,Auto,Tiers étendu,2024-05-18,1136,Active,Hauts-de-France
POL002605,CLT04406,Santé,Essentiel,2022-08-20,597,Active,Île-de-France
POL002606,CLT01982,Santé,Équilibré,2021-08-06,1001,Active,Occitanie
POL002607,CLT02797,Habitation,Confort,2021-11-08,1611,Active,Grand Est
POL002608,CLT04942,Santé,Essentiel,2021-02-21,703,Active,Normandie
POL002609,CLT01540,Santé,Essentiel,2023-12-26,649,Active,Île-de-France
POL002610,CLT00241,Santé,Complet,2022-08-19,1384,Active,Normandie
POL002611,CLT03612,Auto,Tous risques,2023-03-05,2640,Active,Bretagne
POL002612,CLT04518,Habitation,Confort,2021-10-12,1822,Active,Occitanie
POL002613,CLT02888,Santé,Essentiel,2021-07-10,534,Active,Normandie
POL002614,CLT03616,Auto,RC seule,2022-09-24,816,Active,Provence-Alpes-Côte d'Azur
POL002615,CLT00323,Auto,Tiers étendu,2021-03-31,1586,Active,Normandie
POL002616,CLT04944,Auto,RC seule,2022-01-06,1015,Active,Auvergne-Rhône-Alpes
POL002617,CLT03664,Habitation,Premium,2022-12-17,2766,Active,Occitanie
POL002618,CLT00408,Habitation,Confort,2021-10-17,1987,Active,Provence-Alpes-Côte d'Azur
POL002619,CLT00148,Auto,Tiers étendu,2021-11-04,1779,Active,Provence-Alpes-Côte d'Azur
POL002620,CLT00109,Auto,Tiers étendu,2021-03-15,1206,Active,Centre-Val de Loire
POL002621,CLT01401,Habitation,Premium,2023-04-03,3121,Active,Île-de-France
POL002622,CLT04922,Auto,Tous risques,2021-11-28,2780,Active,Centre-Val de Loire
POL002623,CLT01549,Auto,RC seule,2021-09-01,970,Active,Hauts-de-France
POL002624,CLT00129,Auto,Tous risques,2021-01-28,2721,Active,Nouvelle-Aquitaine
POL002625,CLT04084,Habitation,Basique,2021-10-06,1601,Résiliée,Centre-Val de Loire
POL002626,CLT01416,Santé,Équilibré,2023-05-18,1034,Active,Occitanie
POL002627,CLT04704,Habitation,Basique,2022-08-14,1254,Suspendue,Provence-Alpes-Côte d'Azur
POL002628,CLT02676,Habitation,Premium,2021-07-08,3396,Résiliée,Hauts-de-France
POL002629,CLT02270,Auto,Tous risques,2024-05-08,2660,Active,Centre-Val de Loire
POL002630,CLT03343,Habitation,Premium,2022-06-08,1831,Active,Hauts-de-France
POL002631,CLT03117,Habitation,Confort,2022-03-03,2000,Active,Normandie
POL002632,CLT02490,Auto,RC seule,2022-06-05,909,Active,Nouvelle-Aquitaine
POL002633,CLT00538,Auto,Tiers étendu,2024-01-30,1601,Suspendue,Île-de-France
POL002634,CLT03432,Auto,Tous risques,2022-02-11,2138,Active,Occitanie
POL002635,CLT02193,Habitation,Premium,2024-02-25,2927,Active,Provence-Alpes-Côte d'Azur
POL002636,CLT01874,Habitation,Premium,2024-01-26,2583,Résiliée,Occitanie
POL002637,CLT01311,Santé,Complet,2022-03-19,1688,Active,Occitanie
POL002638,CLT03209,Santé,Équilibré,2022-05-08,1265,Active,Grand Est
POL002639,CLT03775,Habitation,Confort,2021-01-10,1696,Résiliée,Centre-Val de Loire
POL002640,CLT04989,Auto,RC seule,2023-04-17,798,Active,Centre-Val de Loire
POL002641,CLT04998,Habitation,Confort,2022-05-31,1823,Active,Occitanie
POL002642,CLT03528,Santé,Équilibré,2024-01-02,1059,Active,Bretagne
POL002643,CLT00195,Habitation,Premium,2022-10-16,3462,Active,Hauts-de-France
POL002644,CLT02959,Santé,Essentiel,2021-12-25,509,Active,Nouvelle-Aquitaine
POL002645,CLT03285,Habitation,Confort,2021-01-17,1670,Active,Occitanie
POL002646,CLT01615,Auto,Tous risques,2024-05-20,1482,Active,Grand Est
POL002647,CLT04647,Auto,Tiers étendu,2022-04-11,1701,Résiliée,Auvergne-Rhône-Alpes
POL002648,CLT04015,Santé,Complet,2024-04-23,1581,Active,Centre-Val de Loire
POL002649,CLT02830,Habitation,Premium,2021-01-10,2825,Active,Occitanie
POL002650,CLT00235,Auto,RC seule,2024-02-20,765,Suspendue,Hauts-de-France
POL002651,CLT00901,Auto,Tiers étendu,2021-01-10,1225,Active,Centre-Val de Loire
POL002652,CLT02814,Auto,RC seule,2024-02-26,1027,Active,Normandie
POL002653,CLT01719,Auto,Tous risques,2021-10-13,1899,Résiliée,Nouvelle-Aquitaine
POL002654,CLT04888,Auto,Tiers étendu,2022-04-22,1434,Résiliée,Auvergne-Rhône-Alpes
POL002655,CLT04027,Habitation,Premium,2022-11-09,3749,Active,Grand Est
POL002656,CLT00824,Auto,RC seule,2022-12-24,880,Active,Normandie
POL002657,CLT02251,Santé,Essentiel,2023-01-04,519,Active,Centre-Val de Loire
POL002658,CLT03775,Santé,Essentiel,2023-06-09,681,Résiliée,Centre-Val de Loire
POL002659,CLT03116,Santé,Complet,2022-12-06,1225,Active,Auvergne-Rhône-Alpes
POL002660,CLT00419,Habitation,Confort,2023-12-19,2292,Active,Nouvelle-Aquitaine
POL002661,CLT02868,Auto,RC seule,2021-06-14,1071,Active,Provence-Alpes-Côte d'Azur
POL002662,CLT03534,Santé,Complet,2021-06-15,1571,Active,Occitanie
POL002663,CLT02656,Auto,Tiers étendu,2022-09-16,1301,Active,Occitanie
POL002664,CLT02929,Auto,Tiers étendu,2023-07-19,1410,Active,Normandie
POL002665,CLT03424,Auto,RC seule,2021-08-09,867,Active,Auvergne-Rhône-Alpes
POL002666,CLT01637,Auto,RC seule,2021-07-15,978,Suspendue,Hauts-de-France
POL002667,CLT01151,Santé,Équilibré,2023-09-02,1147,Active,Île-de-France
POL002668,CLT03467,Habitation,Premium,2021-12-08,2392,Active,Nouvelle-Aquitaine
POL002669,CLT02109,Santé,Essentiel,2023-05-19,703,Active,Centre-Val de Loire
POL002670,CLT02110,Habitation,Confort,2023-06-25,2104,Active,Île-de-France
POL002671,CLT00116,Habitation,Premium,2023-05-19,2604,Active,Grand Est
POL002672,CLT00687,Habitation,Confort,2021-02-11,1612,Active,Centre-Val de Loire
POL002673,CLT01925,Santé,Équilibré,2021-06-01,1005,Active,Nouvelle-Aquitaine
POL002674,CLT04048,Santé,Essentiel,2021-03-08,498,Active,Centre-Val de Loire
POL002675,CLT04835,Habitation,Premium,2021-09-14,3286,Résiliée,Auvergne-Rhône-Alpes
POL002676,CLT03431,Auto,Tiers étendu,2021-07-24,1283,Résiliée,Normandie
POL002677,CLT01764,Auto,RC seule,2023-12-24,968,Résiliée,Hauts-de-France
POL002678,CLT04347,Santé,Essentiel,2022-12-06,610,Résiliée,Hauts-de-France
POL002679,CLT00741,Habitation,Confort,2021-04-28,1717,Active,Auvergne-Rhône-Alpes
POL002680,CLT04980,Santé,Équilibré,2023-01-21,995,Active,Normandie
POL002681,CLT01186,Habitation,Premium,2022-05-02,3259,Active,Occitanie
POL002682,CLT02092,Auto,RC seule,2023-01-30,765,Active,Nouvelle-Aquitaine
POL002683,CLT03823,Auto,Tiers étendu,2021-08-14,1328,Active,Nouvelle-Aquitaine
POL002684,CLT02399,Habitation,Confort,2022-06-14,1638,Active,Normandie
POL002685,CLT00697,Habitation,Confort,2022-09-05,1934,Active,Provence-Alpes-Côte d'Azur
POL002686,CLT03052,Auto,Tous risques,2021-03-20,2044,Active,Bretagne
POL002687,CLT01285,Habitation,Confort,2023-09-18,1403,Active,Hauts-de-France
POL002688,CLT00879,Auto,Tiers étendu,2024-04-12,1300,Active,Auvergne-Rhône-Alpes
POL002689,CLT03832,Habitation,Basique,2022-11-27,1479,Résiliée,Centre-Val de Loire
POL002690,CLT03703,Auto,RC seule,2021-08-17,932,Résiliée,Occitanie
POL002691,CLT01158,Habitation,Basique,2021-04-20,1278,Active,Hauts-de-France
POL002692,CLT04008,Auto,Tiers étendu,2021-11-17,1374,Active,Île-de-France
POL002693,CLT04506,Auto,Tiers étendu,2021-06-04,1458,Active,Occitanie
POL002694,CLT03627,Auto,Tiers étendu,2023-09-19,1354,Active,Occitanie
POL002695,CLT00221,Auto,Tiers étendu,2023-07-14,1559,Active,Île-de-France
POL002696,CLT03622,Habitation,Basique,2024-05-03,1317,Active,Occitanie
POL002697,CLT00664,Auto,RC seule,2022-06-05,795,Active,Provence-Alpes-Côte d'Azur
POL002698,CLT00419,Auto,Tous risques,2021-01-13,2353,Active,Nouvelle-Aquitaine
POL002699,CLT03091,Habitation,Confort,2024-02-22,1238,Active,Grand Est
POL002700,CLT00281,Santé,Équilibré,2022-09-27,1045,Active,Centre-Val de Loire
POL002701,CLT00453,Auto,RC seule,2023-03-30,749,Active,Centre-Val de Loire
POL002702,CLT03249,Auto,Tiers étendu,2021-04-08,1389,Active,Hauts-de-France
POL002703,CLT04953,Habitation,Premium,2022-07-14,2386,Active,Auvergne-Rhône-Alpes
POL002704,CLT03763,Habitation,Basique,2021-05-21,1204,Active,Auvergne-Rhône-Alpes
POL002705,CLT01198,Auto,Tiers étendu,2023-11-01,1520,Active,Hauts-de-France
POL002706,CLT00619,Santé,Complet,2021-09-28,2030,Active,Île-de-France
POL002707,CLT00588,Auto,Tous risques,2021-07-25,1769,Active,Provence-Alpes-Côte d'Azur
POL002708,CLT02301,Auto,RC seule,2022-09-28,1020,Active,Provence-Alpes-Côte d'Azur
POL002709,CLT00024,Auto,Tiers étendu,2024-01-26,1480,Active,Provence-Alpes-Côte d'Azur
POL002710,CLT01934,Auto,Tous risques,2022-02-08,2048,Active,Île-de-France
POL002711,CLT00630,Santé,Équilibré,2023-12-08,1227,Active,Bretagne
POL002712,CLT03368,Auto,Tous risques,2022-05-02,2129,Active,Occitanie
POL002713,CLT00705,Habitation,Confort,2022-05-18,2098,Active,Normandie
POL002714,CLT04918,Auto,Tiers étendu,2024-04-28,1205,Active,Nouvelle-Aquitaine
POL002715,CLT03983,Auto,RC seule,2021-03-29,851,Active,Provence-Alpes-Côte d'Azur
POL002716,CLT01061,Auto,Tiers étendu,2021-07-24,1599,Active,Auvergne-Rhône-Alpes
POL002717,CLT03883,Santé,Équilibré,2023-06-08,1222,Active,Normandie
POL002718,CLT04593,Auto,Tous risques,2023-12-28,2344,Résiliée,Occitanie
POL002719,CLT02627,Auto,RC seule,2021-01-14,567,Active,Île-de-France
POL002720,CLT00663,Habitation,Premium,2024-04-11,2971,Active,Île-de-France
POL002721,CLT02170,Habitation,Basique,2022-06-16,1208,Résiliée,Normandie
POL002722,CLT03444,Habitation,Basique,2023-03-21,1218,Active,Occitanie
POL002723,CLT03191,Santé,Équilibré,2023-07-18,1068,Active,Nouvelle-Aquitaine
POL002724,CLT00642,Auto,Tiers étendu,2021-08-27,1383,Active,Île-de-France
POL002725,CLT04105,Habitation,Premium,2023-05-22,3602,Active,Île-de-France
POL002726,CLT02904,Auto,RC seule,2023-04-03,819,Active,Normandie
POL002727,CLT03127,Santé,Équilibré,2022-03-25,1177,Résiliée,Île-de-France
POL002728,CLT03050,Auto,RC seule,2021-07-21,1121,Active,Île-de-France
POL002729,CLT04299,Habitation,Basique,2021-04-06,1082,Active,Occitanie
POL002730,CLT01146,Auto,Tiers étendu,2022-08-15,1262,Active,Normandie
POL002731,CLT00564,Auto,Tous risques,2023-02-20,2549,Active,Nouvelle-Aquitaine
POL002732,CLT03476,Auto,RC seule,2022-08-31,774,Résiliée,Île-de-France
POL002733,CLT00905,Auto,Tiers étendu,2021-07-18,1361,Active,Hauts-de-France
POL002734,CLT01427,Habitation,Basique,2022-01-16,1404,Active,Nouvelle-Aquitaine
POL002735,CLT01858,Auto,RC seule,2023-12-26,991,Active,Nouvelle-Aquitaine
POL002736,CLT01698,Santé,Équilibré,2023-09-09,1280,Active,Grand Est
POL002737,CLT02051,Auto,RC seule,2024-03-03,925,Active,Centre-Val de Loire
POL002738,CLT04183,Santé,Complet,2022-03-20,1419,Active,Auvergne-Rhône-Alpes
POL002739,CLT04578,Habitation,Basique,2021-02-27,1211,Active,Grand Est
POL002740,CLT01802,Habitation,Confort,2022-04-12,1837,Active,Nouvelle-Aquitaine
POL002741,CLT01860,Habitation,Basique,2022-12-07,1211,Active,Hauts-de-France
POL002742,CLT01484,Habitation,Basique,2024-05-01,1200,Active,Île-de-France
POL002743,CLT01374,Habitation,Basique,2022-11-07,1091,Active,Hauts-de-France
POL002744,CLT02296,Auto,Tous risques,2021-04-13,2305,Active,Bretagne
POL002745,CLT01190,Habitation,Basique,2023-07-15,1032,Active,Auvergne-Rhône-Alpes
POL002746,CLT04208,Auto,Tiers étendu,2023-11-29,1312,Active,Auvergne-Rhône-Alpes
POL002747,CLT00717,Habitation,Confort,2024-04-09,1775,Active,Bretagne
POL002748,CLT03281,Habitation,Premium,2023-09-11,1902,Active,Bretagne
POL002749,CLT03672,Habitation,Confort,2023-12-03,2184,Active,Grand Est
POL002750,CLT04724,Habitation,Basique,2024-06-12,975,Active,Normandie
POL002751,CLT04918,Auto,RC seule,2021-10-04,983,Active,Nouvelle-Aquitaine
POL002752,CLT01018,Auto,Tiers étendu,2023-04-19,1237,Active,Occitanie
POL002753,CLT03421,Auto,Tiers étendu,2024-02-07,1357,Active,Centre-Val de Loire
POL002754,CLT00836,Santé,Complet,2021-01-20,1638,Active,Nouvelle-Aquitaine
POL002755,CLT04035,Auto,Tous risques,2022-10-04,3107,Active,Centre-Val de Loire
POL002756,CLT01993,Auto,Tiers étendu,2021-07-12,1502,Active,Grand Est
POL002757,CLT03777,Santé,Essentiel,2022-12-23,431,Active,Bretagne
POL002758,CLT01459,Habitation,Premium,2021-07-31,3474,Active,Auvergne-Rhône-Alpes
POL002759,CLT02500,Habitation,Basique,2024-02-23,1168,Active,Nouvelle-Aquitaine
POL002760,CLT00727,Habitation,Premium,2023-12-13,2836,Résiliée,Provence-Alpes-Côte d'Azur
POL002761,CLT04834,Habitation,Premium,2021-04-20,3032,Active,Occitanie
POL002762,CLT01366,Habitation,Basique,2022-03-01,888,Active,Hauts-de-France
POL002763,CLT00107,Habitation,Confort,2023-10-09,1937,Active,Normandie
POL002764,CLT01407,Auto,RC seule,2022-02-03,856,Active,Provence-Alpes-Côte d'Azur
POL002765,CLT00988,Santé,Essentiel,2023-08-21,748,Active,Auvergne-Rhône-Alpes
POL002766,CLT04317,Auto,Tiers étendu,2021-04-03,1610,Active,Hauts-de-France
POL002767,CLT04933,Santé,Essentiel,2021-12-01,460,Active,Provence-Alpes-Côte d'Azur
POL002768,CLT02424,Auto,Tous risques,2023-10-29,2805,Active,Centre-Val de Loire
POL002769,CLT03450,Santé,Complet,2022-04-26,1654,Active,Grand Est
POL002770,CLT04801,Habitation,Premium,2021-11-10,2243,Active,Île-de-France
POL002771,CLT02282,Santé,Essentiel,2021-11-12,607,Active,Nouvelle-Aquitaine
POL002772,CLT02640,Habitation,Premium,2021-08-05,3223,Active,Hauts-de-France
POL002773,CLT02231,Auto,Tiers étendu,2022-01-13,1160,Active,Provence-Alpes-Côte d'Azur
POL002774,CLT00547,Habitation,Premium,2022-06-05,3482,Résiliée,Grand Est
POL002775,CLT03449,Santé,Complet,2021-08-06,1172,Résiliée,Île-de-France
POL002776,CLT01493,Habitation,Confort,2021-03-18,1750,Active,Normandie
POL002777,CLT04441,Auto,Tiers étendu,2022-06-19,1270,Active,Centre-Val de Loire
POL002778,CLT00801,Santé,Équilibré,2024-02-11,1202,Active,Hauts-de-France
POL002779,CLT01915,Auto,RC seule,2021-04-18,945,Active,Grand Est
POL002780,CLT00072,Santé,Complet,2024-05-09,1312,Active,Hauts-de-France
POL002781,CLT02767,Habitation,Confort,2024-04-17,1992,Active,Occitanie
POL002782,CLT02506,Auto,Tous risques,2024-01-08,2442,Active,Provence-Alpes-Côte d'Azur
POL002783,CLT02274,Santé,Essentiel,2024-06-05,700,Active,Centre-Val de Loire
POL002784,CLT01441,Habitation,Confort,2022-01-21,1840,Active,Bretagne
POL002785,CLT00762,Auto,Tiers étendu,2021-05-17,1482,Résiliée,Occitanie
POL002786,CLT01768,Santé,Équilibré,2023-05-29,907,Active,Centre-Val de Loire
POL002787,CLT03918,Habitation,Basique,2022-04-09,1463,Active,Nouvelle-Aquitaine
POL002788,CLT00092,Habitation,Basique,2021-09-29,1410,Active,Grand Est
POL002789,CLT01399,Habitation,Premium,2021-07-12,3242,Active,Grand Est
POL002790,CLT04303,Santé,Complet,2022-04-16,1793,Résiliée,Hauts-de-France
POL002791,CLT00503,Auto,Tous risques,2022-01-14,2389,Active,Grand Est
POL002792,CLT03555,Auto,Tous risques,2021-07-12,1983,Résiliée,Hauts-de-France
POL002793,CLT00819,Habitation,Basique,2022-07-04,1298,Active,Hauts-de-France
POL002794,CLT04529,Santé,Essentiel,2021-03-05,649,Active,Occitanie
POL002795,CLT02290,Auto,Tous risques,2023-01-24,2785,Active,Normandie
POL002796,CLT04923,Auto,Tiers étendu,2021-07-06,1566,Active,Bretagne
POL002797,CLT04217,Auto,RC seule,2022-11-20,1028,Active,Hauts-de-France
POL002798,CLT02245,Auto,Tous risques,2022-08-07,1689,Active,Bretagne
POL002799,CLT04055,Auto,Tiers étendu,2024-06-23,1520,Active,Bretagne
POL002800,CLT01578,Habitation,Basique,2021-10-02,1132,Active,Île-de-France
POL002801,CLT02661,Santé,Équilibré,2024-07-01,1021,Active,Bretagne
POL002802,CLT01468,Auto,RC seule,2021-05-25,872,Active,Île-de-France
POL002803,CLT01636,Auto,RC seule,2022-07-02,869,Active,Nouvelle-Aquitaine
POL002804,CLT04735,Habitation,Basique,2021-12-24,1272,Active,Auvergne-Rhône-Alpes
POL002805,CLT03132,Habitation,Confort,2023-05-18,1882,Active,Nouvelle-Aquitaine
POL002806,CLT01376,Habitation,Basique,2024-01-06,1249,Active,Hauts-de-France
POL002807,CLT04659,Auto,Tous risques,2024-07-04,1742,Résiliée,Nouvelle-Aquitaine
POL002808,CLT01572,Habitation,Basique,2024-06-26,1156,Active,Occitanie
POL002809,CLT02504,Auto,Tiers étendu,2021-11-01,1560,Active,Centre-Val de Loire
POL002810,CLT03102,Auto,RC seule,2022-01-20,769,Active,Centre-Val de Loire
POL002811,CLT01568,Auto,RC seule,2023-11-26,1052,Active,Provence-Alpes-Côte d'Azur
POL002812,CLT01885,Santé,Essentiel,2023-08-26,711,Active,Auvergne-Rhône-Alpes
POL002813,CLT04316,Auto,Tous risques,2022-06-06,2143,Active,Bretagne
POL002814,CLT04160,Auto,Tous risques,2022-08-13,3437,Active,Hauts-de-France
POL002815,CLT02041,Habitation,Basique,2024-06-24,1475,Résiliée,Grand Est
POL002816,CLT04543,Auto,RC seule,2022-07-05,844,Active,Bretagne
POL002817,CLT00178,Habitation,Basique,2024-02-20,1402,Active,Auvergne-Rhône-Alpes
POL002818,CLT04285,Santé,Complet,2024-05-31,1622,Active,Centre-Val de Loire
POL002819,CLT03929,Santé,Complet,2022-05-25,1360,Active,Occitanie
POL002820,CLT04957,Santé,Équilibré,2022-11-01,859,Active,Bretagne
POL002821,CLT04923,Auto,Tous risques,2023-04-10,2555,Active,Bretagne
POL002822,CLT02119,Habitation,Premium,2023-12-08,2576,Active,Nouvelle-Aquitaine
POL002823,CLT00309,Habitation,Premium,2022-11-28,2809,Active,Centre-Val de Loire
POL002824,CLT04510,Habitation,Confort,2022-07-17,1651,Suspendue,Normandie
POL002825,CLT03293,Habitation,Confort,2023-06-08,1735,Active,Provence-Alpes-Côte d'Azur
POL002826,CLT04826,Habitation,Confort,2023-07-25,1819,Active,Normandie
POL002827,CLT00873,Habitation,Premium,2021-02-15,3054,Résiliée,Normandie
POL002828,CLT03550,Habitation,Basique,2022-06-19,822,Active,Hauts-de-France
POL002829,CLT00673,Auto,Tous risques,2022-03-17,2260,Active,Nouvelle-Aquitaine
POL002830,CLT02136,Habitation,Premium,2023-07-07,2539,Active,Île-de-France
POL002831,CLT03213,Habitation,Basique,2023-06-05,1484,Active,Normandie
POL002832,CLT00001,Habitation,Basique,2023-11-01,1708,Active,Auvergne-Rhône-Alpes
POL002833,CLT00164,Habitation,Basique,2022-08-23,1185,Active,Grand Est
POL002834,CLT01481,Auto,Tiers étendu,2023-01-24,1142,Active,Occitanie
POL002835,CLT03564,Habitation,Basique,2022-07-24,1314,Active,Occitanie
POL002836,CLT00137,Habitation,Premium,2023-04-17,2806,Résiliée,Nouvelle-Aquitaine
POL002837,CLT04724,Habitation,Basique,2022-12-04,1636,Active,Normandie
POL002838,CLT01112,Santé,Équilibré,2022-06-26,1247,Résiliée,Île-de-France
POL002839,CLT04596,Auto,Tiers étendu,2024-01-05,1598,Active,Provence-Alpes-Côte d'Azur
POL002840,CLT02713,Santé,Essentiel,2021-03-10,542,Résiliée,Occitanie
POL002841,CLT02707,Auto,Tous risques,2022-05-08,2482,Active,Provence-Alpes-Côte d'Azur
POL002842,CLT04019,Auto,RC seule,2023-02-10,934,Résiliée,Normandie
POL002843,CLT02465,Habitation,Premium,2023-04-23,2952,Active,Île-de-France
POL002844,CLT02043,Habitation,Basique,2022-05-16,1145,Active,Nouvelle-Aquitaine
POL002845,CLT03336,Santé,Complet,2023-03-01,1770,Active,Auvergne-Rhône-Alpes
POL002846,CLT04196,Auto,RC seule,2021-06-23,921,Active,Nouvelle-Aquitaine
POL002847,CLT00651,Santé,Essentiel,2024-01-30,611,Active,Auvergne-Rhône-Alpes
POL002848,CLT04925,Auto,Tous risques,2024-06-04,2008,Active,Occitanie
POL002849,CLT00013,Habitation,Confort,2023-10-29,1716,Résiliée,Auvergne-Rhône-Alpes
POL002850,CLT01208,Santé,Complet,2023-09-30,1584,Active,Nouvelle-Aquitaine
POL002851,CLT04295,Auto,Tiers étendu,2022-03-19,1147,Active,Hauts-de-France
POL002852,CLT03400,Auto,Tous risques,2023-05-16,2602,Active,Normandie
POL002853,CLT02491,Habitation,Basique,2024-05-03,1045,Active,Nouvelle-Aquitaine
POL002854,CLT04168,Habitation,Basique,2022-05-16,893,Active,Provence-Alpes-Côte d'Azur
POL002855,CLT04401,Auto,Tous risques,2022-02-06,3219,Active,Grand Est
POL002856,CLT03603,Habitation,Basique,2021-04-08,1173,Active,Bretagne
POL002857,CLT01801,Santé,Complet,2022-09-10,1416,Active,Nouvelle-Aquitaine
POL002858,CLT02928,Habitation,Premium,2021-12-21,3541,Active,Île-de-France
POL002859,CLT01114,Auto,Tous risques,2023-06-30,2958,Active,Grand Est
POL002860,CLT00338,Habitation,Premium,2024-02-10,2339,Résiliée,Grand Est
POL002861,CLT04960,Habitation,Confort,2023-10-13,1565,Suspendue,Nouvelle-Aquitaine
POL002862,CLT03067,Habitation,Confort,2022-05-06,1624,Résiliée,Normandie
POL002863,CLT04116,Habitation,Basique,2022-12-27,1369,Résiliée,Provence-Alpes-Côte d'Azur
POL002864,CLT03655,Habitation,Premium,2021-02-26,3751,Suspendue,Nouvelle-Aquitaine
POL002865,CLT01967,Habitation,Confort,2024-02-16,1534,Active,Auvergne-Rhône-Alpes
POL002866,CLT00205,Auto,RC seule,2023-09-11,1081,Active,Provence-Alpes-Côte d'Azur
POL002867,CLT02906,Auto,Tiers étendu,2022-12-20,1265,Active,Grand Est
POL002868,CLT00724,Auto,Tous risques,2022-03-02,2324,Active,Île-de-France
POL002869,CLT01704,Auto,Tiers étendu,2021-03-08,1173,Active,Bretagne
POL002870,CLT00382,Habitation,Basique,2021-03-10,1300,Active,Occitanie
POL002871,CLT03053,Auto,Tiers étendu,2021-11-04,1381,Active,Occitanie
POL002872,CLT02380,Habitation,Basique,2023-12-12,1179,Suspendue,Nouvelle-Aquitaine
POL002873,CLT02733,Habitation,Confort,2022-05-19,1901,Active,Occitanie
POL002874,CLT01477,Santé,Complet,2021-09-24,1276,Résiliée,Grand Est
POL002875,CLT03522,Santé,Équilibré,2021-01-28,927,Résiliée,Occitanie
POL002876,CLT00302,Auto,RC seule,2024-03-14,957,Active,Centre-Val de Loire
POL002877,CLT00575,Auto,RC seule,2022-09-23,1067,Active,Nouvelle-Aquitaine
POL002878,CLT02963,Santé,Essentiel,2024-05-13,636,Active,Provence-Alpes-Côte d'Azur
POL002879,CLT04898,Habitation,Confort,2023-03-29,1950,Résiliée,Normandie
POL002880,CLT00659,Auto,RC seule,2022-10-14,1072,Active,Hauts-de-France
POL002881,CLT03669,Habitation,Basique,2023-05-24,1410,Active,Centre-Val de Loire
POL002882,CLT02511,Habitation,Confort,2021-07-10,1609,Active,Île-de-France
POL002883,CLT03346,Habitation,Confort,2022-07-29,1612,Active,Bretagne
POL002884,CLT04781,Auto,Tiers étendu,2023-02-25,1271,Active,Bretagne
POL002885,CLT01207,Habitation,Basique,2023-02-03,1584,Active,Occitanie
POL002886,CLT03022,Auto,Tous risques,2024-04-15,2493,Active,Bretagne
POL002887,CLT04316,Habitation,Basique,2021-12-03,1291,Active,Bretagne
POL002888,CLT01897,Auto,RC seule,2022-01-16,1014,Active,Centre-Val de Loire
POL002889,CLT02342,Santé,Essentiel,2023-09-13,494,Active,Bretagne
POL002890,CLT04383,Auto,Tous risques,2021-05-18,3042,Active,Hauts-de-France
POL002891,CLT02905,Auto,Tous risques,2023-12-26,2374,Active,Normandie
POL002892,CLT00265,Auto,RC seule,2022-05-14,989,Active,Provence-Alpes-Côte d'Azur
POL002893,CLT04840,Santé,Essentiel,2023-10-22,434,Active,Centre-Val de Loire
POL002894,CLT02140,Habitation,Premium,2021-09-20,3457,Active,Provence-Alpes-Côte d'Azur
POL002895,CLT02682,Habitation,Basique,2021-02-04,1204,Résiliée,Centre-Val de Loire
POL002896,CLT01364,Santé,Essentiel,2023-10-31,476,Active,Occitanie
POL002897,CLT01849,Santé,Complet,2024-01-06,1366,Résiliée,Bretagne
POL002898,CLT03329,Auto,Tous risques,2023-10-15,1762,Active,Hauts-de-France
POL002899,CLT00783,Auto,Tous risques,2023-01-21,1760,Active,Nouvelle-Aquitaine
POL002900,CLT01540,Auto,RC seule,2023-02-05,924,Active,Île-de-France
POL002901,CLT03428,Habitation,Confort,2021-06-10,1857,Active,Auvergne-Rhône-Alpes
POL002902,CLT04320,Habitation,Basique,2021-12-10,1297,Active,Normandie
POL002903,CLT04006,Habitation,Basique,2024-06-29,1543,Résiliée,Provence-Alpes-Côte d'Azur
POL002904,CLT00475,Santé,Équilibré,2021-06-05,980,Résiliée,Occitanie
POL002905,CLT04539,Santé,Essentiel,2023-11-29,389,Résiliée,Hauts-de-France
POL002906,CLT00907,Auto,RC seule,2024-06-25,894,Active,Auvergne-Rhône-Alpes
POL002907,CLT04408,Auto,Tous risques,2024-04-18,2736,Active,Bretagne
POL002908,CLT04363,Habitation,Confort,2024-01-27,1841,Résiliée,Normandie
POL002909,CLT00337,Habitation,Premium,2023-12-28,3510,Active,Bretagne
POL002910,CLT02116,Santé,Essentiel,2021-09-18,656,Active,Provence-Alpes-Côte d'Azur
POL002911,CLT01418,Auto,RC seule,2024-05-30,706,Résiliée,Provence-Alpes-Côte d'Azur
POL002912,CLT04705,Habitation,Premium,2021-04-17,2882,Résiliée,Bretagne
POL002913,CLT00833,Auto,Tiers étendu,2021-11-13,1534,Active,Île-de-France
POL002914,CLT01583,Auto,Tous risques,2022-08-29,2762,Active,Normandie
POL002915,CLT00722,Auto,RC seule,2022-12-31,1304,Active,Nouvelle-Aquitaine
POL002916,CLT00443,Santé,Essentiel,2021-03-21,715,Active,Normandie
POL002917,CLT02518,Auto,Tiers étendu,2023-12-28,1511,Active,Provence-Alpes-Côte d'Azur
POL002918,CLT00818,Santé,Équilibré,2023-04-15,1161,Active,Grand Est
POL002919,CLT04498,Auto,Tous risques,2022-10-17,2210,Active,Auvergne-Rhône-Alpes
POL002920,CLT03541,Auto,Tous risques,2022-10-29,1705,Suspendue,Auvergne-Rhône-Alpes
POL002921,CLT02487,Auto,Tiers étendu,2022-01-12,1474,Active,Occitanie
POL002922,CLT00806,Auto,Tous risques,2024-05-09,2523,Active,Occitanie
POL002923,CLT01251,Auto,RC seule,2021-06-18,794,Résiliée,Hauts-de-France
POL002924,CLT00844,Auto,Tous risques,2023-02-23,2672,Suspendue,Occitanie
POL002925,CLT03118,Habitation,Basique,2021-05-01,1354,Résiliée,Bretagne
POL002926,CLT04313,Habitation,Basique,2022-05-28,1101,Active,Auvergne-Rhône-Alpes
POL002927,CLT01012,Auto,RC seule,2023-10-29,1084,Résiliée,Bretagne
POL002928,CLT01245,Habitation,Confort,2023-10-20,1923,Active,Provence-Alpes-Côte d'Azur
POL002929,CLT03295,Auto,Tous risques,2024-06-20,1982,Active,Auvergne-Rhône-Alpes
POL002930,CLT03125,Santé,Essentiel,2022-02-01,736,Active,Île-de-France
POL002931,CLT04068,Habitation,Premium,2021-06-26,2906,Active,Centre-Val de Loire
POL002932,CLT00092,Auto,RC seule,2022-12-22,1159,Active,Grand Est
POL002933,CLT01087,Habitation,Confort,2022-02-17,1674,Active,Hauts-de-France
POL002934,CLT00250,Auto,Tiers étendu,2023-08-07,1091,Résiliée,Provence-Alpes-Côte d'Azur
POL002935,CLT02190,Habitation,Confort,2021-09-21,1735,Active,Auvergne-Rhône-Alpes
POL002936,CLT01568,Habitation,Premium,2021-10-24,3125,Active,Provence-Alpes-Côte d'Azur
POL002937,CLT00724,Auto,RC seule,2021-04-02,791,Active,Île-de-France
POL002938,CLT04193,Santé,Complet,2021-02-17,1206,Active,Centre-Val de Loire
POL002939,CLT01208,Santé,Complet,2023-03-30,1561,Active,Nouvelle-Aquitaine
POL002940,CLT03114,Auto,Tiers étendu,2021-12-22,1114,Active,Auvergne-Rhône-Alpes
POL002941,CLT01491,Auto,Tiers étendu,2023-01-05,1503,Résiliée,Centre-Val de Loire
POL002942,CLT03909,Auto,Tous risques,2023-03-29,2354,Active,Grand Est
POL002943,CLT04973,Santé,Essentiel,2024-04-01,660,Active,Nouvelle-Aquitaine
POL002944,CLT00684,Habitation,Premium,2024-04-11,2284,Active,Centre-Val de Loire
POL002945,CLT03569,Auto,Tiers étendu,2022-02-23,1685,Active,Auvergne-Rhône-Alpes
POL002946,CLT03187,Auto,Tous risques,2023-06-03,2345,Résiliée,Centre-Val de Loire
POL002947,CLT01807,Habitation,Confort,2023-11-08,1996,Résiliée,Hauts-de-France
POL002948,CLT03628,Habitation,Basique,2023-05-22,1348,Active,Île-de-France
POL002949,CLT01947,Auto,RC seule,2021-04-18,763,Active,Nouvelle-Aquitaine
POL002950,CLT01049,Santé,Essentiel,2024-04-26,722,Active,Occitanie
POL002951,CLT00723,Santé,Complet,2022-02-01,1209,Active,Bretagne
POL002952,CLT00075,Santé,Équilibré,2024-04-21,828,Active,Normandie
POL002953,CLT03664,Santé,Essentiel,2024-03-28,845,Active,Occitanie
POL002954,CLT01756,Habitation,Basique,2021-09-06,1421,Active,Centre-Val de Loire
POL002955,CLT02101,Santé,Équilibré,2022-10-23,1362,Active,Occitanie
POL002956,CLT04589,Auto,Tiers étendu,2022-08-17,1358,Active,Occitanie
POL002957,CLT04827,Habitation,Basique,2023-07-31,1249,Résiliée,Hauts-de-France
POL002958,CLT00392,Santé,Essentiel,2023-06-22,669,Active,Nouvelle-Aquitaine
POL002959,CLT01961,Habitation,Premium,2023-04-18,2840,Active,Hauts-de-France
POL002960,CLT00462,Santé,Essentiel,2022-03-29,526,Active,Normandie
POL002961,CLT03227,Habitation,Premium,2022-06-08,2658,Résiliée,Île-de-France
POL002962,CLT04236,Auto,Tiers étendu,2023-04-28,1459,Résiliée,Bretagne
POL002963,CLT02718,Auto,Tiers étendu,2024-04-29,1349,Résiliée,Hauts-de-France
POL002964,CLT03012,Habitation,Premium,2024-01-01,2466,Active,Grand Est
POL002965,CLT01302,Habitation,Basique,2024-01-04,1463,Résiliée,Centre-Val de Loire
POL002966,CLT00908,Habitation,Basique,2023-02-04,1191,Active,Nouvelle-Aquitaine
POL002967,CLT03579,Santé,Équilibré,2023-05-25,1144,Active,Grand Est
POL002968,CLT02442,Habitation,Premium,2023-09-21,2637,Résiliée,Hauts-de-France
POL002969,CLT04057,Habitation,Confort,2023-03-29,1825,Active,Occitanie
POL002970,CLT04520,Auto,Tous risques,2022-07-29,2411,Active,Provence-Alpes-Côte d'Azur
POL002971,CLT04710,Habitation,Basique,2022-04-19,1188,Active,Nouvelle-Aquitaine
POL002972,CLT01644,Auto,Tiers étendu,2022-12-07,1404,Active,Normandie
POL002973,CLT02702,Habitation,Basique,2023-10-28,1116,Active,Hauts-de-France
POL002974,CLT04003,Auto,Tiers étendu,2022-07-21,1362,Active,Île-de-France
POL002975,CLT00528,Habitation,Basique,2023-12-15,1486,Active,Normandie
POL002976,CLT01282,Auto,RC seule,2021-09-04,738,Résiliée,Occitanie
POL002977,CLT00966,Habitation,Confort,2023-05-20,2131,Active,Provence-Alpes-Côte d'Azur
POL002978,CLT01836,Auto,Tiers étendu,2022-10-14,1581,Active,Bretagne
POL002979,CLT02935,Habitation,Confort,2021-08-17,2319,Active,Bretagne
POL002980,CLT03610,Habitation,Confort,2021-01-17,2671,Résiliée,Nouvelle-Aquitaine
POL002981,CLT00409,Habitation,Basique,2023-10-30,1480,Résiliée,Normandie
POL002982,CLT00500,Santé,Essentiel,2022-01-28,736,Résiliée,Provence-Alpes-Côte d'Azur
POL002983,CLT00704,Habitation,Basique,2023-09-01,1006,Active,Provence-Alpes-Côte d'Azur
POL002984,CLT01272,Auto,RC seule,2021-09-16,820,Active,Normandie
POL002985,CLT04436,Habitation,Basique,2024-05-14,1315,Active,Hauts-de-France
POL002986,CLT03126,Auto,RC seule,2023-12-01,721,Active,Centre-Val de Loire
POL002987,CLT03571,Habitation,Basique,2021-06-19,1351,Résiliée,Bretagne
POL002988,CLT04147,Santé,Essentiel,2022-02-22,409,Active,Grand Est
POL002989,CLT02458,Habitation,Basique,2022-11-15,1376,Résiliée,Occitanie
POL002990,CLT03594,Habitation,Basique,2023-12-16,1215,Active,Auvergne-Rhône-Alpes
POL002991,CLT03982,Auto,RC seule,2022-06-19,1022,Active,Bretagne
POL002992,CLT00130,Auto,Tiers étendu,2023-03-16,1254,Active,Provence-Alpes-Côte d'Azur
POL002993,CLT03584,Habitation,Basique,2023-04-06,950,Active,Occitanie
POL002994,CLT01129,Habitation,Basique,2022-11-13,1389,Active,Grand Est
POL002995,CLT03237,Santé,Complet,2022-09-05,1914,Active,Centre-Val de Loire
POL002996,CLT00516,Auto,Tiers étendu,2023-12-23,1349,Résiliée,Grand Est
POL002997,CLT02860,Auto,Tiers étendu,2021-11-11,1711,Résiliée,Nouvelle-Aquitaine
POL002998,CLT02986,Habitation,Basique,2021-06-25,1203,Résiliée,Occitanie
POL002999,CLT02928,Santé,Équilibré,2022-03-22,1113,Active,Île-de-France
POL003000,CLT00161,Habitation,Confort,2022-10-18,2093,Active,Auvergne-Rhône-Alpes
POL003001,CLT00732,Santé,Essentiel,2023-05-04,717,Active,Île-de-France
POL003002,CLT04976,Auto,Tiers étendu,2023-11-15,1687,Active,Île-de-France
POL003003,CLT03240,Auto,Tiers étendu,2021-02-15,1583,Résiliée,Grand Est
POL003004,CLT02814,Auto,Tous risques,2024-02-27,2390,Active,Normandie
POL003005,CLT00820,Habitation,Basique,2023-09-17,1129,Active,Hauts-de-France
POL003006,CLT00562,Auto,Tiers étendu,2022-07-22,1388,Active,Grand Est
POL003007,CLT02514,Habitation,Basique,2022-02-26,1449,Active,Grand Est
POL003008,CLT03519,Santé,Équilibré,2021-12-31,841,Active,Grand Est
POL003009,CLT02004,Habitation,Confort,2024-03-14,2168,Active,Occitanie
POL003010,CLT03605,Auto,RC seule,2022-10-16,886,Active,Île-de-France
POL003011,CLT00301,Habitation,Basique,2022-09-13,1082,Active,Hauts-de-France
POL003012,CLT02158,Habitation,Confort,2022-09-19,1529,Active,Île-de-France
POL003013,CLT03539,Habitation,Confort,2021-07-28,2051,Active,Grand Est
POL003014,CLT03364,Santé,Essentiel,2021-10-16,641,Active,Occitanie
POL003015,CLT04770,Auto,Tiers étendu,2021-04-21,1808,Active,Occitanie
POL003016,CLT01975,Auto,RC seule,2022-03-08,783,Active,Provence-Alpes-Côte d'Azur
POL003017,CLT03800,Habitation,Premium,2021-04-08,2614,Active,Grand Est
POL003018,CLT02729,Habitation,Confort,2022-04-14,1847,Active,Provence-Alpes-Côte d'Azur
POL003019,CLT02154,Auto,RC seule,2022-06-22,875,Active,Bretagne
POL003020,CLT03963,Auto,RC seule,2023-01-19,939,Active,Provence-Alpes-Côte d'Azur
POL003021,CLT04100,Auto,RC seule,2022-04-03,941,Active,Nouvelle-Aquitaine
POL003022,CLT03997,Auto,RC seule,2022-11-05,1004,Résiliée,Auvergne-Rhône-Alpes
POL003023,CLT03065,Habitation,Confort,2022-10-06,2266,Active,Centre-Val de Loire
POL003024,CLT01185,Habitation,Premium,2022-12-17,2439,Active,Provence-Alpes-Côte d'Azur
POL003025,CLT04769,Habitation,Premium,2023-09-23,3038,Active,Provence-Alpes-Côte d'Azur
POL003026,CLT02470,Santé,Essentiel,2023-10-25,555,Active,Auvergne-Rhône-Alpes
POL003027,CLT03349,Auto,RC seule,2023-12-24,1068,Active,Normandie
POL003028,CLT02151,Habitation,Basique,2022-02-01,1299,Active,Occitanie
POL003029,CLT01953,Auto,Tiers étendu,2022-09-11,1300,Active,Centre-Val de Loire
POL003030,CLT02463,Auto,RC seule,2023-04-01,851,Résiliée,Occitanie
POL003031,CLT03643,Habitation,Basique,2023-10-07,1314,Active,Grand Est
POL003032,CLT04008,Habitation,Premium,2022-05-18,2874,Suspendue,Île-de-France
POL003033,CLT01020,Habitation,Confort,2024-03-17,1784,Active,Provence-Alpes-Côte d'Azur
POL003034,CLT00342,Habitation,Basique,2022-08-04,1302,Active,Hauts-de-France
POL003035,CLT03297,Auto,Tiers étendu,2022-01-27,1709,Active,Bretagne
POL003036,CLT03181,Auto,RC seule,2022-12-14,858,Active,Auvergne-Rhône-Alpes
POL003037,CLT00256,Habitation,Basique,2021-08-03,1112,Active,Occitanie
POL003038,CLT00289,Santé,Équilibré,2022-07-07,793,Active,Occitanie
POL003039,CLT04005,Habitation,Confort,2021-12-31,2088,Résiliée,Occitanie
POL003040,CLT02561,Auto,RC seule,2021-11-16,762,Active,Nouvelle-Aquitaine
POL003041,CLT02992,Habitation,Premium,2024-01-31,2848,Active,Hauts-de-France
POL003042,CLT04796,Auto,Tiers étendu,2022-05-27,1708,Active,Hauts-de-France
POL003043,CLT01622,Habitation,Confort,2022-05-07,1716,Active,Centre-Val de Loire
POL003044,CLT02917,Habitation,Confort,2021-04-04,1732,Active,Normandie
POL003045,CLT03723,Auto,Tiers étendu,2022-03-16,1813,Active,Nouvelle-Aquitaine
POL003046,CLT00700,Santé,Essentiel,2022-12-09,778,Résiliée,Hauts-de-France
POL003047,CLT01589,Habitation,Basique,2022-01-24,1203,Active,Auvergne-Rhône-Alpes
POL003048,CLT03835,Santé,Essentiel,2023-10-06,624,Active,Île-de-France
POL003049,CLT01858,Auto,Tous risques,2022-04-06,2321,Active,Nouvelle-Aquitaine
POL003050,CLT04652,Auto,Tous risques,2021-05-09,2408,Résiliée,Bretagne
POL003051,CLT02196,Habitation,Basique,2021-01-23,1633,Active,Normandie
POL003052,CLT03738,Habitation,Basique,2023-01-16,1315,Active,Provence-Alpes-Côte d'Azur
POL003053,CLT03580,Santé,Équilibré,2021-11-11,1097,Active,Auvergne-Rhône-Alpes
POL003054,CLT00207,Habitation,Premium,2022-12-03,3185,Active,Grand Est
POL003055,CLT03401,Auto,Tiers étendu,2024-04-25,1683,Résiliée,Île-de-France
POL003056,CLT00560,Auto,Tiers étendu,2023-12-08,1604,Active,Nouvelle-Aquitaine
POL003057,CLT04779,Auto,Tous risques,2021-09-21,2578,Résiliée,Île-de-France
POL003058,CLT01362,Auto,Tiers étendu,2021-12-07,1119,Active,Île-de-France
POL003059,CLT01304,Santé,Essentiel,2021-08-10,557,Active,Grand Est
POL003060,CLT04478,Habitation,Premium,2022-11-14,3223,Résiliée,Provence-Alpes-Côte d'Azur
POL003061,CLT02508,Auto,Tous risques,2022-10-15,2532,Active,Grand Est
POL003062,CLT02164,Habitation,Basique,2023-02-02,1330,Active,Grand Est
POL003063,CLT01482,Auto,Tous risques,2022-07-28,2974,Active,Bretagne
POL003064,CLT00626,Auto,RC seule,2023-12-27,761,Active,Normandie
POL003065,CLT02807,Auto,RC seule,2023-07-11,1093,Active,Nouvelle-Aquitaine
POL003066,CLT00150,Habitation,Basique,2022-02-27,1239,Active,Auvergne-Rhône-Alpes
POL003067,CLT04423,Auto,Tiers étendu,2023-06-30,1597,Résiliée,Auvergne-Rhône-Alpes
POL003068,CLT03514,Habitation,Premium,2024-01-05,2791,Active,Île-de-France
POL003069,CLT02290,Santé,Complet,2022-06-17,2142,Active,Normandie
POL003070,CLT01103,Auto,Tous risques,2022-06-19,2491,Active,Normandie
POL003071,CLT01998,Auto,RC seule,2021-05-03,825,Résiliée,Île-de-France
POL003072,CLT00912,Auto,RC seule,2022-03-01,954,Résiliée,Centre-Val de Loire
POL003073,CLT00094,Auto,Tiers étendu,2023-03-20,1488,Résiliée,Île-de-France
POL003074,CLT03840,Santé,Essentiel,2024-03-19,734,Active,Occitanie
POL003075,CLT03456,Habitation,Confort,2021-08-11,1948,Suspendue,Occitanie
POL003076,CLT01944,Habitation,Basique,2024-05-21,1630,Active,Auvergne-Rhône-Alpes
POL003077,CLT03959,Auto,Tiers étendu,2021-05-15,1381,Active,Centre-Val de Loire
POL003078,CLT01520,Santé,Équilibré,2021-03-27,967,Active,Nouvelle-Aquitaine
POL003079,CLT04289,Santé,Essentiel,2021-04-12,543,Active,Auvergne-Rhône-Alpes
POL003080,CLT00844,Habitation,Premium,2022-04-01,2842,Active,Occitanie
POL003081,CLT01326,Auto,RC seule,2022-11-04,974,Active,Bretagne
POL003082,CLT02103,Habitation,Confort,2021-08-12,1945,Active,Centre-Val de Loire
POL003083,CLT00683,Auto,RC seule,2022-04-18,957,Active,Nouvelle-Aquitaine
POL003084,CLT00168,Auto,Tous risques,2024-03-11,1992,Active,Hauts-de-France
POL003085,CLT04625,Habitation,Premium,2021-02-01,2474,Active,Centre-Val de Loire
POL003086,CLT01071,Auto,Tiers étendu,2021-08-23,1328,Active,Provence-Alpes-Côte d'Azur
POL003087,CLT04884,Habitation,Basique,2024-02-06,1444,Active,Normandie
POL003088,CLT03062,Habitation,Basique,2023-03-25,1449,Suspendue,Provence-Alpes-Côte d'Azur
POL003089,CLT01165,Habitation,Confort,2021-01-23,1838,Active,Île-de-France
POL003090,CLT01435,Auto,RC seule,2022-05-21,796,Active,Normandie
POL003091,CLT02040,Habitation,Basique,2021-10-11,1315,Active,Occitanie
POL003092,CLT02793,Santé,Équilibré,2021-01-08,1378,Active,Normandie
POL003093,CLT00927,Auto,Tiers étendu,2021-02-21,1604,Active,Nouvelle-Aquitaine
POL003094,CLT04179,Habitation,Premium,2023-11-20,3169,Active,Centre-Val de Loire
POL003095,CLT04944,Auto,Tous risques,2023-01-24,2544,Active,Auvergne-Rhône-Alpes
POL003096,CLT04125,Santé,Essentiel,2024-06-26,756,Active,Normandie
POL003097,CLT00035,Auto,Tiers étendu,2022-10-31,1193,Résiliée,Normandie
POL003098,CLT03933,Auto,Tous risques,2023-02-12,2103,Active,Auvergne-Rhône-Alpes
POL003099,CLT02828,Auto,Tous risques,2021-06-16,2106,Active,Nouvelle-Aquitaine
POL003100,CLT00725,Auto,Tiers étendu,2022-01-23,1636,Active,Normandie
POL003101,CLT02707,Auto,Tous risques,2024-04-08,2298,Active,Provence-Alpes-Côte d'Azur
POL003102,CLT04639,Habitation,Premium,2022-11-26,3263,Résiliée,Auvergne-Rhône-Alpes
POL003103,CLT04939,Habitation,Confort,2023-10-07,1784,Active,Auvergne-Rhône-Alpes
POL003104,CLT03981,Habitation,Basique,2022-12-09,1553,Active,Auvergne-Rhône-Alpes
POL003105,CLT03702,Santé,Complet,2022-09-14,1503,Active,Auvergne-Rhône-Alpes
POL003106,CLT02078,Santé,Équilibré,2021-01-10,1172,Active,Normandie
POL003107,CLT03213,Auto,Tous risques,2024-02-12,2755,Active,Normandie
POL003108,CLT01711,Auto,RC seule,2022-06-15,1036,Active,Grand Est
POL003109,CLT04566,Habitation,Premium,2023-07-26,3224,Active,Île-de-France
POL003110,CLT03569,Santé,Essentiel,2022-07-28,692,Active,Auvergne-Rhône-Alpes
POL003111,CLT02660,Santé,Équilibré,2024-04-17,1333,Active,Provence-Alpes-Côte d'Azur
POL003112,CLT03728,Habitation,Confort,2022-04-23,2001,Résiliée,Provence-Alpes-Côte d'Azur
POL003113,CLT03871,Habitation,Basique,2022-04-08,1096,Active,Nouvelle-Aquitaine
POL003114,CLT04753,Habitation,Confort,2023-07-14,2003,Active,Grand Est
POL003115,CLT04095,Santé,Essentiel,2022-11-28,641,Active,Normandie
POL003116,CLT00003,Auto,RC seule,2023-12-29,627,Résiliée,Auvergne-Rhône-Alpes
POL003117,CLT04806,Auto,Tous risques,2023-06-18,2405,Active,Nouvelle-Aquitaine
POL003118,CLT01780,Santé,Équilibré,2022-12-07,1086,Active,Nouvelle-Aquitaine
POL003119,CLT02793,Santé,Essentiel,2021-04-16,762,Active,Normandie
POL003120,CLT04782,Santé,Essentiel,2024-04-02,534,Active,Nouvelle-Aquitaine
POL003121,CLT02449,Santé,Équilibré,2021-08-29,763,Active,Grand Est
POL003122,CLT00420,Habitation,Premium,2023-08-27,2929,Active,Auvergne-Rhône-Alpes
POL003123,CLT03683,Auto,Tiers étendu,2022-12-21,1509,Active,Grand Est
POL003124,CLT03780,Auto,Tiers étendu,2023-07-23,1469,Active,Hauts-de-France
POL003125,CLT03174,Habitation,Basique,2023-11-05,1226,Active,Centre-Val de Loire
POL003126,CLT00203,Habitation,Confort,2024-05-31,1537,Active,Centre-Val de Loire
POL003127,CLT03115,Habitation,Basique,2023-05-04,1346,Active,Île-de-France
POL003128,CLT03555,Auto,Tiers étendu,2024-05-08,1495,Active,Hauts-de-France
POL003129,CLT03341,Auto,Tiers étendu,2023-04-20,1653,Active,Nouvelle-Aquitaine
POL003130,CLT03903,Auto,Tous risques,2023-06-26,2482,Résiliée,Bretagne
POL003131,CLT03738,Auto,RC seule,2021-03-25,940,Active,Provence-Alpes-Côte d'Azur
POL003132,CLT01681,Habitation,Premium,2023-04-13,3500,Active,Nouvelle-Aquitaine
POL003133,CLT01826,Habitation,Confort,2023-06-29,1773,Active,Provence-Alpes-Côte d'Azur
POL003134,CLT00700,Auto,Tiers étendu,2022-05-04,1567,Suspendue,Hauts-de-France
POL003135,CLT01010,Auto,Tiers étendu,2021-12-20,1440,Active,Normandie
POL003136,CLT00267,Auto,Tous risques,2021-12-10,3021,Active,Normandie
POL003137,CLT01344,Auto,Tiers étendu,2022-05-11,1421,Active,Auvergne-Rhône-Alpes
POL003138,CLT01173,Auto,Tiers étendu,2022-04-16,1444,Active,Bretagne
POL003139,CLT03106,Auto,Tiers étendu,2021-02-26,1432,Résiliée,Auvergne-Rhône-Alpes
POL003140,CLT03096,Habitation,Premium,2022-04-10,3171,Active,Hauts-de-France
POL003141,CLT00019,Auto,RC seule,2021-09-25,1140,Active,Centre-Val de Loire
POL003142,CLT03586,Habitation,Basique,2021-10-15,1553,Active,Hauts-de-France
POL003143,CLT00741,Auto,RC seule,2023-09-15,934,Active,Auvergne-Rhône-Alpes
POL003144,CLT00398,Auto,RC seule,2022-06-27,1119,Active,Provence-Alpes-Côte d'Azur
POL003145,CLT04553,Auto,Tiers étendu,2022-11-29,1680,Active,Hauts-de-France
POL003146,CLT00954,Santé,Équilibré,2023-12-02,975,Active,Hauts-de-France
POL003147,CLT02097,Auto,RC seule,2022-09-29,736,Résiliée,Île-de-France
POL003148,CLT04337,Santé,Essentiel,2023-06-29,600,Active,Occitanie
POL003149,CLT02480,Santé,Essentiel,2021-03-03,711,Active,Île-de-France
POL003150,CLT03476,Habitation,Confort,2023-07-04,1993,Active,Île-de-France
POL003151,CLT00225,Habitation,Basique,2024-04-23,1538,Résiliée,Nouvelle-Aquitaine
POL003152,CLT01383,Auto,Tous risques,2023-09-12,1822,Active,Occitanie
POL003153,CLT00763,Habitation,Confort,2022-10-30,1753,Active,Grand Est
POL003154,CLT03398,Santé,Complet,2024-03-27,1297,Active,Auvergne-Rhône-Alpes
POL003155,CLT04424,Santé,Équilibré,2023-09-19,830,Active,Hauts-de-France
POL003156,CLT04255,Habitation,Premium,2021-06-06,2804,Active,Provence-Alpes-Côte d'Azur
POL003157,CLT01291,Santé,Équilibré,2023-04-18,1102,Active,Hauts-de-France
POL003158,CLT00927,Habitation,Confort,2023-03-15,1998,Active,Nouvelle-Aquitaine
POL003159,CLT00941,Auto,RC seule,2022-01-10,802,Active,Bretagne
POL003160,CLT04150,Auto,RC seule,2022-10-26,889,Active,Auvergne-Rhône-Alpes
POL003161,CLT00339,Auto,Tiers étendu,2022-11-25,1061,Active,Auvergne-Rhône-Alpes
POL003162,CLT01230,Santé,Essentiel,2021-11-23,649,Active,Occitanie
POL003163,CLT00030,Auto,Tous risques,2023-01-10,2054,Active,Île-de-France
POL003164,CLT02225,Auto,RC seule,2023-10-18,1203,Active,Île-de-France
POL003165,CLT00559,Auto,Tous risques,2023-04-12,2350,Active,Occitanie
POL003166,CLT03822,Auto,Tiers étendu,2021-07-20,1430,Active,Provence-Alpes-Côte d'Azur
POL003167,CLT03324,Habitation,Confort,2022-06-02,1668,Active,Bretagne
POL003168,CLT00417,Auto,Tiers étendu,2021-04-24,1145,Active,Provence-Alpes-Côte d'Azur
POL003169,CLT02799,Auto,Tiers étendu,2022-01-22,1244,Active,Nouvelle-Aquitaine
POL003170,CLT04693,Santé,Équilibré,2023-10-08,909,Active,Auvergne-Rhône-Alpes
POL003171,CLT01949,Habitation,Basique,2024-01-01,1173,Active,Centre-Val de Loire
POL003172,CLT00086,Auto,Tous risques,2022-06-16,1974,Active,Grand Est
POL003173,CLT04870,Auto,RC seule,2023-09-22,948,Active,Île-de-France
POL003174,CLT04355,Auto,Tiers étendu,2024-06-25,1642,Active,Nouvelle-Aquitaine
POL003175,CLT00058,Auto,RC seule,2021-08-07,899,Active,Centre-Val de Loire
POL003176,CLT04067,Habitation,Premium,2023-09-17,3741,Active,Île-de-France
POL003177,CLT00227,Habitation,Basique,2024-03-16,1031,Active,Normandie
POL003178,CLT00977,Santé,Essentiel,2022-12-24,652,Active,Occitanie
POL003179,CLT01859,Habitation,Premium,2023-07-11,2720,Résiliée,Bretagne
POL003180,CLT02201,Habitation,Premium,2023-09-04,2794,Active,Provence-Alpes-Côte d'Azur
POL003181,CLT04142,Auto,Tous risques,2022-12-05,2083,Active,Nouvelle-Aquitaine
POL003182,CLT03048,Santé,Complet,2021-06-08,1598,Active,Normandie
POL003183,CLT01729,Santé,Équilibré,2021-06-20,1044,Active,Nouvelle-Aquitaine
POL003184,CLT01351,Santé,Complet,2023-08-14,1501,Active,Normandie
POL003185,CLT03765,Auto,Tous risques,2022-09-27,1800,Résiliée,Nouvelle-Aquitaine
POL003186,CLT02450,Habitation,Confort,2022-05-03,1455,Active,Hauts-de-France
POL003187,CLT01299,Auto,RC seule,2021-06-13,977,Active,Centre-Val de Loire
POL003188,CLT04469,Auto,RC seule,2022-09-08,919,Active,Normandie
POL003189,CLT03849,Habitation,Basique,2023-06-09,1289,Active,Île-de-France
POL003190,CLT03778,Habitation,Premium,2022-06-13,2764,Active,Normandie
POL003191,CLT02505,Auto,Tous risques,2022-09-16,2023,Active,Centre-Val de Loire
POL003192,CLT03789,Habitation,Basique,2023-02-10,1229,Active,Bretagne
POL003193,CLT00904,Auto,Tiers étendu,2022-09-22,1265,Active,Grand Est
POL003194,CLT04248,Santé,Équilibré,2021-11-17,1223,Active,Normandie
POL003195,CLT04681,Auto,Tous risques,2022-07-08,2015,Résiliée,Bretagne
POL003196,CLT00154,Habitation,Basique,2023-08-23,1198,Active,Bretagne
POL003197,CLT03431,Santé,Équilibré,2021-04-13,951,Active,Normandie
POL003198,CLT00078,Habitation,Confort,2022-12-27,1633,Active,Île-de-France
POL003199,CLT03915,Auto,RC seule,2021-12-10,917,Active,Bretagne
POL003200,CLT01134,Auto,RC seule,2021-11-11,890,Résiliée,Occitanie
POL003201,CLT01809,Auto,Tiers étendu,2021-04-19,1373,Active,Hauts-de-France
POL003202,CLT00693,Habitation,Basique,2021-05-01,1204,Résiliée,Île-de-France
POL003203,CLT02721,Auto,RC seule,2021-08-21,866,Active,Provence-Alpes-Côte d'Azur
POL003204,CLT01511,Santé,Essentiel,2021-05-15,648,Active,Occitanie
POL003205,CLT02690,Auto,Tous risques,2021-01-27,3111,Résiliée,Normandie
POL003206,CLT00539,Habitation,Basique,2024-06-04,1198,Active,Provence-Alpes-Côte d'Azur
POL003207,CLT01782,Santé,Équilibré,2022-07-13,1042,Active,Centre-Val de Loire
POL003208,CLT02509,Auto,Tiers étendu,2022-05-12,1481,Résiliée,Bretagne
POL003209,CLT02647,Habitation,Confort,2023-09-13,2069,Active,Hauts-de-France
POL003210,CLT00676,Santé,Essentiel,2024-05-03,696,Active,Provence-Alpes-Côte d'Azur
POL003211,CLT01383,Auto,Tous risques,2021-12-01,2278,Active,Occitanie
POL003212,CLT03810,Habitation,Basique,2022-10-27,1279,Active,Nouvelle-Aquitaine
POL003213,CLT01662,Auto,Tiers étendu,2024-03-22,1429,Active,Centre-Val de Loire
POL003214,CLT00456,Auto,Tous risques,2023-04-13,1965,Active,Grand Est
POL003215,CLT02554,Auto,Tiers étendu,2023-09-29,1408,Active,Grand Est
POL003216,CLT02662,Auto,Tiers étendu,2021-04-18,1180,Active,Hauts-de-France
POL003217,CLT02328,Auto,RC seule,2023-04-01,839,Active,Nouvelle-Aquitaine
POL003218,CLT04905,Auto,Tiers étendu,2021-05-06,1722,Active,Grand Est
POL003219,CLT03629,Santé,Complet,2022-07-03,1571,Résiliée,Nouvelle-Aquitaine
POL003220,CLT01841,Habitation,Basique,2022-04-19,1417,Active,Grand Est
POL003221,CLT03279,Habitation,Basique,2022-03-11,1424,Active,Île-de-France
POL003222,CLT04833,Santé,Complet,2022-12-12,1593,Active,Provence-Alpes-Côte d'Azur
POL003223,CLT03841,Habitation,Basique,2023-07-25,1371,Active,Auvergne-Rhône-Alpes
POL003224,CLT04186,Auto,RC seule,2021-02-10,910,Résiliée,Nouvelle-Aquitaine
POL003225,CLT01905,Auto,RC seule,2022-03-03,847,Active,Occitanie
POL003226,CLT01885,Auto,RC seule,2022-01-02,801,Active,Auvergne-Rhône-Alpes
POL003227,CLT03897,Santé,Essentiel,2024-03-13,723,Active,Grand Est
POL003228,CLT01564,Habitation,Confort,2021-04-23,1998,Active,Centre-Val de Loire
POL003229,CLT02842,Auto,Tous risques,2023-03-30,2908,Active,Normandie
POL003230,CLT02037,Santé,Essentiel,2021-02-28,734,Active,Centre-Val de Loire
POL003231,CLT00736,Auto,RC seule,2023-12-31,842,Résiliée,Centre-Val de Loire
POL003232,CLT00444,Santé,Complet,2022-07-01,1763,Active,Île-de-France
POL003233,CLT00429,Auto,RC seule,2022-09-05,907,Résiliée,Centre-Val de Loire
POL003234,CLT03222,Auto,RC seule,2024-06-25,1073,Active,Centre-Val de Loire
POL003235,CLT03050,Santé,Essentiel,2022-04-22,569,Active,Île-de-France
POL003236,CLT00292,Santé,Complet,2021-06-04,1309,Active,Bretagne
POL003237,CLT02044,Santé,Équilibré,2022-12-09,863,Résiliée,Grand Est
POL003238,CLT02862,Habitation,Basique,2022-09-28,1094,Active,Auvergne-Rhône-Alpes
POL003239,CLT02081,Santé,Complet,2024-06-16,1402,Active,Provence-Alpes-Côte d'Azur
POL003240,CLT03854,Auto,Tiers étendu,2022-10-06,1311,Active,Occitanie
POL003241,CLT00994,Santé,Essentiel,2022-04-18,701,Active,Grand Est
POL003242,CLT04219,Habitation,Basique,2022-07-23,1593,Active,Centre-Val de Loire
POL003243,CLT00143,Santé,Équilibré,2023-04-21,796,Active,Normandie
POL003244,CLT00610,Habitation,Premium,2023-01-17,3376,Résiliée,Occitanie
POL003245,CLT03544,Auto,RC seule,2021-01-02,880,Active,Bretagne
POL003246,CLT00600,Auto,RC seule,2021-04-23,963,Active,Nouvelle-Aquitaine
POL003247,CLT04607,Habitation,Confort,2023-01-05,1508,Active,Grand Est
POL003248,CLT03441,Habitation,Confort,2021-06-08,2057,Active,Bretagne
POL003249,CLT01768,Habitation,Confort,2023-11-01,1335,Active,Centre-Val de Loire
POL003250,CLT04857,Auto,RC seule,2022-08-06,952,Active,Grand Est
POL003251,CLT03421,Habitation,Premium,2022-03-20,2987,Active,Centre-Val de Loire
POL003252,CLT03978,Santé,Équilibré,2024-02-16,1069,Active,Hauts-de-France
POL003253,CLT04866,Auto,RC seule,2023-03-12,889,Active,Hauts-de-France
POL003254,CLT03162,Santé,Équilibré,2021-08-22,1149,Active,Île-de-France
POL003255,CLT04164,Habitation,Confort,2022-12-23,1992,Active,Île-de-France
POL003256,CLT02894,Santé,Complet,2021-04-04,1451,Suspendue,Île-de-France
POL003257,CLT00289,Habitation,Basique,2023-03-31,1304,Active,Occitanie
POL003258,CLT04394,Habitation,Basique,2021-12-27,1270,Active,Auvergne-Rhône-Alpes
POL003259,CLT00099,Habitation,Basique,2023-09-27,1428,Active,Centre-Val de Loire
POL003260,CLT00015,Habitation,Premium,2021-08-18,2872,Active,Hauts-de-France
POL003261,CLT02379,Auto,Tiers étendu,2023-07-28,1466,Active,Nouvelle-Aquitaine
POL003262,CLT03441,Auto,Tiers étendu,2022-04-03,1613,Active,Bretagne
POL003263,CLT00236,Santé,Essentiel,2023-03-31,607,Active,Auvergne-Rhône-Alpes
POL003264,CLT04264,Habitation,Confort,2024-03-12,1709,Active,Grand Est
POL003265,CLT02092,Auto,RC seule,2024-01-29,943,Active,Nouvelle-Aquitaine
POL003266,CLT03781,Santé,Essentiel,2023-09-12,732,Active,Nouvelle-Aquitaine
POL003267,CLT00290,Santé,Essentiel,2023-11-21,663,Active,Auvergne-Rhône-Alpes
POL003268,CLT03682,Auto,Tous risques,2022-11-23,2423,Active,Provence-Alpes-Côte d'Azur
POL003269,CLT00828,Auto,RC seule,2023-06-02,964,Active,Bretagne
POL003270,CLT04978,Habitation,Premium,2022-03-01,3295,Suspendue,Auvergne-Rhône-Alpes
POL003271,CLT02040,Santé,Essentiel,2021-04-10,643,Résiliée,Occitanie
POL003272,CLT03596,Auto,Tous risques,2021-02-03,2066,Active,Bretagne
POL003273,CLT01104,Auto,Tous risques,2022-12-10,2896,Active,Nouvelle-Aquitaine
POL003274,CLT01753,Auto,Tiers étendu,2023-09-04,1349,Active,Grand Est
POL003275,CLT01983,Auto,RC seule,2023-02-15,1103,Active,Bretagne
POL003276,CLT04565,Habitation,Confort,2021-11-26,2201,Résiliée,Auvergne-Rhône-Alpes
POL003277,CLT00883,Auto,Tiers étendu,2021-11-11,1542,Active,Nouvelle-Aquitaine
POL003278,CLT00848,Auto,Tiers étendu,2021-10-11,1171,Résiliée,Provence-Alpes-Côte d'Azur
POL003279,CLT02377,Auto,RC seule,2021-04-29,922,Suspendue,Nouvelle-Aquitaine
POL003280,CLT02424,Habitation,Basique,2021-03-16,1242,Active,Centre-Val de Loire
POL003281,CLT04802,Santé,Complet,2024-03-09,1380,Résiliée,Hauts-de-France
POL003282,CLT03289,Habitation,Basique,2023-11-11,1225,Active,Île-de-France
POL003283,CLT02539,Auto,RC seule,2021-01-28,1005,Active,Normandie
POL003284,CLT02311,Auto,RC seule,2021-05-02,883,Active,Normandie
POL003285,CLT04754,Auto,RC seule,2021-11-19,882,Active,Centre-Val de Loire
POL003286,CLT01852,Santé,Équilibré,2022-07-24,1010,Active,Grand Est
POL003287,CLT04655,Habitation,Confort,2022-10-06,2193,Suspendue,Auvergne-Rhône-Alpes
POL003288,CLT03386,Habitation,Basique,2024-06-22,1164,Active,Normandie
POL003289,CLT01595,Auto,Tiers étendu,2023-02-13,1176,Active,Occitanie
POL003290,CLT02760,Auto,Tous risques,2023-04-08,1791,Active,Occitanie
POL003291,CLT01360,Auto,RC seule,2022-04-05,1039,Résiliée,Occitanie
POL003292,CLT02351,Auto,RC seule,2023-08-17,853,Active,Auvergne-Rhône-Alpes
POL003293,CLT00837,Auto,RC seule,2023-01-26,1025,Active,Auvergne-Rhône-Alpes
POL003294,CLT00357,Santé,Essentiel,2023-11-24,507,Résiliée,Île-de-France
POL003295,CLT01360,Habitation,Confort,2021-01-25,1835,Active,Occitanie
POL003296,CLT03382,Auto,RC seule,2024-01-16,758,Résiliée,Auvergne-Rhône-Alpes
POL003297,CLT01473,Auto,RC seule,2023-12-16,955,Active,Nouvelle-Aquitaine
POL003298,CLT02257,Habitation,Confort,2024-04-10,2069,Active,Bretagne
POL003299,CLT01587,Auto,RC seule,2023-08-29,979,Active,Auvergne-Rhône-Alpes
POL003300,CLT02646,Santé,Complet,2022-08-01,1322,Active,Nouvelle-Aquitaine
POL003301,CLT01273,Auto,RC seule,2022-06-16,830,Active,Occitanie
POL003302,CLT01223,Auto,Tiers étendu,2023-03-16,1500,Active,Normandie
POL003303,CLT00578,Auto,Tiers étendu,2023-08-05,1065,Active,Provence-Alpes-Côte d'Azur
POL003304,CLT03007,Auto,Tous risques,2021-08-14,2381,Résiliée,Normandie
POL003305,CLT00259,Habitation,Basique,2023-02-19,1505,Active,Occitanie
POL003306,CLT00998,Santé,Complet,2024-05-22,1494,Active,Provence-Alpes-Côte d'Azur
POL003307,CLT04701,Auto,RC seule,2021-02-20,764,Active,Hauts-de-France
POL003308,CLT00758,Santé,Équilibré,2021-09-12,904,Résiliée,Provence-Alpes-Côte d'Azur
POL003309,CLT04753,Santé,Équilibré,2022-10-08,911,Résiliée,Grand Est
POL003310,CLT03100,Santé,Équilibré,2021-10-20,1381,Résiliée,Grand Est
POL003311,CLT03983,Auto,Tiers étendu,2022-03-09,1791,Active,Provence-Alpes-Côte d'Azur
POL003312,CLT00371,Auto,RC seule,2021-07-10,1035,Active,Occitanie
POL003313,CLT00572,Habitation,Basique,2024-02-26,1264,Active,Provence-Alpes-Côte d'Azur
POL003314,CLT02557,Auto,Tous risques,2021-06-25,2628,Active,Provence-Alpes-Côte d'Azur
POL003315,CLT01897,Auto,Tiers étendu,2023-07-01,1261,Résiliée,Centre-Val de Loire
POL003316,CLT00019,Auto,Tiers étendu,2023-10-26,1764,Active,Centre-Val de Loire
POL003317,CLT00012,Habitation,Basique,2021-04-08,1348,Résiliée,Occitanie
POL003318,CLT03166,Habitation,Basique,2023-10-28,1240,Active,Hauts-de-France
POL003319,CLT01743,Auto,RC seule,2022-06-22,1043,Résiliée,Bretagne
POL003320,CLT02898,Habitation,Basique,2022-10-07,1141,Active,Normandie
POL003321,CLT01250,Habitation,Confort,2023-08-26,1632,Active,Bretagne
POL003322,CLT00448,Habitation,Basique,2022-04-01,1388,Active,Normandie
POL003323,CLT03685,Auto,Tiers étendu,2024-04-04,1426,Active,Provence-Alpes-Côte d'Azur
POL003324,CLT04303,Auto,Tiers étendu,2022-04-16,1605,Active,Hauts-de-France
POL003325,CLT00873,Habitation,Basique,2024-06-13,1522,Active,Normandie
POL003326,CLT01523,Santé,Équilibré,2022-09-08,917,Active,Centre-Val de Loire
POL003327,CLT03157,Auto,RC seule,2023-07-13,885,Active,Centre-Val de Loire
POL003328,CLT00536,Habitation,Confort,2022-12-14,2252,Active,Centre-Val de Loire
POL003329,CLT03249,Auto,Tiers étendu,2021-03-16,1542,Active,Hauts-de-France
POL003330,CLT04374,Habitation,Confort,2022-08-28,1629,Active,Île-de-France
POL003331,CLT00776,Auto,RC seule,2021-03-18,790,Active,Bretagne
POL003332,CLT02365,Auto,RC seule,2022-08-19,875,Résiliée,Normandie
POL003333,CLT03277,Habitation,Basique,2024-02-24,1136,Active,Normandie
POL003334,CLT04784,Santé,Équilibré,2023-11-08,1041,Active,Nouvelle-Aquitaine
POL003335,CLT00569,Habitation,Premium,2022-05-20,2911,Active,Normandie
POL003336,CLT00873,Auto,RC seule,2023-07-23,964,Active,Normandie
POL003337,CLT00033,Habitation,Confort,2022-03-31,1679,Active,Provence-Alpes-Côte d'Azur
POL003338,CLT02566,Habitation,Basique,2022-02-09,1192,Résiliée,Grand Est
POL003339,CLT00303,Auto,RC seule,2021-06-01,661,Active,Auvergne-Rhône-Alpes
POL003340,CLT04701,Habitation,Confort,2021-04-17,1947,Suspendue,Hauts-de-France
POL003341,CLT02278,Habitation,Basique,2021-07-10,1394,Active,Auvergne-Rhône-Alpes
POL003342,CLT02407,Auto,Tous risques,2023-01-01,1883,Active,Normandie
POL003343,CLT04849,Auto,RC seule,2022-04-21,991,Active,Nouvelle-Aquitaine
POL003344,CLT04252,Auto,Tiers étendu,2023-04-14,1300,Suspendue,Auvergne-Rhône-Alpes
POL003345,CLT02806,Auto,RC seule,2024-03-08,999,Suspendue,Auvergne-Rhône-Alpes
POL003346,CLT03933,Habitation,Basique,2022-03-09,1247,Active,Auvergne-Rhône-Alpes
POL003347,CLT02951,Auto,RC seule,2021-04-24,977,Active,Centre-Val de Loire
POL003348,CLT04798,Habitation,Basique,2023-04-08,1296,Suspendue,Normandie
POL003349,CLT01757,Habitation,Confort,2024-06-10,2267,Active,Provence-Alpes-Côte d'Azur
POL003350,CLT03739,Auto,Tous risques,2022-03-20,2500,Suspendue,Normandie
POL003351,CLT02486,Habitation,Confort,2021-11-13,1735,Active,Hauts-de-France
POL003352,CLT04058,Habitation,Basique,2022-02-06,1292,Active,Centre-Val de Loire
POL003353,CLT04589,Santé,Complet,2023-02-10,1442,Résiliée,Occitanie
POL003354,CLT01996,Santé,Essentiel,2023-09-09,637,Active,Bretagne
POL003355,CLT03179,Habitation,Confort,2022-06-19,1700,Active,Normandie
POL003356,CLT01978,Auto,RC seule,2021-09-12,828,Résiliée,Centre-Val de Loire
POL003357,CLT03946,Santé,Essentiel,2021-03-10,630,Active,Centre-Val de Loire
POL003358,CLT02993,Auto,Tiers étendu,2023-09-06,1415,Résiliée,Nouvelle-Aquitaine
POL003359,CLT02617,Habitation,Basique,2021-09-06,1464,Active,Provence-Alpes-Côte d'Azur
POL003360,CLT02778,Auto,Tiers étendu,2024-04-18,1333,Active,Bretagne
POL003361,CLT01540,Santé,Essentiel,2022-06-23,409,Active,Île-de-France
POL003362,CLT03283,Auto,Tiers étendu,2024-05-05,1373,Active,Normandie
POL003363,CLT00833,Santé,Équilibré,2022-11-03,774,Active,Île-de-France
POL003364,CLT00041,Santé,Essentiel,2022-05-02,693,Active,Nouvelle-Aquitaine
POL003365,CLT01084,Habitation,Premium,2021-07-22,2229,Active,Nouvelle-Aquitaine
POL003366,CLT03237,Auto,Tiers étendu,2021-11-06,1255,Active,Centre-Val de Loire
POL003367,CLT01034,Habitation,Premium,2021-04-23,2669,Active,Provence-Alpes-Côte d'Azur
POL003368,CLT01423,Auto,RC seule,2021-04-09,1154,Active,Bretagne
POL003369,CLT00911,Habitation,Confort,2021-06-20,1616,Résiliée,Provence-Alpes-Côte d'Azur
POL003370,CLT03475,Auto,RC seule,2024-04-13,948,Active,Provence-Alpes-Côte d'Azur
POL003371,CLT04603,Auto,RC seule,2024-06-30,972,Active,Grand Est
POL003372,CLT00671,Auto,RC seule,2022-04-19,1081,Active,Grand Est
POL003373,CLT04556,Habitation,Confort,2022-01-31,2130,Active,Île-de-France
POL003374,CLT02482,Habitation,Basique,2024-03-19,1466,Active,Centre-Val de Loire
POL003375,CLT04594,Santé,Équilibré,2022-02-07,1213,Active,Nouvelle-Aquitaine
POL003376,CLT01787,Auto,RC seule,2022-06-22,804,Active,Île-de-France
POL003377,CLT04046,Habitation,Premium,2023-08-13,3078,Résiliée,Occitanie
POL003378,CLT02008,Habitation,Confort,2023-01-14,2059,Suspendue,Grand Est
POL003379,CLT03433,Auto,RC seule,2021-05-28,817,Active,Auvergne-Rhône-Alpes
POL003380,CLT04345,Habitation,Premium,2021-02-12,2699,Active,Bretagne
POL003381,CLT00669,Habitation,Premium,2022-08-12,2587,Active,Nouvelle-Aquitaine
POL003382,CLT03150,Auto,Tiers étendu,2022-04-03,1640,Résiliée,Occitanie
POL003383,CLT01275,Auto,RC seule,2021-08-27,894,Active,Hauts-de-France
POL003384,CLT03575,Habitation,Confort,2022-01-23,1815,Active,Île-de-France
POL003385,CLT04993,Habitation,Confort,2023-08-06,1560,Active,Hauts-de-France
POL003386,CLT00123,Santé,Essentiel,2024-03-28,619,Active,Île-de-France
POL003387,CLT04683,Habitation,Confort,2022-12-05,1758,Active,Hauts-de-France
POL003388,CLT04372,Auto,Tous risques,2023-04-04,2292,Résiliée,Hauts-de-France
POL003389,CLT00834,Auto,Tous risques,2022-05-08,1871,Active,Grand Est
POL003390,CLT02131,Habitation,Confort,2022-10-20,1878,Résiliée,Occitanie
POL003391,CLT01356,Santé,Essentiel,2024-06-13,570,Active,Nouvelle-Aquitaine
POL003392,CLT02108,Auto,Tiers étendu,2022-07-25,1191,Active,Île-de-France
POL003393,CLT02035,Santé,Équilibré,2023-05-30,817,Active,Occitanie
POL003394,CLT04442,Auto,RC seule,2021-08-26,831,Active,Centre-Val de Loire
POL003395,CLT01824,Auto,Tiers étendu,2021-02-19,1380,Active,Hauts-de-France
POL003396,CLT04258,Auto,Tiers étendu,2023-09-08,1450,Active,Occitanie
POL003397,CLT02736,Auto,RC seule,2021-04-25,966,Active,Bretagne
POL003398,CLT03184,Habitation,Basique,2023-09-14,1347,Active,Provence-Alpes-Côte d'Azur
POL003399,CLT04996,Auto,Tous risques,2024-03-27,2174,Active,Île-de-France
POL003400,CLT01245,Auto,Tiers étendu,2023-03-11,1799,Résiliée,Provence-Alpes-Côte d'Azur
POL003401,CLT03834,Auto,Tiers étendu,2023-03-24,1372,Active,Normandie
POL003402,CLT00185,Auto,RC seule,2023-11-08,997,Active,Occitanie
POL003403,CLT04385,Habitation,Basique,2022-10-17,1178,Active,Hauts-de-France
POL003404,CLT04829,Habitation,Confort,2022-04-11,1899,Active,Nouvelle-Aquitaine
POL003405,CLT04680,Auto,Tous risques,2023-09-29,2317,Résiliée,Centre-Val de Loire
POL003406,CLT02588,Habitation,Basique,2021-10-27,1279,Active,Hauts-de-France
POL003407,CLT03699,Auto,RC seule,2021-05-12,918,Active,Nouvelle-Aquitaine
POL003408,CLT01775,Santé,Complet,2023-07-23,1798,Active,Normandie
POL003409,CLT04323,Auto,Tous risques,2023-03-16,1961,Résiliée,Centre-Val de Loire
POL003410,CLT03794,Santé,Essentiel,2021-11-25,449,Active,Hauts-de-France
POL003411,CLT04552,Auto,Tous risques,2022-02-25,1873,Active,Hauts-de-France
POL003412,CLT00119,Habitation,Basique,2022-05-26,1405,Active,Grand Est
POL003413,CLT04163,Habitation,Confort,2021-12-07,1817,Active,Normandie
POL003414,CLT04577,Auto,Tiers étendu,2021-12-17,1476,Active,Hauts-de-France
POL003415,CLT00323,Santé,Équilibré,2023-12-05,876,Active,Normandie
POL003416,CLT00682,Auto,Tiers étendu,2023-05-25,1417,Suspendue,Nouvelle-Aquitaine
POL003417,CLT02381,Habitation,Basique,2021-01-06,1138,Active,Île-de-France
POL003418,CLT00054,Auto,Tiers étendu,2021-02-16,1230,Active,Grand Est
POL003419,CLT01129,Habitation,Basique,2021-05-23,1143,Active,Grand Est
POL003420,CLT01313,Habitation,Confort,2022-03-05,1960,Active,Bretagne
POL003421,CLT02673,Auto,Tiers étendu,2022-11-02,1597,Active,Hauts-de-France
POL003422,CLT00749,Habitation,Basique,2023-01-15,1321,Résiliée,Provence-Alpes-Côte d'Azur
POL003423,CLT00266,Habitation,Confort,2024-01-07,1407,Active,Nouvelle-Aquitaine
POL003424,CLT01056,Auto,Tous risques,2022-03-02,2406,Active,Occitanie
POL003425,CLT00106,Auto,RC seule,2023-07-15,879,Active,Nouvelle-Aquitaine
POL003426,CLT01972,Auto,RC seule,2023-12-20,805,Active,Centre-Val de Loire
POL003427,CLT01560,Habitation,Confort,2022-07-17,1898,Active,Bretagne
POL003428,CLT03743,Auto,RC seule,2021-08-23,895,Suspendue,Provence-Alpes-Côte d'Azur
POL003429,CLT04696,Auto,Tous risques,2021-03-03,2390,Résiliée,Auvergne-Rhône-Alpes
POL003430,CLT00917,Santé,Équilibré,2022-03-29,1106,Active,Île-de-France
POL003431,CLT03493,Habitation,Premium,2023-08-24,2929,Active,Auvergne-Rhône-Alpes
POL003432,CLT02504,Auto,RC seule,2021-01-03,1030,Active,Centre-Val de Loire
POL003433,CLT02282,Santé,Essentiel,2021-02-08,379,Active,Nouvelle-Aquitaine
POL003434,CLT03571,Auto,Tiers étendu,2021-01-09,1450,Active,Bretagne
POL003435,CLT04478,Auto,Tous risques,2022-11-10,1631,Active,Provence-Alpes-Côte d'Azur
POL003436,CLT00818,Auto,Tiers étendu,2023-10-01,1307,Active,Grand Est
POL003437,CLT01170,Habitation,Confort,2021-12-15,2075,Active,Occitanie
POL003438,CLT04804,Auto,RC seule,2023-01-05,760,Active,Grand Est
POL003439,CLT00149,Habitation,Premium,2023-04-16,2267,Active,Grand Est
POL003440,CLT03406,Auto,Tiers étendu,2022-02-04,1967,Active,Provence-Alpes-Côte d'Azur
POL003441,CLT01331,Habitation,Basique,2022-05-16,1110,Active,Provence-Alpes-Côte d'Azur
POL003442,CLT01091,Habitation,Premium,2021-04-09,3649,Active,Auvergne-Rhône-Alpes
POL003443,CLT04492,Auto,Tiers étendu,2023-07-01,1480,Active,Occitanie
POL003444,CLT01926,Auto,RC seule,2021-04-28,882,Résiliée,Auvergne-Rhône-Alpes
POL003445,CLT02508,Habitation,Confort,2022-11-28,2149,Active,Grand Est
POL003446,CLT01626,Habitation,Basique,2021-08-07,1404,Active,Normandie
POL003447,CLT02701,Habitation,Premium,2022-10-17,2466,Active,Île-de-France
POL003448,CLT03567,Santé,Équilibré,2024-01-18,966,Active,Auvergne-Rhône-Alpes
POL003449,CLT01452,Auto,RC seule,2023-07-01,1061,Active,Auvergne-Rhône-Alpes
POL003450,CLT04814,Auto,RC seule,2022-06-06,937,Résiliée,Normandie
POL003451,CLT02939,Santé,Équilibré,2023-11-06,1229,Active,Auvergne-Rhône-Alpes
POL003452,CLT04858,Habitation,Premium,2023-06-04,3015,Active,Hauts-de-France
POL003453,CLT02536,Santé,Essentiel,2024-06-01,849,Suspendue,Centre-Val de Loire
POL003454,CLT01804,Auto,Tiers étendu,2022-08-28,1665,Active,Normandie
POL003455,CLT02986,Habitation,Basique,2022-10-30,1300,Active,Occitanie
POL003456,CLT02889,Habitation,Confort,2023-07-01,1894,Active,Grand Est
POL003457,CLT04975,Santé,Essentiel,2022-01-21,589,Active,Grand Est
POL003458,CLT04854,Habitation,Basique,2022-09-18,1371,Active,Grand Est
POL003459,CLT03832,Auto,RC seule,2022-05-28,950,Active,Centre-Val de Loire
POL003460,CLT00853,Auto,RC seule,2024-01-31,1059,Active,Grand Est
POL003461,CLT02922,Santé,Équilibré,2021-03-21,1239,Active,Auvergne-Rhône-Alpes
POL003462,CLT00894,Santé,Équilibré,2021-12-10,1071,Active,Grand Est
POL003463,CLT01681,Auto,Tiers étendu,2024-05-03,1504,Active,Nouvelle-Aquitaine
POL003464,CLT00498,Auto,Tiers étendu,2022-07-12,1218,Active,Hauts-de-France
POL003465,CLT00577,Auto,Tiers étendu,2024-03-29,1322,Résiliée,Île-de-France
POL003466,CLT04807,Habitation,Basique,2023-10-13,1330,Active,Provence-Alpes-Côte d'Azur
POL003467,CLT00867,Habitation,Confort,2024-03-17,2162,Active,Auvergne-Rhône-Alpes
POL003468,CLT03926,Habitation,Premium,2024-05-02,2029,Active,Nouvelle-Aquitaine
POL003469,CLT00862,Habitation,Premium,2023-03-18,2667,Résiliée,Hauts-de-France
POL003470,CLT01805,Auto,Tiers étendu,2024-01-13,1462,Résiliée,Centre-Val de Loire
POL003471,CLT02890,Santé,Essentiel,2023-01-19,521,Active,Provence-Alpes-Côte d'Azur
POL003472,CLT04595,Santé,Équilibré,2023-11-16,859,Active,Normandie
POL003473,CLT04474,Habitation,Basique,2022-04-26,1284,Suspendue,Bretagne
POL003474,CLT03830,Auto,RC seule,2024-03-10,1101,Active,Bretagne
POL003475,CLT00034,Habitation,Confort,2022-08-06,1322,Active,Bretagne
POL003476,CLT02435,Habitation,Basique,2022-06-02,1246,Résiliée,Île-de-France
POL003477,CLT02538,Auto,Tous risques,2021-03-30,2573,Active,Île-de-France
POL003478,CLT04764,Santé,Essentiel,2023-05-23,693,Active,Auvergne-Rhône-Alpes
POL003479,CLT02813,Auto,RC seule,2023-07-15,992,Résiliée,Bretagne
POL003480,CLT04654,Auto,RC seule,2022-06-15,1135,Active,Île-de-France
POL003481,CLT04750,Habitation,Confort,2024-06-05,1837,Active,Bretagne
POL003482,CLT04651,Habitation,Confort,2024-05-26,2199,Active,Île-de-France
POL003483,CLT04689,Santé,Essentiel,2022-10-06,559,Active,Normandie
POL003484,CLT01827,Santé,Équilibré,2023-05-04,1019,Active,Normandie
POL003485,CLT04524,Auto,Tiers étendu,2022-09-26,1160,Suspendue,Nouvelle-Aquitaine
POL003486,CLT01787,Santé,Équilibré,2023-09-29,1188,Résiliée,Île-de-France
POL003487,CLT01725,Auto,Tiers étendu,2021-07-20,1380,Résiliée,Bretagne
POL003488,CLT03818,Habitation,Basique,2022-01-31,1280,Active,Centre-Val de Loire
POL003489,CLT00210,Habitation,Basique,2023-11-07,1156,Active,Bretagne
POL003490,CLT03178,Habitation,Basique,2022-02-09,1291,Active,Grand Est
POL003491,CLT04105,Auto,RC seule,2022-01-23,1088,Active,Île-de-France
POL003492,CLT04816,Habitation,Basique,2024-02-10,1115,Active,Grand Est
POL003493,CLT00355,Habitation,Basique,2021-10-11,1202,Résiliée,Provence-Alpes-Côte d'Azur
POL003494,CLT03217,Auto,RC seule,2022-05-03,945,Active,Grand Est
POL003495,CLT02712,Santé,Essentiel,2023-07-12,716,Active,Hauts-de-France
POL003496,CLT04868,Habitation,Basique,2021-09-20,1518,Active,Provence-Alpes-Côte d'Azur
POL003497,CLT03950,Habitation,Basique,2024-06-08,1249,Active,Nouvelle-Aquitaine
POL003498,CLT00274,Habitation,Confort,2022-10-05,2116,Active,Normandie
POL003499,CLT03699,Santé,Essentiel,2021-11-01,448,Active,Nouvelle-Aquitaine
POL003500,CLT03368,Auto,RC seule,2022-02-03,1147,Active,Occitanie
POL003501,CLT02533,Auto,Tous risques,2023-01-09,2569,Active,Nouvelle-Aquitaine
POL003502,CLT03852,Habitation,Basique,2021-11-24,1220,Active,Bretagne
POL003503,CLT04618,Auto,Tiers étendu,2021-07-10,1384,Résiliée,Bretagne
POL003504,CLT01209,Habitation,Confort,2021-01-30,1592,Résiliée,Provence-Alpes-Côte d'Azur
POL003505,CLT02662,Auto,Tiers étendu,2021-07-31,1276,Résiliée,Hauts-de-France
POL003506,CLT01384,Santé,Complet,2024-01-14,1996,Active,Occitanie
POL003507,CLT00217,Auto,RC seule,2023-05-09,892,Active,Provence-Alpes-Côte d'Azur
POL003508,CLT02890,Auto,RC seule,2022-06-10,794,Active,Provence-Alpes-Côte d'Azur
POL003509,CLT02653,Santé,Essentiel,2022-11-13,531,Active,Provence-Alpes-Côte d'Azur
POL003510,CLT03342,Auto,RC seule,2021-01-14,815,Active,Bretagne
POL003511,CLT03992,Habitation,Confort,2022-10-01,1917,Résiliée,Île-de-France
POL003512,CLT01773,Auto,RC seule,2023-04-20,1033,Résiliée,Nouvelle-Aquitaine
POL003513,CLT01571,Habitation,Confort,2022-06-23,1736,Active,Bretagne
POL003514,CLT03368,Auto,Tiers étendu,2022-05-16,1131,Active,Occitanie
POL003515,CLT03089,Habitation,Premium,2021-10-19,2937,Résiliée,Hauts-de-France
POL003516,CLT03475,Santé,Équilibré,2022-01-12,1022,Résiliée,Provence-Alpes-Côte d'Azur
POL003517,CLT01506,Auto,Tiers étendu,2023-02-07,1683,Résiliée,Auvergne-Rhône-Alpes
POL003518,CLT00192,Auto,Tiers étendu,2024-05-25,1388,Active,Normandie
POL003519,CLT03787,Auto,Tiers étendu,2022-11-29,1410,Active,Bretagne
POL003520,CLT01415,Auto,RC seule,2022-03-04,905,Active,Provence-Alpes-Côte d'Azur
POL003521,CLT00272,Habitation,Confort,2021-12-02,1904,Résiliée,Île-de-France
POL003522,CLT03133,Auto,RC seule,2022-02-01,935,Active,Nouvelle-Aquitaine
POL003523,CLT01895,Habitation,Confort,2021-05-29,1749,Active,Occitanie
POL003524,CLT01291,Habitation,Basique,2024-06-02,983,Active,Hauts-de-France
POL003525,CLT00021,Santé,Essentiel,2023-09-11,551,Active,Hauts-de-France
POL003526,CLT01420,Santé,Essentiel,2021-04-24,673,Résiliée,Nouvelle-Aquitaine
POL003527,CLT01032,Santé,Équilibré,2023-08-07,1161,Active,Hauts-de-France
POL003528,CLT02292,Auto,Tous risques,2022-10-09,2181,Active,Provence-Alpes-Côte d'Azur
POL003529,CLT04585,Auto,Tiers étendu,2024-01-02,1806,Résiliée,Île-de-France
POL003530,CLT01365,Santé,Complet,2021-05-08,1497,Active,Hauts-de-France
POL003531,CLT01235,Auto,Tiers étendu,2021-02-22,1237,Résiliée,Nouvelle-Aquitaine
POL003532,CLT01372,Auto,Tiers étendu,2021-04-19,1096,Résiliée,Centre-Val de Loire
POL003533,CLT02120,Auto,Tiers étendu,2023-10-28,1755,Active,Hauts-de-France
POL003534,CLT01126,Habitation,Basique,2023-04-17,1163,Active,Grand Est
POL003535,CLT04652,Auto,Tiers étendu,2021-02-09,1227,Active,Bretagne
POL003536,CLT02174,Auto,Tiers étendu,2022-06-11,950,Résiliée,Île-de-France
POL003537,CLT02807,Auto,Tiers étendu,2023-07-17,1393,Active,Nouvelle-Aquitaine
POL003538,CLT02053,Habitation,Confort,2024-01-04,2071,Active,Occitanie
POL003539,CLT03617,Auto,Tiers étendu,2024-05-26,1323,Active,Île-de-France
POL003540,CLT02606,Habitation,Confort,2021-04-19,1589,Suspendue,Hauts-de-France
POL003541,CLT00708,Auto,Tiers étendu,2023-10-22,1293,Active,Grand Est
POL003542,CLT01255,Habitation,Basique,2023-12-06,1440,Active,Centre-Val de Loire
POL003543,CLT04905,Auto,Tous risques,2021-10-28,1819,Résiliée,Grand Est
POL003544,CLT00584,Habitation,Premium,2022-06-11,2561,Active,Bretagne
POL003545,CLT00220,Auto,RC seule,2023-10-07,1109,Active,Normandie
POL003546,CLT04227,Santé,Essentiel,2023-03-04,663,Active,Bretagne
POL003547,CLT03259,Habitation,Basique,2022-02-17,1273,Active,Centre-Val de Loire
POL003548,CLT03289,Auto,Tous risques,2024-03-28,1978,Résiliée,Île-de-France
POL003549,CLT00526,Auto,Tiers étendu,2022-01-26,1410,Résiliée,Provence-Alpes-Côte d'Azur
POL003550,CLT01428,Habitation,Premium,2021-10-01,2604,Active,Centre-Val de Loire
POL003551,CLT02958,Auto,RC seule,2022-07-08,838,Active,Grand Est
POL003552,CLT03268,Habitation,Basique,2024-05-21,1191,Active,Provence-Alpes-Côte d'Azur
POL003553,CLT04558,Habitation,Confort,2023-12-06,2067,Active,Centre-Val de Loire
POL003554,CLT00971,Habitation,Confort,2023-03-31,1861,Active,Normandie
POL003555,CLT00842,Auto,RC seule,2023-08-16,1026,Active,Île-de-France
POL003556,CLT00450,Habitation,Basique,2022-08-07,1239,Active,Centre-Val de Loire
POL003557,CLT03479,Santé,Équilibré,2023-06-26,1090,Active,Normandie
POL003558,CLT03712,Habitation,Confort,2022-08-25,1804,Active,Auvergne-Rhône-Alpes
POL003559,CLT00440,Auto,RC seule,2021-03-13,871,Résiliée,Bretagne
POL003560,CLT04675,Santé,Essentiel,2023-08-19,520,Active,Centre-Val de Loire
POL003561,CLT00870,Habitation,Confort,2021-02-27,1484,Active,Provence-Alpes-Côte d'Azur
POL003562,CLT00097,Auto,RC seule,2022-08-15,791,Active,Grand Est
POL003563,CLT01340,Habitation,Premium,2022-04-16,2661,Active,Auvergne-Rhône-Alpes
POL003564,CLT01439,Auto,RC seule,2021-12-19,709,Active,Auvergne-Rhône-Alpes
POL003565,CLT03856,Auto,Tiers étendu,2024-05-20,1126,Active,Bretagne
POL003566,CLT03775,Habitation,Confort,2022-11-15,2200,Active,Centre-Val de Loire
POL003567,CLT04909,Auto,Tiers étendu,2023-07-14,1536,Active,Hauts-de-France
POL003568,CLT02085,Santé,Essentiel,2021-11-06,570,Active,Nouvelle-Aquitaine
POL003569,CLT02113,Habitation,Basique,2022-07-31,1616,Active,Nouvelle-Aquitaine
POL003570,CLT02329,Auto,Tous risques,2022-03-09,1631,Active,Occitanie
POL003571,CLT00323,Santé,Complet,2023-01-21,1859,Active,Normandie
POL003572,CLT01538,Auto,Tous risques,2024-06-08,2167,Active,Bretagne
POL003573,CLT03639,Habitation,Premium,2023-03-21,3188,Active,Hauts-de-France
POL003574,CLT04981,Auto,Tiers étendu,2023-02-11,1511,Active,Île-de-France
POL003575,CLT00040,Santé,Essentiel,2023-10-14,417,Active,Île-de-France
POL003576,CLT03751,Auto,Tiers étendu,2023-01-14,1423,Active,Bretagne
POL003577,CLT03203,Habitation,Basique,2022-07-13,1349,Active,Hauts-de-France
POL003578,CLT00286,Habitation,Basique,2022-11-23,928,Active,Hauts-de-France
POL003579,CLT01401,Auto,RC seule,2022-12-30,1202,Active,Île-de-France
POL003580,CLT02176,Auto,Tiers étendu,2024-03-28,1678,Active,Hauts-de-France
POL003581,CLT01713,Auto,RC seule,2022-05-14,1016,Active,Bretagne
POL003582,CLT03616,Habitation,Basique,2021-08-27,1028,Active,Provence-Alpes-Côte d'Azur
POL003583,CLT00465,Santé,Équilibré,2021-05-26,1155,Suspendue,Île-de-France
POL003584,CLT02051,Auto,Tiers étendu,2023-11-14,1626,Active,Centre-Val de Loire
POL003585,CLT02634,Habitation,Premium,2021-06-06,3114,Active,Grand Est
POL003586,CLT04726,Auto,Tiers étendu,2022-03-06,1428,Active,Provence-Alpes-Côte d'Azur
POL003587,CLT03719,Habitation,Basique,2022-07-18,1171,Active,Île-de-France
POL003588,CLT04358,Auto,Tous risques,2021-11-16,2130,Active,Grand Est
POL003589,CLT03430,Auto,RC seule,2023-10-12,854,Active,Nouvelle-Aquitaine
POL003590,CLT01100,Auto,Tous risques,2022-08-31,2485,Active,Nouvelle-Aquitaine
POL003591,CLT01344,Santé,Équilibré,2023-09-19,855,Résiliée,Auvergne-Rhône-Alpes
POL003592,CLT04490,Santé,Équilibré,2021-10-16,1094,Suspendue,Occitanie
POL003593,CLT02310,Habitation,Confort,2024-05-31,1679,Active,Bretagne
POL003594,CLT02295,Auto,RC seule,2022-08-27,871,Active,Grand Est
POL003595,CLT02031,Santé,Complet,2023-09-14,1856,Active,Île-de-France
POL003596,CLT02065,Habitation,Premium,2022-01-05,2641,Active,Bretagne
POL003597,CLT03521,Auto,RC seule,2022-11-20,1054,Active,Provence-Alpes-Côte d'Azur
POL003598,CLT02224,Auto,RC seule,2022-01-06,969,Active,Provence-Alpes-Côte d'Azur
POL003599,CLT03506,Habitation,Confort,2024-06-21,1787,Active,Normandie
POL003600,CLT04439,Habitation,Premium,2022-11-09,3586,Active,Centre-Val de Loire
POL003601,CLT02699,Habitation,Premium,2022-08-27,2983,Suspendue,Bretagne
POL003602,CLT01931,Auto,RC seule,2024-06-04,1162,Résiliée,Auvergne-Rhône-Alpes
POL003603,CLT01116,Habitation,Confort,2022-03-13,2291,Active,Occitanie
POL003604,CLT00027,Habitation,Premium,2023-06-10,2711,Active,Grand Est
POL003605,CLT03717,Auto,Tous risques,2024-04-05,2433,Active,Nouvelle-Aquitaine
POL003606,CLT03088,Santé,Équilibré,2021-02-25,961,Active,Occitanie
POL003607,CLT02284,Santé,Équilibré,2022-08-27,881,Active,Nouvelle-Aquitaine
POL003608,CLT01986,Auto,Tous risques,2022-12-17,2246,Active,Bretagne
POL003609,CLT00573,Santé,Équilibré,2023-04-04,783,Active,Normandie
POL003610,CLT01084,Habitation,Basique,2021-05-08,1108,Suspendue,Nouvelle-Aquitaine
POL003611,CLT03813,Auto,Tiers étendu,2024-06-10,1653,Active,Provence-Alpes-Côte d'Azur
POL003612,CLT00248,Santé,Complet,2021-07-29,1407,Active,Normandie
POL003613,CLT01076,Habitation,Confort,2022-09-06,2104,Active,Occitanie
POL003614,CLT00434,Auto,Tiers étendu,2021-12-27,1508,Résiliée,Centre-Val de Loire
POL003615,CLT04031,Auto,Tiers étendu,2021-11-28,1866,Active,Bretagne
POL003616,CLT03741,Santé,Essentiel,2022-01-21,667,Résiliée,Hauts-de-France
POL003617,CLT00862,Auto,RC seule,2024-01-19,1071,Active,Hauts-de-France
POL003618,CLT04027,Habitation,Basique,2023-09-27,1306,Active,Grand Est
POL003619,CLT00390,Santé,Équilibré,2022-10-16,1088,Active,Occitanie
POL003620,CLT02448,Auto,Tous risques,2022-11-10,2881,Active,Bretagne
POL003621,CLT03086,Auto,Tiers étendu,2022-08-31,1564,Active,Nouvelle-Aquitaine
POL003622,CLT00236,Auto,Tous risques,2023-12-06,2464,Active,Auvergne-Rhône-Alpes
POL003623,CLT01143,Auto,RC seule,2023-12-08,1009,Active,Île-de-France
POL003624,CLT03124,Auto,RC seule,2022-10-10,1062,Résiliée,Centre-Val de Loire
POL003625,CLT02233,Auto,Tous risques,2024-05-25,2050,Active,Provence-Alpes-Côte d'Azur
POL003626,CLT02541,Auto,Tiers étendu,2021-11-17,1278,Suspendue,Occitanie
POL003627,CLT04364,Santé,Équilibré,2021-03-15,1319,Active,Normandie
POL003628,CLT00365,Auto,Tiers étendu,2021-12-10,1969,Résiliée,Hauts-de-France
POL003629,CLT04427,Habitation,Premium,2021-07-06,2474,Active,Auvergne-Rhône-Alpes
POL003630,CLT01373,Auto,RC seule,2021-02-04,930,Active,Auvergne-Rhône-Alpes
POL003631,CLT03544,Santé,Équilibré,2022-08-24,1203,Active,Bretagne
POL003632,CLT03626,Santé,Équilibré,2024-01-22,1099,Active,Centre-Val de Loire
POL003633,CLT03502,Santé,Équilibré,2022-11-24,1115,Active,Auvergne-Rhône-Alpes
POL003634,CLT01180,Habitation,Confort,2021-03-01,2083,Active,Centre-Val de Loire
POL003635,CLT01226,Auto,Tous risques,2023-09-17,2217,Active,Occitanie
POL003636,CLT01856,Santé,Équilibré,2021-06-13,1050,Résiliée,Provence-Alpes-Côte d'Azur
POL003637,CLT00060,Auto,Tiers étendu,2022-04-12,1566,Résiliée,Grand Est
POL003638,CLT02179,Habitation,Basique,2023-01-25,1120,Active,Normandie
POL003639,CLT02803,Santé,Essentiel,2021-09-22,635,Résiliée,Normandie
POL003640,CLT03711,Habitation,Confort,2021-03-16,2183,Active,Centre-Val de Loire
POL003641,CLT02709,Auto,Tiers étendu,2024-04-11,1337,Active,Nouvelle-Aquitaine
POL003642,CLT00499,Santé,Complet,2022-03-28,1654,Active,Nouvelle-Aquitaine
POL003643,CLT01037,Auto,RC seule,2023-07-07,956,Résiliée,Bretagne
POL003644,CLT00186,Auto,RC seule,2022-06-06,1001,Active,Normandie
POL003645,CLT01249,Auto,RC seule,2023-04-21,1012,Active,Provence-Alpes-Côte d'Azur
POL003646,CLT01827,Santé,Complet,2023-07-28,1371,Active,Normandie
POL003647,CLT02402,Auto,Tiers étendu,2024-02-17,1751,Active,Provence-Alpes-Côte d'Azur
POL003648,CLT00567,Auto,Tiers étendu,2022-08-08,1698,Active,Occitanie
POL003649,CLT03771,Auto,RC seule,2022-12-05,789,Active,Normandie
POL003650,CLT00084,Auto,Tous risques,2023-11-21,2928,Active,Auvergne-Rhône-Alpes
POL003651,CLT02168,Habitation,Confort,2022-04-13,1972,Active,Auvergne-Rhône-Alpes
POL003652,CLT01461,Habitation,Basique,2021-11-30,1114,Active,Nouvelle-Aquitaine
POL003653,CLT04934,Auto,Tiers étendu,2023-06-16,1692,Active,Provence-Alpes-Côte d'Azur
POL003654,CLT03468,Santé,Essentiel,2024-06-13,655,Active,Bretagne
POL003655,CLT02563,Habitation,Confort,2022-07-26,1432,Résiliée,Auvergne-Rhône-Alpes
POL003656,CLT03455,Auto,Tiers étendu,2021-02-19,1322,Active,Provence-Alpes-Côte d'Azur
POL003657,CLT04872,Auto,RC seule,2021-09-21,936,Résiliée,Nouvelle-Aquitaine
POL003658,CLT00387,Auto,Tous risques,2024-03-25,1502,Active,Île-de-France
POL003659,CLT00962,Auto,Tous risques,2023-10-19,2405,Active,Normandie
POL003660,CLT03080,Auto,RC seule,2022-12-30,921,Active,Centre-Val de Loire
POL003661,CLT00437,Auto,Tous risques,2021-06-05,1791,Active,Île-de-France
POL003662,CLT00139,Santé,Essentiel,2022-03-24,656,Active,Nouvelle-Aquitaine
POL003663,CLT02296,Santé,Essentiel,2023-04-07,602,Active,Bretagne
POL003664,CLT01060,Habitation,Confort,2021-12-06,1506,Active,Grand Est
POL003665,CLT03775,Auto,RC seule,2023-02-20,1079,Active,Centre-Val de Loire
POL003666,CLT03535,Habitation,Basique,2024-04-05,1329,Active,Grand Est
POL003667,CLT02424,Auto,Tiers étendu,2024-03-09,1425,Active,Centre-Val de Loire
POL003668,CLT04670,Auto,RC seule,2022-12-03,950,Active,Normandie
POL003669,CLT01967,Habitation,Basique,2024-02-28,1312,Active,Auvergne-Rhône-Alpes
POL003670,CLT00680,Auto,RC seule,2023-01-17,934,Résiliée,Hauts-de-France
POL003671,CLT02345,Santé,Équilibré,2024-07-02,759,Active,Bretagne
POL003672,CLT01315,Habitation,Basique,2023-01-22,1346,Active,Provence-Alpes-Côte d'Azur
POL003673,CLT00506,Santé,Complet,2023-12-21,1422,Active,Auvergne-Rhône-Alpes
POL003674,CLT04102,Auto,Tous risques,2023-03-19,2143,Active,Normandie
POL003675,CLT00789,Santé,Équilibré,2022-01-14,1239,Active,Bretagne
POL003676,CLT03066,Habitation,Confort,2022-10-17,1820,Active,Nouvelle-Aquitaine
POL003677,CLT01676,Auto,Tous risques,2021-10-05,2262,Active,Nouvelle-Aquitaine
POL003678,CLT03160,Habitation,Premium,2023-08-07,3410,Active,Hauts-de-France
POL003679,CLT04202,Habitation,Confort,2022-09-07,1932,Résiliée,Grand Est
POL003680,CLT01545,Santé,Essentiel,2022-05-11,513,Active,Provence-Alpes-Côte d'Azur
POL003681,CLT00751,Habitation,Confort,2022-08-06,1859,Résiliée,Occitanie
POL003682,CLT02341,Auto,Tiers étendu,2024-04-08,1418,Active,Auvergne-Rhône-Alpes
POL003683,CLT03576,Auto,Tiers étendu,2021-02-15,1575,Active,Grand Est
POL003684,CLT00740,Auto,Tiers étendu,2024-02-04,1465,Résiliée,Occitanie
POL003685,CLT02964,Habitation,Confort,2022-12-26,2533,Active,Provence-Alpes-Côte d'Azur
POL003686,CLT02597,Habitation,Basique,2021-02-25,1026,Active,Nouvelle-Aquitaine
POL003687,CLT03920,Habitation,Basique,2021-10-07,1384,Résiliée,Hauts-de-France
POL003688,CLT01939,Santé,Essentiel,2023-04-13,761,Active,Grand Est
POL003689,CLT04536,Santé,Essentiel,2021-08-22,713,Active,Hauts-de-France
POL003690,CLT02479,Habitation,Confort,2022-04-23,1700,Active,Île-de-France
POL003691,CLT04116,Habitation,Confort,2022-02-18,2264,Active,Provence-Alpes-Côte d'Azur
POL003692,CLT03543,Habitation,Premium,2023-05-26,1965,Active,Occitanie
POL003693,CLT00715,Auto,RC seule,2021-09-21,885,Active,Île-de-France
POL003694,CLT00955,Auto,Tous risques,2024-06-22,2706,Active,Auvergne-Rhône-Alpes
POL003695,CLT01670,Habitation,Premium,2021-03-22,2730,Active,Auvergne-Rhône-Alpes
POL003696,CLT04851,Santé,Équilibré,2021-11-30,1244,Active,Nouvelle-Aquitaine
POL003697,CLT04935,Auto,Tiers étendu,2023-12-18,1175,Active,Occitanie
POL003698,CLT04739,Auto,Tiers étendu,2023-01-09,1281,Active,Occitanie
POL003699,CLT00959,Santé,Essentiel,2024-03-25,561,Résiliée,Auvergne-Rhône-Alpes
POL003700,CLT00296,Habitation,Basique,2022-03-21,1299,Active,Hauts-de-France
POL003701,CLT03216,Santé,Équilibré,2022-02-28,952,Active,Normandie
POL003702,CLT01242,Auto,Tiers étendu,2023-03-28,1430,Active,Occitanie
POL003703,CLT02461,Santé,Équilibré,2021-05-22,1234,Résiliée,Centre-Val de Loire
POL003704,CLT00697,Auto,Tiers étendu,2024-01-28,1839,Résiliée,Provence-Alpes-Côte d'Azur
POL003705,CLT00756,Habitation,Premium,2023-09-09,2817,Active,Hauts-de-France
POL003706,CLT02631,Santé,Essentiel,2022-05-05,471,Active,Auvergne-Rhône-Alpes
POL003707,CLT01302,Auto,Tous risques,2022-05-25,1679,Active,Centre-Val de Loire
POL003708,CLT02159,Habitation,Confort,2023-10-07,1888,Active,Normandie
POL003709,CLT04254,Habitation,Basique,2021-04-29,1349,Résiliée,Normandie
POL003710,CLT04063,Habitation,Premium,2021-11-11,3000,Active,Normandie
POL003711,CLT03763,Auto,RC seule,2023-02-12,894,Active,Auvergne-Rhône-Alpes
POL003712,CLT01712,Auto,RC seule,2022-02-06,843,Active,Occitanie
POL003713,CLT04128,Habitation,Basique,2021-04-23,1375,Active,Hauts-de-France
POL003714,CLT03601,Santé,Complet,2022-01-20,2025,Active,Auvergne-Rhône-Alpes
POL003715,CLT04697,Habitation,Premium,2022-02-26,2091,Active,Hauts-de-France
POL003716,CLT03269,Santé,Essentiel,2022-12-09,644,Active,Hauts-de-France
POL003717,CLT02302,Auto,Tiers étendu,2023-03-24,1223,Active,Centre-Val de Loire
POL003718,CLT04953,Auto,Tiers étendu,2022-05-23,1132,Active,Auvergne-Rhône-Alpes
POL003719,CLT03779,Auto,Tiers étendu,2022-10-14,1199,Active,Hauts-de-France
POL003720,CLT00073,Habitation,Confort,2021-05-15,1950,Active,Grand Est
POL003721,CLT00398,Habitation,Basique,2022-01-09,1278,Active,Provence-Alpes-Côte d'Azur
POL003722,CLT01766,Santé,Complet,2023-04-12,1929,Active,Provence-Alpes-Côte d'Azur
POL003723,CLT04379,Habitation,Basique,2024-01-15,1269,Active,Centre-Val de Loire
POL003724,CLT04523,Auto,Tous risques,2021-12-17,1589,Active,Auvergne-Rhône-Alpes
POL003725,CLT02745,Habitation,Basique,2024-03-29,1237,Active,Nouvelle-Aquitaine
POL003726,CLT01165,Habitation,Premium,2024-01-15,2318,Résiliée,Île-de-France
POL003727,CLT01159,Habitation,Confort,2022-11-23,1502,Active,Provence-Alpes-Côte d'Azur
POL003728,CLT02917,Auto,Tous risques,2022-03-10,2499,Active,Normandie
POL003729,CLT00937,Santé,Complet,2021-02-19,1553,Suspendue,Provence-Alpes-Côte d'Azur
POL003730,CLT02547,Habitation,Basique,2022-04-27,1370,Active,Centre-Val de Loire
POL003731,CLT04446,Habitation,Basique,2023-09-29,1149,Active,Grand Est
POL003732,CLT04609,Santé,Essentiel,2022-05-08,681,Active,Provence-Alpes-Côte d'Azur
POL003733,CLT00267,Auto,RC seule,2022-06-07,927,Active,Normandie
POL003734,CLT04251,Auto,Tiers étendu,2022-07-15,1684,Active,Centre-Val de Loire
POL003735,CLT03929,Santé,Essentiel,2023-03-16,661,Active,Occitanie
POL003736,CLT00724,Auto,Tiers étendu,2021-08-05,1362,Active,Île-de-France
POL003737,CLT02828,Santé,Équilibré,2023-09-12,1057,Active,Nouvelle-Aquitaine
POL003738,CLT00999,Auto,Tiers étendu,2021-01-10,1532,Active,Auvergne-Rhône-Alpes
POL003739,CLT00909,Habitation,Basique,2021-06-12,1443,Active,Grand Est
POL003740,CLT01461,Habitation,Confort,2022-03-15,1900,Active,Nouvelle-Aquitaine
POL003741,CLT00561,Auto,Tiers étendu,2021-08-31,1416,Active,Auvergne-Rhône-Alpes
POL003742,CLT03168,Santé,Complet,2023-02-08,1460,Active,Centre-Val de Loire
POL003743,CLT04231,Habitation,Basique,2021-02-15,1399,Active,Occitanie
POL003744,CLT02800,Auto,Tiers étendu,2023-02-16,1561,Suspendue,Normandie
POL003745,CLT02116,Auto,RC seule,2022-05-21,882,Active,Provence-Alpes-Côte d'Azur
POL003746,CLT02093,Santé,Complet,2022-04-20,1339,Active,Nouvelle-Aquitaine
POL003747,CLT00734,Santé,Complet,2022-02-11,1293,Active,Hauts-de-France
POL003748,CLT02234,Habitation,Basique,2022-11-24,1181,Résiliée,Île-de-France
POL003749,CLT02902,Habitation,Premium,2021-02-28,3555,Active,Auvergne-Rhône-Alpes
POL003750,CLT00057,Santé,Essentiel,2023-04-28,595,Active,Hauts-de-France
POL003751,CLT01128,Auto,Tous risques,2022-03-28,1998,Suspendue,Bretagne
POL003752,CLT03084,Habitation,Confort,2022-07-01,1366,Active,Centre-Val de Loire
POL003753,CLT00811,Habitation,Confort,2023-07-01,2394,Active,Grand Est
POL003754,CLT01702,Auto,Tiers étendu,2024-01-01,1553,Active,Île-de-France
POL003755,CLT00454,Santé,Essentiel,2023-07-13,733,Active,Grand Est
POL003756,CLT04797,Auto,RC seule,2024-05-23,1163,Active,Centre-Val de Loire
POL003757,CLT03330,Habitation,Premium,2021-03-09,2872,Active,Provence-Alpes-Côte d'Azur
POL003758,CLT00571,Auto,Tous risques,2022-06-16,2236,Résiliée,Normandie
POL003759,CLT00158,Auto,Tous risques,2022-05-31,2729,Active,Grand Est
POL003760,CLT01547,Santé,Complet,2023-08-08,1618,Active,Grand Est
POL003761,CLT03441,Auto,Tiers étendu,2024-03-14,1616,Active,Bretagne
POL003762,CLT04722,Auto,Tiers étendu,2022-09-17,1683,Résiliée,Bretagne
POL003763,CLT04866,Santé,Essentiel,2024-06-09,728,Active,Hauts-de-France
POL003764,CLT03505,Habitation,Basique,2021-06-23,1322,Suspendue,Grand Est
POL003765,CLT03900,Santé,Équilibré,2022-12-26,1006,Résiliée,Bretagne
POL003766,CLT01069,Habitation,Basique,2021-01-16,1383,Suspendue,Auvergne-Rhône-Alpes
POL003767,CLT00920,Auto,Tous risques,2021-05-17,2479,Active,Auvergne-Rhône-Alpes
POL003768,CLT03661,Auto,RC seule,2024-04-02,1126,Active,Île-de-France
POL003769,CLT02332,Habitation,Basique,2022-01-13,1315,Active,Auvergne-Rhône-Alpes
POL003770,CLT00963,Santé,Équilibré,2024-02-03,1251,Active,Normandie
POL003771,CLT01330,Auto,Tous risques,2023-11-20,2049,Active,Bretagne
POL003772,CLT00747,Habitation,Confort,2021-04-05,1659,Active,Normandie
POL003773,CLT03646,Auto,Tiers étendu,2021-07-31,1692,Active,Grand Est
POL003774,CLT02326,Habitation,Basique,2023-04-10,1182,Résiliée,Bretagne
POL003775,CLT01962,Auto,RC seule,2024-03-05,966,Active,Grand Est
POL003776,CLT02309,Auto,Tous risques,2022-08-14,2752,Active,Île-de-France
POL003777,CLT02009,Auto,RC seule,2021-11-03,1049,Active,Grand Est
POL003778,CLT04439,Auto,RC seule,2021-12-13,1028,Active,Centre-Val de Loire
POL003779,CLT03866,Habitation,Premium,2023-10-05,2934,Active,Provence-Alpes-Côte d'Azur
POL003780,CLT04545,Auto,RC seule,2021-10-11,951,Active,Bretagne
POL003781,CLT02669,Auto,Tiers étendu,2023-08-26,1656,Active,Provence-Alpes-Côte d'Azur
POL003782,CLT00679,Auto,Tiers étendu,2021-05-13,1396,Résiliée,Occitanie
POL003783,CLT03840,Santé,Équilibré,2023-12-05,921,Active,Occitanie
POL003784,CLT02275,Auto,Tiers étendu,2021-01-05,1835,Active,Normandie
POL003785,CLT04726,Auto,Tous risques,2021-09-02,2312,Active,Provence-Alpes-Côte d'Azur
POL003786,CLT03288,Auto,RC seule,2021-06-17,869,Suspendue,Normandie
POL003787,CLT04773,Santé,Essentiel,2024-03-26,649,Active,Bretagne
POL003788,CLT02486,Auto,Tous risques,2023-09-30,2715,Active,Hauts-de-France
POL003789,CLT04229,Santé,Complet,2022-11-21,1330,Suspendue,Nouvelle-Aquitaine
POL003790,CLT01514,Auto,Tous risques,2023-09-16,2263,Suspendue,Normandie
POL003791,CLT04584,Habitation,Premium,2023-10-12,2795,Active,Auvergne-Rhône-Alpes
POL003792,CLT00463,Habitation,Confort,2021-09-05,2007,Active,Auvergne-Rhône-Alpes
POL003793,CLT02791,Auto,RC seule,2021-07-14,1046,Active,Grand Est
POL003794,CLT04546,Santé,Équilibré,2021-12-01,900,Active,Île-de-France
POL003795,CLT03328,Habitation,Premium,2021-05-04,2407,Active,Île-de-France
POL003796,CLT03325,Auto,RC seule,2024-01-14,1058,Active,Occitanie
POL003797,CLT01666,Habitation,Basique,2024-03-15,1037,Active,Occitanie
POL003798,CLT02958,Habitation,Confort,2023-04-05,1965,Active,Grand Est
POL003799,CLT04339,Auto,RC seule,2021-01-03,920,Résiliée,Auvergne-Rhône-Alpes
POL003800,CLT01548,Habitation,Confort,2021-01-20,1949,Résiliée,Grand Est
POL003801,CLT04864,Santé,Essentiel,2021-04-06,767,Résiliée,Bretagne
POL003802,CLT03993,Habitation,Basique,2023-11-15,1675,Active,Île-de-France
POL003803,CLT03416,Santé,Équilibré,2023-06-10,761,Active,Normandie
POL003804,CLT04752,Auto,RC seule,2021-03-13,1030,Active,Occitanie
POL003805,CLT04218,Auto,Tiers étendu,2024-05-01,1372,Active,Grand Est
POL003806,CLT03566,Habitation,Basique,2023-06-21,1485,Résiliée,Provence-Alpes-Côte d'Azur
POL003807,CLT01442,Habitation,Basique,2023-08-31,1407,Active,Grand Est
POL003808,CLT02204,Santé,Essentiel,2023-06-24,771,Active,Normandie
POL003809,CLT03858,Auto,Tiers étendu,2021-07-03,1556,Active,Hauts-de-France
POL003810,CLT04177,Auto,RC seule,2024-04-15,929,Active,Grand Est
POL003811,CLT03905,Habitation,Basique,2021-03-24,1343,Active,Hauts-de-France
POL003812,CLT02735,Habitation,Premium,2021-05-05,2943,Active,Provence-Alpes-Côte d'Azur
POL003813,CLT01471,Auto,Tous risques,2022-04-08,2124,Active,Normandie
POL003814,CLT01025,Santé,Essentiel,2022-06-08,575,Active,Auvergne-Rhône-Alpes
POL003815,CLT03042,Santé,Essentiel,2021-01-21,721,Active,Nouvelle-Aquitaine
POL003816,CLT00271,Santé,Équilibré,2022-06-13,1297,Active,Grand Est
POL003817,CLT00322,Habitation,Basique,2021-06-27,1108,Active,Île-de-France
POL003818,CLT02809,Auto,RC seule,2023-08-11,977,Active,Nouvelle-Aquitaine
POL003819,CLT03921,Auto,RC seule,2024-02-17,861,Active,Provence-Alpes-Côte d'Azur
POL003820,CLT04709,Habitation,Basique,2023-01-04,1062,Résiliée,Occitanie
POL003821,CLT01720,Auto,Tous risques,2023-04-16,2332,Active,Normandie
POL003822,CLT01712,Auto,Tiers étendu,2022-04-18,1294,Active,Occitanie
POL003823,CLT02113,Auto,Tiers étendu,2022-12-28,1137,Active,Nouvelle-Aquitaine
POL003824,CLT01306,Habitation,Premium,2022-04-18,2561,Active,Hauts-de-France
POL003825,CLT01795,Habitation,Basique,2022-11-22,1086,Active,Hauts-de-France
POL003826,CLT01704,Auto,RC seule,2022-04-15,842,Active,Bretagne
POL003827,CLT00436,Auto,Tiers étendu,2022-10-02,1138,Active,Hauts-de-France
POL003828,CLT01701,Auto,Tous risques,2022-02-23,2106,Active,Bretagne
POL003829,CLT00092,Auto,RC seule,2022-02-07,837,Active,Grand Est
POL003830,CLT04403,Santé,Équilibré,2023-12-29,1113,Active,Bretagne
POL003831,CLT03266,Habitation,Premium,2021-09-19,3226,Active,Grand Est
POL003832,CLT03989,Santé,Équilibré,2021-01-26,1066,Active,Hauts-de-France
POL003833,CLT01796,Auto,Tiers étendu,2023-02-01,1389,Active,Nouvelle-Aquitaine
POL003834,CLT00932,Habitation,Confort,2023-03-01,1746,Active,Nouvelle-Aquitaine
POL003835,CLT03164,Auto,Tous risques,2023-01-01,1983,Active,Nouvelle-Aquitaine
POL003836,CLT01181,Auto,Tiers étendu,2024-01-10,1253,Active,Bretagne
POL003837,CLT03798,Habitation,Basique,2022-08-16,1348,Active,Auvergne-Rhône-Alpes
POL003838,CLT01690,Habitation,Confort,2023-07-12,1459,Active,Nouvelle-Aquitaine
POL003839,CLT04936,Auto,Tiers étendu,2024-06-17,1431,Active,Bretagne
POL003840,CLT01088,Habitation,Confort,2024-03-17,1805,Active,Nouvelle-Aquitaine
POL003841,CLT04942,Habitation,Premium,2023-08-18,3112,Résiliée,Normandie
POL003842,CLT04243,Santé,Équilibré,2021-06-14,815,Active,Île-de-France
POL003843,CLT00188,Auto,RC seule,2023-11-11,962,Active,Provence-Alpes-Côte d'Azur
POL003844,CLT04765,Santé,Équilibré,2022-12-09,1034,Active,Centre-Val de Loire
POL003845,CLT00662,Habitation,Confort,2021-09-19,1426,Active,Nouvelle-Aquitaine
POL003846,CLT03246,Auto,Tous risques,2023-12-10,1935,Active,Occitanie
POL003847,CLT00302,Auto,Tiers étendu,2022-09-02,1389,Active,Centre-Val de Loire
POL003848,CLT03859,Auto,RC seule,2024-03-09,1004,Active,Normandie
POL003849,CLT04358,Auto,RC seule,2024-04-10,924,Active,Grand Est
POL003850,CLT00730,Santé,Essentiel,2023-12-17,671,Active,Grand Est
POL003851,CLT02543,Auto,Tiers étendu,2021-12-12,1214,Active,Centre-Val de Loire
POL003852,CLT02665,Auto,Tous risques,2022-05-11,1708,Résiliée,Centre-Val de Loire
POL003853,CLT03619,Auto,Tiers étendu,2023-04-30,1443,Active,Bretagne
POL003854,CLT04946,Auto,RC seule,2024-05-06,786,Active,Nouvelle-Aquitaine
POL003855,CLT01648,Habitation,Basique,2022-08-09,1106,Active,Auvergne-Rhône-Alpes
POL003856,CLT03568,Habitation,Confort,2022-02-11,2182,Active,Auvergne-Rhône-Alpes
POL003857,CLT00477,Habitation,Basique,2021-04-20,1300,Active,Centre-Val de Loire
POL003858,CLT00746,Auto,RC seule,2023-08-16,845,Résiliée,Occitanie
POL003859,CLT03115,Habitation,Basique,2021-12-10,1250,Active,Île-de-France
POL003860,CLT03200,Habitation,Confort,2022-01-16,2003,Active,Auvergne-Rhône-Alpes
POL003861,CLT01676,Auto,Tiers étendu,2022-07-03,1483,Active,Nouvelle-Aquitaine
POL003862,CLT04903,Santé,Équilibré,2023-03-13,860,Active,Bretagne
POL003863,CLT00787,Habitation,Basique,2021-01-22,971,Active,Provence-Alpes-Côte d'Azur
POL003864,CLT04255,Auto,Tiers étendu,2021-02-16,1954,Active,Provence-Alpes-Côte d'Azur
POL003865,CLT01703,Santé,Équilibré,2023-04-27,842,Active,Occitanie
POL003866,CLT03665,Habitation,Confort,2024-03-15,2048,Active,Normandie
POL003867,CLT01620,Habitation,Confort,2024-06-11,2376,Active,Auvergne-Rhône-Alpes
POL003868,CLT02289,Auto,Tous risques,2021-04-30,2258,Active,Bretagne
POL003869,CLT00191,Habitation,Confort,2023-04-30,1730,Active,Normandie
POL003870,CLT02997,Habitation,Confort,2021-01-30,1544,Active,Provence-Alpes-Côte d'Azur
POL003871,CLT04021,Santé,Équilibré,2023-05-08,813,Active,Grand Est
POL003872,CLT04708,Santé,Essentiel,2023-10-09,657,Active,Hauts-de-France
POL003873,CLT01916,Habitation,Premium,2021-04-27,3448,Active,Grand Est
POL003874,CLT02668,Auto,Tous risques,2021-03-03,2067,Active,Provence-Alpes-Côte d'Azur
POL003875,CLT03187,Auto,Tous risques,2021-06-29,2202,Active,Centre-Val de Loire
POL003876,CLT03625,Habitation,Premium,2023-07-10,3088,Active,Centre-Val de Loire
POL003877,CLT04862,Habitation,Premium,2023-10-27,2575,Active,Nouvelle-Aquitaine
POL003878,CLT03646,Auto,Tous risques,2022-12-28,2497,Active,Grand Est
POL003879,CLT03304,Habitation,Confort,2023-10-28,1815,Active,Normandie
POL003880,CLT01293,Habitation,Basique,2022-05-06,1191,Active,Normandie
POL003881,CLT04675,Habitation,Premium,2023-03-10,2802,Active,Centre-Val de Loire
POL003882,CLT04983,Santé,Essentiel,2022-04-01,825,Active,Grand Est
POL003883,CLT01903,Auto,Tiers étendu,2024-05-03,1661,Active,Provence-Alpes-Côte d'Azur
POL003884,CLT00919,Auto,RC seule,2022-12-30,1112,Active,Provence-Alpes-Côte d'Azur
POL003885,CLT01927,Habitation,Basique,2023-12-04,1138,Active,Île-de-France
POL003886,CLT01717,Auto,RC seule,2024-06-27,1076,Active,Bretagne
POL003887,CLT03500,Auto,RC seule,2021-05-01,1027,Active,Centre-Val de Loire
POL003888,CLT03297,Auto,RC seule,2023-06-01,795,Active,Bretagne
POL003889,CLT04775,Auto,Tiers étendu,2021-06-17,1545,Active,Auvergne-Rhône-Alpes
POL003890,CLT01526,Auto,Tous risques,2021-04-01,2214,Suspendue,Nouvelle-Aquitaine
POL003891,CLT01948,Habitation,Premium,2023-04-10,2371,Active,Provence-Alpes-Côte d'Azur
POL003892,CLT02877,Habitation,Confort,2023-10-27,1992,Active,Île-de-France
POL003893,CLT00575,Habitation,Premium,2021-04-01,3032,Active,Nouvelle-Aquitaine
POL003894,CLT02480,Auto,Tiers étendu,2022-03-30,1586,Active,Île-de-France
POL003895,CLT03055,Auto,Tiers étendu,2023-04-02,1491,Active,Grand Est
POL003896,CLT01831,Habitation,Basique,2021-01-01,1173,Active,Auvergne-Rhône-Alpes
POL003897,CLT00213,Auto,RC seule,2023-09-14,1259,Active,Centre-Val de Loire
POL003898,CLT04249,Auto,Tous risques,2021-03-05,1791,Active,Provence-Alpes-Côte d'Azur
POL003899,CLT02411,Santé,Complet,2021-07-13,1845,Suspendue,Bretagne
POL003900,CLT00759,Santé,Équilibré,2023-02-28,1007,Active,Nouvelle-Aquitaine
POL003901,CLT00743,Habitation,Confort,2024-03-30,1632,Active,Occitanie
POL003902,CLT03287,Habitation,Confort,2021-03-16,1793,Résiliée,Auvergne-Rhône-Alpes
POL003903,CLT02753,Auto,RC seule,2024-04-29,773,Active,Centre-Val de Loire
POL003904,CLT04722,Auto,Tiers étendu,2023-10-25,1369,Active,Bretagne
POL003905,CLT04035,Auto,RC seule,2021-01-24,936,Active,Centre-Val de Loire
POL003906,CLT05000,Santé,Équilibré,2022-02-22,764,Active,Occitanie
POL003907,CLT04576,Santé,Complet,2023-01-19,1745,Active,Auvergne-Rhône-Alpes
POL003908,CLT00831,Habitation,Basique,2024-04-25,1059,Active,Bretagne
POL003909,CLT01151,Auto,RC seule,2024-03-26,733,Active,Île-de-France
POL003910,CLT01105,Auto,Tous risques,2022-06-28,1896,Active,Normandie
POL003911,CLT00428,Santé,Complet,2023-09-06,2125,Résiliée,Normandie
POL003912,CLT00599,Santé,Équilibré,2023-01-14,687,Active,Grand Est
POL003913,CLT02858,Auto,Tiers étendu,2022-06-07,1539,Active,Normandie
POL003914,CLT03184,Auto,RC seule,2022-01-07,875,Résiliée,Provence-Alpes-Côte d'Azur
POL003915,CLT01076,Habitation,Confort,2021-05-02,1822,Suspendue,Occitanie
POL003916,CLT04849,Santé,Essentiel,2021-05-31,683,Active,Nouvelle-Aquitaine
POL003917,CLT04018,Habitation,Basique,2021-08-30,1339,Active,Normandie
POL003918,CLT00394,Santé,Essentiel,2021-06-17,533,Résiliée,Île-de-France
POL003919,CLT01080,Santé,Équilibré,2022-04-17,906,Résiliée,Île-de-France
POL003920,CLT04987,Santé,Essentiel,2022-01-08,703,Active,Occitanie
POL003921,CLT04782,Santé,Équilibré,2023-10-12,1083,Active,Nouvelle-Aquitaine
POL003922,CLT01112,Auto,Tous risques,2022-03-29,2130,Active,Île-de-France
POL003923,CLT02331,Santé,Essentiel,2023-06-01,677,Active,Bretagne
POL003924,CLT04137,Habitation,Premium,2021-08-04,2768,Résiliée,Hauts-de-France
POL003925,CLT04774,Habitation,Confort,2024-03-14,1606,Active,Hauts-de-France
POL003926,CLT04486,Auto,RC seule,2021-03-05,976,Active,Hauts-de-France
POL003927,CLT00730,Auto,Tous risques,2022-03-21,2438,Active,Grand Est
POL003928,CLT00049,Habitation,Confort,2022-07-16,1972,Active,Hauts-de-France
POL003929,CLT04562,Habitation,Basique,2023-04-14,1313,Résiliée,Provence-Alpes-Côte d'Azur
POL003930,CLT04433,Habitation,Confort,2023-10-21,1632,Résiliée,Provence-Alpes-Côte d'Azur
POL003931,CLT02103,Auto,Tous risques,2022-04-29,2865,Active,Centre-Val de Loire
POL003932,CLT04620,Auto,RC seule,2022-12-23,940,Active,Centre-Val de Loire
POL003933,CLT03310,Auto,Tiers étendu,2022-11-12,1408,Résiliée,Centre-Val de Loire
POL003934,CLT04109,Auto,Tous risques,2023-07-25,1743,Active,Hauts-de-France
POL003935,CLT03264,Auto,Tiers étendu,2024-06-20,1405,Active,Grand Est
POL003936,CLT02854,Habitation,Basique,2022-06-13,1303,Active,Grand Est
POL003937,CLT02247,Auto,RC seule,2024-06-21,1056,Active,Île-de-France
POL003938,CLT02379,Habitation,Confort,2023-06-27,2225,Résiliée,Nouvelle-Aquitaine
POL003939,CLT01468,Auto,RC seule,2023-12-29,987,Active,Île-de-France
POL003940,CLT03328,Habitation,Confort,2024-05-14,2043,Résiliée,Île-de-France
POL003941,CLT01600,Auto,RC seule,2022-08-09,880,Active,Centre-Val de Loire
POL003942,CLT04297,Santé,Équilibré,2023-08-20,912,Suspendue,Normandie
POL003943,CLT03075,Santé,Essentiel,2021-01-30,723,Active,Île-de-France
POL003944,CLT03174,Auto,Tous risques,2023-03-06,2581,Active,Centre-Val de Loire
POL003945,CLT03197,Auto,Tous risques,2024-01-12,1907,Active,Bretagne
POL003946,CLT00065,Habitation,Basique,2023-12-06,1329,Active,Provence-Alpes-Côte d'Azur
POL003947,CLT03277,Santé,Équilibré,2023-04-26,1124,Active,Normandie
POL003948,CLT00377,Auto,RC seule,2021-11-19,830,Résiliée,Île-de-France
POL003949,CLT04023,Santé,Essentiel,2021-11-20,656,Active,Normandie
POL003950,CLT02982,Santé,Équilibré,2021-09-28,851,Active,Normandie
POL003951,CLT01209,Auto,RC seule,2022-02-20,636,Active,Provence-Alpes-Côte d'Azur
POL003952,CLT02799,Santé,Essentiel,2021-03-11,645,Active,Nouvelle-Aquitaine
POL003953,CLT02630,Habitation,Confort,2024-06-22,1870,Active,Hauts-de-France
POL003954,CLT03199,Santé,Équilibré,2021-08-10,965,Active,Nouvelle-Aquitaine
POL003955,CLT00464,Auto,RC seule,2023-01-08,1307,Résiliée,Provence-Alpes-Côte d'Azur
POL003956,CLT01866,Auto,Tous risques,2022-01-21,2385,Active,Nouvelle-Aquitaine
POL003957,CLT04220,Auto,Tous risques,2021-02-04,2258,Active,Île-de-France
POL003958,CLT01884,Auto,RC seule,2021-11-03,954,Active,Occitanie
POL003959,CLT01013,Auto,RC seule,2021-10-28,852,Résiliée,Centre-Val de Loire
POL003960,CLT04741,Auto,RC seule,2022-04-09,1056,Active,Auvergne-Rhône-Alpes
POL003961,CLT02271,Santé,Équilibré,2021-06-03,1047,Active,Provence-Alpes-Côte d'Azur
POL003962,CLT00254,Santé,Équilibré,2023-09-22,1076,Active,Occitanie
POL003963,CLT02173,Habitation,Premium,2022-02-08,2575,Active,Auvergne-Rhône-Alpes
POL003964,CLT03815,Santé,Équilibré,2024-01-20,747,Active,Bretagne
POL003965,CLT02489,Auto,RC seule,2021-08-24,842,Active,Normandie
POL003966,CLT04350,Auto,RC seule,2023-10-05,973,Active,Occitanie
POL003967,CLT04636,Santé,Complet,2023-11-25,1392,Active,Auvergne-Rhône-Alpes
POL003968,CLT00894,Habitation,Premium,2024-03-06,2992,Active,Grand Est
POL003969,CLT02546,Auto,Tiers étendu,2023-08-07,1494,Active,Auvergne-Rhône-Alpes
POL003970,CLT03566,Santé,Équilibré,2023-01-11,1143,Active,Provence-Alpes-Côte d'Azur
POL003971,CLT03700,Santé,Complet,2022-12-12,1370,Résiliée,Hauts-de-France
POL003972,CLT03417,Auto,Tiers étendu,2023-10-26,1442,Active,Occitanie
POL003973,CLT04368,Auto,Tiers étendu,2023-10-09,1377,Résiliée,Auvergne-Rhône-Alpes
POL003974,CLT01222,Auto,RC seule,2022-01-16,768,Active,Provence-Alpes-Côte d'Azur
POL003975,CLT02638,Auto,RC seule,2023-08-13,882,Suspendue,Bretagne
POL003976,CLT04564,Habitation,Confort,2022-11-10,2240,Active,Nouvelle-Aquitaine
POL003977,CLT02045,Auto,RC seule,2024-02-09,738,Active,Nouvelle-Aquitaine
POL003978,CLT01530,Habitation,Confort,2021-01-15,1835,Suspendue,Occitanie
POL003979,CLT03616,Auto,Tiers étendu,2023-02-15,1564,Active,Provence-Alpes-Côte d'Azur
POL003980,CLT04361,Auto,Tiers étendu,2023-10-12,1945,Active,Auvergne-Rhône-Alpes
POL003981,CLT04101,Auto,Tiers étendu,2021-09-22,1391,Active,Auvergne-Rhône-Alpes
POL003982,CLT03872,Auto,RC seule,2022-03-17,863,Active,Auvergne-Rhône-Alpes
POL003983,CLT03196,Habitation,Confort,2021-07-30,1533,Active,Bretagne
POL003984,CLT01117,Auto,RC seule,2021-03-12,1084,Active,Occitanie
POL003985,CLT02422,Habitation,Premium,2022-06-11,2597,Active,Occitanie
POL003986,CLT02158,Auto,Tiers étendu,2021-09-07,1329,Active,Île-de-France
POL003987,CLT03176,Auto,Tous risques,2022-12-30,1557,Active,Provence-Alpes-Côte d'Azur
POL003988,CLT04895,Auto,RC seule,2023-08-03,1028,Active,Hauts-de-France
POL003989,CLT01678,Auto,Tiers étendu,2024-06-08,1636,Résiliée,Centre-Val de Loire
POL003990,CLT00793,Santé,Équilibré,2023-01-13,1139,Active,Île-de-France
POL003991,CLT01991,Santé,Complet,2023-07-13,1127,Active,Grand Est
POL003992,CLT03541,Santé,Équilibré,2021-07-08,1081,Active,Auvergne-Rhône-Alpes
POL003993,CLT00375,Habitation,Premium,2022-09-12,2270,Active,Nouvelle-Aquitaine
POL003994,CLT02471,Habitation,Confort,2024-01-17,1977,Active,Normandie
POL003995,CLT04519,Habitation,Confort,2023-12-23,2042,Active,Bretagne
POL003996,CLT00757,Santé,Équilibré,2023-04-07,1054,Active,Grand Est
POL003997,CLT01072,Auto,Tiers étendu,2021-11-11,1548,Active,Provence-Alpes-Côte d'Azur
POL003998,CLT02091,Auto,Tiers étendu,2022-03-26,1441,Active,Nouvelle-Aquitaine
POL003999,CLT04023,Santé,Équilibré,2021-04-03,687,Résiliée,Normandie
POL004000,CLT01726,Auto,RC seule,2022-01-17,1098,Active,Grand Est
POL004001,CLT04933,Auto,Tiers étendu,2023-06-19,1494,Active,Provence-Alpes-Côte d'Azur
POL004002,CLT03691,Auto,RC seule,2022-10-02,826,Active,Centre-Val de Loire
POL004003,CLT04304,Auto,RC seule,2023-08-07,762,Active,Nouvelle-Aquitaine
POL004004,CLT03864,Habitation,Confort,2021-01-14,2312,Active,Bretagne
POL004005,CLT01812,Auto,Tiers étendu,2022-12-25,1666,Active,Provence-Alpes-Côte d'Azur
POL004006,CLT00031,Habitation,Confort,2021-10-13,2035,Active,Provence-Alpes-Côte d'Azur
POL004007,CLT04503,Santé,Essentiel,2022-01-06,585,Active,Hauts-de-France
POL004008,CLT04414,Auto,Tiers étendu,2022-03-12,899,Résiliée,Normandie
POL004009,CLT04125,Auto,Tous risques,2021-12-04,2475,Active,Normandie
POL004010,CLT02143,Habitation,Basique,2022-06-20,1258,Active,Provence-Alpes-Côte d'Azur
POL004011,CLT01766,Habitation,Basique,2021-01-23,1183,Résiliée,Provence-Alpes-Côte d'Azur
POL004012,CLT02951,Habitation,Premium,2023-06-02,3348,Active,Centre-Val de Loire
POL004013,CLT00301,Santé,Équilibré,2023-03-25,1112,Active,Hauts-de-France
POL004014,CLT02238,Habitation,Premium,2021-07-13,2974,Active,Provence-Alpes-Côte d'Azur
POL004015,CLT02068,Habitation,Basique,2022-11-28,1246,Active,Centre-Val de Loire
POL004016,CLT02271,Habitation,Premium,2021-07-07,2856,Active,Provence-Alpes-Côte d'Azur
POL004017,CLT04267,Habitation,Premium,2023-06-06,3268,Active,Auvergne-Rhône-Alpes
POL004018,CLT01262,Santé,Essentiel,2021-03-01,540,Résiliée,Normandie
POL004019,CLT01926,Habitation,Confort,2023-08-29,2011,Active,Auvergne-Rhône-Alpes
POL004020,CLT00156,Auto,Tiers étendu,2022-04-07,1264,Active,Occitanie
POL004021,CLT02068,Habitation,Confort,2021-06-20,2207,Active,Centre-Val de Loire
POL004022,CLT02770,Habitation,Premium,2024-02-06,3159,Résiliée,Occitanie
POL004023,CLT03050,Habitation,Basique,2021-05-31,1132,Active,Île-de-France
POL004024,CLT04094,Habitation,Basique,2021-08-02,1247,Active,Centre-Val de Loire
POL004025,CLT03360,Auto,Tiers étendu,2022-11-21,1232,Active,Bretagne
POL004026,CLT01453,Habitation,Confort,2023-12-01,2256,Active,Auvergne-Rhône-Alpes
POL004027,CLT03999,Auto,RC seule,2024-02-19,1126,Active,Hauts-de-France
POL004028,CLT01710,Santé,Essentiel,2023-09-22,742,Active,Île-de-France
POL004029,CLT04880,Auto,RC seule,2024-02-12,1090,Active,Auvergne-Rhône-Alpes
POL004030,CLT04487,Habitation,Premium,2022-01-02,3061,Active,Provence-Alpes-Côte d'Azur
POL004031,CLT04026,Santé,Essentiel,2024-05-29,678,Active,Occitanie
POL004032,CLT04015,Santé,Essentiel,2021-02-26,731,Active,Centre-Val de Loire
POL004033,CLT00615,Auto,Tiers étendu,2022-11-16,1403,Active,Normandie
POL004034,CLT00002,Auto,RC seule,2022-02-12,952,Active,Occitanie
POL004035,CLT02058,Habitation,Basique,2021-06-02,1462,Active,Normandie
POL004036,CLT04793,Habitation,Basique,2023-12-11,1402,Résiliée,Nouvelle-Aquitaine
POL004037,CLT00797,Santé,Essentiel,2022-05-28,551,Résiliée,Occitanie
POL004038,CLT04962,Auto,Tous risques,2024-05-19,1576,Active,Normandie
POL004039,CLT00734,Auto,Tous risques,2022-04-05,2170,Active,Hauts-de-France
POL004040,CLT00220,Auto,Tiers étendu,2024-03-18,1040,Active,Normandie
POL004041,CLT01894,Auto,RC seule,2021-03-16,830,Active,Hauts-de-France
POL004042,CLT03231,Auto,Tous risques,2022-02-01,1951,Active,Bretagne
POL004043,CLT03542,Auto,Tiers étendu,2021-04-28,1290,Active,Hauts-de-France
POL004044,CLT03170,Habitation,Confort,2021-11-21,2011,Résiliée,Nouvelle-Aquitaine
POL004045,CLT02975,Habitation,Confort,2023-01-16,2100,Active,Bretagne
POL004046,CLT03637,Habitation,Basique,2023-09-29,1280,Active,Nouvelle-Aquitaine
POL004047,CLT00972,Auto,RC seule,2024-06-20,1001,Active,Occitanie
POL004048,CLT03822,Habitation,Basique,2022-01-10,1359,Active,Provence-Alpes-Côte d'Azur
POL004049,CLT03390,Auto,Tous risques,2023-05-19,1330,Active,Nouvelle-Aquitaine
POL004050,CLT03329,Habitation,Confort,2024-02-02,1807,Active,Hauts-de-France
POL004051,CLT00515,Auto,Tous risques,2022-12-04,1610,Active,Provence-Alpes-Côte d'Azur
POL004052,CLT03886,Auto,RC seule,2023-02-15,1001,Suspendue,Provence-Alpes-Côte d'Azur
POL004053,CLT03923,Santé,Complet,2024-04-25,997,Active,Centre-Val de Loire
POL004054,CLT01742,Santé,Complet,2023-04-22,1489,Active,Hauts-de-France
POL004055,CLT04065,Auto,RC seule,2021-11-04,996,Active,Nouvelle-Aquitaine
POL004056,CLT04037,Habitation,Premium,2022-12-20,2359,Active,Auvergne-Rhône-Alpes
POL004057,CLT02162,Habitation,Confort,2023-03-05,2146,Active,Auvergne-Rhône-Alpes
POL004058,CLT02125,Santé,Équilibré,2023-06-26,1059,Active,Hauts-de-France
POL004059,CLT02858,Auto,Tiers étendu,2022-05-04,1528,Active,Normandie
POL004060,CLT03632,Santé,Complet,2021-03-15,1815,Active,Occitanie
POL004061,CLT01063,Auto,Tous risques,2022-05-10,2132,Active,Nouvelle-Aquitaine
POL004062,CLT01390,Habitation,Basique,2022-07-13,1226,Active,Grand Est
POL004063,CLT04295,Habitation,Basique,2022-04-10,1312,Active,Hauts-de-France
POL004064,CLT02120,Auto,RC seule,2023-06-23,959,Résiliée,Hauts-de-France
POL004065,CLT02863,Auto,Tous risques,2021-03-08,2057,Active,Île-de-France
POL004066,CLT03949,Habitation,Basique,2023-12-26,1061,Active,Île-de-France
POL004067,CLT04372,Auto,Tiers étendu,2022-01-22,1336,Active,Hauts-de-France
POL004068,CLT04974,Auto,Tiers étendu,2023-02-17,1385,Active,Grand Est
POL004069,CLT04300,Auto,Tous risques,2021-03-01,2053,Active,Auvergne-Rhône-Alpes
POL004070,CLT03757,Auto,Tous risques,2022-07-17,2639,Active,Nouvelle-Aquitaine
POL004071,CLT00011,Habitation,Basique,2021-12-28,1033,Résiliée,Bretagne
POL004072,CLT02110,Santé,Essentiel,2021-04-04,627,Résiliée,Île-de-France
POL004073,CLT01157,Auto,Tiers étendu,2023-12-28,1746,Active,Bretagne
POL004074,CLT04764,Auto,RC seule,2022-08-20,1031,Résiliée,Auvergne-Rhône-Alpes
POL004075,CLT03828,Auto,Tiers étendu,2023-03-19,1778,Résiliée,Auvergne-Rhône-Alpes
POL004076,CLT00306,Auto,Tous risques,2021-10-07,2216,Résiliée,Centre-Val de Loire
POL004077,CLT01611,Santé,Équilibré,2023-08-30,1212,Active,Auvergne-Rhône-Alpes
POL004078,CLT02750,Habitation,Premium,2024-03-24,2485,Active,Bretagne
POL004079,CLT00572,Auto,RC seule,2022-01-02,954,Active,Provence-Alpes-Côte d'Azur
POL004080,CLT03574,Auto,Tous risques,2021-08-14,2254,Active,Île-de-France
POL004081,CLT04886,Auto,RC seule,2023-11-27,833,Active,Île-de-France
POL004082,CLT03781,Habitation,Confort,2022-02-19,1742,Active,Nouvelle-Aquitaine
POL004083,CLT01934,Santé,Essentiel,2021-06-28,552,Active,Île-de-France
POL004084,CLT01761,Santé,Équilibré,2023-01-31,880,Active,Occitanie
POL004085,CLT03876,Habitation,Basique,2022-12-01,1444,Active,Centre-Val de Loire
POL004086,CLT02818,Habitation,Premium,2022-01-11,2735,Active,Île-de-France
POL004087,CLT01522,Habitation,Basique,2023-04-07,1239,Résiliée,Grand Est
POL004088,CLT03854,Auto,Tous risques,2021-05-04,2302,Active,Occitanie
POL004089,CLT04439,Habitation,Basique,2021-11-24,1327,Active,Centre-Val de Loire
POL004090,CLT01960,Santé,Essentiel,2021-07-14,627,Résiliée,Occitanie
POL004091,CLT04670,Auto,RC seule,2023-08-04,936,Active,Normandie
POL004092,CLT04901,Habitation,Confort,2022-09-02,2381,Résiliée,Hauts-de-France
POL004093,CLT00840,Habitation,Premium,2022-05-24,3248,Active,Auvergne-Rhône-Alpes
POL004094,CLT04101,Auto,RC seule,2023-11-01,964,Active,Auvergne-Rhône-Alpes
POL004095,CLT00096,Habitation,Basique,2021-04-02,1234,Active,Île-de-France
POL004096,CLT03314,Santé,Essentiel,2021-03-03,639,Résiliée,Provence-Alpes-Côte d'Azur
POL004097,CLT02190,Auto,RC seule,2023-07-21,952,Active,Auvergne-Rhône-Alpes
POL004098,CLT04407,Habitation,Basique,2023-12-24,1462,Active,Île-de-France
POL004099,CLT04197,Santé,Complet,2022-04-12,1209,Active,Occitanie
POL004100,CLT02878,Habitation,Confort,2022-11-04,1970,Active,Normandie
POL004101,CLT00060,Santé,Complet,2024-06-24,1923,Active,Grand Est
POL004102,CLT01514,Habitation,Confort,2022-01-23,1517,Active,Normandie
POL004103,CLT03701,Habitation,Premium,2022-05-17,2954,Active,Bretagne
POL004104,CLT03195,Santé,Essentiel,2021-06-19,508,Active,Normandie
POL004105,CLT04254,Auto,Tiers étendu,2022-07-01,1544,Résiliée,Normandie
POL004106,CLT02189,Santé,Équilibré,2024-03-18,1001,Résiliée,Île-de-France
POL004107,CLT04814,Auto,RC seule,2022-01-17,887,Suspendue,Normandie
POL004108,CLT00276,Habitation,Premium,2023-06-12,2726,Active,Normandie
POL004109,CLT02804,Auto,Tiers étendu,2021-04-21,1549,Active,Île-de-France
POL004110,CLT02963,Auto,Tous risques,2021-03-19,2427,Résiliée,Provence-Alpes-Côte d'Azur
POL004111,CLT04973,Santé,Équilibré,2023-04-04,1031,Active,Nouvelle-Aquitaine
POL004112,CLT01794,Auto,Tiers étendu,2021-12-05,1598,Résiliée,Provence-Alpes-Côte d'Azur
POL004113,CLT02935,Santé,Essentiel,2022-06-27,695,Suspendue,Bretagne
POL004114,CLT02006,Auto,Tiers étendu,2024-04-29,1422,Active,Auvergne-Rhône-Alpes
POL004115,CLT02894,Auto,Tous risques,2021-05-04,2803,Résiliée,Île-de-France
POL004116,CLT03793,Auto,RC seule,2021-08-29,781,Active,Occitanie
POL004117,CLT04992,Auto,RC seule,2022-10-31,770,Active,Centre-Val de Loire
POL004118,CLT02394,Auto,RC seule,2023-12-25,685,Active,Grand Est
POL004119,CLT00320,Habitation,Confort,2023-02-27,1342,Résiliée,Hauts-de-France
POL004120,CLT01035,Santé,Essentiel,2023-12-19,671,Résiliée,Nouvelle-Aquitaine
POL004121,CLT00267,Habitation,Premium,2021-04-25,3293,Résiliée,Normandie
POL004122,CLT02840,Auto,RC seule,2023-07-08,1107,Active,Nouvelle-Aquitaine
POL004123,CLT04229,Auto,Tous risques,2023-09-22,1950,Active,Nouvelle-Aquitaine
POL004124,CLT01676,Habitation,Confort,2021-11-04,2042,Active,Nouvelle-Aquitaine
POL004125,CLT02700,Habitation,Basique,2023-12-14,1317,Résiliée,Occitanie
POL004126,CLT03070,Santé,Équilibré,2023-09-23,1082,Active,Normandie
POL004127,CLT01539,Habitation,Premium,2023-06-14,3161,Résiliée,Auvergne-Rhône-Alpes
POL004128,CLT01078,Habitation,Premium,2021-07-21,2550,Active,Nouvelle-Aquitaine
POL004129,CLT01513,Santé,Essentiel,2023-08-15,861,Active,Centre-Val de Loire
POL004130,CLT04325,Habitation,Confort,2021-06-12,2171,Active,Grand Est
POL004131,CLT02773,Habitation,Basique,2023-11-18,1187,Active,Nouvelle-Aquitaine
POL004132,CLT03468,Habitation,Premium,2024-06-24,2385,Active,Bretagne
POL004133,CLT02485,Auto,Tiers étendu,2023-03-05,1473,Active,Normandie
POL004134,CLT02774,Auto,Tiers étendu,2022-08-26,1440,Active,Occitanie
POL004135,CLT02308,Habitation,Basique,2022-10-29,1434,Active,Nouvelle-Aquitaine
POL004136,CLT04182,Habitation,Confort,2022-08-14,1595,Active,Nouvelle-Aquitaine
POL004137,CLT02380,Auto,Tous risques,2021-02-24,2353,Active,Nouvelle-Aquitaine
POL004138,CLT03384,Habitation,Basique,2022-12-23,1038,Active,Occitanie
POL004139,CLT01724,Auto,RC seule,2023-11-13,955,Active,Nouvelle-Aquitaine
POL004140,CLT00508,Habitation,Confort,2021-11-09,1809,Active,Bretagne
POL004141,CLT02702,Auto,Tous risques,2023-07-15,2901,Active,Hauts-de-France
POL004142,CLT04040,Auto,Tiers étendu,2022-01-04,1094,Active,Auvergne-Rhône-Alpes
POL004143,CLT00963,Auto,Tiers étendu,2021-10-31,1958,Résiliée,Normandie
POL004144,CLT04808,Santé,Essentiel,2024-05-05,469,Active,Normandie
POL004145,CLT00316,Auto,RC seule,2022-08-07,825,Résiliée,Auvergne-Rhône-Alpes
POL004146,CLT02984,Habitation,Basique,2022-09-28,1002,Active,Normandie
POL004147,CLT03409,Habitation,Basique,2021-08-05,1336,Active,Bretagne
POL004148,CLT01087,Auto,Tiers étendu,2023-05-14,1229,Active,Hauts-de-France
POL004149,CLT04003,Auto,RC seule,2024-04-15,740,Active,Île-de-France
POL004150,CLT00245,Santé,Complet,2023-06-02,1669,Active,Centre-Val de Loire
POL004151,CLT00171,Auto,RC seule,2021-11-14,1007,Résiliée,Occitanie
POL004152,CLT01254,Habitation,Confort,2023-03-25,1832,Active,Centre-Val de Loire
POL004153,CLT00515,Santé,Complet,2021-08-20,1496,Active,Provence-Alpes-Côte d'Azur
POL004154,CLT01655,Auto,Tiers étendu,2021-04-12,1851,Active,Normandie
POL004155,CLT02318,Santé,Essentiel,2022-05-08,636,Active,Bretagne
POL004156,CLT02894,Auto,Tous risques,2023-01-15,2489,Résiliée,Île-de-France
POL004157,CLT01535,Santé,Équilibré,2024-02-18,1084,Résiliée,Centre-Val de Loire
POL004158,CLT01759,Auto,Tous risques,2023-09-18,1992,Active,Île-de-France
POL004159,CLT03397,Auto,RC seule,2024-06-08,1025,Active,Auvergne-Rhône-Alpes
POL004160,CLT00064,Auto,Tous risques,2024-04-03,2063,Active,Occitanie
POL004161,CLT04119,Auto,Tiers étendu,2022-08-25,1385,Active,Auvergne-Rhône-Alpes
POL004162,CLT03881,Auto,Tous risques,2023-08-24,2603,Active,Provence-Alpes-Côte d'Azur
POL004163,CLT01300,Auto,Tiers étendu,2023-07-25,1022,Active,Auvergne-Rhône-Alpes
POL004164,CLT01828,Auto,RC seule,2021-04-05,802,Active,Île-de-France
POL004165,CLT01988,Santé,Équilibré,2023-05-11,1191,Active,Île-de-France
POL004166,CLT04717,Santé,Complet,2023-11-03,1382,Active,Grand Est
POL004167,CLT00201,Santé,Essentiel,2023-02-01,590,Active,Normandie
POL004168,CLT04521,Auto,RC seule,2021-08-10,945,Active,Hauts-de-France
POL004169,CLT01677,Auto,RC seule,2022-08-07,858,Active,Île-de-France
POL004170,CLT01556,Habitation,Confort,2022-03-21,1976,Résiliée,Centre-Val de Loire
POL004171,CLT03551,Auto,Tiers étendu,2022-01-14,1495,Résiliée,Nouvelle-Aquitaine
POL004172,CLT01935,Habitation,Confort,2023-11-29,1855,Active,Bretagne
POL004173,CLT00515,Habitation,Confort,2023-12-18,1665,Active,Provence-Alpes-Côte d'Azur
POL004174,CLT03685,Habitation,Premium,2023-04-25,2968,Active,Provence-Alpes-Côte d'Azur
POL004175,CLT03542,Auto,Tiers étendu,2022-07-14,1625,Résiliée,Hauts-de-France
POL004176,CLT01107,Habitation,Confort,2022-09-05,1663,Active,Centre-Val de Loire
POL004177,CLT00760,Auto,RC seule,2023-04-09,1060,Active,Auvergne-Rhône-Alpes
POL004178,CLT03939,Auto,Tiers étendu,2023-04-26,1408,Active,Auvergne-Rhône-Alpes
POL004179,CLT00246,Auto,Tiers étendu,2022-02-02,1609,Active,Occitanie
POL004180,CLT01364,Habitation,Confort,2023-06-09,1866,Active,Occitanie
POL004181,CLT03624,Habitation,Confort,2023-11-28,1845,Active,Auvergne-Rhône-Alpes
POL004182,CLT04503,Habitation,Premium,2022-09-12,3231,Active,Hauts-de-France
POL004183,CLT04641,Auto,RC seule,2023-07-03,1048,Active,Bretagne
POL004184,CLT02507,Santé,Essentiel,2024-06-02,627,Active,Normandie
POL004185,CLT04662,Habitation,Basique,2021-07-08,1362,Résiliée,Auvergne-Rhône-Alpes
POL004186,CLT02706,Santé,Équilibré,2021-10-23,975,Active,Auvergne-Rhône-Alpes
POL004187,CLT02287,Auto,RC seule,2023-02-15,1174,Active,Auvergne-Rhône-Alpes
POL004188,CLT04779,Habitation,Premium,2024-03-03,3299,Résiliée,Île-de-France
POL004189,CLT02198,Habitation,Confort,2023-03-11,1887,Active,Nouvelle-Aquitaine
POL004190,CLT04255,Auto,Tous risques,2024-01-07,2373,Active,Provence-Alpes-Côte d'Azur
POL004191,CLT01140,Habitation,Premium,2022-05-13,3429,Active,Grand Est
POL004192,CLT01118,Auto,Tiers étendu,2021-10-09,1295,Active,Auvergne-Rhône-Alpes
POL004193,CLT00430,Auto,RC seule,2023-09-23,720,Active,Provence-Alpes-Côte d'Azur
POL004194,CLT02211,Auto,RC seule,2021-05-12,946,Active,Occitanie
POL004195,CLT03389,Habitation,Basique,2023-12-03,1385,Suspendue,Nouvelle-Aquitaine
POL004196,CLT04062,Habitation,Basique,2022-06-28,1443,Active,Auvergne-Rhône-Alpes
POL004197,CLT02686,Habitation,Confort,2022-10-29,1816,Active,Normandie
POL004198,CLT03682,Habitation,Confort,2023-02-01,1898,Résiliée,Provence-Alpes-Côte d'Azur
POL004199,CLT03772,Habitation,Confort,2021-01-05,2153,Active,Normandie
POL004200,CLT02889,Auto,Tous risques,2021-09-27,2122,Résiliée,Grand Est
POL004201,CLT03924,Habitation,Basique,2022-06-08,1315,Résiliée,Grand Est
POL004202,CLT02163,Auto,Tiers étendu,2022-04-05,1477,Active,Occitanie
POL004203,CLT00299,Auto,RC seule,2023-06-09,1024,Active,Nouvelle-Aquitaine
POL004204,CLT02059,Habitation,Basique,2021-05-06,1492,Active,Occitanie
POL004205,CLT00720,Santé,Équilibré,2023-06-27,1179,Active,Bretagne
POL004206,CLT00818,Santé,Essentiel,2022-05-27,622,Active,Grand Est
POL004207,CLT04706,Auto,Tous risques,2022-12-13,2955,Active,Nouvelle-Aquitaine
POL004208,CLT00178,Santé,Équilibré,2021-07-27,1125,Active,Auvergne-Rhône-Alpes
POL004209,CLT02594,Santé,Équilibré,2021-04-12,1084,Active,Grand Est
POL004210,CLT02156,Santé,Complet,2022-01-16,1374,Active,Nouvelle-Aquitaine
POL004211,CLT04102,Santé,Équilibré,2023-05-17,1002,Active,Normandie
POL004212,CLT01678,Auto,Tiers étendu,2024-04-25,1427,Active,Centre-Val de Loire
POL004213,CLT00391,Habitation,Basique,2022-02-23,1085,Active,Hauts-de-France
POL004214,CLT00013,Auto,Tous risques,2023-11-02,2247,Active,Auvergne-Rhône-Alpes
POL004215,CLT00635,Habitation,Confort,2021-03-20,1769,Active,Provence-Alpes-Côte d'Azur
POL004216,CLT01040,Habitation,Confort,2022-12-17,1898,Active,Occitanie
POL004217,CLT02421,Habitation,Premium,2023-01-12,2111,Active,Bretagne
POL004218,CLT00172,Auto,RC seule,2021-02-08,940,Active,Nouvelle-Aquitaine
POL004219,CLT02879,Habitation,Confort,2021-08-20,1746,Résiliée,Île-de-France
POL004220,CLT01766,Auto,Tous risques,2022-02-01,2268,Active,Provence-Alpes-Côte d'Azur
POL004221,CLT00052,Habitation,Confort,2023-01-21,2383,Active,Centre-Val de Loire
POL004222,CLT00329,Auto,RC seule,2021-11-10,1202,Résiliée,Centre-Val de Loire
POL004223,CLT01147,Auto,Tiers étendu,2023-07-23,1611,Active,Normandie
POL004224,CLT01648,Santé,Essentiel,2023-07-05,492,Active,Auvergne-Rhône-Alpes
POL004225,CLT01270,Auto,RC seule,2024-06-02,905,Active,Bretagne
POL004226,CLT02311,Auto,RC seule,2023-04-28,1016,Active,Normandie
POL004227,CLT02879,Auto,RC seule,2022-03-30,981,Active,Île-de-France
POL004228,CLT00709,Santé,Complet,2022-11-27,1791,Active,Occitanie
POL004229,CLT03429,Habitation,Basique,2022-10-30,1219,Active,Grand Est
POL004230,CLT01228,Auto,Tous risques,2021-04-21,2118,Active,Grand Est
POL004231,CLT03320,Habitation,Confort,2021-04-28,2391,Active,Auvergne-Rhône-Alpes
POL004232,CLT02573,Auto,RC seule,2022-12-31,936,Résiliée,Nouvelle-Aquitaine
POL004233,CLT03577,Habitation,Basique,2024-03-31,1053,Active,Grand Est
POL004234,CLT03788,Santé,Complet,2021-12-31,1920,Active,Île-de-France
POL004235,CLT04281,Auto,RC seule,2024-05-11,738,Active,Île-de-France
POL004236,CLT01477,Santé,Essentiel,2022-01-20,256,Active,Grand Est
POL004237,CLT01882,Habitation,Premium,2021-02-04,3149,Active,Occitanie
POL004238,CLT03036,Auto,RC seule,2024-04-08,1065,Active,Auvergne-Rhône-Alpes
POL004239,CLT00671,Santé,Équilibré,2023-08-27,1045,Résiliée,Grand Est
POL004240,CLT03624,Habitation,Basique,2021-08-10,1034,Active,Auvergne-Rhône-Alpes
POL004241,CLT01862,Auto,RC seule,2023-03-22,909,Active,Centre-Val de Loire
POL004242,CLT03378,Habitation,Premium,2022-11-09,2725,Active,Bretagne
POL004243,CLT04699,Auto,Tiers étendu,2022-09-16,1374,Active,Auvergne-Rhône-Alpes
POL004244,CLT00531,Auto,RC seule,2023-10-31,1090,Active,Normandie
POL004245,CLT02590,Auto,Tiers étendu,2022-01-25,1206,Active,Centre-Val de Loire
POL004246,CLT02991,Habitation,Basique,2023-05-04,1317,Active,Auvergne-Rhône-Alpes
POL004247,CLT01951,Auto,Tiers étendu,2023-01-25,1869,Active,Provence-Alpes-Côte d'Azur
POL004248,CLT01586,Habitation,Premium,2021-01-06,2961,Active,Grand Est
POL004249,CLT04426,Santé,Essentiel,2022-06-24,781,Active,Auvergne-Rhône-Alpes
POL004250,CLT03678,Auto,Tiers étendu,2021-07-16,1573,Active,Hauts-de-France
POL004251,CLT00088,Santé,Équilibré,2023-06-22,1121,Active,Normandie
POL004252,CLT01507,Auto,Tiers étendu,2024-06-28,1616,Active,Normandie
POL004253,CLT01835,Santé,Complet,2024-03-03,1781,Active,Auvergne-Rhône-Alpes
POL004254,CLT00759,Auto,Tous risques,2024-01-10,2118,Active,Nouvelle-Aquitaine
POL004255,CLT04336,Auto,RC seule,2023-06-30,756,Active,Hauts-de-France
POL004256,CLT02905,Habitation,Confort,2022-04-30,2044,Suspendue,Normandie
POL004257,CLT04611,Auto,Tous risques,2021-05-22,2867,Suspendue,Auvergne-Rhône-Alpes
POL004258,CLT02844,Habitation,Premium,2024-04-22,2909,Active,Grand Est
POL004259,CLT03101,Habitation,Confort,2022-05-22,1667,Active,Bretagne
POL004260,CLT00604,Habitation,Basique,2023-02-09,969,Active,Auvergne-Rhône-Alpes
POL004261,CLT04093,Auto,Tiers étendu,2022-06-12,1514,Active,Grand Est
POL004262,CLT00354,Auto,Tiers étendu,2022-08-30,1147,Résiliée,Nouvelle-Aquitaine
POL004263,CLT02908,Santé,Complet,2022-11-16,1141,Active,Nouvelle-Aquitaine
POL004264,CLT03020,Habitation,Confort,2023-02-22,1874,Résiliée,Centre-Val de Loire
POL004265,CLT00055,Habitation,Basique,2021-01-26,1138,Active,Provence-Alpes-Côte d'Azur
POL004266,CLT02625,Auto,Tiers étendu,2022-01-09,1477,Active,Normandie
POL004267,CLT04760,Habitation,Basique,2021-02-23,1247,Active,Occitanie
POL004268,CLT03138,Habitation,Premium,2021-05-13,2627,Active,Hauts-de-France
POL004269,CLT03573,Habitation,Premium,2021-08-29,2261,Active,Grand Est
POL004270,CLT04968,Santé,Complet,2023-06-12,1290,Résiliée,Nouvelle-Aquitaine
POL004271,CLT04814,Habitation,Confort,2024-03-16,1600,Active,Normandie
POL004272,CLT04553,Auto,Tiers étendu,2021-04-11,1232,Résiliée,Hauts-de-France
POL004273,CLT01114,Habitation,Confort,2021-12-11,1783,Active,Grand Est
POL004274,CLT02824,Santé,Complet,2023-12-09,1310,Active,Île-de-France
POL004275,CLT04022,Santé,Complet,2021-06-23,1485,Active,Occitanie
POL004276,CLT04823,Habitation,Confort,2023-11-04,1929,Active,Occitanie
POL004277,CLT00824,Auto,RC seule,2024-05-13,821,Résiliée,Normandie
POL004278,CLT02507,Auto,Tous risques,2023-07-10,2364,Active,Normandie
POL004279,CLT02605,Santé,Essentiel,2024-02-27,488,Active,Bretagne
POL004280,CLT04857,Santé,Essentiel,2022-12-27,496,Résiliée,Grand Est
POL004281,CLT00985,Santé,Essentiel,2022-05-07,609,Résiliée,Bretagne
POL004282,CLT04661,Santé,Équilibré,2022-08-02,1153,Active,Auvergne-Rhône-Alpes
POL004283,CLT04996,Auto,RC seule,2023-10-13,1128,Active,Île-de-France
POL004284,CLT03477,Habitation,Basique,2023-12-12,1588,Active,Hauts-de-France
POL004285,CLT03874,Auto,Tiers étendu,2024-02-03,1447,Active,Île-de-France
POL004286,CLT00926,Habitation,Confort,2023-11-10,1773,Active,Île-de-France
POL004287,CLT02312,Habitation,Confort,2023-02-05,1583,Résiliée,Hauts-de-France
POL004288,CLT02729,Habitation,Basique,2024-01-05,1051,Active,Provence-Alpes-Côte d'Azur
POL004289,CLT03168,Habitation,Confort,2021-09-12,1883,Active,Centre-Val de Loire
POL004290,CLT01185,Habitation,Premium,2024-06-06,2665,Active,Provence-Alpes-Côte d'Azur
POL004291,CLT03113,Santé,Équilibré,2024-03-29,1287,Active,Auvergne-Rhône-Alpes
POL004292,CLT03126,Santé,Essentiel,2021-07-02,470,Active,Centre-Val de Loire
POL004293,CLT04795,Habitation,Basique,2022-05-05,1278,Active,Centre-Val de Loire
POL004294,CLT01744,Habitation,Basique,2024-02-11,1098,Active,Grand Est
POL004295,CLT01776,Auto,Tiers étendu,2023-12-23,1283,Active,Grand Est
POL004296,CLT03912,Auto,RC seule,2022-11-10,967,Active,Occitanie
POL004297,CLT01407,Auto,Tiers étendu,2022-07-21,1273,Active,Provence-Alpes-Côte d'Azur
POL004298,CLT04022,Auto,Tiers étendu,2021-08-21,1320,Active,Occitanie
POL004299,CLT01292,Auto,Tous risques,2024-04-21,2085,Active,Auvergne-Rhône-Alpes
POL004300,CLT03018,Auto,RC seule,2021-12-05,1127,Résiliée,Centre-Val de Loire
POL004301,CLT01126,Habitation,Basique,2023-08-01,1126,Active,Grand Est
POL004302,CLT02750,Santé,Essentiel,2022-05-16,633,Active,Bretagne
POL004303,CLT02269,Habitation,Premium,2023-06-19,2820,Active,Normandie
POL004304,CLT00455,Auto,Tous risques,2023-10-11,2491,Active,Auvergne-Rhône-Alpes
POL004305,CLT04609,Auto,RC seule,2021-06-01,828,Résiliée,Provence-Alpes-Côte d'Azur
POL004306,CLT02468,Auto,Tiers étendu,2022-02-27,1391,Active,Grand Est
POL004307,CLT04120,Santé,Essentiel,2022-11-08,641,Active,Normandie
POL004308,CLT00260,Santé,Essentiel,2023-07-30,519,Active,Provence-Alpes-Côte d'Azur
POL004309,CLT02226,Habitation,Confort,2022-01-21,2106,Active,Nouvelle-Aquitaine
POL004310,CLT03057,Habitation,Basique,2023-05-06,1397,Active,Nouvelle-Aquitaine
POL004311,CLT02102,Auto,Tiers étendu,2023-04-14,1608,Active,Normandie
POL004312,CLT03774,Santé,Complet,2024-01-05,1561,Active,Île-de-France
POL004313,CLT00136,Auto,Tous risques,2022-04-12,1280,Active,Centre-Val de Loire
POL004314,CLT04745,Habitation,Basique,2021-08-06,1317,Active,Normandie
POL004315,CLT00553,Auto,RC seule,2023-09-24,912,Active,Auvergne-Rhône-Alpes
POL004316,CLT04858,Habitation,Confort,2022-12-16,1743,Active,Hauts-de-France
POL004317,CLT04789,Auto,Tous risques,2021-01-03,1587,Active,Occitanie
POL004318,CLT04298,Habitation,Confort,2024-06-13,2086,Active,Normandie
POL004319,CLT00931,Auto,RC seule,2024-04-15,745,Active,Provence-Alpes-Côte d'Azur
POL004320,CLT03673,Santé,Essentiel,2023-12-19,619,Active,Grand Est
POL004321,CLT04119,Santé,Essentiel,2021-07-02,692,Active,Auvergne-Rhône-Alpes
POL004322,CLT04092,Auto,RC seule,2023-07-28,871,Active,Hauts-de-France
POL004323,CLT00436,Habitation,Premium,2023-04-24,3296,Active,Hauts-de-France
POL004324,CLT01322,Auto,RC seule,2022-11-16,902,Résiliée,Centre-Val de Loire
POL004325,CLT02326,Auto,RC seule,2021-12-31,1031,Suspendue,Bretagne
POL004326,CLT01889,Auto,RC seule,2023-03-09,811,Active,Grand Est
POL004327,CLT01390,Auto,RC seule,2022-08-06,1026,Active,Grand Est
POL004328,CLT00683,Habitation,Basique,2022-08-28,1404,Active,Nouvelle-Aquitaine
POL004329,CLT03154,Auto,RC seule,2024-07-02,959,Résiliée,Île-de-France
POL004330,CLT02124,Habitation,Basique,2021-04-14,1163,Active,Centre-Val de Loire
POL004331,CLT02047,Santé,Équilibré,2021-06-07,822,Active,Provence-Alpes-Côte d'Azur
POL004332,CLT04736,Santé,Essentiel,2023-03-13,588,Active,Occitanie
POL004333,CLT01094,Auto,Tiers étendu,2021-06-24,1696,Active,Île-de-France
POL004334,CLT00004,Santé,Essentiel,2021-08-07,675,Active,Auvergne-Rhône-Alpes
POL004335,CLT03272,Auto,Tiers étendu,2024-05-28,1142,Active,Bretagne
POL004336,CLT02074,Habitation,Basique,2022-11-19,1088,Active,Bretagne
POL004337,CLT01571,Auto,RC seule,2023-03-14,1107,Active,Bretagne
POL004338,CLT00102,Auto,RC seule,2024-05-08,967,Résiliée,Île-de-France
POL004339,CLT00552,Auto,Tiers étendu,2022-10-17,1177,Active,Bretagne
POL004340,CLT03599,Habitation,Basique,2023-02-04,1013,Active,Provence-Alpes-Côte d'Azur
POL004341,CLT04496,Auto,RC seule,2022-11-06,896,Active,Île-de-France
POL004342,CLT02491,Habitation,Basique,2024-04-12,925,Résiliée,Nouvelle-Aquitaine
POL004343,CLT00841,Habitation,Basique,2024-04-08,1216,Résiliée,Centre-Val de Loire
POL004344,CLT02215,Habitation,Basique,2022-08-06,1634,Active,Centre-Val de Loire
POL004345,CLT00689,Auto,Tiers étendu,2023-01-12,1143,Active,Île-de-France
POL004346,CLT03251,Santé,Équilibré,2024-04-03,1015,Active,Nouvelle-Aquitaine
POL004347,CLT01380,Auto,RC seule,2021-09-05,1147,Résiliée,Normandie
POL004348,CLT00251,Auto,RC seule,2021-03-29,1031,Active,Provence-Alpes-Côte d'Azur
POL004349,CLT04146,Habitation,Confort,2023-06-12,1768,Active,Nouvelle-Aquitaine
POL004350,CLT04123,Habitation,Confort,2023-04-06,1869,Active,Provence-Alpes-Côte d'Azur
POL004351,CLT02436,Habitation,Confort,2021-10-28,1515,Active,Normandie
POL004352,CLT04915,Auto,Tiers étendu,2023-07-26,1350,Résiliée,Occitanie
POL004353,CLT02679,Santé,Complet,2023-05-03,1568,Active,Hauts-de-France
POL004354,CLT02238,Habitation,Confort,2022-10-04,2151,Active,Provence-Alpes-Côte d'Azur
POL004355,CLT01225,Habitation,Confort,2021-02-22,1733,Résiliée,Nouvelle-Aquitaine
POL004356,CLT00806,Auto,Tiers étendu,2021-10-09,1476,Active,Occitanie
POL004357,CLT02944,Auto,Tous risques,2021-12-16,1984,Résiliée,Grand Est
POL004358,CLT01932,Auto,Tiers étendu,2021-01-26,1489,Active,Normandie
POL004359,CLT01209,Santé,Complet,2022-05-31,1772,Active,Provence-Alpes-Côte d'Azur
POL004360,CLT03220,Habitation,Basique,2022-05-13,1359,Suspendue,Bretagne
POL004361,CLT01296,Auto,RC seule,2022-05-21,843,Résiliée,Bretagne
POL004362,CLT02074,Auto,Tiers étendu,2023-06-23,1508,Active,Bretagne
POL004363,CLT03672,Habitation,Basique,2021-10-03,1204,Active,Grand Est
POL004364,CLT01622,Habitation,Confort,2024-04-23,2058,Active,Centre-Val de Loire
POL004365,CLT04043,Habitation,Premium,2023-05-24,2743,Active,Provence-Alpes-Côte d'Azur
POL004366,CLT03849,Auto,Tous risques,2023-10-20,1837,Active,Île-de-France
POL004367,CLT01099,Auto,Tiers étendu,2022-11-24,1417,Active,Hauts-de-France
POL004368,CLT02393,Santé,Essentiel,2022-05-09,686,Résiliée,Grand Est
POL004369,CLT00294,Santé,Essentiel,2021-05-30,652,Active,Hauts-de-France
POL004370,CLT04902,Habitation,Confort,2021-10-24,1726,Active,Île-de-France
POL004371,CLT03785,Santé,Essentiel,2022-07-21,569,Active,Grand Est
POL004372,CLT02838,Auto,RC seule,2023-12-26,823,Active,Centre-Val de Loire
POL004373,CLT01699,Habitation,Confort,2023-06-09,1768,Active,Normandie
POL004374,CLT01917,Habitation,Basique,2022-01-15,1141,Active,Île-de-France
POL004375,CLT00848,Santé,Essentiel,2023-11-14,710,Active,Provence-Alpes-Côte d'Azur
POL004376,CLT03124,Habitation,Premium,2021-12-07,2685,Active,Centre-Val de Loire
POL004377,CLT03764,Habitation,Confort,2021-02-13,1925,Active,Normandie
POL004378,CLT00326,Auto,Tiers étendu,2022-04-21,1426,Active,Île-de-France
POL004379,CLT03741,Habitation,Basique,2023-12-04,1372,Active,Hauts-de-France
POL004380,CLT03009,Habitation,Basique,2021-06-15,1430,Active,Île-de-France
POL004381,CLT04740,Habitation,Confort,2022-01-27,1979,Active,Hauts-de-France
POL004382,CLT02560,Habitation,Confort,2022-12-10,1949,Active,Provence-Alpes-Côte d'Azur
POL004383,CLT03845,Santé,Complet,2021-01-07,1351,Active,Bretagne
POL004384,CLT03072,Auto,Tiers étendu,2022-09-02,1205,Active,Bretagne
POL004385,CLT04734,Habitation,Premium,2023-03-30,2514,Active,Bretagne
POL004386,CLT02839,Habitation,Confort,2023-04-30,2096,Active,Bretagne
POL004387,CLT00580,Auto,Tous risques,2022-10-29,2241,Résiliée,Auvergne-Rhône-Alpes
POL004388,CLT02937,Auto,Tous risques,2022-06-11,2616,Active,Île-de-France
POL004389,CLT02941,Auto,RC seule,2023-01-30,1025,Active,Bretagne
POL004390,CLT02758,Auto,Tous risques,2022-01-22,1976,Active,Grand Est
POL004391,CLT02683,Habitation,Basique,2021-07-17,1214,Active,Grand Est
POL004392,CLT01706,Habitation,Basique,2021-07-23,1231,Active,Hauts-de-France
POL004393,CLT03365,Habitation,Basique,2022-04-17,1197,Suspendue,Provence-Alpes-Côte d'Azur
POL004394,CLT03514,Auto,Tous risques,2024-05-24,2018,Active,Île-de-France
POL004395,CLT02746,Habitation,Basique,2023-10-04,1381,Active,Nouvelle-Aquitaine
POL004396,CLT01167,Auto,RC seule,2023-05-10,920,Résiliée,Centre-Val de Loire
POL004397,CLT03989,Santé,Complet,2023-08-13,1573,Résiliée,Hauts-de-France
POL004398,CLT00324,Santé,Essentiel,2021-12-20,574,Active,Grand Est
POL004399,CLT04465,Auto,Tiers étendu,2023-06-23,1590,Active,Hauts-de-France
POL004400,CLT04312,Santé,Équilibré,2024-03-13,888,Active,Centre-Val de Loire
POL004401,CLT02895,Santé,Essentiel,2023-06-27,651,Active,Occitanie
POL004402,CLT02623,Santé,Complet,2021-09-03,1625,Active,Grand Est
POL004403,CLT01321,Auto,RC seule,2024-04-05,863,Active,Auvergne-Rhône-Alpes
POL004404,CLT04080,Santé,Essentiel,2021-06-29,636,Active,Grand Est
POL004405,CLT01687,Auto,Tous risques,2021-02-03,2307,Suspendue,Bretagne
POL004406,CLT04128,Auto,Tous risques,2021-04-21,2316,Résiliée,Hauts-de-France
POL004407,CLT02739,Habitation,Confort,2022-06-16,1915,Active,Provence-Alpes-Côte d'Azur
POL004408,CLT00216,Auto,Tous risques,2023-12-27,2228,Active,Bretagne
POL004409,CLT00154,Auto,Tiers étendu,2024-01-26,1494,Résiliée,Bretagne
POL004410,CLT00760,Habitation,Premium,2021-09-22,2965,Active,Auvergne-Rhône-Alpes
POL004411,CLT01254,Auto,Tiers étendu,2021-02-18,1193,Active,Centre-Val de Loire
POL004412,CLT03668,Auto,Tiers étendu,2023-05-16,1403,Active,Grand Est
POL004413,CLT04507,Habitation,Confort,2022-01-28,1914,Active,Provence-Alpes-Côte d'Azur
POL004414,CLT00527,Auto,Tiers étendu,2023-09-07,1429,Résiliée,Provence-Alpes-Côte d'Azur
POL004415,CLT00089,Auto,RC seule,2021-02-12,1060,Active,Île-de-France
POL004416,CLT02551,Habitation,Basique,2022-02-24,1358,Active,Hauts-de-France
POL004417,CLT01063,Auto,Tiers étendu,2021-05-16,1260,Résiliée,Nouvelle-Aquitaine
POL004418,CLT00171,Auto,RC seule,2021-05-15,929,Active,Occitanie
POL004419,CLT02395,Auto,RC seule,2022-11-20,874,Active,Provence-Alpes-Côte d'Azur
POL004420,CLT03730,Habitation,Basique,2023-08-26,1244,Active,Île-de-France
POL004421,CLT01203,Habitation,Basique,2022-04-21,1225,Active,Occitanie
POL004422,CLT02928,Auto,Tous risques,2023-08-09,2627,Active,Île-de-France
POL004423,CLT00698,Habitation,Premium,2021-06-07,3049,Active,Provence-Alpes-Côte d'Azur
POL004424,CLT04915,Santé,Équilibré,2024-04-07,1168,Active,Occitanie
POL004425,CLT04537,Santé,Complet,2023-10-03,1587,Active,Occitanie
POL004426,CLT03588,Santé,Complet,2022-03-22,1405,Active,Grand Est
POL004427,CLT03807,Habitation,Basique,2022-03-13,1201,Active,Normandie
POL004428,CLT00689,Habitation,Confort,2024-06-12,2065,Active,Île-de-France
POL004429,CLT01317,Auto,Tiers étendu,2022-04-06,1117,Active,Bretagne
POL004430,CLT02960,Auto,RC seule,2022-12-01,755,Active,Grand Est
POL004431,CLT03358,Santé,Complet,2021-06-23,1669,Active,Provence-Alpes-Côte d'Azur
POL004432,CLT03738,Santé,Essentiel,2021-08-21,753,Active,Provence-Alpes-Côte d'Azur
POL004433,CLT00251,Habitation,Premium,2023-04-05,3461,Active,Provence-Alpes-Côte d'Azur
POL004434,CLT00329,Auto,Tiers étendu,2021-08-08,1422,Active,Centre-Val de Loire
POL004435,CLT03969,Santé,Équilibré,2024-06-23,1219,Active,Grand Est
POL004436,CLT04660,Auto,Tous risques,2022-10-29,2430,Active,Grand Est
POL004437,CLT03206,Habitation,Basique,2022-07-26,973,Résiliée,Provence-Alpes-Côte d'Azur
POL004438,CLT04923,Auto,RC seule,2022-01-10,901,Active,Bretagne
POL004439,CLT04617,Auto,RC seule,2023-04-21,872,Active,Normandie
POL004440,CLT02573,Santé,Complet,2021-01-18,1786,Active,Nouvelle-Aquitaine
POL004441,CLT00447,Habitation,Premium,2021-06-02,2879,Active,Bretagne
POL004442,CLT01616,Habitation,Confort,2022-01-16,1576,Active,Occitanie
POL004443,CLT02838,Auto,Tiers étendu,2022-11-21,1159,Active,Centre-Val de Loire
POL004444,CLT02619,Auto,Tous risques,2021-03-15,2259,Active,Bretagne
POL004445,CLT04229,Habitation,Confort,2023-07-23,1273,Active,Nouvelle-Aquitaine
POL004446,CLT04124,Santé,Équilibré,2024-04-18,909,Résiliée,Normandie
POL004447,CLT01350,Habitation,Premium,2021-10-05,2973,Suspendue,Occitanie
POL004448,CLT00868,Habitation,Basique,2021-03-21,1044,Active,Centre-Val de Loire
POL004449,CLT01146,Habitation,Basique,2022-07-22,1398,Active,Normandie
POL004450,CLT02543,Habitation,Premium,2021-09-13,3361,Active,Centre-Val de Loire
POL004451,CLT02418,Auto,Tiers étendu,2023-01-22,1239,Active,Provence-Alpes-Côte d'Azur
POL004452,CLT04403,Habitation,Premium,2022-07-27,2880,Active,Bretagne
POL004453,CLT00189,Santé,Complet,2024-02-05,1995,Active,Normandie
POL004454,CLT03961,Auto,Tiers étendu,2022-07-14,1420,Active,Normandie
POL004455,CLT03551,Auto,RC seule,2023-10-17,788,Active,Nouvelle-Aquitaine
POL004456,CLT02120,Habitation,Confort,2021-06-18,1884,Active,Hauts-de-France
POL004457,CLT00129,Santé,Équilibré,2023-08-13,880,Active,Nouvelle-Aquitaine
POL004458,CLT01892,Auto,RC seule,2021-04-07,1089,Active,Auvergne-Rhône-Alpes
POL004459,CLT02407,Auto,Tous risques,2023-08-08,2669,Active,Normandie
POL004460,CLT02523,Santé,Équilibré,2023-12-22,935,Active,Normandie
POL004461,CLT03956,Habitation,Basique,2021-05-03,1224,Active,Normandie
POL004462,CLT00468,Auto,Tous risques,2023-11-18,1810,Suspendue,Bretagne
POL004463,CLT03802,Auto,Tiers étendu,2023-10-22,1252,Résiliée,Auvergne-Rhône-Alpes
POL004464,CLT04698,Auto,Tiers étendu,2024-03-20,1930,Active,Nouvelle-Aquitaine
POL004465,CLT03827,Auto,Tous risques,2021-09-06,2237,Active,Normandie
POL004466,CLT01570,Auto,Tiers étendu,2022-08-14,1643,Active,Nouvelle-Aquitaine
POL004467,CLT02028,Auto,RC seule,2023-01-02,959,Active,Occitanie
POL004468,CLT03045,Auto,Tous risques,2021-12-07,2715,Active,Provence-Alpes-Côte d'Azur
POL004469,CLT04872,Auto,Tous risques,2021-04-27,1504,Active,Nouvelle-Aquitaine
POL004470,CLT02222,Auto,Tous risques,2022-07-09,2261,Active,Auvergne-Rhône-Alpes
POL004471,CLT01267,Auto,RC seule,2023-08-19,1100,Active,Provence-Alpes-Côte d'Azur
POL004472,CLT02709,Auto,RC seule,2021-07-07,1017,Résiliée,Nouvelle-Aquitaine
POL004473,CLT01269,Auto,RC seule,2022-11-21,1062,Active,Bretagne
POL004474,CLT00545,Auto,Tous risques,2021-02-25,2204,Active,Centre-Val de Loire
POL004475,CLT00228,Auto,Tiers étendu,2022-05-23,1313,Active,Provence-Alpes-Côte d'Azur
POL004476,CLT04777,Auto,Tous risques,2023-01-09,1936,Résiliée,Normandie
POL004477,CLT01447,Auto,Tiers étendu,2022-06-27,1217,Active,Nouvelle-Aquitaine
POL004478,CLT03473,Habitation,Confort,2022-05-16,2053,Active,Hauts-de-France
POL004479,CLT02995,Santé,Équilibré,2021-10-06,1181,Active,Hauts-de-France
POL004480,CLT03477,Auto,Tous risques,2021-08-11,2398,Suspendue,Hauts-de-France
POL004481,CLT02562,Habitation,Confort,2024-06-05,1985,Active,Normandie
POL004482,CLT01161,Auto,Tiers étendu,2023-12-30,1477,Active,Grand Est
POL004483,CLT02699,Auto,Tiers étendu,2022-10-11,1678,Active,Bretagne
POL004484,CLT01264,Auto,RC seule,2024-07-03,1046,Active,Nouvelle-Aquitaine
POL004485,CLT04374,Auto,Tous risques,2024-04-03,1832,Résiliée,Île-de-France
POL004486,CLT02548,Santé,Essentiel,2022-01-28,675,Active,Nouvelle-Aquitaine
POL004487,CLT02846,Habitation,Confort,2022-12-14,1440,Active,Normandie
POL004488,CLT01690,Santé,Équilibré,2022-11-14,1073,Résiliée,Nouvelle-Aquitaine
POL004489,CLT01405,Habitation,Basique,2021-02-27,1354,Résiliée,Nouvelle-Aquitaine
POL004490,CLT04062,Auto,Tous risques,2023-11-08,1745,Active,Auvergne-Rhône-Alpes
POL004491,CLT03696,Santé,Essentiel,2022-08-27,568,Résiliée,Auvergne-Rhône-Alpes
POL004492,CLT02934,Auto,Tiers étendu,2023-08-28,1421,Active,Nouvelle-Aquitaine
POL004493,CLT03953,Auto,Tous risques,2022-07-15,2390,Active,Nouvelle-Aquitaine
POL004494,CLT02168,Habitation,Basique,2022-09-19,1240,Active,Auvergne-Rhône-Alpes
POL004495,CLT00434,Auto,RC seule,2024-03-09,784,Active,Centre-Val de Loire
POL004496,CLT04187,Santé,Essentiel,2024-01-24,611,Active,Bretagne
POL004497,CLT03748,Auto,RC seule,2022-03-02,742,Active,Normandie
POL004498,CLT04864,Auto,Tous risques,2024-02-26,2124,Active,Bretagne
POL004499,CLT02378,Habitation,Basique,2024-04-08,1204,Active,Hauts-de-France
POL004500,CLT00994,Auto,Tous risques,2021-02-19,2203,Active,Grand Est
POL004501,CLT02953,Auto,Tous risques,2022-02-10,2183,Active,Bretagne
POL004502,CLT00357,Auto,Tiers étendu,2024-03-20,1193,Résiliée,Île-de-France
POL004503,CLT01824,Auto,Tiers étendu,2022-06-02,1347,Active,Hauts-de-France
POL004504,CLT03608,Habitation,Basique,2021-10-06,1431,Active,Hauts-de-France
POL004505,CLT00854,Habitation,Basique,2021-09-12,1424,Active,Bretagne
POL004506,CLT00466,Auto,RC seule,2022-04-19,1240,Active,Grand Est
POL004507,CLT04789,Auto,Tiers étendu,2024-05-08,1797,Active,Occitanie
POL004508,CLT04352,Auto,RC seule,2021-11-13,837,Active,Bretagne
POL004509,CLT04696,Auto,Tiers étendu,2022-05-13,1324,Active,Auvergne-Rhône-Alpes
POL004510,CLT04091,Habitation,Basique,2023-04-29,1239,Active,Centre-Val de Loire
POL004511,CLT02754,Santé,Essentiel,2022-12-27,593,Active,Hauts-de-France
POL004512,CLT02901,Santé,Équilibré,2021-08-26,993,Active,Nouvelle-Aquitaine
POL004513,CLT01582,Habitation,Confort,2022-08-13,2708,Active,Provence-Alpes-Côte d'Azur
POL004514,CLT01178,Auto,RC seule,2022-04-14,800,Active,Grand Est
POL004515,CLT01189,Santé,Essentiel,2021-02-18,530,Active,Normandie
POL004516,CLT04913,Santé,Essentiel,2021-09-22,801,Active,Grand Est
POL004517,CLT00839,Habitation,Premium,2022-07-09,2561,Active,Île-de-France
POL004518,CLT02268,Santé,Essentiel,2023-03-09,687,Active,Provence-Alpes-Côte d'Azur
POL004519,CLT03004,Auto,RC seule,2023-02-13,1089,Active,Provence-Alpes-Côte d'Azur
POL004520,CLT00651,Santé,Complet,2022-12-19,1679,Active,Auvergne-Rhône-Alpes
POL004521,CLT01113,Habitation,Premium,2023-12-26,3072,Active,Hauts-de-France
POL004522,CLT01327,Auto,Tous risques,2022-08-21,2550,Active,Normandie
POL004523,CLT02774,Habitation,Basique,2023-12-14,1069,Suspendue,Occitanie
POL004524,CLT01105,Auto,Tous risques,2023-05-11,2108,Active,Normandie
POL004525,CLT02236,Auto,Tiers étendu,2022-10-14,1550,Active,Hauts-de-France
POL004526,CLT01778,Santé,Essentiel,2023-07-25,394,Active,Normandie
POL004527,CLT01092,Habitation,Confort,2022-03-19,2210,Active,Auvergne-Rhône-Alpes
POL004528,CLT04739,Auto,Tous risques,2022-12-07,2509,Active,Occitanie
POL004529,CLT00098,Auto,RC seule,2023-06-23,1026,Active,Auvergne-Rhône-Alpes
POL004530,CLT00555,Auto,Tous risques,2022-05-30,1800,Résiliée,Grand Est
POL004531,CLT04276,Auto,Tous risques,2023-02-23,1784,Suspendue,Provence-Alpes-Côte d'Azur
POL004532,CLT02813,Auto,Tiers étendu,2023-01-10,1396,Résiliée,Bretagne
POL004533,CLT03903,Auto,Tous risques,2022-12-31,2641,Active,Bretagne
POL004534,CLT04591,Habitation,Basique,2024-02-13,891,Active,Hauts-de-France
POL004535,CLT00249,Habitation,Confort,2023-01-11,2256,Active,Bretagne
POL004536,CLT01717,Santé,Équilibré,2022-04-12,966,Active,Bretagne
POL004537,CLT01067,Habitation,Premium,2022-07-18,2811,Résiliée,Hauts-de-France
POL004538,CLT02551,Habitation,Basique,2021-11-24,1300,Active,Hauts-de-France
POL004539,CLT03719,Habitation,Premium,2024-05-27,3195,Active,Île-de-France
POL004540,CLT00220,Habitation,Confort,2021-02-07,1721,Active,Normandie
POL004541,CLT00482,Habitation,Basique,2024-02-23,1441,Active,Centre-Val de Loire
POL004542,CLT03913,Auto,RC seule,2021-09-06,676,Active,Île-de-France
POL004543,CLT02288,Auto,RC seule,2022-10-25,906,Active,Nouvelle-Aquitaine
POL004544,CLT00310,Auto,RC seule,2022-11-03,937,Résiliée,Hauts-de-France
POL004545,CLT04228,Habitation,Premium,2021-08-24,2714,Active,Auvergne-Rhône-Alpes
POL004546,CLT03650,Habitation,Basique,2021-12-09,969,Active,Occitanie
POL004547,CLT04513,Habitation,Basique,2023-06-08,1371,Résiliée,Occitanie
POL004548,CLT04957,Auto,RC seule,2022-11-20,786,Active,Bretagne
POL004549,CLT02292,Auto,RC seule,2021-02-19,955,Active,Provence-Alpes-Côte d'Azur
POL004550,CLT04205,Habitation,Confort,2022-12-17,1914,Active,Grand Est
POL004551,CLT03970,Auto,Tiers étendu,2022-11-24,1489,Résiliée,Auvergne-Rhône-Alpes
POL004552,CLT00041,Habitation,Confort,2021-07-18,2260,Active,Nouvelle-Aquitaine
POL004553,CLT00354,Auto,Tous risques,2023-06-16,2215,Active,Nouvelle-Aquitaine
POL004554,CLT02033,Auto,Tiers étendu,2023-03-17,1552,Active,Nouvelle-Aquitaine
POL004555,CLT01459,Habitation,Premium,2021-08-02,3033,Active,Auvergne-Rhône-Alpes
POL004556,CLT01023,Auto,Tiers étendu,2021-03-22,1665,Active,Nouvelle-Aquitaine
POL004557,CLT01852,Habitation,Basique,2022-10-26,1508,Résiliée,Grand Est
POL004558,CLT02124,Santé,Essentiel,2023-09-25,625,Résiliée,Centre-Val de Loire
POL004559,CLT02137,Habitation,Premium,2024-05-23,3123,Résiliée,Hauts-de-France
POL004560,CLT04703,Santé,Essentiel,2023-02-13,797,Active,Occitanie
POL004561,CLT00275,Auto,Tous risques,2024-02-21,2854,Active,Centre-Val de Loire
POL004562,CLT03437,Habitation,Confort,2023-01-08,1708,Active,Auvergne-Rhône-Alpes
POL004563,CLT03658,Auto,RC seule,2021-06-26,1035,Active,Normandie
POL004564,CLT03578,Habitation,Basique,2023-05-29,1241,Active,Centre-Val de Loire
POL004565,CLT00751,Habitation,Confort,2024-03-31,2166,Active,Occitanie
POL004566,CLT02598,Auto,Tiers étendu,2021-05-29,1532,Suspendue,Nouvelle-Aquitaine
POL004567,CLT02284,Habitation,Premium,2021-08-13,3110,Active,Nouvelle-Aquitaine
POL004568,CLT02179,Auto,Tiers étendu,2023-12-05,1555,Suspendue,Normandie
POL004569,CLT02120,Santé,Complet,2023-06-18,1670,Active,Hauts-de-France
POL004570,CLT02216,Auto,RC seule,2023-09-16,989,Active,Occitanie
POL004571,CLT01646,Auto,RC seule,2023-11-09,883,Résiliée,Centre-Val de Loire
POL004572,CLT03058,Auto,Tiers étendu,2023-06-04,1377,Résiliée,Bretagne
POL004573,CLT04830,Auto,RC seule,2022-03-28,1267,Active,Occitanie
POL004574,CLT01303,Habitation,Basique,2022-12-03,1278,Active,Bretagne
POL004575,CLT00966,Auto,RC seule,2023-09-18,834,Suspendue,Provence-Alpes-Côte d'Azur
POL004576,CLT00593,Auto,RC seule,2021-02-25,962,Active,Nouvelle-Aquitaine
POL004577,CLT02797,Habitation,Confort,2024-03-25,2099,Active,Grand Est
POL004578,CLT04809,Auto,RC seule,2022-09-17,830,Active,Grand Est
POL004579,CLT03182,Auto,RC seule,2024-01-11,781,Active,Grand Est
POL004580,CLT00007,Santé,Essentiel,2023-10-03,463,Résiliée,Occitanie
POL004581,CLT01744,Auto,Tiers étendu,2022-02-25,1104,Active,Grand Est
POL004582,CLT02201,Auto,Tous risques,2022-05-19,1890,Résiliée,Provence-Alpes-Côte d'Azur
POL004583,CLT03324,Auto,RC seule,2024-04-19,771,Active,Bretagne
POL004584,CLT03553,Habitation,Confort,2024-06-16,2251,Résiliée,Grand Est
POL004585,CLT04933,Santé,Équilibré,2023-06-23,1024,Résiliée,Provence-Alpes-Côte d'Azur
POL004586,CLT00227,Habitation,Premium,2023-05-23,2919,Active,Normandie
POL004587,CLT04086,Auto,RC seule,2022-07-24,773,Active,Occitanie
POL004588,CLT02028,Santé,Essentiel,2021-04-15,605,Active,Occitanie
POL004589,CLT04844,Auto,Tous risques,2023-09-27,1799,Suspendue,Grand Est
POL004590,CLT02325,Auto,Tiers étendu,2021-06-18,1330,Active,Auvergne-Rhône-Alpes
POL004591,CLT03126,Auto,Tous risques,2023-07-28,3030,Active,Centre-Val de Loire
POL004592,CLT00650,Santé,Complet,2023-10-01,1777,Active,Normandie
POL004593,CLT00051,Habitation,Basique,2023-02-07,1353,Résiliée,Hauts-de-France
POL004594,CLT03581,Auto,Tiers étendu,2022-08-18,1544,Active,Grand Est
POL004595,CLT04092,Auto,RC seule,2023-09-29,865,Active,Hauts-de-France
POL004596,CLT01916,Habitation,Basique,2024-05-22,1101,Active,Grand Est
POL004597,CLT03852,Auto,RC seule,2022-06-13,1130,Active,Bretagne
POL004598,CLT01410,Auto,RC seule,2022-02-24,818,Active,Normandie
POL004599,CLT04721,Santé,Complet,2023-12-10,1524,Résiliée,Occitanie
POL004600,CLT01305,Auto,Tiers étendu,2021-02-18,1530,Active,Centre-Val de Loire
POL004601,CLT01007,Auto,Tous risques,2021-01-14,1931,Active,Auvergne-Rhône-Alpes
POL004602,CLT02238,Santé,Essentiel,2022-12-21,689,Active,Provence-Alpes-Côte d'Azur
POL004603,CLT03957,Auto,Tous risques,2022-06-29,2172,Active,Occitanie
POL004604,CLT03807,Habitation,Basique,2021-01-15,1381,Active,Normandie
POL004605,CLT03422,Habitation,Premium,2024-03-27,3181,Active,Centre-Val de Loire
POL004606,CLT00809,Auto,Tous risques,2022-09-28,2160,Active,Provence-Alpes-Côte d'Azur
POL004607,CLT03283,Habitation,Premium,2023-07-11,3606,Active,Normandie
POL004608,CLT03273,Santé,Complet,2023-06-06,1344,Active,Île-de-France
POL004609,CLT02062,Habitation,Basique,2024-02-26,1556,Active,Occitanie
POL004610,CLT00069,Habitation,Confort,2022-12-02,2100,Résiliée,Île-de-France
POL004611,CLT01145,Habitation,Basique,2022-10-19,1565,Résiliée,Centre-Val de Loire
POL004612,CLT00579,Habitation,Basique,2024-03-19,1356,Active,Grand Est
POL004613,CLT04255,Habitation,Basique,2024-02-18,1190,Active,Provence-Alpes-Côte d'Azur
POL004614,CLT01177,Habitation,Basique,2022-07-19,1556,Active,Île-de-France
POL004615,CLT00041,Auto,Tiers étendu,2024-02-09,1440,Active,Nouvelle-Aquitaine
POL004616,CLT00333,Auto,Tiers étendu,2024-05-03,1306,Résiliée,Nouvelle-Aquitaine
POL004617,CLT03830,Habitation,Basique,2023-12-14,1184,Active,Bretagne
POL004618,CLT02258,Auto,RC seule,2023-09-08,824,Active,Provence-Alpes-Côte d'Azur
POL004619,CLT03399,Santé,Équilibré,2024-04-11,1118,Active,Île-de-France
POL004620,CLT01329,Santé,Essentiel,2022-05-22,560,Active,Nouvelle-Aquitaine
POL004621,CLT00729,Habitation,Basique,2024-03-06,1194,Résiliée,Hauts-de-France
POL004622,CLT01959,Auto,RC seule,2021-06-11,1143,Active,Hauts-de-France
POL004623,CLT00918,Santé,Équilibré,2021-02-13,1104,Active,Normandie
POL004624,CLT02062,Habitation,Basique,2023-12-08,1334,Active,Occitanie
POL004625,CLT03044,Auto,RC seule,2021-11-11,940,Active,Grand Est
POL004626,CLT00855,Auto,RC seule,2023-04-24,943,Active,Bretagne
POL004627,CLT02073,Auto,Tiers étendu,2023-12-08,1322,Active,Île-de-France
POL004628,CLT00597,Santé,Complet,2024-01-24,1588,Active,Centre-Val de Loire
POL004629,CLT04110,Habitation,Premium,2022-05-10,3005,Active,Occitanie
POL004630,CLT03256,Santé,Complet,2023-06-04,1671,Suspendue,Normandie
POL004631,CLT02028,Habitation,Basique,2024-01-17,1306,Active,Occitanie
POL004632,CLT04712,Auto,Tous risques,2024-01-06,2028,Active,Provence-Alpes-Côte d'Azur
POL004633,CLT02051,Auto,Tiers étendu,2021-10-16,1285,Active,Centre-Val de Loire
POL004634,CLT03171,Santé,Équilibré,2024-05-13,891,Active,Grand Est
POL004635,CLT04778,Santé,Complet,2023-06-05,1408,Active,Hauts-de-France
POL004636,CLT03479,Santé,Essentiel,2023-08-22,759,Active,Normandie
POL004637,CLT01378,Habitation,Basique,2024-01-05,1312,Active,Centre-Val de Loire
POL004638,CLT03536,Habitation,Basique,2021-08-28,1082,Active,Nouvelle-Aquitaine
POL004639,CLT04833,Habitation,Confort,2024-03-02,2090,Active,Provence-Alpes-Côte d'Azur
POL004640,CLT04967,Santé,Essentiel,2021-01-09,581,Active,Nouvelle-Aquitaine
POL004641,CLT04051,Santé,Équilibré,2021-04-30,905,Active,Auvergne-Rhône-Alpes
POL004642,CLT02563,Santé,Équilibré,2021-09-18,799,Résiliée,Auvergne-Rhône-Alpes
POL004643,CLT01540,Habitation,Confort,2021-11-22,2082,Active,Île-de-France
POL004644,CLT01054,Auto,Tous risques,2023-01-19,1742,Active,Centre-Val de Loire
POL004645,CLT04687,Auto,RC seule,2022-12-22,913,Active,Occitanie
POL004646,CLT03136,Auto,RC seule,2022-07-09,801,Active,Grand Est
POL004647,CLT01499,Auto,RC seule,2022-11-21,996,Active,Provence-Alpes-Côte d'Azur
POL004648,CLT01779,Habitation,Basique,2022-03-11,1153,Suspendue,Centre-Val de Loire
POL004649,CLT02891,Auto,RC seule,2022-01-22,886,Active,Bretagne
POL004650,CLT03140,Auto,RC seule,2024-01-08,920,Active,Nouvelle-Aquitaine
POL004651,CLT02266,Auto,RC seule,2023-10-10,1022,Active,Auvergne-Rhône-Alpes
POL004652,CLT04877,Habitation,Premium,2021-05-15,2941,Active,Bretagne
POL004653,CLT01308,Auto,Tous risques,2023-12-20,2332,Active,Centre-Val de Loire
POL004654,CLT02839,Auto,RC seule,2021-01-30,883,Active,Bretagne
POL004655,CLT04918,Auto,Tous risques,2022-01-13,1653,Active,Nouvelle-Aquitaine
POL004656,CLT04787,Habitation,Premium,2024-05-30,2409,Active,Provence-Alpes-Côte d'Azur
POL004657,CLT00201,Auto,RC seule,2022-09-12,1081,Résiliée,Normandie
POL004658,CLT01657,Auto,Tous risques,2021-01-25,2099,Active,Occitanie
POL004659,CLT00789,Habitation,Basique,2022-11-04,1137,Active,Bretagne
POL004660,CLT01979,Santé,Essentiel,2023-09-29,499,Active,Bretagne
POL004661,CLT01808,Habitation,Basique,2022-06-11,989,Active,Auvergne-Rhône-Alpes
POL004662,CLT00532,Auto,Tiers étendu,2023-09-02,1320,Résiliée,Hauts-de-France
POL004663,CLT02766,Auto,Tiers étendu,2021-08-07,1708,Active,Normandie
POL004664,CLT00798,Auto,RC seule,2023-05-27,837,Active,Normandie
POL004665,CLT02024,Habitation,Premium,2024-03-27,3202,Active,Île-de-France
POL004666,CLT01045,Habitation,Basique,2021-04-15,1156,Résiliée,Grand Est
POL004667,CLT00566,Auto,Tous risques,2021-07-21,2430,Active,Normandie
POL004668,CLT02087,Santé,Essentiel,2022-05-27,582,Active,Provence-Alpes-Côte d'Azur
POL004669,CLT03578,Auto,Tiers étendu,2024-01-11,1157,Suspendue,Centre-Val de Loire
POL004670,CLT02708,Habitation,Premium,2023-07-04,2700,Active,Auvergne-Rhône-Alpes
POL004671,CLT01764,Habitation,Premium,2021-05-24,3544,Résiliée,Hauts-de-France
POL004672,CLT04940,Santé,Complet,2022-03-29,2100,Active,Île-de-France
POL004673,CLT00917,Habitation,Basique,2023-06-24,1419,Active,Île-de-France
POL004674,CLT01986,Habitation,Premium,2022-10-08,2893,Active,Bretagne
POL004675,CLT00718,Santé,Complet,2021-06-22,1614,Active,Grand Est
POL004676,CLT00734,Auto,Tiers étendu,2021-12-30,1485,Active,Hauts-de-France
POL004677,CLT03208,Santé,Équilibré,2022-10-29,1002,Active,Nouvelle-Aquitaine
POL004678,CLT00376,Auto,RC seule,2022-05-30,964,Active,Hauts-de-France
POL004679,CLT02058,Santé,Essentiel,2022-08-18,677,Active,Normandie
POL004680,CLT01314,Habitation,Confort,2023-05-07,1726,Active,Nouvelle-Aquitaine
POL004681,CLT02072,Auto,Tiers étendu,2021-01-16,1206,Active,Île-de-France
POL004682,CLT03797,Habitation,Basique,2023-06-24,1174,Active,Normandie
POL004683,CLT04098,Auto,RC seule,2023-11-08,1093,Active,Normandie
POL004684,CLT04156,Santé,Complet,2024-01-22,1671,Active,Occitanie
POL004685,CLT03952,Auto,Tiers étendu,2022-03-24,1473,Active,Provence-Alpes-Côte d'Azur
POL004686,CLT03049,Auto,RC seule,2024-04-19,868,Active,Hauts-de-France
POL004687,CLT00492,Habitation,Basique,2021-10-15,1060,Active,Centre-Val de Loire
POL004688,CLT03475,Habitation,Confort,2023-07-03,1831,Résiliée,Provence-Alpes-Côte d'Azur
POL004689,CLT02324,Auto,Tiers étendu,2021-09-04,1216,Active,Provence-Alpes-Côte d'Azur
POL004690,CLT04529,Habitation,Premium,2021-02-26,2512,Active,Occitanie
POL004691,CLT02247,Santé,Équilibré,2022-03-28,1237,Active,Île-de-France
POL004692,CLT02352,Santé,Essentiel,2023-04-27,592,Résiliée,Normandie
POL004693,CLT04329,Auto,Tous risques,2021-05-14,1995,Active,Auvergne-Rhône-Alpes
POL004694,CLT03366,Habitation,Basique,2023-08-12,1555,Active,Provence-Alpes-Côte d'Azur
POL004695,CLT01672,Auto,Tous risques,2021-05-20,2743,Résiliée,Provence-Alpes-Côte d'Azur
POL004696,CLT04217,Auto,Tous risques,2023-10-21,2203,Active,Hauts-de-France
POL004697,CLT03168,Auto,Tous risques,2023-01-10,2382,Résiliée,Centre-Val de Loire
POL004698,CLT03346,Auto,Tiers étendu,2021-03-27,1358,Active,Bretagne
POL004699,CLT01874,Habitation,Confort,2022-10-07,1712,Active,Occitanie
POL004700,CLT04665,Santé,Équilibré,2023-11-23,1119,Active,Normandie
POL004701,CLT01145,Auto,Tiers étendu,2022-01-12,1425,Suspendue,Centre-Val de Loire
POL004702,CLT01048,Auto,Tiers étendu,2022-11-25,1525,Active,Auvergne-Rhône-Alpes
POL004703,CLT04816,Habitation,Premium,2022-02-10,3406,Active,Grand Est
POL004704,CLT01069,Auto,RC seule,2021-04-03,1060,Active,Auvergne-Rhône-Alpes
POL004705,CLT02333,Auto,Tiers étendu,2022-03-15,1449,Active,Hauts-de-France
POL004706,CLT03866,Auto,RC seule,2023-09-24,1048,Active,Provence-Alpes-Côte d'Azur
POL004707,CLT04837,Habitation,Basique,2024-06-23,1045,Active,Normandie
POL004708,CLT02964,Habitation,Basique,2022-01-25,1312,Active,Provence-Alpes-Côte d'Azur
POL004709,CLT01362,Habitation,Basique,2021-06-28,1256,Active,Île-de-France
POL004710,CLT02504,Habitation,Premium,2024-02-15,3008,Active,Centre-Val de Loire
POL004711,CLT03776,Santé,Équilibré,2024-04-26,967,Résiliée,Nouvelle-Aquitaine
POL004712,CLT01624,Habitation,Premium,2023-08-17,3703,Active,Occitanie
POL004713,CLT01741,Habitation,Confort,2023-10-19,1690,Active,Île-de-France
POL004714,CLT00197,Auto,Tous risques,2023-11-02,2675,Active,Provence-Alpes-Côte d'Azur
POL004715,CLT02486,Auto,Tous risques,2023-02-12,1966,Active,Hauts-de-France
POL004716,CLT04604,Auto,Tous risques,2021-01-10,2435,Active,Hauts-de-France
POL004717,CLT04630,Habitation,Basique,2023-04-17,1325,Active,Île-de-France
POL004718,CLT02917,Santé,Essentiel,2022-11-01,629,Active,Normandie
POL004719,CLT01481,Auto,Tiers étendu,2021-12-05,1408,Active,Occitanie
POL004720,CLT01511,Auto,Tiers étendu,2021-10-27,1447,Active,Occitanie
POL004721,CLT01170,Auto,Tiers étendu,2021-11-22,1562,Active,Occitanie
POL004722,CLT02492,Habitation,Premium,2024-01-12,3594,Résiliée,Nouvelle-Aquitaine
POL004723,CLT04963,Habitation,Confort,2021-04-23,1586,Active,Centre-Val de Loire
POL004724,CLT02216,Habitation,Basique,2022-05-09,1181,Active,Occitanie
POL004725,CLT02060,Santé,Complet,2023-05-03,1712,Active,Île-de-France
POL004726,CLT00377,Auto,Tous risques,2022-09-03,2286,Active,Île-de-France
POL004727,CLT03165,Auto,RC seule,2023-02-15,965,Résiliée,Auvergne-Rhône-Alpes
POL004728,CLT03243,Auto,Tous risques,2023-03-02,2650,Active,Bretagne
POL004729,CLT04260,Habitation,Premium,2024-06-15,1676,Suspendue,Auvergne-Rhône-Alpes
POL004730,CLT02227,Santé,Équilibré,2022-06-06,917,Résiliée,Île-de-France
POL004731,CLT02014,Habitation,Premium,2024-06-29,2239,Active,Centre-Val de Loire
POL004732,CLT04261,Santé,Équilibré,2022-10-26,860,Active,Centre-Val de Loire
POL004733,CLT00711,Auto,RC seule,2021-04-07,1252,Résiliée,Normandie
POL004734,CLT04426,Auto,Tiers étendu,2021-07-27,1639,Active,Auvergne-Rhône-Alpes
POL004735,CLT04461,Auto,RC seule,2022-01-26,1017,Active,Bretagne
POL004736,CLT03448,Habitation,Premium,2022-02-21,3083,Active,Provence-Alpes-Côte d'Azur
POL004737,CLT04046,Habitation,Premium,2024-06-03,3245,Active,Occitanie
POL004738,CLT00020,Auto,Tiers étendu,2021-11-20,1058,Active,Île-de-France
POL004739,CLT00228,Auto,RC seule,2023-10-24,1041,Active,Provence-Alpes-Côte d'Azur
POL004740,CLT01478,Auto,Tiers étendu,2022-05-08,1239,Active,Centre-Val de Loire
POL004741,CLT02981,Auto,RC seule,2022-02-04,892,Active,Normandie
POL004742,CLT03236,Habitation,Confort,2021-05-17,1957,Active,Grand Est
POL004743,CLT00040,Habitation,Basique,2021-12-10,1261,Active,Île-de-France
POL004744,CLT01504,Auto,Tiers étendu,2023-05-24,1506,Active,Occitanie
POL004745,CLT00287,Santé,Essentiel,2022-12-14,485,Active,Hauts-de-France
POL004746,CLT02007,Auto,Tous risques,2023-09-23,2487,Active,Île-de-France
POL004747,CLT03268,Santé,Équilibré,2021-01-29,1289,Active,Provence-Alpes-Côte d'Azur
POL004748,CLT00047,Habitation,Confort,2021-06-12,1713,Résiliée,Provence-Alpes-Côte d'Azur
POL004749,CLT03082,Santé,Complet,2022-03-12,1996,Résiliée,Centre-Val de Loire
POL004750,CLT01427,Santé,Complet,2023-12-21,1318,Active,Nouvelle-Aquitaine
POL004751,CLT01792,Habitation,Confort,2023-09-13,1807,Active,Provence-Alpes-Côte d'Azur
POL004752,CLT00596,Auto,Tiers étendu,2022-09-16,1712,Active,Île-de-France
POL004753,CLT00945,Auto,Tous risques,2021-04-30,1994,Résiliée,Nouvelle-Aquitaine
POL004754,CLT04526,Habitation,Basique,2021-10-16,1376,Active,Bretagne
POL004755,CLT01527,Santé,Complet,2021-04-20,2165,Active,Grand Est
POL004756,CLT01945,Habitation,Confort,2023-12-01,2056,Active,Provence-Alpes-Côte d'Azur
POL004757,CLT04468,Santé,Essentiel,2024-03-09,555,Active,Hauts-de-France
POL004758,CLT01465,Santé,Essentiel,2023-02-19,552,Active,Normandie
POL004759,CLT00104,Auto,Tous risques,2022-03-16,2813,Active,Hauts-de-France
POL004760,CLT00624,Habitation,Basique,2022-12-19,1395,Active,Hauts-de-France
POL004761,CLT03694,Auto,RC seule,2021-03-29,1106,Résiliée,Bretagne
POL004762,CLT00724,Auto,RC seule,2023-08-16,898,Active,Île-de-France
POL004763,CLT02377,Auto,Tous risques,2022-03-17,2618,Active,Nouvelle-Aquitaine
POL004764,CLT03165,Habitation,Basique,2021-06-20,1296,Active,Auvergne-Rhône-Alpes
POL004765,CLT04142,Auto,Tous risques,2023-08-18,2014,Active,Nouvelle-Aquitaine
POL004766,CLT04400,Auto,RC seule,2024-05-09,1055,Active,Provence-Alpes-Côte d'Azur
POL004767,CLT02621,Auto,RC seule,2023-03-25,1214,Résiliée,Bretagne
POL004768,CLT01387,Auto,RC seule,2021-02-02,830,Active,Nouvelle-Aquitaine
POL004769,CLT00335,Habitation,Basique,2023-09-17,1047,Active,Bretagne
POL004770,CLT02769,Auto,Tous risques,2022-08-03,2220,Résiliée,Bretagne
POL004771,CLT00098,Auto,RC seule,2024-05-30,1133,Active,Auvergne-Rhône-Alpes
POL004772,CLT00609,Auto,RC seule,2023-07-06,810,Active,Provence-Alpes-Côte d'Azur
POL004773,CLT02620,Auto,RC seule,2022-10-18,959,Active,Centre-Val de Loire
POL004774,CLT02386,Auto,Tiers étendu,2021-05-08,1362,Active,Normandie
POL004775,CLT04068,Habitation,Confort,2024-06-03,2065,Active,Centre-Val de Loire
POL004776,CLT00057,Habitation,Confort,2021-02-18,1658,Active,Hauts-de-France
POL004777,CLT03218,Auto,RC seule,2021-03-24,1026,Active,Normandie
POL004778,CLT04178,Auto,RC seule,2021-01-16,924,Active,Hauts-de-France
POL004779,CLT01339,Auto,Tiers étendu,2024-05-03,1216,Suspendue,Hauts-de-France
POL004780,CLT01986,Santé,Essentiel,2022-01-19,639,Active,Bretagne
POL004781,CLT00966,Santé,Équilibré,2022-04-29,691,Active,Provence-Alpes-Côte d'Azur
POL004782,CLT02958,Auto,Tous risques,2021-05-10,2109,Résiliée,Grand Est
POL004783,CLT02095,Auto,Tous risques,2023-02-25,2408,Active,Normandie
POL004784,CLT00598,Santé,Équilibré,2023-01-16,784,Active,Normandie
POL004785,CLT02481,Auto,RC seule,2021-05-16,610,Active,Grand Est
POL004786,CLT02238,Santé,Équilibré,2021-06-09,651,Active,Provence-Alpes-Côte d'Azur
POL004787,CLT03776,Auto,RC seule,2024-01-13,1095,Active,Nouvelle-Aquitaine
POL004788,CLT03604,Habitation,Premium,2024-02-13,2879,Active,Occitanie
POL004789,CLT01600,Habitation,Basique,2022-06-06,1164,Résiliée,Centre-Val de Loire
POL004790,CLT03669,Habitation,Confort,2022-09-23,2168,Active,Centre-Val de Loire
POL004791,CLT04449,Habitation,Premium,2024-01-16,2646,Suspendue,Occitanie
POL004792,CLT04270,Auto,RC seule,2021-09-12,1024,Active,Île-de-France
POL004793,CLT02248,Santé,Essentiel,2023-04-14,643,Active,Normandie
POL004794,CLT03295,Habitation,Confort,2021-05-26,1730,Active,Auvergne-Rhône-Alpes
POL004795,CLT02772,Auto,Tiers étendu,2021-03-01,1510,Active,Bretagne
POL004796,CLT00320,Habitation,Premium,2023-07-11,3260,Active,Hauts-de-France
POL004797,CLT02713,Auto,Tous risques,2023-08-14,2141,Active,Occitanie
POL004798,CLT00329,Auto,RC seule,2022-02-26,886,Active,Centre-Val de Loire
POL004799,CLT02061,Habitation,Basique,2022-04-17,1169,Active,Occitanie
POL004800,CLT04136,Santé,Équilibré,2021-10-06,659,Active,Auvergne-Rhône-Alpes
POL004801,CLT01554,Habitation,Basique,2022-12-25,1251,Active,Normandie
POL004802,CLT01496,Habitation,Confort,2024-02-12,1502,Active,Auvergne-Rhône-Alpes
POL004803,CLT01932,Auto,Tiers étendu,2021-12-24,1572,Suspendue,Normandie
POL004804,CLT01405,Habitation,Premium,2022-01-25,2900,Active,Nouvelle-Aquitaine
POL004805,CLT02781,Habitation,Premium,2021-02-02,2898,Active,Grand Est
POL004806,CLT02089,Auto,Tous risques,2022-05-13,2621,Active,Centre-Val de Loire
POL004807,CLT03285,Habitation,Basique,2024-05-26,1064,Active,Occitanie
POL004808,CLT02526,Habitation,Basique,2022-08-09,1267,Active,Nouvelle-Aquitaine
POL004809,CLT03727,Auto,Tiers étendu,2022-10-16,1555,Active,Occitanie
POL004810,CLT03219,Habitation,Basique,2022-05-07,1211,Active,Provence-Alpes-Côte d'Azur
POL004811,CLT04531,Habitation,Confort,2023-07-19,1683,Active,Centre-Val de Loire
POL004812,CLT01275,Habitation,Basique,2022-04-08,1293,Résiliée,Hauts-de-France
POL004813,CLT02554,Santé,Complet,2021-11-20,1709,Active,Grand Est
POL004814,CLT00855,Auto,RC seule,2022-07-08,956,Active,Bretagne
POL004815,CLT00956,Auto,Tous risques,2021-07-08,1863,Active,Occitanie
POL004816,CLT01608,Auto,Tiers étendu,2022-12-05,1424,Active,Nouvelle-Aquitaine
POL004817,CLT03405,Auto,RC seule,2023-12-18,951,Active,Hauts-de-France
POL004818,CLT01491,Santé,Essentiel,2023-07-30,688,Active,Centre-Val de Loire
POL004819,CLT02261,Auto,RC seule,2021-08-29,737,Active,Auvergne-Rhône-Alpes
POL004820,CLT02511,Auto,Tous risques,2021-10-29,2063,Active,Île-de-France
POL004821,CLT00863,Habitation,Basique,2024-03-25,1143,Active,Auvergne-Rhône-Alpes
POL004822,CLT04651,Auto,Tiers étendu,2021-12-08,1429,Active,Île-de-France
POL004823,CLT00664,Habitation,Confort,2022-09-05,1545,Active,Provence-Alpes-Côte d'Azur
POL004824,CLT02460,Auto,Tiers étendu,2023-01-22,1459,Active,Normandie
POL004825,CLT00912,Auto,Tous risques,2022-07-14,2099,Active,Centre-Val de Loire
POL004826,CLT01423,Santé,Équilibré,2022-08-14,876,Active,Bretagne
POL004827,CLT04885,Santé,Complet,2021-12-22,1481,Active,Centre-Val de Loire
POL004828,CLT01674,Auto,Tiers étendu,2024-06-27,1430,Active,Provence-Alpes-Côte d'Azur
POL004829,CLT04062,Auto,Tiers étendu,2021-08-31,1503,Active,Auvergne-Rhône-Alpes
POL004830,CLT00018,Auto,RC seule,2021-09-02,816,Active,Centre-Val de Loire
POL004831,CLT00617,Habitation,Basique,2022-07-24,1248,Active,Normandie
POL004832,CLT04660,Auto,Tiers étendu,2022-04-26,1352,Active,Grand Est
POL004833,CLT03814,Santé,Équilibré,2022-06-17,939,Active,Provence-Alpes-Côte d'Azur
POL004834,CLT01611,Santé,Essentiel,2023-10-28,695,Active,Auvergne-Rhône-Alpes
POL004835,CLT02057,Auto,RC seule,2022-05-04,950,Active,Provence-Alpes-Côte d'Azur
POL004836,CLT04384,Habitation,Premium,2023-02-26,2825,Résiliée,Centre-Val de Loire
POL004837,CLT02528,Auto,RC seule,2021-05-26,962,Résiliée,Normandie
POL004838,CLT03406,Auto,Tiers étendu,2024-04-24,1162,Active,Provence-Alpes-Côte d'Azur
POL004839,CLT00217,Auto,Tous risques,2023-04-27,3074,Active,Provence-Alpes-Côte d'Azur
POL004840,CLT03653,Santé,Équilibré,2021-10-29,1119,Active,Normandie
POL004841,CLT00524,Habitation,Confort,2021-03-17,2000,Active,Centre-Val de Loire
POL004842,CLT00074,Auto,Tous risques,2022-06-30,1675,Active,Centre-Val de Loire
POL004843,CLT02868,Habitation,Basique,2021-12-04,1114,Active,Provence-Alpes-Côte d'Azur
POL004844,CLT01137,Habitation,Basique,2023-05-01,1212,Active,Nouvelle-Aquitaine
POL004845,CLT02084,Habitation,Basique,2023-09-12,978,Active,Hauts-de-France
POL004846,CLT04433,Auto,Tous risques,2023-11-14,2546,Suspendue,Provence-Alpes-Côte d'Azur
POL004847,CLT01095,Auto,RC seule,2024-02-09,1077,Active,Auvergne-Rhône-Alpes
POL004848,CLT00655,Auto,Tiers étendu,2024-01-28,1839,Active,Auvergne-Rhône-Alpes
POL004849,CLT03047,Auto,Tiers étendu,2023-03-21,1252,Active,Grand Est
POL004850,CLT04953,Santé,Complet,2023-07-17,1571,Active,Auvergne-Rhône-Alpes
POL004851,CLT02141,Auto,Tous risques,2021-05-19,2830,Active,Centre-Val de Loire
POL004852,CLT02280,Santé,Essentiel,2023-03-15,639,Active,Hauts-de-France
POL004853,CLT03897,Auto,Tiers étendu,2022-05-21,1359,Active,Grand Est
POL004854,CLT04369,Santé,Essentiel,2022-12-26,437,Active,Centre-Val de Loire
POL004855,CLT01390,Habitation,Premium,2022-10-22,3262,Active,Grand Est
POL004856,CLT04913,Auto,Tous risques,2023-08-22,2299,Active,Grand Est
POL004857,CLT01748,Santé,Complet,2024-05-31,1321,Active,Hauts-de-France
POL004858,CLT04859,Auto,RC seule,2023-10-19,997,Active,Centre-Val de Loire
POL004859,CLT03844,Habitation,Confort,2023-12-31,2022,Résiliée,Auvergne-Rhône-Alpes
POL004860,CLT01712,Auto,Tiers étendu,2023-08-19,1504,Active,Occitanie
POL004861,CLT00817,Auto,Tiers étendu,2024-05-24,1508,Active,Bretagne
POL004862,CLT04387,Auto,RC seule,2022-07-29,1097,Résiliée,Nouvelle-Aquitaine
POL004863,CLT01884,Habitation,Premium,2022-11-30,2754,Suspendue,Occitanie
POL004864,CLT03553,Habitation,Premium,2023-12-23,3616,Active,Grand Est
POL004865,CLT04519,Habitation,Confort,2023-02-24,2141,Active,Bretagne
POL004866,CLT00124,Santé,Équilibré,2023-01-02,1079,Active,Hauts-de-France
POL004867,CLT03834,Santé,Essentiel,2023-09-23,615,Active,Normandie
POL004868,CLT00671,Habitation,Basique,2021-07-01,1350,Active,Grand Est
POL004869,CLT01062,Auto,Tiers étendu,2023-02-17,1434,Active,Bretagne
POL004870,CLT02341,Santé,Équilibré,2021-09-25,846,Résiliée,Auvergne-Rhône-Alpes
POL004871,CLT02829,Habitation,Basique,2022-12-16,1131,Suspendue,Bretagne
POL004872,CLT04969,Habitation,Basique,2023-02-04,1267,Active,Hauts-de-France
POL004873,CLT01291,Santé,Équilibré,2023-08-22,899,Active,Hauts-de-France
POL004874,CLT04840,Auto,Tous risques,2023-05-05,2232,Résiliée,Centre-Val de Loire
POL004875,CLT02970,Habitation,Basique,2022-04-03,1403,Active,Centre-Val de Loire
POL004876,CLT02065,Habitation,Confort,2022-12-24,1967,Active,Bretagne
POL004877,CLT01268,Auto,RC seule,2022-11-09,816,Résiliée,Île-de-France
POL004878,CLT04513,Santé,Équilibré,2024-04-28,1243,Résiliée,Occitanie
POL004879,CLT00421,Auto,Tiers étendu,2022-10-27,1542,Active,Bretagne
POL004880,CLT01293,Santé,Équilibré,2021-12-25,1185,Active,Normandie
POL004881,CLT04609,Habitation,Premium,2023-05-27,1898,Active,Provence-Alpes-Côte d'Azur
POL004882,CLT01328,Auto,Tiers étendu,2023-10-14,1470,Active,Île-de-France
POL004883,CLT04791,Santé,Équilibré,2021-04-19,1151,Active,Normandie
POL004884,CLT01836,Habitation,Basique,2021-03-19,1487,Active,Bretagne
POL004885,CLT00483,Habitation,Premium,2022-12-03,2298,Active,Nouvelle-Aquitaine
POL004886,CLT00673,Santé,Essentiel,2023-04-30,738,Active,Nouvelle-Aquitaine
POL004887,CLT02621,Habitation,Basique,2024-01-18,1602,Active,Bretagne
POL004888,CLT01653,Habitation,Confort,2023-09-15,1325,Active,Nouvelle-Aquitaine
POL004889,CLT02029,Auto,Tiers étendu,2023-05-05,1586,Active,Hauts-de-France
POL004890,CLT01072,Habitation,Confort,2021-02-14,2008,Active,Provence-Alpes-Côte d'Azur
POL004891,CLT04188,Auto,RC seule,2022-05-19,887,Active,Centre-Val de Loire
POL004892,CLT03340,Auto,Tiers étendu,2023-10-18,1344,Active,Bretagne
POL004893,CLT01548,Auto,Tiers étendu,2023-02-23,1623,Résiliée,Grand Est
POL004894,CLT04942,Santé,Essentiel,2022-03-24,551,Active,Normandie
POL004895,CLT00337,Auto,Tiers étendu,2024-06-09,1395,Active,Bretagne
POL004896,CLT00697,Santé,Complet,2021-04-09,1840,Suspendue,Provence-Alpes-Côte d'Azur
POL004897,CLT01658,Santé,Équilibré,2022-04-19,1246,Active,Provence-Alpes-Côte d'Azur
POL004898,CLT03062,Auto,RC seule,2022-09-10,996,Active,Provence-Alpes-Côte d'Azur
POL004899,CLT03522,Auto,RC seule,2021-02-02,1002,Active,Occitanie
POL004900,CLT01632,Auto,Tiers étendu,2024-02-08,1343,Active,Bretagne
POL004901,CLT01298,Habitation,Basique,2024-04-03,1051,Active,Hauts-de-France
POL004902,CLT03404,Habitation,Premium,2023-04-27,3506,Active,Île-de-France
POL004903,CLT03750,Habitation,Confort,2023-05-03,1861,Active,Bretagne
POL004904,CLT03737,Auto,RC seule,2022-09-04,1165,Active,Nouvelle-Aquitaine
POL004905,CLT00477,Auto,Tous risques,2023-10-30,2206,Active,Centre-Val de Loire
POL004906,CLT02711,Santé,Équilibré,2022-02-18,911,Active,Centre-Val de Loire
POL004907,CLT00910,Auto,RC seule,2023-02-21,953,Active,Hauts-de-France
POL004908,CLT04704,Auto,RC seule,2021-04-11,959,Active,Provence-Alpes-Côte d'Azur
POL004909,CLT01109,Auto,RC seule,2021-06-18,817,Active,Occitanie
POL004910,CLT00573,Auto,Tiers étendu,2022-10-07,1781,Active,Normandie
POL004911,CLT00234,Habitation,Basique,2022-05-28,1204,Active,Occitanie
POL004912,CLT01136,Santé,Équilibré,2023-03-01,1122,Active,Centre-Val de Loire
POL004913,CLT00870,Auto,Tous risques,2022-09-01,2559,Active,Provence-Alpes-Côte d'Azur
POL004914,CLT04154,Habitation,Basique,2023-05-11,1024,Résiliée,Auvergne-Rhône-Alpes
POL004915,CLT04608,Santé,Équilibré,2022-06-07,860,Active,Normandie
POL004916,CLT03713,Habitation,Premium,2024-03-31,2687,Active,Provence-Alpes-Côte d'Azur
POL004917,CLT00447,Auto,RC seule,2023-06-14,821,Active,Bretagne
POL004918,CLT03916,Santé,Essentiel,2021-03-10,808,Active,Bretagne
POL004919,CLT02960,Habitation,Basique,2023-08-05,1197,Active,Grand Est
POL004920,CLT01318,Auto,RC seule,2022-06-26,1097,Active,Hauts-de-France
POL004921,CLT04583,Habitation,Basique,2024-04-22,1337,Résiliée,Auvergne-Rhône-Alpes
POL004922,CLT02459,Santé,Essentiel,2021-06-19,628,Active,Occitanie
POL004923,CLT02735,Habitation,Basique,2024-04-10,1246,Active,Provence-Alpes-Côte d'Azur
POL004924,CLT03225,Habitation,Basique,2022-09-04,1529,Active,Bretagne
POL004925,CLT02634,Auto,Tous risques,2021-01-13,2051,Active,Grand Est
POL004926,CLT00595,Santé,Essentiel,2021-11-16,804,Suspendue,Hauts-de-France
POL004927,CLT04312,Auto,Tiers étendu,2022-11-08,1224,Active,Centre-Val de Loire
POL004928,CLT00077,Habitation,Confort,2023-08-21,2058,Active,Provence-Alpes-Côte d'Azur
POL004929,CLT04908,Habitation,Premium,2021-09-13,2378,Résiliée,Provence-Alpes-Côte d'Azur
POL004930,CLT02468,Auto,Tous risques,2024-06-15,2137,Active,Grand Est
POL004931,CLT01872,Auto,RC seule,2022-12-05,913,Résiliée,Normandie
POL004932,CLT01051,Santé,Équilibré,2021-04-28,931,Active,Auvergne-Rhône-Alpes
POL004933,CLT02537,Habitation,Confort,2021-03-08,1975,Résiliée,Normandie
POL004934,CLT04058,Auto,Tiers étendu,2023-05-18,1194,Active,Centre-Val de Loire
POL004935,CLT02034,Auto,RC seule,2022-09-03,783,Active,Grand Est
POL004936,CLT03993,Habitation,Basique,2021-06-29,1290,Active,Île-de-France
POL004937,CLT02198,Auto,RC seule,2021-12-30,937,Active,Nouvelle-Aquitaine
POL004938,CLT02365,Habitation,Confort,2022-02-17,1703,Résiliée,Normandie
POL004939,CLT04601,Habitation,Confort,2023-10-26,2137,Active,Bretagne
POL004940,CLT00740,Santé,Équilibré,2023-05-17,801,Résiliée,Occitanie
POL004941,CLT03206,Habitation,Confort,2022-12-13,1714,Active,Provence-Alpes-Côte d'Azur
POL004942,CLT03835,Auto,RC seule,2023-05-02,854,Active,Île-de-France
POL004943,CLT00664,Santé,Équilibré,2024-04-07,1123,Résiliée,Provence-Alpes-Côte d'Azur
POL004944,CLT00354,Habitation,Confort,2022-05-05,1840,Active,Nouvelle-Aquitaine
POL004945,CLT03337,Habitation,Basique,2023-01-29,1187,Active,Nouvelle-Aquitaine
POL004946,CLT03386,Auto,Tous risques,2022-03-25,1559,Active,Normandie
POL004947,CLT02738,Auto,RC seule,2021-09-27,1006,Active,Normandie
POL004948,CLT03043,Santé,Équilibré,2023-02-04,950,Active,Normandie
POL004949,CLT03311,Auto,RC seule,2021-10-25,991,Active,Centre-Val de Loire
POL004950,CLT03520,Santé,Équilibré,2022-10-01,897,Active,Normandie
POL004951,CLT03178,Habitation,Confort,2023-12-13,1578,Active,Grand Est
POL004952,CLT04158,Habitation,Premium,2022-02-10,3489,Active,Hauts-de-France
POL004953,CLT03481,Santé,Essentiel,2021-11-28,441,Active,Occitanie
POL004954,CLT00418,Auto,RC seule,2024-03-14,775,Résiliée,Grand Est
POL004955,CLT01501,Auto,RC seule,2024-02-28,1136,Active,Grand Est
POL004956,CLT03457,Auto,RC seule,2021-09-04,979,Active,Nouvelle-Aquitaine
POL004957,CLT02307,Auto,Tous risques,2021-01-21,2092,Active,Occitanie
POL004958,CLT03199,Auto,RC seule,2024-05-25,1052,Active,Nouvelle-Aquitaine
POL004959,CLT04116,Santé,Essentiel,2021-02-04,658,Résiliée,Provence-Alpes-Côte d'Azur
POL004960,CLT02973,Habitation,Basique,2023-03-07,1238,Active,Occitanie
POL004961,CLT01229,Auto,RC seule,2022-01-22,1004,Active,Occitanie
POL004962,CLT03854,Auto,Tiers étendu,2023-10-02,1523,Active,Occitanie
POL004963,CLT03208,Habitation,Basique,2024-05-30,1313,Active,Nouvelle-Aquitaine
POL004964,CLT00532,Auto,RC seule,2021-01-18,1220,Résiliée,Hauts-de-France
POL004965,CLT00290,Auto,Tiers étendu,2023-08-19,1433,Active,Auvergne-Rhône-Alpes
POL004966,CLT01786,Habitation,Basique,2023-12-09,1247,Active,Grand Est
POL004967,CLT03642,Auto,Tiers étendu,2023-02-20,1272,Active,Auvergne-Rhône-Alpes
POL004968,CLT02662,Auto,Tiers étendu,2022-12-01,1435,Résiliée,Hauts-de-France
POL004969,CLT00663,Auto,Tiers étendu,2021-11-06,1935,Active,Île-de-France
POL004970,CLT01990,Santé,Équilibré,2023-05-30,1141,Résiliée,Nouvelle-Aquitaine
POL004971,CLT04774,Auto,Tiers étendu,2023-04-26,1301,Suspendue,Hauts-de-France
POL004972,CLT00550,Habitation,Basique,2021-05-12,1302,Active,Auvergne-Rhône-Alpes
POL004973,CLT00770,Habitation,Basique,2021-06-10,1009,Active,Nouvelle-Aquitaine
POL004974,CLT04939,Auto,Tous risques,2023-03-13,1984,Active,Auvergne-Rhône-Alpes
POL004975,CLT03222,Auto,Tiers étendu,2024-06-16,1467,Active,Centre-Val de Loire
POL004976,CLT01436,Habitation,Confort,2021-11-21,1781,Active,Hauts-de-France
POL004977,CLT02674,Habitation,Basique,2021-01-21,1048,Active,Occitanie
POL004978,CLT04026,Habitation,Confort,2024-05-16,1928,Active,Occitanie
POL004979,CLT00253,Santé,Équilibré,2022-03-24,1050,Active,Hauts-de-France
POL004980,CLT01622,Habitation,Basique,2022-02-16,967,Active,Centre-Val de Loire
POL004981,CLT02056,Habitation,Basique,2023-07-07,981,Résiliée,Centre-Val de Loire
POL004982,CLT02704,Auto,Tous risques,2024-04-07,2133,Active,Île-de-France
POL004983,CLT00389,Santé,Complet,2022-05-27,1195,Active,Occitanie
POL004984,CLT03300,Habitation,Confort,2023-07-24,1336,Active,Bretagne
POL004985,CLT01031,Habitation,Premium,2022-11-07,3261,Active,Nouvelle-Aquitaine
POL004986,CLT02393,Habitation,Confort,2023-10-23,1886,Active,Grand Est
POL004987,CLT04911,Santé,Essentiel,2023-10-27,638,Résiliée,Auvergne-Rhône-Alpes
POL004988,CLT00033,Santé,Essentiel,2021-09-05,613,Active,Provence-Alpes-Côte d'Azur
POL004989,CLT03825,Auto,Tiers étendu,2024-03-22,1175,Active,Nouvelle-Aquitaine
POL004990,CLT03277,Habitation,Confort,2022-12-22,1986,Active,Normandie
POL004991,CLT02838,Auto,Tous risques,2021-12-08,2270,Résiliée,Centre-Val de Loire
POL004992,CLT03169,Auto,Tiers étendu,2022-11-03,1252,Active,Auvergne-Rhône-Alpes
POL004993,CLT04617,Habitation,Basique,2021-09-26,1171,Active,Normandie
POL004994,CLT04604,Santé,Équilibré,2022-08-31,815,Active,Hauts-de-France
POL004995,CLT02098,Habitation,Basique,2023-09-11,1299,Résiliée,Île-de-France
POL004996,CLT03353,Santé,Essentiel,2022-05-02,589,Résiliée,Bretagne
POL004997,CLT04392,Santé,Essentiel,2022-11-28,596,Active,Grand Est
POL004998,CLT00279,Habitation,Confort,2021-07-05,1863,Active,Normandie
POL004999,CLT04869,Auto,Tiers étendu,2023-06-28,1479,Active,Centre-Val de Loire
POL005000,CLT01161,Santé,Équilibré,2023-01-17,1049,Résiliée,Grand Est
POL005001,CLT04843,Habitation,Basique,2021-02-01,1394,Résiliée,Nouvelle-Aquitaine
POL005002,CLT04745,Habitation,Basique,2023-07-31,1343,Active,Normandie
POL005003,CLT03137,Auto,Tous risques,2022-04-16,2748,Active,Normandie
POL005004,CLT04351,Habitation,Basique,2023-06-17,1192,Active,Normandie
POL005005,CLT01146,Auto,Tous risques,2022-04-03,2096,Résiliée,Normandie
POL005006,CLT01759,Habitation,Confort,2021-05-17,2154,Active,Île-de-France
POL005007,CLT04734,Habitation,Basique,2023-09-04,1328,Active,Bretagne
POL005008,CLT01801,Auto,Tous risques,2022-02-13,2106,Active,Nouvelle-Aquitaine
POL005009,CLT01832,Auto,RC seule,2022-04-04,1074,Suspendue,Normandie
POL005010,CLT03075,Auto,Tiers étendu,2023-08-01,1256,Active,Île-de-France
POL005011,CLT04746,Habitation,Basique,2023-04-11,1317,Active,Nouvelle-Aquitaine
POL005012,CLT02671,Habitation,Basique,2022-02-01,1256,Active,Auvergne-Rhône-Alpes
POL005013,CLT04007,Habitation,Basique,2023-03-12,1033,Résiliée,Île-de-France
POL005014,CLT01649,Habitation,Basique,2022-05-30,1177,Active,Île-de-France
POL005015,CLT00047,Habitation,Confort,2022-12-01,2410,Active,Provence-Alpes-Côte d'Azur
POL005016,CLT03488,Santé,Équilibré,2023-10-12,1031,Active,Provence-Alpes-Côte d'Azur
POL005017,CLT01975,Habitation,Basique,2022-12-26,1616,Active,Provence-Alpes-Côte d'Azur
POL005018,CLT04118,Auto,RC seule,2021-11-26,728,Active,Grand Est
POL005019,CLT00775,Auto,Tiers étendu,2021-12-27,1560,Active,Île-de-France
POL005020,CLT03438,Auto,RC seule,2023-10-12,597,Active,Normandie
POL005021,CLT00399,Habitation,Confort,2023-11-23,1926,Active,Nouvelle-Aquitaine
POL005022,CLT00116,Santé,Complet,2023-03-02,1662,Active,Grand Est
POL005023,CLT02585,Habitation,Confort,2021-01-27,2154,Active,Occitanie
POL005024,CLT00577,Santé,Équilibré,2021-03-13,881,Active,Île-de-France
POL005025,CLT04253,Habitation,Basique,2023-03-15,1516,Active,Hauts-de-France
POL005026,CLT01899,Habitation,Confort,2022-08-03,1739,Active,Auvergne-Rhône-Alpes
POL005027,CLT03293,Habitation,Basique,2024-03-21,1264,Active,Provence-Alpes-Côte d'Azur
POL005028,CLT00266,Habitation,Basique,2022-03-08,1138,Active,Nouvelle-Aquitaine
POL005029,CLT04352,Auto,Tiers étendu,2023-10-17,1298,Active,Bretagne
POL005030,CLT01795,Auto,RC seule,2021-01-28,1130,Active,Hauts-de-France
POL005031,CLT01031,Santé,Équilibré,2022-06-03,990,Active,Nouvelle-Aquitaine
POL005032,CLT01435,Auto,RC seule,2021-06-27,1042,Suspendue,Normandie
POL005033,CLT04776,Habitation,Basique,2022-12-25,1485,Active,Grand Est
POL005034,CLT00118,Habitation,Basique,2024-03-28,1078,Active,Hauts-de-France
POL005035,CLT01487,Auto,Tiers étendu,2024-07-03,1778,Active,Normandie
POL005036,CLT04831,Auto,Tiers étendu,2021-10-13,1726,Active,Centre-Val de Loire
POL005037,CLT04443,Habitation,Confort,2023-08-17,1593,Active,Île-de-France
POL005038,CLT03525,Auto,Tiers étendu,2021-12-05,1609,Résiliée,Occitanie
POL005039,CLT04290,Habitation,Basique,2021-05-26,1116,Résiliée,Grand Est
POL005040,CLT02538,Auto,RC seule,2024-06-07,1190,Résiliée,Île-de-France
POL005041,CLT03854,Habitation,Confort,2022-08-11,2043,Active,Occitanie
POL005042,CLT01593,Auto,RC seule,2022-02-07,944,Active,Île-de-France
POL005043,CLT01320,Habitation,Confort,2022-02-23,2191,Active,Centre-Val de Loire
POL005044,CLT03668,Habitation,Basique,2023-02-22,986,Active,Grand Est
POL005045,CLT01367,Santé,Équilibré,2022-12-15,903,Résiliée,Provence-Alpes-Côte d'Azur
POL005046,CLT04582,Auto,RC seule,2022-04-01,895,Active,Centre-Val de Loire
POL005047,CLT00864,Auto,Tiers étendu,2023-04-30,1992,Active,Provence-Alpes-Côte d'Azur
POL005048,CLT03586,Santé,Équilibré,2023-07-16,959,Active,Hauts-de-France
POL005049,CLT04858,Auto,Tiers étendu,2024-02-19,1061,Active,Hauts-de-France
POL005050,CLT01105,Habitation,Premium,2021-05-01,2312,Résiliée,Normandie
POL005051,CLT04348,Santé,Complet,2022-10-17,1790,Résiliée,Auvergne-Rhône-Alpes
POL005052,CLT02211,Auto,Tiers étendu,2022-01-16,1334,Active,Occitanie
POL005053,CLT00106,Auto,RC seule,2023-06-16,883,Active,Nouvelle-Aquitaine
POL005054,CLT03950,Auto,Tous risques,2021-12-14,2474,Active,Nouvelle-Aquitaine
POL005055,CLT04892,Habitation,Premium,2023-02-14,2885,Active,Occitanie
POL005056,CLT03813,Auto,Tous risques,2022-08-01,2473,Active,Provence-Alpes-Côte d'Azur
POL005057,CLT03394,Habitation,Basique,2023-01-15,1339,Active,Occitanie
POL005058,CLT02533,Auto,Tiers étendu,2021-12-30,1399,Active,Nouvelle-Aquitaine
POL005059,CLT02462,Santé,Essentiel,2023-11-28,585,Active,Occitanie
POL005060,CLT02648,Auto,Tiers étendu,2024-05-21,1605,Active,Centre-Val de Loire
POL005061,CLT00398,Habitation,Premium,2023-01-19,3190,Résiliée,Provence-Alpes-Côte d'Azur
POL005062,CLT00844,Santé,Essentiel,2023-06-06,522,Active,Occitanie
POL005063,CLT02046,Habitation,Confort,2022-12-07,1126,Active,Nouvelle-Aquitaine
POL005064,CLT03768,Auto,Tiers étendu,2023-10-10,1574,Suspendue,Bretagne
POL005065,CLT03017,Auto,Tiers étendu,2023-12-26,1613,Active,Occitanie
POL005066,CLT04985,Habitation,Confort,2022-03-06,1855,Suspendue,Centre-Val de Loire
POL005067,CLT04776,Auto,Tiers étendu,2021-05-04,1591,Active,Grand Est
POL005068,CLT03973,Auto,Tous risques,2021-04-16,2160,Active,Provence-Alpes-Côte d'Azur
POL005069,CLT02452,Habitation,Premium,2023-02-11,3185,Active,Auvergne-Rhône-Alpes
POL005070,CLT01975,Santé,Complet,2024-03-29,1792,Active,Provence-Alpes-Côte d'Azur
POL005071,CLT02463,Habitation,Premium,2021-10-11,3035,Active,Occitanie
POL005072,CLT02630,Habitation,Basique,2022-10-11,1578,Résiliée,Hauts-de-France
POL005073,CLT02763,Habitation,Premium,2021-10-01,2319,Active,Auvergne-Rhône-Alpes
POL005074,CLT04387,Habitation,Premium,2022-02-19,2873,Résiliée,Nouvelle-Aquitaine
POL005075,CLT02207,Santé,Équilibré,2021-10-25,832,Active,Bretagne
POL005076,CLT03093,Auto,Tiers étendu,2023-03-10,1675,Active,Bretagne
POL005077,CLT04189,Santé,Essentiel,2023-08-06,462,Résiliée,Auvergne-Rhône-Alpes
POL005078,CLT02056,Habitation,Confort,2022-01-04,1619,Résiliée,Centre-Val de Loire
POL005079,CLT01767,Habitation,Basique,2024-02-14,1108,Active,Normandie
POL005080,CLT02287,Habitation,Premium,2022-01-15,3135,Active,Auvergne-Rhône-Alpes
POL005081,CLT00787,Habitation,Premium,2021-09-09,2742,Active,Provence-Alpes-Côte d'Azur
POL005082,CLT01270,Auto,Tiers étendu,2022-07-29,1353,Active,Bretagne
POL005083,CLT01440,Santé,Équilibré,2021-10-13,995,Active,Centre-Val de Loire
POL005084,CLT00008,Santé,Complet,2023-03-14,1480,Active,Grand Est
POL005085,CLT01972,Habitation,Basique,2021-07-14,1600,Résiliée,Centre-Val de Loire
POL005086,CLT02954,Auto,RC seule,2021-05-12,1023,Résiliée,Hauts-de-France
POL005087,CLT01346,Auto,Tous risques,2022-05-05,2110,Active,Grand Est
POL005088,CLT00030,Auto,RC seule,2023-04-04,1217,Active,Île-de-France
POL005089,CLT01664,Santé,Essentiel,2021-11-05,674,Active,Centre-Val de Loire
POL005090,CLT01563,Auto,RC seule,2024-06-08,875,Active,Nouvelle-Aquitaine
POL005091,CLT03660,Habitation,Premium,2023-02-18,2968,Active,Grand Est
POL005092,CLT00822,Auto,Tous risques,2024-04-11,2442,Active,Bretagne
POL005093,CLT01141,Auto,RC seule,2023-01-21,869,Active,Hauts-de-France
POL005094,CLT03423,Auto,Tiers étendu,2024-01-04,1235,Active,Bretagne
POL005095,CLT02394,Santé,Essentiel,2023-06-17,610,Active,Grand Est
POL005096,CLT04292,Santé,Complet,2021-12-25,1553,Active,Provence-Alpes-Côte d'Azur
POL005097,CLT04724,Auto,RC seule,2023-06-19,1178,Active,Normandie
POL005098,CLT04899,Habitation,Confort,2023-03-21,1991,Active,Nouvelle-Aquitaine
POL005099,CLT01749,Auto,RC seule,2022-02-19,865,Active,Normandie
POL005100,CLT04540,Auto,RC seule,2023-08-19,1031,Active,Grand Est
POL005101,CLT03229,Santé,Essentiel,2021-01-30,729,Active,Centre-Val de Loire
POL005102,CLT01700,Habitation,Confort,2024-05-31,1455,Active,Grand Est
POL005103,CLT02327,Habitation,Confort,2022-07-31,1591,Active,Hauts-de-France
POL005104,CLT00740,Auto,Tous risques,2022-06-05,2207,Résiliée,Occitanie
POL005105,CLT01824,Santé,Équilibré,2022-04-14,1000,Résiliée,Hauts-de-France
POL005106,CLT00501,Habitation,Confort,2023-03-07,1811,Active,Bretagne
POL005107,CLT03075,Auto,Tous risques,2021-10-22,2169,Active,Île-de-France
POL005108,CLT02973,Santé,Essentiel,2022-08-18,569,Active,Occitanie
POL005109,CLT04370,Habitation,Confort,2023-02-14,1971,Active,Normandie
POL005110,CLT04710,Auto,Tous risques,2021-08-02,2862,Active,Nouvelle-Aquitaine
POL005111,CLT04190,Auto,Tiers étendu,2021-03-16,1370,Active,Centre-Val de Loire
POL005112,CLT03397,Habitation,Confort,2021-05-04,2558,Active,Auvergne-Rhône-Alpes
POL005113,CLT03191,Santé,Essentiel,2024-04-25,825,Active,Nouvelle-Aquitaine
POL005114,CLT00852,Auto,Tiers étendu,2022-11-19,1670,Active,Nouvelle-Aquitaine
POL005115,CLT00868,Santé,Équilibré,2021-10-02,1076,Résiliée,Centre-Val de Loire
POL005116,CLT02273,Auto,RC seule,2023-03-08,1214,Active,Centre-Val de Loire
POL005117,CLT04471,Habitation,Basique,2023-08-22,1206,Résiliée,Grand Est
POL005118,CLT01810,Santé,Essentiel,2021-06-05,525,Active,Grand Est
POL005119,CLT00459,Santé,Complet,2022-07-15,1462,Active,Bretagne
POL005120,CLT01733,Habitation,Confort,2022-12-11,1648,Active,Centre-Val de Loire
POL005121,CLT02083,Santé,Essentiel,2021-06-06,630,Résiliée,Occitanie
POL005122,CLT00126,Habitation,Premium,2024-06-16,3077,Active,Nouvelle-Aquitaine
POL005123,CLT00197,Auto,Tiers étendu,2021-02-22,1516,Suspendue,Provence-Alpes-Côte d'Azur
POL005124,CLT00250,Santé,Équilibré,2021-07-13,1013,Active,Provence-Alpes-Côte d'Azur
POL005125,CLT02784,Auto,RC seule,2022-02-12,1011,Active,Centre-Val de Loire
POL005126,CLT04093,Habitation,Basique,2024-03-23,1561,Active,Grand Est
POL005127,CLT02924,Auto,Tous risques,2021-12-16,2537,Active,Normandie
POL005128,CLT04526,Habitation,Basique,2024-03-31,1356,Active,Bretagne
POL005129,CLT00048,Santé,Essentiel,2024-01-30,629,Active,Nouvelle-Aquitaine
POL005130,CLT01483,Auto,Tiers étendu,2022-12-27,1148,Active,Grand Est
POL005131,CLT03609,Santé,Équilibré,2021-09-04,747,Suspendue,Grand Est
POL005132,CLT01294,Auto,Tiers étendu,2022-11-16,1878,Suspendue,Hauts-de-France
POL005133,CLT02684,Habitation,Confort,2022-04-12,1672,Suspendue,Grand Est
POL005134,CLT01114,Auto,Tous risques,2021-05-10,2060,Active,Grand Est
POL005135,CLT04922,Auto,RC seule,2021-12-12,1037,Active,Centre-Val de Loire
POL005136,CLT01380,Habitation,Confort,2021-11-08,2103,Active,Normandie
POL005137,CLT01964,Habitation,Confort,2022-07-31,1977,Active,Provence-Alpes-Côte d'Azur
POL005138,CLT01901,Habitation,Basique,2022-06-11,1547,Active,Nouvelle-Aquitaine
POL005139,CLT04785,Habitation,Basique,2024-02-26,1546,Active,Provence-Alpes-Côte d'Azur
POL005140,CLT04298,Auto,RC seule,2021-02-23,870,Active,Normandie
POL005141,CLT02087,Santé,Essentiel,2023-04-23,719,Active,Provence-Alpes-Côte d'Azur
POL005142,CLT01049,Habitation,Basique,2022-10-16,1198,Résiliée,Occitanie
POL005143,CLT02726,Santé,Complet,2022-07-12,1604,Résiliée,Île-de-France
POL005144,CLT04188,Santé,Équilibré,2022-11-17,841,Active,Centre-Val de Loire
POL005145,CLT02581,Auto,RC seule,2022-03-09,727,Active,Grand Est
POL005146,CLT01396,Auto,Tiers étendu,2023-09-17,1471,Active,Normandie
POL005147,CLT02107,Habitation,Confort,2024-03-09,1640,Active,Provence-Alpes-Côte d'Azur
POL005148,CLT00588,Habitation,Confort,2022-05-30,2165,Résiliée,Provence-Alpes-Côte d'Azur
POL005149,CLT00081,Auto,Tiers étendu,2023-01-01,1371,Active,Occitanie
POL005150,CLT04130,Habitation,Premium,2023-12-22,2932,Active,Grand Est
POL005151,CLT03988,Habitation,Confort,2022-07-24,2266,Active,Bretagne
POL005152,CLT03317,Auto,RC seule,2021-10-04,775,Active,Bretagne
POL005153,CLT03101,Habitation,Premium,2023-08-21,2517,Active,Bretagne
POL005154,CLT01213,Auto,RC seule,2021-01-04,924,Active,Bretagne
POL005155,CLT04234,Habitation,Confort,2021-11-12,1884,Active,Île-de-France
POL005156,CLT01088,Habitation,Confort,2024-04-14,2180,Active,Nouvelle-Aquitaine
POL005157,CLT00039,Auto,Tiers étendu,2023-01-18,1660,Active,Nouvelle-Aquitaine
POL005158,CLT00150,Auto,Tiers étendu,2022-11-04,1528,Active,Auvergne-Rhône-Alpes
POL005159,CLT03614,Auto,Tiers étendu,2023-06-01,1481,Active,Grand Est
POL005160,CLT02373,Santé,Complet,2022-03-21,1655,Active,Occitanie
POL005161,CLT00809,Auto,Tiers étendu,2023-12-08,1130,Active,Provence-Alpes-Côte d'Azur
POL005162,CLT02582,Auto,Tous risques,2024-02-08,2356,Active,Auvergne-Rhône-Alpes
POL005163,CLT02772,Auto,RC seule,2022-07-03,962,Active,Bretagne
POL005164,CLT04221,Auto,Tiers étendu,2021-01-24,1678,Active,Hauts-de-France
POL005165,CLT02932,Auto,RC seule,2023-03-25,837,Active,Occitanie
POL005166,CLT04402,Santé,Essentiel,2024-05-13,515,Résiliée,Provence-Alpes-Côte d'Azur
POL005167,CLT03834,Santé,Essentiel,2021-03-03,603,Active,Normandie
POL005168,CLT02081,Habitation,Confort,2022-09-16,2492,Active,Provence-Alpes-Côte d'Azur
POL005169,CLT02696,Auto,Tiers étendu,2023-07-10,1275,Résiliée,Auvergne-Rhône-Alpes
POL005170,CLT00303,Auto,Tiers étendu,2024-06-15,1656,Active,Auvergne-Rhône-Alpes
POL005171,CLT03417,Habitation,Basique,2022-09-27,1442,Active,Occitanie
POL005172,CLT03190,Santé,Essentiel,2023-09-09,621,Résiliée,Bretagne
POL005173,CLT01909,Habitation,Basique,2021-03-06,1148,Active,Normandie
POL005174,CLT02055,Auto,Tiers étendu,2023-04-03,1555,Active,Normandie
POL005175,CLT04756,Auto,RC seule,2021-02-11,985,Active,Centre-Val de Loire
POL005176,CLT00898,Habitation,Confort,2022-10-05,1589,Active,Auvergne-Rhône-Alpes
POL005177,CLT02277,Santé,Essentiel,2021-11-27,535,Résiliée,Centre-Val de Loire
POL005178,CLT04120,Habitation,Confort,2023-07-19,1919,Résiliée,Normandie
POL005179,CLT03477,Santé,Équilibré,2021-07-26,1234,Active,Hauts-de-France
POL005180,CLT04148,Habitation,Basique,2022-05-22,1165,Active,Auvergne-Rhône-Alpes
POL005181,CLT00575,Auto,RC seule,2022-11-11,896,Active,Nouvelle-Aquitaine
POL005182,CLT04555,Santé,Équilibré,2021-08-15,1083,Résiliée,Hauts-de-France
POL005183,CLT03155,Auto,Tiers étendu,2021-11-24,1369,Active,Provence-Alpes-Côte d'Azur
POL005184,CLT00547,Habitation,Basique,2024-04-16,1200,Résiliée,Grand Est
POL005185,CLT01362,Santé,Complet,2024-07-01,1348,Active,Île-de-France
POL005186,CLT04375,Habitation,Premium,2021-12-04,2498,Active,Centre-Val de Loire
POL005187,CLT04772,Auto,Tous risques,2021-02-22,3143,Active,Bretagne
POL005188,CLT02394,Auto,Tiers étendu,2024-02-22,1364,Active,Grand Est
POL005189,CLT03014,Auto,Tiers étendu,2021-05-07,1692,Active,Normandie
POL005190,CLT02279,Auto,Tous risques,2022-02-21,2826,Active,Hauts-de-France
POL005191,CLT02629,Auto,Tiers étendu,2023-10-09,1504,Active,Centre-Val de Loire
POL005192,CLT01010,Auto,Tiers étendu,2022-06-08,1553,Active,Normandie
POL005193,CLT00783,Auto,RC seule,2021-01-10,917,Active,Nouvelle-Aquitaine
POL005194,CLT02227,Auto,Tiers étendu,2023-04-21,1110,Active,Île-de-France
POL005195,CLT01954,Habitation,Premium,2021-04-15,2260,Active,Occitanie
POL005196,CLT02559,Santé,Essentiel,2024-05-28,632,Active,Provence-Alpes-Côte d'Azur
POL005197,CLT04787,Auto,Tiers étendu,2021-12-28,1346,Active,Provence-Alpes-Côte d'Azur
POL005198,CLT04124,Habitation,Basique,2022-09-18,1494,Active,Normandie
POL005199,CLT01689,Habitation,Basique,2024-04-20,1245,Active,Centre-Val de Loire
POL005200,CLT04717,Santé,Équilibré,2023-02-07,1318,Active,Grand Est
POL005201,CLT04888,Habitation,Basique,2023-04-22,1139,Active,Auvergne-Rhône-Alpes
POL005202,CLT02636,Santé,Équilibré,2023-01-21,1271,Active,Île-de-France
POL005203,CLT03781,Santé,Équilibré,2022-05-14,1076,Résiliée,Nouvelle-Aquitaine
POL005204,CLT03968,Santé,Complet,2022-10-23,1679,Active,Centre-Val de Loire
POL005205,CLT04809,Habitation,Basique,2024-04-23,1149,Active,Grand Est
POL005206,CLT03524,Habitation,Confort,2021-09-04,1950,Active,Nouvelle-Aquitaine
POL005207,CLT01598,Habitation,Basique,2021-08-07,1458,Active,Auvergne-Rhône-Alpes
POL005208,CLT01839,Habitation,Basique,2021-11-20,1264,Active,Île-de-France
POL005209,CLT00483,Auto,RC seule,2021-07-23,891,Active,Nouvelle-Aquitaine
POL005210,CLT03251,Santé,Équilibré,2021-10-30,1005,Active,Nouvelle-Aquitaine
POL005211,CLT00005,Auto,Tous risques,2023-07-07,2799,Active,Île-de-France
POL005212,CLT03840,Auto,Tiers étendu,2022-10-30,1615,Active,Occitanie
POL005213,CLT02422,Auto,Tiers étendu,2021-11-19,1788,Active,Occitanie
POL005214,CLT04977,Santé,Équilibré,2022-03-08,1072,Active,Auvergne-Rhône-Alpes
POL005215,CLT00825,Habitation,Confort,2023-08-04,1826,Active,Nouvelle-Aquitaine
POL005216,CLT01376,Santé,Équilibré,2021-10-22,1070,Active,Hauts-de-France
POL005217,CLT02556,Auto,RC seule,2022-04-21,1109,Active,Nouvelle-Aquitaine
POL005218,CLT02610,Habitation,Premium,2022-07-13,2826,Résiliée,Normandie
POL005219,CLT01034,Auto,RC seule,2022-08-03,1070,Active,Provence-Alpes-Côte d'Azur
POL005220,CLT03829,Santé,Équilibré,2021-04-02,1050,Active,Île-de-France
POL005221,CLT03571,Habitation,Basique,2021-08-09,877,Active,Bretagne
POL005222,CLT02875,Auto,Tous risques,2023-03-16,2637,Résiliée,Grand Est
POL005223,CLT01947,Auto,Tiers étendu,2023-08-24,1148,Active,Nouvelle-Aquitaine
POL005224,CLT01107,Auto,Tous risques,2021-04-24,2508,Résiliée,Centre-Val de Loire
POL005225,CLT03539,Auto,Tiers étendu,2022-10-24,1646,Active,Grand Est
POL005226,CLT00035,Auto,Tiers étendu,2022-01-02,1495,Active,Normandie
POL005227,CLT00934,Habitation,Confort,2024-03-03,2114,Active,Île-de-France
POL005228,CLT02744,Auto,RC seule,2023-10-23,1113,Active,Île-de-France
POL005229,CLT00601,Habitation,Confort,2023-01-19,1769,Active,Centre-Val de Loire
POL005230,CLT00556,Auto,Tous risques,2021-03-07,2577,Résiliée,Bretagne
POL005231,CLT03712,Auto,RC seule,2023-02-14,1080,Active,Auvergne-Rhône-Alpes
POL005232,CLT03634,Santé,Complet,2024-02-22,1997,Active,Île-de-France
POL005233,CLT02924,Auto,RC seule,2023-04-18,805,Active,Normandie
POL005234,CLT00977,Auto,RC seule,2022-12-14,1022,Active,Occitanie
POL005235,CLT04078,Auto,Tous risques,2021-11-17,1873,Active,Grand Est
POL005236,CLT03060,Auto,RC seule,2023-10-07,845,Résiliée,Hauts-de-France
POL005237,CLT02187,Auto,RC seule,2022-01-27,991,Active,Grand Est
POL005238,CLT04807,Habitation,Premium,2024-01-24,2839,Active,Provence-Alpes-Côte d'Azur
POL005239,CLT01420,Santé,Essentiel,2023-03-25,716,Active,Nouvelle-Aquitaine
POL005240,CLT03270,Auto,Tiers étendu,2021-03-13,1334,Active,Normandie
POL005241,CLT01533,Auto,RC seule,2023-01-20,913,Active,Provence-Alpes-Côte d'Azur
POL005242,CLT04812,Santé,Équilibré,2023-01-14,1065,Active,Occitanie
POL005243,CLT04793,Auto,Tous risques,2022-05-28,2052,Active,Nouvelle-Aquitaine
POL005244,CLT01785,Auto,Tous risques,2023-07-20,2156,Résiliée,Nouvelle-Aquitaine
POL005245,CLT02189,Habitation,Basique,2022-11-16,1478,Active,Île-de-France
POL005246,CLT00163,Habitation,Confort,2023-10-06,1695,Active,Provence-Alpes-Côte d'Azur
POL005247,CLT01307,Auto,Tous risques,2023-05-04,2621,Active,Île-de-France
POL005248,CLT03250,Auto,RC seule,2022-10-18,1033,Active,Normandie
POL005249,CLT03536,Habitation,Basique,2021-10-17,1009,Active,Nouvelle-Aquitaine
POL005250,CLT02144,Santé,Complet,2021-03-22,1718,Active,Normandie
POL005251,CLT04179,Auto,Tous risques,2021-08-08,2500,Active,Centre-Val de Loire
POL005252,CLT00886,Auto,Tiers étendu,2021-05-29,1559,Active,Occitanie
POL005253,CLT04385,Auto,Tous risques,2024-02-12,2156,Active,Hauts-de-France
POL005254,CLT02057,Auto,Tous risques,2022-09-11,1915,Active,Provence-Alpes-Côte d'Azur
POL005255,CLT00979,Santé,Complet,2023-11-22,1931,Active,Bretagne
POL005256,CLT04928,Auto,Tiers étendu,2023-12-04,1454,Résiliée,Provence-Alpes-Côte d'Azur
POL005257,CLT02652,Habitation,Premium,2024-05-30,2646,Résiliée,Centre-Val de Loire
POL005258,CLT02701,Santé,Complet,2023-11-07,1700,Active,Île-de-France
POL005259,CLT00990,Auto,RC seule,2022-08-02,852,Active,Île-de-France
POL005260,CLT00207,Auto,RC seule,2021-08-19,814,Active,Grand Est
POL005261,CLT00396,Auto,Tous risques,2022-03-30,2074,Active,Provence-Alpes-Côte d'Azur
POL005262,CLT04246,Habitation,Confort,2024-04-26,1853,Active,Île-de-France
POL005263,CLT01511,Santé,Complet,2021-05-21,1289,Active,Occitanie
POL005264,CLT03399,Habitation,Confort,2021-10-08,2113,Suspendue,Île-de-France
POL005265,CLT00616,Auto,Tous risques,2022-08-19,2364,Résiliée,Nouvelle-Aquitaine
POL005266,CLT03671,Santé,Complet,2021-10-23,1892,Active,Centre-Val de Loire
POL005267,CLT01221,Habitation,Confort,2022-12-12,1591,Active,Grand Est
POL005268,CLT01558,Auto,RC seule,2023-07-26,699,Résiliée,Auvergne-Rhône-Alpes
POL005269,CLT02192,Habitation,Premium,2022-06-24,2968,Active,Normandie
POL005270,CLT02630,Habitation,Premium,2023-03-08,3553,Active,Hauts-de-France
POL005271,CLT04741,Auto,RC seule,2021-06-11,1006,Active,Auvergne-Rhône-Alpes
POL005272,CLT02128,Habitation,Basique,2022-12-26,1770,Active,Centre-Val de Loire
POL005273,CLT00983,Habitation,Basique,2023-10-03,1258,Résiliée,Normandie
POL005274,CLT04197,Habitation,Basique,2022-08-08,1291,Suspendue,Occitanie
POL005275,CLT02830,Santé,Essentiel,2023-10-24,415,Active,Occitanie
POL005276,CLT03245,Auto,RC seule,2022-07-09,980,Active,Auvergne-Rhône-Alpes
POL005277,CLT04329,Auto,Tous risques,2024-02-29,2322,Résiliée,Auvergne-Rhône-Alpes
POL005278,CLT01557,Habitation,Basique,2021-09-18,1156,Résiliée,Occitanie
POL005279,CLT00189,Habitation,Basique,2022-07-10,1346,Résiliée,Normandie
POL005280,CLT04527,Santé,Essentiel,2021-07-12,647,Résiliée,Centre-Val de Loire
POL005281,CLT03386,Auto,RC seule,2024-03-10,881,Active,Normandie
POL005282,CLT02975,Habitation,Basique,2023-03-24,1543,Active,Bretagne
POL005283,CLT00110,Habitation,Premium,2022-02-14,2834,Active,Grand Est
POL005284,CLT02559,Santé,Essentiel,2022-03-26,644,Active,Provence-Alpes-Côte d'Azur
POL005285,CLT02288,Santé,Équilibré,2023-08-29,984,Active,Nouvelle-Aquitaine
POL005286,CLT02891,Habitation,Premium,2021-09-13,3122,Active,Bretagne
POL005287,CLT00125,Auto,RC seule,2023-02-20,955,Active,Nouvelle-Aquitaine
POL005288,CLT01457,Auto,Tous risques,2023-04-30,2172,Résiliée,Hauts-de-France
POL005289,CLT03756,Auto,RC seule,2022-05-07,688,Active,Provence-Alpes-Côte d'Azur
POL005290,CLT01933,Auto,RC seule,2022-11-29,1019,Active,Auvergne-Rhône-Alpes
POL005291,CLT02084,Auto,RC seule,2024-05-28,927,Active,Hauts-de-France
POL005292,CLT02822,Santé,Équilibré,2023-08-22,1002,Résiliée,Provence-Alpes-Côte d'Azur
POL005293,CLT00269,Auto,Tous risques,2021-10-02,2005,Résiliée,Occitanie
POL005294,CLT00146,Auto,Tiers étendu,2021-06-15,1749,Active,Occitanie
POL005295,CLT00220,Auto,Tiers étendu,2023-01-14,1667,Résiliée,Normandie
POL005296,CLT00146,Auto,RC seule,2024-03-16,1111,Active,Occitanie
POL005297,CLT03726,Auto,RC seule,2022-03-14,1040,Active,Auvergne-Rhône-Alpes
POL005298,CLT02310,Habitation,Confort,2021-03-04,2056,Active,Bretagne
POL005299,CLT01526,Santé,Équilibré,2021-09-11,886,Résiliée,Nouvelle-Aquitaine
POL005300,CLT03533,Santé,Équilibré,2023-08-18,1301,Résiliée,Hauts-de-France
POL005301,CLT00410,Santé,Équilibré,2023-09-24,863,Résiliée,Grand Est
POL005302,CLT02106,Habitation,Confort,2021-10-06,1783,Active,Île-de-France
POL005303,CLT00800,Auto,Tous risques,2022-08-28,2539,Active,Hauts-de-France
POL005304,CLT01888,Habitation,Basique,2023-08-18,1322,Résiliée,Île-de-France
POL005305,CLT01421,Auto,Tous risques,2024-01-24,2439,Active,Hauts-de-France
POL005306,CLT03897,Habitation,Premium,2022-03-31,2790,Active,Grand Est
POL005307,CLT02315,Auto,RC seule,2024-04-26,886,Active,Occitanie
POL005308,CLT01063,Auto,RC seule,2023-10-06,1237,Active,Nouvelle-Aquitaine
POL005309,CLT01487,Habitation,Basique,2023-07-03,1292,Active,Normandie
POL005310,CLT00393,Auto,RC seule,2023-12-04,920,Active,Île-de-France
POL005311,CLT02821,Auto,RC seule,2022-08-01,838,Active,Île-de-France
POL005312,CLT03539,Santé,Essentiel,2023-02-15,650,Active,Grand Est
POL005313,CLT01887,Habitation,Basique,2023-12-31,1233,Active,Provence-Alpes-Côte d'Azur
POL005314,CLT04142,Santé,Essentiel,2021-02-02,637,Active,Nouvelle-Aquitaine
POL005315,CLT02338,Habitation,Premium,2024-04-18,3130,Active,Nouvelle-Aquitaine
POL005316,CLT02021,Auto,Tiers étendu,2024-05-01,1757,Active,Provence-Alpes-Côte d'Azur
POL005317,CLT03890,Auto,RC seule,2022-05-16,881,Active,Bretagne
POL005318,CLT01456,Habitation,Basique,2021-04-22,1244,Active,Nouvelle-Aquitaine
POL005319,CLT02599,Auto,RC seule,2023-05-10,857,Active,Bretagne
POL005320,CLT03885,Habitation,Basique,2023-07-01,1297,Active,Grand Est
POL005321,CLT04304,Habitation,Basique,2024-03-12,1194,Active,Nouvelle-Aquitaine
POL005322,CLT03560,Auto,Tiers étendu,2021-06-10,1298,Résiliée,Centre-Val de Loire
POL005323,CLT04704,Auto,Tiers étendu,2022-11-03,1193,Suspendue,Provence-Alpes-Côte d'Azur
POL005324,CLT04799,Auto,Tous risques,2021-08-24,2550,Active,Nouvelle-Aquitaine
POL005325,CLT02747,Habitation,Basique,2022-11-12,1288,Suspendue,Hauts-de-France
POL005326,CLT00424,Auto,RC seule,2022-03-14,1177,Active,Provence-Alpes-Côte d'Azur
POL005327,CLT04678,Auto,Tiers étendu,2022-02-07,1720,Active,Île-de-France
POL005328,CLT04780,Auto,Tous risques,2022-08-22,2048,Active,Grand Est
POL005329,CLT04610,Santé,Complet,2023-08-10,1232,Active,Centre-Val de Loire
POL005330,CLT03922,Habitation,Confort,2021-10-04,1499,Active,Île-de-France
POL005331,CLT04507,Habitation,Basique,2021-03-03,1031,Active,Provence-Alpes-Côte d'Azur
POL005332,CLT02094,Auto,Tous risques,2023-05-03,2865,Active,Bretagne
POL005333,CLT03237,Auto,RC seule,2023-09-28,975,Active,Centre-Val de Loire
POL005334,CLT02787,Auto,Tous risques,2021-03-29,2100,Active,Provence-Alpes-Côte d'Azur
POL005335,CLT03257,Auto,Tiers étendu,2021-01-29,1211,Active,Hauts-de-France
POL005336,CLT00065,Auto,RC seule,2022-12-25,810,Active,Provence-Alpes-Côte d'Azur
POL005337,CLT03963,Santé,Essentiel,2021-12-24,562,Active,Provence-Alpes-Côte d'Azur
POL005338,CLT02401,Santé,Équilibré,2024-04-21,1212,Résiliée,Hauts-de-France
POL005339,CLT03470,Auto,Tiers étendu,2024-06-22,1484,Active,Bretagne
POL005340,CLT04230,Auto,RC seule,2022-12-09,743,Active,Auvergne-Rhône-Alpes
POL005341,CLT01019,Habitation,Basique,2022-11-11,1620,Active,Normandie
POL005342,CLT01779,Santé,Essentiel,2022-04-27,487,Active,Centre-Val de Loire
POL005343,CLT03540,Habitation,Confort,2023-09-19,1657,Active,Bretagne
POL005344,CLT01743,Auto,Tiers étendu,2021-09-24,1673,Active,Bretagne
POL005345,CLT02743,Habitation,Confort,2021-04-09,1985,Active,Grand Est
POL005346,CLT00571,Auto,Tiers étendu,2024-04-23,1309,Active,Normandie
POL005347,CLT00755,Auto,Tiers étendu,2023-09-05,1223,Active,Grand Est
POL005348,CLT01494,Santé,Essentiel,2023-04-26,550,Active,Auvergne-Rhône-Alpes
POL005349,CLT04723,Habitation,Confort,2022-06-26,1602,Suspendue,Centre-Val de Loire
POL005350,CLT03220,Santé,Complet,2024-05-22,1577,Active,Bretagne
POL005351,CLT02237,Habitation,Premium,2021-07-04,2980,Active,Île-de-France
POL005352,CLT01395,Auto,RC seule,2023-03-10,937,Active,Hauts-de-France
POL005353,CLT02007,Habitation,Confort,2022-03-23,1992,Active,Île-de-France
POL005354,CLT01616,Auto,Tous risques,2024-03-19,1951,Active,Occitanie
POL005355,CLT01183,Santé,Essentiel,2023-07-02,631,Active,Occitanie
POL005356,CLT03111,Habitation,Basique,2021-01-22,1425,Active,Occitanie
POL005357,CLT04590,Habitation,Confort,2023-10-20,1764,Active,Nouvelle-Aquitaine
POL005358,CLT01835,Habitation,Basique,2023-08-03,1263,Résiliée,Auvergne-Rhône-Alpes
POL005359,CLT02196,Santé,Équilibré,2021-05-28,1101,Active,Normandie
POL005360,CLT03104,Auto,Tiers étendu,2024-05-29,1727,Active,Auvergne-Rhône-Alpes
POL005361,CLT03317,Habitation,Basique,2024-03-19,1145,Active,Bretagne
POL005362,CLT03616,Auto,Tiers étendu,2022-06-08,1695,Active,Provence-Alpes-Côte d'Azur
POL005363,CLT00314,Habitation,Basique,2024-05-24,1324,Résiliée,Normandie
POL005364,CLT03222,Santé,Équilibré,2021-02-03,1009,Active,Centre-Val de Loire
POL005365,CLT03227,Auto,RC seule,2021-08-30,1138,Active,Île-de-France
POL005366,CLT00441,Auto,RC seule,2022-06-15,819,Active,Auvergne-Rhône-Alpes
POL005367,CLT04182,Habitation,Confort,2021-04-24,2043,Résiliée,Nouvelle-Aquitaine
POL005368,CLT04108,Auto,RC seule,2023-01-16,954,Active,Grand Est
POL005369,CLT01601,Santé,Équilibré,2023-09-03,916,Active,Auvergne-Rhône-Alpes
POL005370,CLT02019,Habitation,Basique,2021-11-24,1329,Active,Bretagne
POL005371,CLT01337,Habitation,Confort,2024-04-04,1935,Active,Nouvelle-Aquitaine
POL005372,CLT03216,Auto,Tiers étendu,2021-05-06,1372,Active,Normandie
POL005373,CLT02443,Habitation,Confort,2021-03-17,2191,Active,Centre-Val de Loire
POL005374,CLT01493,Habitation,Premium,2023-02-26,2809,Active,Normandie
POL005375,CLT04927,Santé,Essentiel,2024-01-30,645,Active,Occitanie
POL005376,CLT03918,Auto,Tiers étendu,2024-03-21,1385,Active,Nouvelle-Aquitaine
POL005377,CLT00860,Auto,RC seule,2023-11-10,874,Active,Bretagne
POL005378,CLT03859,Santé,Équilibré,2021-11-17,1102,Active,Normandie
POL005379,CLT03560,Habitation,Premium,2022-08-12,2725,Active,Centre-Val de Loire
POL005380,CLT04094,Habitation,Confort,2024-05-29,1473,Suspendue,Centre-Val de Loire
POL005381,CLT04312,Auto,Tiers étendu,2023-02-06,1114,Active,Centre-Val de Loire
POL005382,CLT04837,Auto,Tiers étendu,2021-06-24,1580,Active,Normandie
POL005383,CLT02987,Auto,Tiers étendu,2021-11-14,1232,Active,Nouvelle-Aquitaine
POL005384,CLT03020,Auto,RC seule,2024-01-25,975,Active,Centre-Val de Loire
POL005385,CLT04017,Habitation,Premium,2023-06-15,2830,Active,Grand Est
POL005386,CLT01240,Habitation,Confort,2021-12-30,1742,Active,Normandie
POL005387,CLT01826,Habitation,Basique,2021-10-22,1529,Active,Provence-Alpes-Côte d'Azur
POL005388,CLT03595,Habitation,Confort,2023-02-07,1850,Active,Auvergne-Rhône-Alpes
POL005389,CLT01589,Auto,Tous risques,2023-04-20,2732,Active,Auvergne-Rhône-Alpes
POL005390,CLT01284,Auto,Tiers étendu,2023-10-19,1461,Active,Grand Est
POL005391,CLT02270,Habitation,Basique,2023-07-21,1242,Active,Centre-Val de Loire
POL005392,CLT04260,Auto,Tous risques,2021-09-09,2199,Suspendue,Auvergne-Rhône-Alpes
POL005393,CLT02896,Habitation,Basique,2024-01-24,1581,Active,Occitanie
POL005394,CLT04423,Habitation,Confort,2022-09-28,2085,Résiliée,Auvergne-Rhône-Alpes
POL005395,CLT02873,Habitation,Confort,2022-11-25,2440,Active,Normandie
POL005396,CLT00099,Auto,RC seule,2021-01-04,1034,Active,Centre-Val de Loire
POL005397,CLT04556,Santé,Complet,2023-09-24,1367,Active,Île-de-France
POL005398,CLT02130,Auto,Tiers étendu,2024-04-19,1406,Active,Centre-Val de Loire
POL005399,CLT04354,Santé,Équilibré,2023-05-25,862,Active,Île-de-France
POL005400,CLT03147,Habitation,Basique,2022-11-08,1343,Active,Centre-Val de Loire
POL005401,CLT01797,Auto,Tous risques,2023-06-26,2033,Active,Occitanie
POL005402,CLT04703,Auto,RC seule,2023-09-10,570,Active,Occitanie
POL005403,CLT01212,Auto,Tous risques,2023-06-01,3280,Résiliée,Normandie
POL005404,CLT01395,Habitation,Confort,2021-06-02,1761,Active,Hauts-de-France
POL005405,CLT01486,Auto,RC seule,2024-01-31,833,Résiliée,Normandie
POL005406,CLT04086,Auto,Tous risques,2021-04-13,2963,Active,Occitanie
POL005407,CLT01349,Auto,RC seule,2022-10-17,757,Résiliée,Île-de-France
POL005408,CLT00032,Auto,RC seule,2023-05-04,1048,Active,Occitanie
POL005409,CLT03918,Santé,Équilibré,2023-05-25,899,Active,Nouvelle-Aquitaine
POL005410,CLT00623,Auto,Tous risques,2023-09-24,1796,Active,Île-de-France
POL005411,CLT03357,Auto,Tiers étendu,2022-10-12,1926,Active,Île-de-France
POL005412,CLT04969,Habitation,Confort,2022-09-03,2036,Active,Hauts-de-France
POL005413,CLT01900,Auto,RC seule,2024-06-11,1014,Active,Île-de-France
POL005414,CLT04332,Habitation,Confort,2022-09-06,2112,Active,Auvergne-Rhône-Alpes
POL005415,CLT04880,Habitation,Basique,2023-01-12,1293,Active,Auvergne-Rhône-Alpes
POL005416,CLT02005,Auto,Tiers étendu,2024-01-02,1229,Active,Hauts-de-France
POL005417,CLT02150,Auto,Tous risques,2024-05-15,2539,Résiliée,Provence-Alpes-Côte d'Azur
POL005418,CLT00529,Santé,Essentiel,2024-03-02,526,Active,Hauts-de-France
POL005419,CLT02777,Habitation,Confort,2023-09-17,1561,Active,Nouvelle-Aquitaine
POL005420,CLT03593,Habitation,Basique,2022-04-01,1265,Active,Nouvelle-Aquitaine
POL005421,CLT04221,Habitation,Basique,2021-05-29,1546,Active,Hauts-de-France
POL005422,CLT00667,Santé,Complet,2023-11-30,1537,Active,Normandie
POL005423,CLT03059,Habitation,Premium,2024-01-07,2813,Résiliée,Provence-Alpes-Côte d'Azur
POL005424,CLT01810,Auto,RC seule,2024-05-02,775,Active,Grand Est
POL005425,CLT00234,Santé,Essentiel,2021-01-26,654,Active,Occitanie
POL005426,CLT02873,Habitation,Confort,2023-02-17,2122,Active,Normandie
POL005427,CLT02985,Auto,RC seule,2024-03-07,1048,Active,Grand Est
POL005428,CLT01836,Auto,Tous risques,2022-08-18,2443,Active,Bretagne
POL005429,CLT03845,Auto,RC seule,2024-06-03,901,Active,Bretagne
POL005430,CLT00454,Habitation,Premium,2022-11-20,2741,Active,Grand Est
POL005431,CLT03047,Santé,Essentiel,2023-01-25,714,Active,Grand Est
POL005432,CLT03870,Auto,Tous risques,2024-04-13,2499,Active,Provence-Alpes-Côte d'Azur
POL005433,CLT00165,Habitation,Premium,2021-11-17,2804,Active,Bretagne
POL005434,CLT00984,Habitation,Premium,2023-12-12,2721,Active,Grand Est
POL005435,CLT04005,Habitation,Basique,2023-08-22,1587,Active,Occitanie
POL005436,CLT04523,Auto,Tiers étendu,2023-09-03,1331,Suspendue,Auvergne-Rhône-Alpes
POL005437,CLT03810,Santé,Équilibré,2021-04-08,1170,Active,Nouvelle-Aquitaine
POL005438,CLT03841,Habitation,Confort,2023-11-22,1966,Active,Auvergne-Rhône-Alpes
POL005439,CLT03583,Santé,Équilibré,2024-03-11,828,Active,Provence-Alpes-Côte d'Azur
POL005440,CLT04665,Santé,Équilibré,2022-10-30,1301,Résiliée,Normandie
POL005441,CLT00092,Habitation,Premium,2022-08-22,2927,Active,Grand Est
POL005442,CLT02981,Habitation,Confort,2021-10-15,1731,Active,Normandie
POL005443,CLT01287,Santé,Complet,2021-02-25,1239,Active,Normandie
POL005444,CLT00142,Santé,Équilibré,2022-01-08,788,Active,Auvergne-Rhône-Alpes
POL005445,CLT01209,Auto,RC seule,2023-11-25,894,Active,Provence-Alpes-Côte d'Azur
POL005446,CLT02373,Auto,RC seule,2024-06-26,1183,Active,Occitanie
POL005447,CLT00643,Habitation,Confort,2021-09-05,1687,Active,Provence-Alpes-Côte d'Azur
POL005448,CLT03622,Auto,Tiers étendu,2023-06-25,1832,Active,Occitanie
POL005449,CLT02587,Habitation,Confort,2024-04-23,1837,Active,Auvergne-Rhône-Alpes
POL005450,CLT04531,Habitation,Basique,2023-11-03,1098,Active,Centre-Val de Loire
POL005451,CLT02492,Auto,RC seule,2022-10-08,861,Active,Nouvelle-Aquitaine
POL005452,CLT04511,Santé,Essentiel,2023-03-14,473,Active,Nouvelle-Aquitaine
POL005453,CLT03910,Auto,Tiers étendu,2024-06-22,1232,Résiliée,Provence-Alpes-Côte d'Azur
POL005454,CLT00273,Habitation,Confort,2021-02-19,1626,Active,Nouvelle-Aquitaine
POL005455,CLT01556,Santé,Équilibré,2023-05-01,720,Active,Centre-Val de Loire
POL005456,CLT00532,Habitation,Confort,2022-10-13,2284,Active,Hauts-de-France
POL005457,CLT01986,Habitation,Premium,2022-01-11,3039,Active,Bretagne
POL005458,CLT04266,Santé,Essentiel,2024-03-11,557,Résiliée,Normandie
POL005459,CLT04561,Habitation,Basique,2024-03-20,1255,Active,Grand Est
POL005460,CLT00692,Auto,RC seule,2022-05-10,848,Active,Bretagne
POL005461,CLT03491,Habitation,Confort,2023-12-20,1135,Active,Centre-Val de Loire
POL005462,CLT01768,Auto,Tiers étendu,2023-10-25,2048,Active,Centre-Val de Loire
POL005463,CLT03483,Habitation,Premium,2021-09-11,2972,Active,Auvergne-Rhône-Alpes
POL005464,CLT01327,Auto,RC seule,2022-11-20,836,Active,Normandie
POL005465,CLT00377,Santé,Équilibré,2023-01-31,747,Suspendue,Île-de-France
POL005466,CLT02867,Habitation,Confort,2022-05-14,1458,Active,Centre-Val de Loire
POL005467,CLT02680,Auto,Tous risques,2022-10-15,2787,Résiliée,Bretagne
POL005468,CLT03621,Habitation,Confort,2022-12-26,2260,Suspendue,Auvergne-Rhône-Alpes
POL005469,CLT02406,Auto,RC seule,2023-12-28,1047,Active,Grand Est
POL005470,CLT04114,Habitation,Basique,2024-01-13,1089,Résiliée,Hauts-de-France
POL005471,CLT02666,Habitation,Basique,2022-12-03,1486,Active,Auvergne-Rhône-Alpes
POL005472,CLT02392,Habitation,Premium,2021-11-02,3080,Active,Hauts-de-France
POL005473,CLT00175,Auto,Tous risques,2021-02-03,2436,Active,Occitanie
POL005474,CLT00702,Auto,Tous risques,2022-09-13,2363,Active,Centre-Val de Loire
POL005475,CLT00958,Auto,RC seule,2021-09-01,777,Active,Hauts-de-France
POL005476,CLT00939,Auto,Tiers étendu,2023-02-23,1258,Suspendue,Grand Est
POL005477,CLT00732,Auto,RC seule,2022-07-19,917,Active,Île-de-France
POL005478,CLT02919,Auto,RC seule,2022-10-01,996,Active,Centre-Val de Loire
POL005479,CLT02465,Auto,Tiers étendu,2024-04-17,1145,Active,Île-de-France
POL005480,CLT03913,Auto,Tous risques,2024-03-14,2328,Active,Île-de-France
POL005481,CLT00305,Santé,Essentiel,2024-05-28,606,Active,Grand Est
POL005482,CLT01983,Auto,Tiers étendu,2023-11-03,1708,Résiliée,Bretagne
POL005483,CLT01846,Habitation,Basique,2024-02-26,1311,Active,Grand Est
POL005484,CLT02400,Habitation,Premium,2022-09-16,2403,Active,Île-de-France
POL005485,CLT04178,Santé,Essentiel,2021-03-20,781,Active,Hauts-de-France
POL005486,CLT01810,Auto,RC seule,2022-08-31,772,Résiliée,Grand Est
POL005487,CLT01508,Auto,Tiers étendu,2024-06-08,1822,Active,Bretagne
POL005488,CLT03334,Auto,RC seule,2024-05-29,973,Active,Grand Est
POL005489,CLT00333,Habitation,Basique,2022-03-10,1292,Active,Nouvelle-Aquitaine
POL005490,CLT04496,Auto,Tiers étendu,2024-02-01,1571,Résiliée,Île-de-France
POL005491,CLT04455,Habitation,Confort,2021-12-06,1854,Résiliée,Hauts-de-France
POL005492,CLT00856,Auto,Tiers étendu,2023-02-11,1617,Active,Bretagne
POL005493,CLT03585,Auto,Tiers étendu,2023-07-07,1547,Active,Auvergne-Rhône-Alpes
POL005494,CLT04079,Santé,Complet,2023-10-24,1701,Suspendue,Centre-Val de Loire
POL005495,CLT03261,Santé,Complet,2024-02-23,1794,Active,Centre-Val de Loire
POL005496,CLT00146,Auto,Tiers étendu,2022-08-26,1190,Active,Occitanie
POL005497,CLT00890,Habitation,Confort,2023-01-18,1873,Active,Normandie
POL005498,CLT03122,Auto,RC seule,2023-04-18,845,Active,Centre-Val de Loire
POL005499,CLT01258,Auto,RC seule,2021-11-14,816,Résiliée,Centre-Val de Loire
POL005500,CLT01795,Auto,RC seule,2023-04-05,898,Active,Hauts-de-France
POL005501,CLT03707,Auto,Tous risques,2021-11-28,2418,Active,Bretagne
POL005502,CLT04785,Auto,Tiers étendu,2024-04-11,1573,Résiliée,Provence-Alpes-Côte d'Azur
POL005503,CLT04001,Auto,RC seule,2021-05-03,1072,Active,Provence-Alpes-Côte d'Azur
POL005504,CLT04142,Habitation,Confort,2023-08-13,2265,Résiliée,Nouvelle-Aquitaine
POL005505,CLT01807,Auto,RC seule,2023-10-13,943,Active,Hauts-de-France
POL005506,CLT03476,Auto,RC seule,2023-02-23,983,Résiliée,Île-de-France
POL005507,CLT00676,Auto,Tous risques,2022-06-02,2322,Active,Provence-Alpes-Côte d'Azur
POL005508,CLT03420,Auto,Tous risques,2022-06-22,2535,Active,Provence-Alpes-Côte d'Azur
POL005509,CLT03031,Auto,RC seule,2022-12-08,1001,Active,Nouvelle-Aquitaine
POL005510,CLT04098,Habitation,Basique,2023-04-29,1308,Active,Normandie
POL005511,CLT02342,Habitation,Basique,2021-06-26,1610,Active,Bretagne
POL005512,CLT04697,Habitation,Basique,2022-03-25,1222,Résiliée,Hauts-de-France
POL005513,CLT03793,Habitation,Basique,2023-11-03,1473,Active,Occitanie
POL005514,CLT03511,Auto,Tiers étendu,2024-01-27,1264,Résiliée,Provence-Alpes-Côte d'Azur
POL005515,CLT03640,Auto,RC seule,2022-10-29,1038,Active,Bretagne
POL005516,CLT02560,Santé,Complet,2023-05-04,1919,Active,Provence-Alpes-Côte d'Azur
POL005517,CLT03981,Auto,Tiers étendu,2022-09-29,1125,Active,Auvergne-Rhône-Alpes
POL005518,CLT02214,Auto,RC seule,2021-09-11,919,Active,Centre-Val de Loire
POL005519,CLT01567,Auto,RC seule,2022-12-01,988,Active,Provence-Alpes-Côte d'Azur
POL005520,CLT04563,Auto,Tous risques,2023-06-01,2431,Active,Nouvelle-Aquitaine
POL005521,CLT00724,Auto,RC seule,2021-09-09,948,Résiliée,Île-de-France
POL005522,CLT02950,Auto,Tous risques,2024-03-24,2254,Active,Occitanie
POL005523,CLT02238,Santé,Complet,2023-01-12,1271,Active,Provence-Alpes-Côte d'Azur
POL005524,CLT03943,Auto,RC seule,2024-01-14,1187,Active,Centre-Val de Loire
POL005525,CLT00506,Habitation,Basique,2023-12-13,1233,Résiliée,Auvergne-Rhône-Alpes
POL005526,CLT00109,Auto,Tiers étendu,2021-11-06,1562,Active,Centre-Val de Loire
POL005527,CLT01684,Auto,Tiers étendu,2022-01-13,1274,Active,Hauts-de-France
POL005528,CLT01736,Habitation,Premium,2022-05-24,1981,Active,Île-de-France
POL005529,CLT03850,Auto,RC seule,2021-11-13,840,Résiliée,Nouvelle-Aquitaine
POL005530,CLT01028,Auto,Tous risques,2023-05-30,1698,Active,Grand Est
POL005531,CLT03559,Santé,Essentiel,2023-11-04,729,Active,Provence-Alpes-Côte d'Azur
POL005532,CLT01013,Habitation,Premium,2023-02-28,2575,Active,Centre-Val de Loire
POL005533,CLT03657,Habitation,Confort,2022-08-26,1708,Active,Grand Est
POL005534,CLT01238,Santé,Essentiel,2024-05-28,495,Active,Provence-Alpes-Côte d'Azur
POL005535,CLT00598,Auto,Tiers étendu,2023-10-11,1557,Active,Normandie
POL005536,CLT03304,Auto,RC seule,2024-05-21,816,Suspendue,Normandie
POL005537,CLT00038,Santé,Essentiel,2023-04-09,725,Active,Centre-Val de Loire
POL005538,CLT03598,Habitation,Basique,2022-01-18,1323,Active,Hauts-de-France
POL005539,CLT00620,Auto,Tous risques,2022-02-27,2079,Résiliée,Grand Est
POL005540,CLT03963,Habitation,Basique,2022-05-14,1384,Active,Provence-Alpes-Côte d'Azur
POL005541,CLT01699,Habitation,Confort,2022-01-23,1872,Active,Normandie
POL005542,CLT02613,Habitation,Confort,2021-07-16,1881,Active,Normandie
POL005543,CLT00864,Auto,RC seule,2021-01-24,781,Active,Provence-Alpes-Côte d'Azur
POL005544,CLT03469,Auto,RC seule,2021-09-02,958,Résiliée,Nouvelle-Aquitaine
POL005545,CLT01820,Habitation,Premium,2024-06-12,3208,Active,Provence-Alpes-Côte d'Azur
POL005546,CLT02994,Santé,Essentiel,2022-12-26,735,Active,Bretagne
POL005547,CLT01975,Habitation,Confort,2021-07-13,1686,Active,Provence-Alpes-Côte d'Azur
POL005548,CLT02016,Auto,RC seule,2022-10-13,1266,Active,Hauts-de-France
POL005549,CLT00692,Auto,RC seule,2023-05-24,1025,Active,Bretagne
POL005550,CLT03443,Santé,Essentiel,2023-02-18,468,Active,Grand Est
POL005551,CLT02374,Auto,Tous risques,2023-04-21,2101,Résiliée,Bretagne
POL005552,CLT01431,Santé,Essentiel,2023-10-10,786,Active,Hauts-de-France
POL005553,CLT04958,Auto,Tous risques,2022-11-21,2789,Active,Hauts-de-France
POL005554,CLT04508,Santé,Essentiel,2023-05-23,633,Suspendue,Normandie
POL005555,CLT00814,Santé,Complet,2022-11-22,1542,Active,Occitanie
POL005556,CLT03407,Auto,RC seule,2022-08-16,820,Active,Provence-Alpes-Côte d'Azur
POL005557,CLT02647,Santé,Complet,2024-04-06,1925,Active,Hauts-de-France
POL005558,CLT00145,Auto,Tiers étendu,2023-12-09,1212,Active,Occitanie
POL005559,CLT04624,Santé,Équilibré,2022-12-26,1146,Active,Hauts-de-France
POL005560,CLT03463,Habitation,Confort,2023-02-06,2152,Active,Bretagne
POL005561,CLT04370,Auto,Tiers étendu,2023-03-13,1465,Active,Normandie
POL005562,CLT01344,Auto,RC seule,2022-04-08,1019,Active,Auvergne-Rhône-Alpes
POL005563,CLT01606,Auto,Tiers étendu,2023-07-18,1833,Active,Occitanie
POL005564,CLT02299,Habitation,Confort,2022-02-04,2092,Active,Bretagne
POL005565,CLT04938,Santé,Essentiel,2021-04-17,651,Active,Nouvelle-Aquitaine
POL005566,CLT03205,Auto,Tous risques,2023-09-15,2394,Active,Grand Est
POL005567,CLT01453,Santé,Complet,2023-10-06,1362,Active,Auvergne-Rhône-Alpes
POL005568,CLT02674,Santé,Équilibré,2023-12-08,869,Active,Occitanie
POL005569,CLT04339,Habitation,Basique,2021-12-11,1318,Active,Auvergne-Rhône-Alpes
POL005570,CLT04366,Auto,RC seule,2021-12-23,884,Active,Nouvelle-Aquitaine
POL005571,CLT01698,Auto,Tiers étendu,2021-12-24,1469,Suspendue,Grand Est
POL005572,CLT02687,Auto,RC seule,2024-04-28,788,Active,Grand Est
POL005573,CLT02039,Habitation,Premium,2022-08-29,2898,Active,Centre-Val de Loire
POL005574,CLT03014,Auto,Tiers étendu,2023-11-03,1624,Active,Normandie
POL005575,CLT02551,Auto,RC seule,2024-01-24,804,Active,Hauts-de-France
POL005576,CLT03896,Santé,Complet,2024-03-21,1508,Active,Grand Est
POL005577,CLT02209,Habitation,Basique,2023-04-22,946,Suspendue,Auvergne-Rhône-Alpes
POL005578,CLT04287,Auto,Tous risques,2023-01-07,1934,Suspendue,Occitanie
POL005579,CLT02995,Habitation,Basique,2022-11-20,1476,Active,Hauts-de-France
POL005580,CLT04421,Habitation,Basique,2023-10-21,1210,Active,Bretagne
POL005581,CLT00257,Habitation,Basique,2022-01-21,1609,Active,Normandie
POL005582,CLT01187,Auto,Tous risques,2022-04-10,2461,Active,Nouvelle-Aquitaine
POL005583,CLT04814,Habitation,Basique,2022-01-31,1283,Active,Normandie
POL005584,CLT00902,Santé,Essentiel,2023-05-12,537,Active,Normandie
POL005585,CLT02168,Auto,RC seule,2022-10-02,914,Active,Auvergne-Rhône-Alpes
POL005586,CLT00743,Santé,Équilibré,2022-03-04,895,Active,Occitanie
POL005587,CLT00059,Santé,Équilibré,2021-12-23,826,Résiliée,Normandie
POL005588,CLT03140,Auto,Tiers étendu,2021-06-08,1588,Suspendue,Nouvelle-Aquitaine
POL005589,CLT02264,Auto,RC seule,2022-04-10,1051,Active,Grand Est
POL005590,CLT03106,Auto,RC seule,2024-01-31,989,Résiliée,Auvergne-Rhône-Alpes
POL005591,CLT01559,Auto,RC seule,2021-06-25,836,Active,Grand Est
POL005592,CLT00992,Habitation,Confort,2022-10-11,1977,Active,Bretagne
POL005593,CLT02049,Auto,Tous risques,2024-05-21,1535,Active,Hauts-de-France
POL005594,CLT04692,Auto,Tiers étendu,2024-05-09,1722,Résiliée,Grand Est
POL005595,CLT00096,Auto,Tous risques,2022-11-13,1902,Active,Île-de-France
POL005596,CLT03613,Habitation,Basique,2023-01-04,1035,Active,Île-de-France
POL005597,CLT03418,Santé,Essentiel,2023-01-26,622,Active,Provence-Alpes-Côte d'Azur
POL005598,CLT03541,Auto,RC seule,2021-08-13,933,Active,Auvergne-Rhône-Alpes
POL005599,CLT00231,Auto,RC seule,2023-12-16,936,Active,Hauts-de-France
POL005600,CLT03084,Habitation,Basique,2023-03-24,1038,Active,Centre-Val de Loire
POL005601,CLT03469,Auto,RC seule,2021-12-10,1113,Suspendue,Nouvelle-Aquitaine
POL005602,CLT03001,Santé,Équilibré,2022-08-12,813,Active,Centre-Val de Loire
POL005603,CLT02466,Habitation,Basique,2021-06-25,1080,Active,Normandie
POL005604,CLT01570,Auto,Tiers étendu,2024-07-02,1428,Résiliée,Nouvelle-Aquitaine
POL005605,CLT04041,Habitation,Confort,2022-12-14,1583,Active,Provence-Alpes-Côte d'Azur
POL005606,CLT01000,Auto,Tiers étendu,2023-12-07,1704,Active,Auvergne-Rhône-Alpes
POL005607,CLT04294,Habitation,Confort,2023-04-02,1547,Résiliée,Centre-Val de Loire
POL005608,CLT04538,Santé,Essentiel,2021-08-05,794,Active,Bretagne
POL005609,CLT00929,Auto,RC seule,2022-06-23,1027,Active,Nouvelle-Aquitaine
POL005610,CLT02399,Habitation,Confort,2023-01-17,2143,Résiliée,Normandie
POL005611,CLT03412,Auto,RC seule,2022-02-22,1129,Active,Bretagne
POL005612,CLT03850,Santé,Complet,2022-06-25,1619,Active,Nouvelle-Aquitaine
POL005613,CLT00005,Habitation,Confort,2022-10-20,1564,Active,Île-de-France
POL005614,CLT02601,Habitation,Confort,2023-09-02,1892,Active,Auvergne-Rhône-Alpes
POL005615,CLT00041,Auto,RC seule,2021-09-08,899,Active,Nouvelle-Aquitaine
POL005616,CLT00744,Santé,Équilibré,2021-07-02,893,Active,Centre-Val de Loire
POL005617,CLT03170,Auto,Tiers étendu,2021-03-17,1434,Active,Nouvelle-Aquitaine
POL005618,CLT01030,Habitation,Confort,2021-07-05,1824,Active,Nouvelle-Aquitaine
POL005619,CLT04280,Habitation,Confort,2023-07-21,1616,Active,Bretagne
POL005620,CLT02003,Santé,Équilibré,2023-02-19,995,Active,Auvergne-Rhône-Alpes
POL005621,CLT03457,Auto,RC seule,2024-03-12,968,Active,Nouvelle-Aquitaine
POL005622,CLT02599,Auto,RC seule,2023-03-28,1058,Active,Bretagne
POL005623,CLT03586,Habitation,Premium,2022-08-19,2527,Active,Hauts-de-France
POL005624,CLT03451,Santé,Essentiel,2021-12-20,575,Active,Bretagne
POL005625,CLT00572,Santé,Essentiel,2023-08-27,644,Active,Provence-Alpes-Côte d'Azur
POL005626,CLT02390,Habitation,Premium,2021-10-23,2431,Active,Nouvelle-Aquitaine
POL005627,CLT04327,Auto,RC seule,2021-05-08,926,Active,Centre-Val de Loire
POL005628,CLT02408,Auto,RC seule,2021-06-12,946,Active,Bretagne
POL005629,CLT04188,Auto,RC seule,2023-11-28,992,Résiliée,Centre-Val de Loire
POL005630,CLT04896,Santé,Essentiel,2022-11-24,664,Active,Auvergne-Rhône-Alpes
POL005631,CLT01951,Auto,Tiers étendu,2023-03-12,1395,Active,Provence-Alpes-Côte d'Azur
POL005632,CLT00530,Santé,Équilibré,2023-05-20,1398,Active,Grand Est
POL005633,CLT01543,Habitation,Basique,2023-06-07,1369,Active,Île-de-France
POL005634,CLT02215,Habitation,Basique,2023-05-31,1337,Active,Centre-Val de Loire
POL005635,CLT02651,Habitation,Basique,2021-07-16,1416,Active,Provence-Alpes-Côte d'Azur
POL005636,CLT01747,Habitation,Premium,2021-08-02,3294,Résiliée,Centre-Val de Loire
POL005637,CLT02381,Habitation,Confort,2022-05-11,2307,Active,Île-de-France
POL005638,CLT00098,Santé,Équilibré,2021-04-04,1104,Active,Auvergne-Rhône-Alpes
POL005639,CLT04388,Auto,Tous risques,2022-10-20,2207,Active,Grand Est
POL005640,CLT03079,Auto,Tiers étendu,2023-12-16,1534,Active,Provence-Alpes-Côte d'Azur
POL005641,CLT00113,Auto,Tiers étendu,2022-10-23,1725,Active,Hauts-de-France
POL005642,CLT02280,Habitation,Confort,2023-10-18,2423,Active,Hauts-de-France
POL005643,CLT02192,Habitation,Basique,2024-05-31,1338,Active,Normandie
POL005644,CLT03540,Habitation,Confort,2021-07-12,1934,Active,Bretagne
POL005645,CLT04113,Habitation,Basique,2023-01-14,1377,Résiliée,Bretagne
POL005646,CLT00627,Habitation,Premium,2023-09-18,3212,Active,Provence-Alpes-Côte d'Azur
POL005647,CLT02620,Auto,Tous risques,2024-02-29,2746,Active,Centre-Val de Loire
POL005648,CLT00152,Auto,Tiers étendu,2023-11-28,1356,Active,Île-de-France
POL005649,CLT03260,Habitation,Confort,2022-07-05,2166,Active,Bretagne
POL005650,CLT02937,Auto,RC seule,2022-12-27,983,Active,Île-de-France
POL005651,CLT02869,Habitation,Confort,2023-10-26,2067,Active,Bretagne
POL005652,CLT02187,Auto,RC seule,2023-03-27,1120,Active,Grand Est
POL005653,CLT03250,Santé,Équilibré,2024-05-26,1160,Active,Normandie
POL005654,CLT01409,Auto,Tiers étendu,2021-07-14,1587,Active,Nouvelle-Aquitaine
POL005655,CLT02838,Santé,Essentiel,2023-02-20,591,Active,Centre-Val de Loire
POL005656,CLT03998,Habitation,Premium,2024-06-06,3409,Active,Normandie
POL005657,CLT04365,Santé,Équilibré,2021-04-21,1195,Active,Hauts-de-France
POL005658,CLT01650,Auto,RC seule,2021-08-30,925,Active,Centre-Val de Loire
POL005659,CLT04773,Auto,RC seule,2024-02-10,1035,Active,Bretagne
POL005660,CLT01313,Auto,Tous risques,2022-01-15,3185,Active,Bretagne
POL005661,CLT03982,Habitation,Basique,2022-03-15,1144,Active,Bretagne
POL005662,CLT02819,Santé,Complet,2021-09-10,1374,Active,Normandie
POL005663,CLT03773,Habitation,Premium,2022-06-19,4172,Active,Île-de-France
POL005664,CLT02288,Habitation,Confort,2023-10-10,2042,Active,Nouvelle-Aquitaine
POL005665,CLT01652,Auto,Tiers étendu,2023-10-01,1442,Résiliée,Nouvelle-Aquitaine
POL005666,CLT01474,Santé,Essentiel,2022-09-26,594,Active,Auvergne-Rhône-Alpes
POL005667,CLT00098,Habitation,Basique,2023-06-19,1543,Active,Auvergne-Rhône-Alpes
POL005668,CLT03942,Auto,RC seule,2023-11-07,1216,Active,Hauts-de-France
POL005669,CLT02356,Auto,RC seule,2022-11-06,859,Suspendue,Auvergne-Rhône-Alpes
POL005670,CLT01114,Habitation,Premium,2022-11-07,2867,Active,Grand Est
POL005671,CLT00018,Santé,Équilibré,2023-01-06,953,Active,Centre-Val de Loire
POL005672,CLT04485,Habitation,Confort,2024-05-27,2115,Active,Occitanie
POL005673,CLT02420,Habitation,Basique,2022-03-08,1482,Active,Auvergne-Rhône-Alpes
POL005674,CLT02853,Habitation,Basique,2021-07-23,1534,Active,Hauts-de-France
POL005675,CLT00586,Auto,RC seule,2022-05-06,994,Active,Provence-Alpes-Côte d'Azur
POL005676,CLT00836,Habitation,Confort,2022-05-06,2443,Active,Nouvelle-Aquitaine
POL005677,CLT00416,Auto,Tiers étendu,2022-01-20,1376,Active,Grand Est
POL005678,CLT00364,Auto,RC seule,2024-03-27,875,Active,Centre-Val de Loire
POL005679,CLT04304,Santé,Complet,2021-08-01,2001,Active,Nouvelle-Aquitaine
POL005680,CLT01143,Santé,Essentiel,2022-04-13,668,Résiliée,Île-de-France
POL005681,CLT00274,Habitation,Premium,2023-12-09,2320,Active,Normandie
POL005682,CLT03888,Auto,Tous risques,2024-03-24,2470,Active,Grand Est
POL005683,CLT04791,Santé,Essentiel,2023-09-11,650,Active,Normandie
POL005684,CLT04316,Santé,Équilibré,2023-06-20,898,Résiliée,Bretagne
POL005685,CLT01681,Habitation,Basique,2022-04-07,1050,Résiliée,Nouvelle-Aquitaine
POL005686,CLT00915,Auto,Tous risques,2024-02-09,2133,Active,Île-de-France
POL005687,CLT03079,Habitation,Confort,2024-06-18,1541,Suspendue,Provence-Alpes-Côte d'Azur
POL005688,CLT04883,Auto,RC seule,2021-08-07,979,Active,Bretagne
POL005689,CLT00611,Santé,Complet,2022-09-10,1066,Active,Auvergne-Rhône-Alpes
POL005690,CLT04904,Habitation,Premium,2022-05-20,2969,Active,Normandie
POL005691,CLT01617,Auto,RC seule,2023-06-16,979,Résiliée,Occitanie
POL005692,CLT01895,Habitation,Basique,2022-03-04,1249,Active,Occitanie
POL005693,CLT02050,Habitation,Basique,2022-09-20,1457,Résiliée,Auvergne-Rhône-Alpes
POL005694,CLT02566,Auto,Tiers étendu,2023-09-27,1129,Résiliée,Grand Est
POL005695,CLT00125,Auto,Tous risques,2022-12-31,2026,Active,Nouvelle-Aquitaine
POL005696,CLT04160,Habitation,Premium,2022-06-25,2822,Active,Hauts-de-France
POL005697,CLT00829,Habitation,Premium,2021-02-26,3180,Active,Grand Est
POL005698,CLT01468,Habitation,Confort,2023-11-26,1903,Suspendue,Île-de-France
POL005699,CLT00475,Santé,Essentiel,2024-01-01,830,Active,Occitanie
POL005700,CLT03943,Habitation,Confort,2021-12-06,1603,Suspendue,Centre-Val de Loire
POL005701,CLT04223,Habitation,Basique,2023-08-10,1066,Active,Provence-Alpes-Côte d'Azur
POL005702,CLT03041,Auto,RC seule,2022-10-20,1165,Résiliée,Auvergne-Rhône-Alpes
POL005703,CLT01924,Auto,RC seule,2021-02-03,758,Active,Auvergne-Rhône-Alpes
POL005704,CLT03409,Habitation,Confort,2023-04-03,2127,Active,Bretagne
POL005705,CLT01909,Auto,Tiers étendu,2021-05-22,1260,Active,Normandie
POL005706,CLT00765,Santé,Complet,2024-04-23,985,Active,Occitanie
POL005707,CLT01805,Auto,RC seule,2022-02-25,890,Active,Centre-Val de Loire
POL005708,CLT01560,Auto,RC seule,2023-09-26,1060,Active,Bretagne
POL005709,CLT00633,Santé,Essentiel,2022-03-17,479,Active,Hauts-de-France
POL005710,CLT01731,Auto,RC seule,2024-01-08,985,Active,Occitanie
POL005711,CLT00417,Santé,Essentiel,2023-01-30,703,Active,Provence-Alpes-Côte d'Azur
POL005712,CLT00370,Habitation,Premium,2023-03-13,2298,Active,Provence-Alpes-Côte d'Azur
POL005713,CLT02215,Auto,Tiers étendu,2021-09-18,1412,Active,Centre-Val de Loire
POL005714,CLT04579,Auto,Tiers étendu,2021-10-29,1769,Active,Île-de-France
POL005715,CLT02632,Auto,Tiers étendu,2022-11-04,1618,Résiliée,Normandie
POL005716,CLT04715,Habitation,Basique,2022-03-25,1174,Active,Centre-Val de Loire
POL005717,CLT03614,Habitation,Basique,2021-02-19,1280,Résiliée,Grand Est
POL005718,CLT01302,Santé,Équilibré,2021-03-12,1019,Active,Centre-Val de Loire
POL005719,CLT03906,Habitation,Confort,2024-05-24,2230,Active,Bretagne
POL005720,CLT01919,Auto,Tous risques,2022-10-20,2948,Active,Auvergne-Rhône-Alpes
POL005721,CLT04401,Auto,Tiers étendu,2023-04-29,1615,Active,Grand Est
POL005722,CLT02155,Auto,Tiers étendu,2023-07-04,1484,Suspendue,Nouvelle-Aquitaine
POL005723,CLT04413,Habitation,Premium,2023-07-05,2631,Active,Occitanie
POL005724,CLT01520,Auto,RC seule,2021-04-24,739,Résiliée,Nouvelle-Aquitaine
POL005725,CLT02962,Santé,Complet,2023-01-28,1467,Résiliée,Auvergne-Rhône-Alpes
POL005726,CLT02670,Auto,Tous risques,2022-07-29,2219,Active,Normandie
POL005727,CLT01428,Auto,Tiers étendu,2023-10-18,1624,Active,Centre-Val de Loire
POL005728,CLT04927,Habitation,Confort,2021-03-14,2090,Résiliée,Occitanie
POL005729,CLT00197,Auto,Tous risques,2021-06-10,2385,Active,Provence-Alpes-Côte d'Azur
POL005730,CLT00273,Auto,Tiers étendu,2021-04-17,1687,Active,Nouvelle-Aquitaine
POL005731,CLT03922,Auto,RC seule,2022-06-06,789,Active,Île-de-France
POL005732,CLT02227,Santé,Essentiel,2023-11-30,729,Active,Île-de-France
POL005733,CLT00402,Auto,Tous risques,2021-03-18,2034,Active,Auvergne-Rhône-Alpes
POL005734,CLT03378,Auto,RC seule,2024-06-30,1062,Active,Bretagne
POL005735,CLT04329,Habitation,Basique,2024-01-02,1231,Résiliée,Auvergne-Rhône-Alpes
POL005736,CLT02876,Auto,Tiers étendu,2022-08-01,1044,Suspendue,Normandie
POL005737,CLT04519,Habitation,Basique,2022-08-01,1445,Active,Bretagne
POL005738,CLT01103,Auto,Tiers étendu,2021-06-20,1733,Suspendue,Normandie
POL005739,CLT04345,Auto,Tiers étendu,2022-11-10,1375,Active,Bretagne
POL005740,CLT00731,Santé,Essentiel,2021-08-07,606,Active,Centre-Val de Loire
POL005741,CLT03147,Auto,Tiers étendu,2023-02-03,1397,Active,Centre-Val de Loire
POL005742,CLT00963,Auto,RC seule,2021-02-16,782,Active,Normandie
POL005743,CLT00892,Auto,RC seule,2021-05-25,626,Active,Grand Est
POL005744,CLT02104,Auto,Tiers étendu,2022-07-17,1678,Active,Grand Est
POL005745,CLT03967,Santé,Complet,2023-03-05,1315,Résiliée,Île-de-France
POL005746,CLT00832,Habitation,Confort,2022-04-14,2327,Active,Occitanie
POL005747,CLT01281,Habitation,Basique,2023-07-29,1469,Active,Nouvelle-Aquitaine
POL005748,CLT00475,Auto,RC seule,2023-02-09,1110,Active,Occitanie
POL005749,CLT04178,Auto,RC seule,2023-02-17,862,Active,Hauts-de-France
POL005750,CLT02318,Auto,Tous risques,2023-11-01,1696,Active,Bretagne
POL005751,CLT01475,Auto,RC seule,2024-01-16,787,Active,Île-de-France
POL005752,CLT04166,Santé,Essentiel,2021-06-30,598,Résiliée,Nouvelle-Aquitaine
POL005753,CLT01984,Santé,Équilibré,2022-07-11,640,Résiliée,Centre-Val de Loire
POL005754,CLT02286,Habitation,Premium,2024-05-04,2617,Résiliée,Grand Est
POL005755,CLT01288,Habitation,Confort,2022-10-27,1760,Suspendue,Île-de-France
POL005756,CLT00757,Habitation,Basique,2022-09-06,1033,Suspendue,Grand Est
POL005757,CLT04713,Santé,Essentiel,2021-01-11,513,Active,Île-de-France
POL005758,CLT02536,Auto,Tous risques,2024-01-20,2308,Active,Centre-Val de Loire
POL005759,CLT03320,Auto,Tous risques,2024-04-02,2483,Active,Auvergne-Rhône-Alpes
POL005760,CLT02370,Habitation,Premium,2023-10-28,2533,Active,Centre-Val de Loire
POL005761,CLT00150,Habitation,Confort,2022-05-15,2017,Active,Auvergne-Rhône-Alpes
POL005762,CLT03911,Auto,RC seule,2024-03-17,965,Active,Bretagne
POL005763,CLT01686,Habitation,Basique,2022-05-24,1282,Active,Normandie
POL005764,CLT01213,Auto,Tiers étendu,2024-01-07,1273,Active,Bretagne
POL005765,CLT03469,Auto,Tiers étendu,2023-07-04,1218,Active,Nouvelle-Aquitaine
POL005766,CLT03566,Santé,Équilibré,2023-03-31,1351,Active,Provence-Alpes-Côte d'Azur
POL005767,CLT00669,Habitation,Confort,2023-01-18,2043,Active,Nouvelle-Aquitaine
POL005768,CLT02074,Auto,Tiers étendu,2024-06-05,1689,Active,Bretagne
POL005769,CLT03673,Auto,Tiers étendu,2021-02-01,1401,Active,Grand Est
POL005770,CLT02909,Auto,Tous risques,2022-10-15,2467,Active,Grand Est
POL005771,CLT00215,Habitation,Premium,2023-06-13,3043,Active,Normandie
POL005772,CLT01742,Habitation,Confort,2023-05-02,1373,Active,Hauts-de-France
POL005773,CLT02483,Santé,Complet,2023-09-05,1315,Suspendue,Provence-Alpes-Côte d'Azur
POL005774,CLT00910,Auto,RC seule,2023-07-12,806,Résiliée,Hauts-de-France
POL005775,CLT03835,Santé,Essentiel,2023-01-18,564,Suspendue,Île-de-France
POL005776,CLT00150,Habitation,Basique,2022-08-01,1150,Active,Auvergne-Rhône-Alpes
POL005777,CLT02312,Auto,Tous risques,2024-06-25,2378,Active,Hauts-de-France
POL005778,CLT04410,Auto,Tous risques,2021-09-28,2358,Active,Normandie
POL005779,CLT01774,Habitation,Premium,2022-07-02,3497,Résiliée,Auvergne-Rhône-Alpes
POL005780,CLT04503,Auto,RC seule,2022-11-21,1315,Active,Hauts-de-France
POL005781,CLT03879,Auto,Tous risques,2023-04-20,1763,Active,Provence-Alpes-Côte d'Azur
POL005782,CLT02772,Habitation,Premium,2021-01-07,2959,Active,Bretagne
POL005783,CLT02736,Auto,Tiers étendu,2022-12-01,1480,Résiliée,Bretagne
POL005784,CLT00081,Habitation,Basique,2023-08-21,1222,Active,Occitanie
POL005785,CLT01171,Habitation,Confort,2023-11-06,1576,Résiliée,Île-de-France
POL005786,CLT04080,Auto,Tiers étendu,2024-04-05,1225,Suspendue,Grand Est
POL005787,CLT01291,Habitation,Confort,2023-05-24,1982,Résiliée,Hauts-de-France
POL005788,CLT00188,Auto,Tous risques,2024-06-03,1994,Active,Provence-Alpes-Côte d'Azur
POL005789,CLT01536,Habitation,Confort,2022-09-20,1933,Active,Bretagne
POL005790,CLT01413,Habitation,Premium,2022-08-08,2832,Active,Bretagne
POL005791,CLT02953,Auto,Tous risques,2024-05-20,2451,Résiliée,Bretagne
POL005792,CLT00841,Auto,RC seule,2023-10-13,812,Résiliée,Centre-Val de Loire
POL005793,CLT03826,Habitation,Basique,2022-07-24,1278,Active,Hauts-de-France
POL005794,CLT03442,Santé,Équilibré,2021-05-13,919,Active,Bretagne
POL005795,CLT03192,Auto,Tiers étendu,2024-04-06,1436,Active,Hauts-de-France
POL005796,CLT03857,Santé,Essentiel,2021-12-27,800,Active,Nouvelle-Aquitaine
POL005797,CLT00812,Auto,RC seule,2023-05-25,999,Active,Nouvelle-Aquitaine
POL005798,CLT04344,Auto,Tiers étendu,2021-10-18,1526,Active,Nouvelle-Aquitaine
POL005799,CLT03918,Habitation,Basique,2021-05-10,1333,Active,Nouvelle-Aquitaine
POL005800,CLT02523,Santé,Équilibré,2021-10-17,771,Active,Normandie
POL005801,CLT03935,Auto,RC seule,2023-06-05,1192,Active,Hauts-de-France
POL005802,CLT01439,Habitation,Basique,2022-07-31,1044,Active,Auvergne-Rhône-Alpes
POL005803,CLT00031,Auto,RC seule,2024-03-28,1035,Active,Provence-Alpes-Côte d'Azur
POL005804,CLT00966,Auto,Tiers étendu,2024-03-18,1554,Résiliée,Provence-Alpes-Côte d'Azur
POL005805,CLT03445,Santé,Essentiel,2021-05-20,558,Suspendue,Hauts-de-France
POL005806,CLT04444,Auto,Tiers étendu,2024-05-12,1705,Résiliée,Provence-Alpes-Côte d'Azur
POL005807,CLT02156,Auto,RC seule,2022-12-16,1007,Active,Nouvelle-Aquitaine
POL005808,CLT00673,Habitation,Basique,2022-01-22,1519,Résiliée,Nouvelle-Aquitaine
POL005809,CLT04612,Santé,Équilibré,2021-05-02,1012,Suspendue,Île-de-France
POL005810,CLT04938,Santé,Complet,2023-06-06,1646,Active,Nouvelle-Aquitaine
POL005811,CLT02080,Auto,Tiers étendu,2022-08-18,1416,Résiliée,Grand Est
POL005812,CLT04569,Habitation,Confort,2023-01-02,1389,Résiliée,Île-de-France
POL005813,CLT02352,Santé,Équilibré,2022-09-07,989,Active,Normandie
POL005814,CLT03884,Habitation,Basique,2024-02-01,1269,Active,Bretagne
POL005815,CLT02659,Auto,RC seule,2022-01-03,949,Résiliée,Provence-Alpes-Côte d'Azur
POL005816,CLT03891,Habitation,Confort,2021-06-12,1448,Suspendue,Centre-Val de Loire
POL005817,CLT04715,Auto,RC seule,2021-11-21,881,Active,Centre-Val de Loire
POL005818,CLT02704,Auto,RC seule,2023-06-28,1033,Active,Île-de-France
POL005819,CLT01194,Auto,Tous risques,2022-09-18,2473,Active,Centre-Val de Loire
POL005820,CLT04187,Auto,Tiers étendu,2023-03-20,1057,Résiliée,Bretagne
POL005821,CLT03780,Habitation,Confort,2022-05-08,2046,Active,Hauts-de-France
POL005822,CLT04314,Habitation,Basique,2024-05-02,1309,Active,Grand Est
POL005823,CLT01405,Santé,Complet,2023-06-26,1525,Active,Nouvelle-Aquitaine
POL005824,CLT03995,Habitation,Confort,2024-01-08,1230,Active,Bretagne
POL005825,CLT00684,Auto,RC seule,2023-02-17,1097,Active,Centre-Val de Loire
POL005826,CLT01355,Habitation,Premium,2023-02-20,2879,Active,Centre-Val de Loire
POL005827,CLT02308,Auto,RC seule,2022-03-28,755,Active,Nouvelle-Aquitaine
POL005828,CLT04209,Auto,RC seule,2021-02-11,947,Active,Hauts-de-France
POL005829,CLT00066,Habitation,Basique,2021-05-22,1255,Active,Normandie
POL005830,CLT02293,Auto,Tiers étendu,2023-07-24,1649,Active,Auvergne-Rhône-Alpes
POL005831,CLT01475,Auto,Tiers étendu,2021-07-24,1369,Active,Île-de-France
POL005832,CLT03242,Auto,RC seule,2021-03-03,980,Active,Provence-Alpes-Côte d'Azur
POL005833,CLT01717,Auto,Tous risques,2021-06-12,2060,Active,Bretagne
POL005834,CLT00933,Habitation,Confort,2023-01-27,1979,Active,Auvergne-Rhône-Alpes
POL005835,CLT01846,Santé,Essentiel,2022-03-25,525,Active,Grand Est
POL005836,CLT00380,Habitation,Confort,2023-08-03,1683,Active,Centre-Val de Loire
POL005837,CLT01562,Auto,Tous risques,2023-01-07,2229,Active,Hauts-de-France
POL005838,CLT00228,Santé,Complet,2021-01-14,1212,Active,Provence-Alpes-Côte d'Azur
POL005839,CLT00850,Habitation,Confort,2023-07-01,2437,Active,Occitanie
POL005840,CLT01746,Auto,Tiers étendu,2021-04-01,1790,Active,Hauts-de-France
POL005841,CLT00047,Auto,Tous risques,2022-08-16,2098,Active,Provence-Alpes-Côte d'Azur
POL005842,CLT03390,Auto,Tous risques,2024-02-04,1719,Active,Nouvelle-Aquitaine
POL005843,CLT01295,Santé,Essentiel,2022-06-19,693,Active,Bretagne
POL005844,CLT00001,Auto,RC seule,2023-02-20,876,Active,Auvergne-Rhône-Alpes
POL005845,CLT04863,Auto,Tiers étendu,2021-12-17,1730,Résiliée,Normandie
POL005846,CLT02565,Santé,Complet,2022-07-09,1356,Active,Grand Est
POL005847,CLT04445,Habitation,Premium,2023-08-23,3125,Active,Grand Est
POL005848,CLT04564,Habitation,Basique,2021-03-08,1248,Résiliée,Nouvelle-Aquitaine
POL005849,CLT02777,Auto,Tous risques,2022-05-12,2110,Résiliée,Nouvelle-Aquitaine
POL005850,CLT00922,Habitation,Basique,2023-04-13,1291,Active,Centre-Val de Loire
POL005851,CLT01238,Habitation,Confort,2022-01-26,2025,Active,Provence-Alpes-Côte d'Azur
POL005852,CLT02245,Habitation,Premium,2023-10-10,2974,Suspendue,Bretagne
POL005853,CLT04973,Auto,RC seule,2022-11-02,927,Active,Nouvelle-Aquitaine
POL005854,CLT04116,Santé,Essentiel,2021-11-03,523,Active,Provence-Alpes-Côte d'Azur
POL005855,CLT02867,Auto,RC seule,2022-01-03,1060,Active,Centre-Val de Loire
POL005856,CLT02138,Habitation,Basique,2022-06-24,1439,Active,Hauts-de-France
POL005857,CLT04098,Auto,RC seule,2023-10-05,934,Active,Normandie
POL005858,CLT02113,Santé,Équilibré,2021-11-23,1008,Active,Nouvelle-Aquitaine
POL005859,CLT04088,Auto,RC seule,2024-02-25,1112,Active,Grand Est
POL005860,CLT00796,Auto,RC seule,2024-02-14,801,Active,Île-de-France
POL005861,CLT00620,Habitation,Confort,2022-11-08,2028,Active,Grand Est
POL005862,CLT04015,Auto,RC seule,2023-10-05,842,Active,Centre-Val de Loire
POL005863,CLT03125,Santé,Essentiel,2021-04-06,809,Active,Île-de-France
POL005864,CLT02374,Auto,RC seule,2022-07-26,1001,Active,Bretagne
POL005865,CLT02135,Habitation,Confort,2023-10-09,2178,Active,Grand Est
POL005866,CLT00154,Habitation,Basique,2022-12-11,1137,Résiliée,Bretagne
POL005867,CLT00531,Auto,RC seule,2023-06-17,765,Active,Normandie
POL005868,CLT03401,Santé,Complet,2023-04-22,1481,Active,Île-de-France
POL005869,CLT03640,Auto,RC seule,2021-05-09,969,Active,Bretagne
POL005870,CLT04616,Habitation,Basique,2021-11-03,1217,Résiliée,Île-de-France
POL005871,CLT00046,Auto,RC seule,2024-01-09,1105,Active,Grand Est
POL005872,CLT00087,Auto,Tiers étendu,2022-06-27,1390,Active,Occitanie
POL005873,CLT02949,Habitation,Basique,2022-04-08,934,Active,Nouvelle-Aquitaine
POL005874,CLT03830,Auto,Tiers étendu,2021-04-08,1526,Active,Bretagne
POL005875,CLT00996,Santé,Complet,2022-10-23,1283,Active,Bretagne
POL005876,CLT04050,Auto,RC seule,2023-07-26,912,Active,Occitanie
POL005877,CLT00909,Habitation,Confort,2021-01-13,2194,Active,Grand Est
POL005878,CLT03677,Santé,Équilibré,2022-01-02,1339,Active,Île-de-France
POL005879,CLT03013,Auto,Tiers étendu,2023-12-21,1379,Active,Centre-Val de Loire
POL005880,CLT03959,Habitation,Basique,2023-05-27,1290,Active,Centre-Val de Loire
POL005881,CLT00757,Habitation,Basique,2021-12-29,1147,Active,Grand Est
POL005882,CLT01906,Auto,Tous risques,2022-06-15,2195,Active,Provence-Alpes-Côte d'Azur
POL005883,CLT04849,Habitation,Basique,2021-11-21,1147,Active,Nouvelle-Aquitaine
POL005884,CLT01448,Habitation,Confort,2024-01-01,1487,Active,Occitanie
POL005885,CLT03464,Santé,Équilibré,2022-07-29,1114,Active,Provence-Alpes-Côte d'Azur
POL005886,CLT00446,Santé,Équilibré,2021-07-29,1049,Active,Île-de-France
POL005887,CLT00369,Auto,Tiers étendu,2022-07-03,1401,Résiliée,Provence-Alpes-Côte d'Azur
POL005888,CLT03812,Habitation,Premium,2024-04-25,3244,Active,Centre-Val de Loire
POL005889,CLT04370,Santé,Équilibré,2021-07-05,950,Active,Normandie
POL005890,CLT01354,Auto,Tiers étendu,2021-09-22,1316,Active,Nouvelle-Aquitaine
POL005891,CLT01771,Auto,Tiers étendu,2024-02-20,1584,Active,Hauts-de-France
POL005892,CLT01219,Auto,Tous risques,2021-03-20,1749,Active,Bretagne
POL005893,CLT03305,Santé,Essentiel,2021-04-07,693,Active,Hauts-de-France
POL005894,CLT03263,Habitation,Confort,2022-04-09,1747,Résiliée,Nouvelle-Aquitaine
POL005895,CLT02762,Habitation,Premium,2024-06-29,3444,Active,Bretagne
POL005896,CLT01010,Auto,Tous risques,2021-06-07,2794,Active,Normandie
POL005897,CLT03387,Auto,Tiers étendu,2022-12-13,1573,Active,Bretagne
POL005898,CLT03249,Santé,Équilibré,2023-03-02,863,Résiliée,Hauts-de-France
POL005899,CLT00446,Auto,RC seule,2023-02-09,768,Active,Île-de-France
POL005900,CLT01541,Santé,Complet,2024-06-21,1144,Active,Hauts-de-France
POL005901,CLT02673,Santé,Essentiel,2024-01-31,751,Suspendue,Hauts-de-France
POL005902,CLT00161,Auto,RC seule,2024-06-08,930,Active,Auvergne-Rhône-Alpes
POL005903,CLT03794,Santé,Complet,2024-02-19,1435,Active,Hauts-de-France
POL005904,CLT00794,Santé,Équilibré,2022-02-14,975,Active,Normandie
POL005905,CLT02356,Santé,Complet,2021-04-15,1854,Active,Auvergne-Rhône-Alpes
POL005906,CLT03581,Auto,Tiers étendu,2023-11-22,1560,Active,Grand Est
POL005907,CLT01974,Santé,Complet,2024-02-29,1621,Active,Île-de-France
POL005908,CLT00224,Habitation,Basique,2021-05-07,1356,Active,Occitanie
POL005909,CLT02566,Santé,Équilibré,2021-01-03,1010,Active,Grand Est
POL005910,CLT04991,Habitation,Premium,2023-10-14,3037,Résiliée,Hauts-de-France
POL005911,CLT03145,Auto,Tous risques,2022-05-17,2284,Active,Normandie
POL005912,CLT00044,Auto,Tiers étendu,2024-06-04,1451,Suspendue,Hauts-de-France
POL005913,CLT02580,Habitation,Premium,2021-04-29,3260,Active,Occitanie
POL005914,CLT00121,Auto,Tiers étendu,2024-03-27,1476,Active,Occitanie
POL005915,CLT03732,Auto,RC seule,2022-01-21,814,Active,Nouvelle-Aquitaine
POL005916,CLT00392,Auto,Tiers étendu,2021-04-13,1544,Résiliée,Nouvelle-Aquitaine
POL005917,CLT00969,Santé,Équilibré,2022-11-03,1021,Résiliée,Normandie
POL005918,CLT02691,Auto,RC seule,2024-01-16,1050,Active,Hauts-de-France
POL005919,CLT00002,Habitation,Basique,2022-09-22,1241,Active,Occitanie
POL005920,CLT01311,Habitation,Confort,2021-01-06,2008,Active,Occitanie
POL005921,CLT02822,Auto,RC seule,2023-01-29,921,Active,Provence-Alpes-Côte d'Azur
POL005922,CLT04393,Auto,RC seule,2023-01-28,1024,Résiliée,Hauts-de-France
POL005923,CLT00960,Auto,RC seule,2023-08-17,847,Active,Bretagne
POL005924,CLT03586,Habitation,Confort,2022-12-09,1993,Active,Hauts-de-France
POL005925,CLT02961,Auto,Tous risques,2024-06-28,2422,Active,Hauts-de-France
POL005926,CLT00987,Santé,Équilibré,2021-06-29,975,Active,Grand Est
POL005927,CLT02940,Habitation,Premium,2021-07-28,3693,Active,Bretagne
POL005928,CLT00027,Habitation,Confort,2021-03-27,1947,Suspendue,Grand Est
POL005929,CLT03062,Auto,Tiers étendu,2024-05-21,1450,Résiliée,Provence-Alpes-Côte d'Azur
POL005930,CLT01744,Auto,Tous risques,2023-08-27,2604,Active,Grand Est
POL005931,CLT01192,Habitation,Basique,2024-03-16,1170,Résiliée,Hauts-de-France
POL005932,CLT04784,Auto,RC seule,2023-08-12,1036,Résiliée,Nouvelle-Aquitaine
POL005933,CLT01664,Auto,Tous risques,2023-01-28,2611,Active,Centre-Val de Loire
POL005934,CLT01669,Habitation,Basique,2021-04-15,1499,Active,Nouvelle-Aquitaine
POL005935,CLT01628,Auto,RC seule,2021-06-15,874,Active,Centre-Val de Loire
POL005936,CLT01009,Auto,RC seule,2022-09-01,763,Active,Nouvelle-Aquitaine
POL005937,CLT01122,Habitation,Confort,2021-05-23,1723,Active,Nouvelle-Aquitaine
POL005938,CLT03525,Auto,RC seule,2022-01-24,935,Active,Occitanie
POL005939,CLT01701,Santé,Essentiel,2022-02-04,783,Active,Bretagne
POL005940,CLT02509,Santé,Complet,2024-05-05,2153,Suspendue,Bretagne
POL005941,CLT02294,Auto,Tiers étendu,2021-08-29,1514,Active,Bretagne
POL005942,CLT04449,Habitation,Premium,2022-08-25,2813,Active,Occitanie
POL005943,CLT01907,Habitation,Premium,2021-08-09,2756,Active,Île-de-France
POL005944,CLT04511,Habitation,Premium,2022-04-13,3139,Active,Nouvelle-Aquitaine
POL005945,CLT00380,Auto,RC seule,2021-11-15,1241,Résiliée,Centre-Val de Loire
POL005946,CLT01722,Auto,RC seule,2023-11-28,1204,Active,Bretagne
POL005947,CLT01961,Auto,Tiers étendu,2021-01-09,1654,Active,Hauts-de-France
POL005948,CLT02658,Auto,Tiers étendu,2021-11-11,1635,Active,Auvergne-Rhône-Alpes
POL005949,CLT02118,Auto,Tous risques,2022-05-18,2593,Active,Grand Est
POL005950,CLT04476,Santé,Complet,2023-05-29,1635,Active,Occitanie
POL005951,CLT03829,Auto,Tiers étendu,2021-11-09,1271,Active,Île-de-France
POL005952,CLT01313,Habitation,Confort,2023-11-03,1840,Active,Bretagne
POL005953,CLT03495,Auto,Tiers étendu,2023-01-01,1615,Active,Normandie
POL005954,CLT03978,Auto,RC seule,2024-02-11,769,Active,Hauts-de-France
POL005955,CLT01207,Auto,Tous risques,2021-03-30,2284,Active,Occitanie
POL005956,CLT00243,Auto,Tous risques,2024-04-04,2049,Active,Hauts-de-France
POL005957,CLT02414,Habitation,Basique,2023-08-14,1368,Active,Nouvelle-Aquitaine
POL005958,CLT04290,Habitation,Basique,2021-08-02,1192,Active,Grand Est
POL005959,CLT04154,Habitation,Premium,2023-04-28,2970,Résiliée,Auvergne-Rhône-Alpes
POL005960,CLT03308,Habitation,Premium,2021-12-23,2778,Active,Normandie
POL005961,CLT00558,Santé,Équilibré,2024-03-21,1223,Active,Provence-Alpes-Côte d'Azur
POL005962,CLT00113,Auto,Tous risques,2023-03-29,1614,Résiliée,Hauts-de-France
POL005963,CLT04131,Habitation,Confort,2021-11-23,1924,Active,Hauts-de-France
POL005964,CLT00385,Auto,Tous risques,2023-01-27,1819,Active,Hauts-de-France
POL005965,CLT02182,Auto,Tiers étendu,2021-02-17,1363,Active,Grand Est
POL005966,CLT00616,Habitation,Confort,2021-11-18,2026,Active,Nouvelle-Aquitaine
POL005967,CLT00827,Habitation,Confort,2023-07-24,1927,Suspendue,Bretagne
POL005968,CLT03628,Auto,RC seule,2024-02-16,930,Active,Île-de-France
POL005969,CLT01738,Auto,Tiers étendu,2024-06-19,1576,Active,Centre-Val de Loire
POL005970,CLT02833,Santé,Essentiel,2023-12-23,551,Suspendue,Bretagne
POL005971,CLT04514,Habitation,Premium,2022-07-11,2842,Résiliée,Normandie
POL005972,CLT04375,Auto,RC seule,2022-10-14,906,Active,Centre-Val de Loire
POL005973,CLT03751,Santé,Équilibré,2023-03-04,1012,Active,Bretagne
POL005974,CLT00819,Auto,Tiers étendu,2023-10-30,1391,Active,Hauts-de-France
POL005975,CLT03460,Habitation,Confort,2023-04-30,1988,Active,Hauts-de-France
POL005976,CLT02623,Santé,Équilibré,2024-03-29,996,Active,Grand Est
POL005977,CLT02488,Auto,RC seule,2023-10-19,966,Active,Île-de-France
POL005978,CLT00071,Santé,Essentiel,2023-12-10,597,Active,Provence-Alpes-Côte d'Azur
POL005979,CLT02740,Habitation,Premium,2023-06-18,2485,Active,Auvergne-Rhône-Alpes
POL005980,CLT03427,Habitation,Premium,2023-12-17,3075,Active,Grand Est
POL005981,CLT02354,Santé,Essentiel,2022-10-18,769,Active,Île-de-France
POL005982,CLT00807,Auto,Tiers étendu,2022-02-15,1565,Active,Centre-Val de Loire
POL005983,CLT02325,Santé,Complet,2021-09-02,1299,Résiliée,Auvergne-Rhône-Alpes
POL005984,CLT02771,Auto,RC seule,2023-09-12,1042,Active,Hauts-de-France
POL005985,CLT02258,Santé,Essentiel,2022-02-07,596,Résiliée,Provence-Alpes-Côte d'Azur
POL005986,CLT04070,Santé,Essentiel,2022-04-08,765,Active,Île-de-France
POL005987,CLT00320,Auto,Tous risques,2023-09-06,2171,Active,Hauts-de-France
POL005988,CLT01105,Auto,RC seule,2021-01-29,980,Résiliée,Normandie
POL005989,CLT03609,Habitation,Confort,2023-04-02,1763,Active,Grand Est
POL005990,CLT00112,Habitation,Basique,2023-07-09,1178,Active,Auvergne-Rhône-Alpes
POL005991,CLT03164,Auto,Tiers étendu,2023-09-22,1130,Active,Nouvelle-Aquitaine
POL005992,CLT02594,Santé,Essentiel,2021-09-14,694,Active,Grand Est
POL005993,CLT02815,Habitation,Basique,2022-06-23,1259,Active,Provence-Alpes-Côte d'Azur
POL005994,CLT03457,Auto,RC seule,2022-01-01,954,Active,Nouvelle-Aquitaine
POL005995,CLT00450,Santé,Essentiel,2023-05-11,636,Active,Centre-Val de Loire
POL005996,CLT02223,Auto,Tiers étendu,2021-07-22,1321,Active,Centre-Val de Loire
POL005997,CLT02129,Auto,Tiers étendu,2023-06-17,1642,Active,Normandie
POL005998,CLT01912,Habitation,Confort,2023-12-13,2217,Active,Centre-Val de Loire
POL005999,CLT01939,Habitation,Premium,2024-01-04,2634,Active,Grand Est
POL006000,CLT04963,Habitation,Basique,2023-01-04,1283,Active,Centre-Val de Loire
POL006001,CLT02072,Auto,Tiers étendu,2023-05-13,1636,Active,Île-de-France
POL006002,CLT03378,Santé,Complet,2021-05-04,1401,Active,Bretagne
POL006003,CLT03289,Auto,RC seule,2024-02-10,867,Active,Île-de-France
POL006004,CLT02558,Auto,Tiers étendu,2021-06-12,1584,Active,Hauts-de-France
POL006005,CLT04749,Auto,RC seule,2022-04-20,720,Active,Auvergne-Rhône-Alpes
POL006006,CLT00034,Habitation,Basique,2021-06-08,1060,Active,Bretagne
POL006007,CLT03506,Auto,RC seule,2023-03-11,806,Active,Normandie
POL006008,CLT00298,Habitation,Confort,2022-08-07,1445,Active,Bretagne
POL006009,CLT00298,Habitation,Premium,2021-01-14,3459,Active,Bretagne
POL006010,CLT00872,Auto,RC seule,2024-04-29,681,Résiliée,Auvergne-Rhône-Alpes
POL006011,CLT02531,Auto,RC seule,2022-05-25,1048,Active,Hauts-de-France
POL006012,CLT00788,Habitation,Confort,2022-07-05,2100,Résiliée,Occitanie
POL006013,CLT01068,Habitation,Premium,2022-09-03,2899,Résiliée,Normandie
POL006014,CLT01281,Santé,Essentiel,2022-10-07,557,Active,Nouvelle-Aquitaine
POL006015,CLT01070,Auto,Tiers étendu,2024-03-14,1553,Active,Hauts-de-France
POL006016,CLT03750,Habitation,Premium,2021-04-26,2958,Active,Bretagne
POL006017,CLT01625,Auto,Tiers étendu,2023-03-24,1668,Active,Auvergne-Rhône-Alpes
POL006018,CLT03276,Habitation,Basique,2023-07-06,826,Active,Auvergne-Rhône-Alpes
POL006019,CLT04360,Habitation,Confort,2021-05-15,1744,Résiliée,Provence-Alpes-Côte d'Azur
POL006020,CLT04053,Auto,Tiers étendu,2022-06-02,1584,Active,Grand Est
POL006021,CLT01203,Auto,Tous risques,2023-04-14,2265,Active,Occitanie
POL006022,CLT01210,Santé,Complet,2022-06-11,1779,Active,Île-de-France
POL006023,CLT04713,Habitation,Premium,2023-04-28,3007,Active,Île-de-France
POL006024,CLT03532,Habitation,Premium,2021-05-05,2854,Résiliée,Grand Est
POL006025,CLT01577,Auto,Tous risques,2022-06-24,2215,Active,Centre-Val de Loire
POL006026,CLT03369,Auto,Tiers étendu,2024-03-19,1921,Résiliée,Provence-Alpes-Côte d'Azur
POL006027,CLT01575,Habitation,Premium,2024-01-31,3619,Active,Île-de-France
POL006028,CLT04084,Auto,Tiers étendu,2024-02-23,1569,Active,Centre-Val de Loire
POL006029,CLT02593,Habitation,Confort,2021-05-02,1825,Active,Occitanie
POL006030,CLT00572,Habitation,Premium,2021-12-02,3318,Suspendue,Provence-Alpes-Côte d'Azur
POL006031,CLT04337,Habitation,Premium,2021-12-04,3364,Active,Occitanie
POL006032,CLT00408,Santé,Essentiel,2022-07-15,658,Active,Provence-Alpes-Côte d'Azur
POL006033,CLT00168,Santé,Essentiel,2021-10-02,526,Active,Hauts-de-France
POL006034,CLT04056,Habitation,Basique,2022-08-12,1530,Active,Hauts-de-France
POL006035,CLT01192,Habitation,Basique,2023-07-25,1283,Active,Hauts-de-France
POL006036,CLT04087,Habitation,Confort,2021-04-21,2310,Active,Auvergne-Rhône-Alpes
POL006037,CLT03871,Santé,Essentiel,2023-03-17,622,Active,Nouvelle-Aquitaine
POL006038,CLT03939,Auto,Tous risques,2023-11-11,2143,Active,Auvergne-Rhône-Alpes
POL006039,CLT02424,Auto,Tous risques,2023-04-20,2851,Active,Centre-Val de Loire
POL006040,CLT00611,Auto,Tiers étendu,2023-06-25,1536,Active,Auvergne-Rhône-Alpes
POL006041,CLT02389,Santé,Équilibré,2021-12-05,1003,Active,Centre-Val de Loire
POL006042,CLT02029,Auto,Tiers étendu,2021-09-26,1230,Active,Hauts-de-France
POL006043,CLT04119,Auto,RC seule,2022-12-16,982,Suspendue,Auvergne-Rhône-Alpes
POL006044,CLT03849,Santé,Essentiel,2022-01-04,606,Active,Île-de-France
POL006045,CLT04851,Auto,RC seule,2023-01-15,863,Active,Nouvelle-Aquitaine
POL006046,CLT04694,Habitation,Basique,2023-12-19,1139,Active,Nouvelle-Aquitaine
POL006047,CLT01873,Auto,Tous risques,2023-02-15,2467,Active,Auvergne-Rhône-Alpes
POL006048,CLT00959,Habitation,Premium,2022-04-02,2246,Active,Auvergne-Rhône-Alpes
POL006049,CLT02173,Auto,Tiers étendu,2023-08-16,1371,Active,Auvergne-Rhône-Alpes
POL006050,CLT04212,Habitation,Confort,2022-03-20,2244,Active,Hauts-de-France
POL006051,CLT01961,Habitation,Confort,2022-08-22,1512,Active,Hauts-de-France
POL006052,CLT03685,Habitation,Premium,2022-07-06,2959,Résiliée,Provence-Alpes-Côte d'Azur
POL006053,CLT00169,Habitation,Basique,2021-09-10,1108,Active,Centre-Val de Loire
POL006054,CLT01340,Auto,RC seule,2021-05-27,854,Active,Auvergne-Rhône-Alpes
POL006055,CLT02528,Habitation,Basique,2023-11-13,1606,Active,Normandie
POL006056,CLT02098,Auto,Tiers étendu,2024-02-08,1220,Active,Île-de-France
POL006057,CLT01782,Habitation,Confort,2023-07-23,1997,Active,Centre-Val de Loire
POL006058,CLT00478,Auto,RC seule,2021-02-21,847,Active,Grand Est
POL006059,CLT00164,Habitation,Premium,2023-02-28,2678,Active,Grand Est
POL006060,CLT01520,Auto,RC seule,2022-06-07,768,Active,Nouvelle-Aquitaine
POL006061,CLT01657,Auto,RC seule,2021-11-10,993,Active,Occitanie
POL006062,CLT04064,Habitation,Basique,2023-10-03,1197,Active,Normandie
POL006063,CLT04206,Habitation,Premium,2022-05-10,2734,Active,Auvergne-Rhône-Alpes
POL006064,CLT04237,Habitation,Confort,2021-11-30,1993,Active,Île-de-France
POL006065,CLT01564,Habitation,Confort,2022-02-04,1896,Active,Centre-Val de Loire
POL006066,CLT00892,Santé,Essentiel,2022-07-22,406,Active,Grand Est
POL006067,CLT04803,Habitation,Basique,2023-11-05,1152,Résiliée,Hauts-de-France
POL006068,CLT03706,Santé,Complet,2021-11-11,1729,Active,Île-de-France
POL006069,CLT03275,Santé,Équilibré,2021-02-06,796,Active,Normandie
POL006070,CLT02883,Auto,Tiers étendu,2024-03-28,1190,Active,Bretagne
POL006071,CLT03946,Santé,Équilibré,2024-01-18,931,Résiliée,Centre-Val de Loire
POL006072,CLT04048,Santé,Essentiel,2022-11-10,531,Active,Centre-Val de Loire
POL006073,CLT01582,Santé,Essentiel,2023-07-03,673,Active,Provence-Alpes-Côte d'Azur
POL006074,CLT01866,Auto,Tiers étendu,2022-09-04,1208,Résiliée,Nouvelle-Aquitaine
POL006075,CLT02700,Santé,Complet,2024-06-16,1529,Résiliée,Occitanie
POL006076,CLT00777,Santé,Essentiel,2021-04-14,615,Active,Île-de-France
POL006077,CLT00168,Santé,Complet,2021-12-18,1667,Active,Hauts-de-France
POL006078,CLT03475,Auto,Tiers étendu,2024-02-28,1735,Active,Provence-Alpes-Côte d'Azur
POL006079,CLT04275,Habitation,Premium,2023-08-09,2855,Active,Hauts-de-France
POL006080,CLT00041,Auto,Tiers étendu,2022-10-29,1920,Active,Nouvelle-Aquitaine
POL006081,CLT00438,Santé,Complet,2022-01-31,1482,Active,Occitanie
POL006082,CLT00023,Auto,RC seule,2023-10-13,1016,Résiliée,Hauts-de-France
POL006083,CLT03139,Santé,Essentiel,2024-02-14,849,Active,Grand Est
POL006084,CLT04715,Santé,Équilibré,2023-10-17,1012,Active,Centre-Val de Loire
POL006085,CLT03153,Habitation,Basique,2023-11-22,1026,Active,Occitanie
POL006086,CLT03898,Auto,RC seule,2022-12-14,913,Active,Hauts-de-France
POL006087,CLT02132,Habitation,Basique,2023-10-05,1167,Active,Normandie
POL006088,CLT00216,Auto,Tiers étendu,2022-01-30,1349,Active,Bretagne
POL006089,CLT02544,Santé,Essentiel,2024-05-31,800,Active,Normandie
POL006090,CLT00943,Habitation,Confort,2022-07-08,1498,Active,Auvergne-Rhône-Alpes
POL006091,CLT04708,Santé,Complet,2023-02-27,1624,Active,Hauts-de-France
POL006092,CLT02153,Habitation,Confort,2021-01-13,1722,Suspendue,Hauts-de-France
POL006093,CLT01156,Habitation,Confort,2021-06-02,1812,Résiliée,Bretagne
POL006094,CLT03691,Santé,Essentiel,2023-04-28,703,Active,Centre-Val de Loire
POL006095,CLT00046,Habitation,Basique,2021-08-13,1392,Résiliée,Grand Est
POL006096,CLT01279,Auto,Tiers étendu,2021-08-31,1383,Active,Normandie
POL006097,CLT01569,Auto,Tiers étendu,2023-07-17,1389,Active,Grand Est
POL006098,CLT00156,Habitation,Confort,2022-07-15,1953,Active,Occitanie
POL006099,CLT03058,Auto,Tous risques,2021-06-08,2855,Active,Bretagne
POL006100,CLT03297,Habitation,Confort,2021-01-20,1740,Suspendue,Bretagne
POL006101,CLT02728,Auto,RC seule,2022-07-12,1276,Suspendue,Hauts-de-France
POL006102,CLT00665,Auto,RC seule,2023-02-01,1047,Active,Nouvelle-Aquitaine
POL006103,CLT03101,Habitation,Confort,2023-05-09,2148,Résiliée,Bretagne
POL006104,CLT03235,Auto,Tiers étendu,2022-01-30,1466,Active,Auvergne-Rhône-Alpes
POL006105,CLT04817,Habitation,Confort,2022-09-09,2209,Active,Occitanie
POL006106,CLT00481,Auto,Tiers étendu,2022-10-27,1201,Active,Île-de-France
POL006107,CLT01245,Auto,RC seule,2022-09-01,915,Résiliée,Provence-Alpes-Côte d'Azur
POL006108,CLT03492,Habitation,Basique,2022-09-29,1449,Active,Bretagne
POL006109,CLT00192,Santé,Complet,2023-02-08,1668,Résiliée,Normandie
POL006110,CLT02740,Auto,Tous risques,2023-08-06,2244,Active,Auvergne-Rhône-Alpes
POL006111,CLT00104,Auto,Tous risques,2022-08-30,1402,Active,Hauts-de-France
POL006112,CLT04886,Auto,Tiers étendu,2023-12-18,1316,Active,Île-de-France
POL006113,CLT03424,Auto,RC seule,2024-03-24,761,Résiliée,Auvergne-Rhône-Alpes
POL006114,CLT03096,Auto,Tous risques,2023-09-08,2613,Active,Hauts-de-France
POL006115,CLT00414,Auto,RC seule,2024-05-21,939,Active,Île-de-France
POL006116,CLT03551,Santé,Équilibré,2022-11-11,953,Active,Nouvelle-Aquitaine
POL006117,CLT02206,Auto,Tiers étendu,2024-03-21,1960,Active,Centre-Val de Loire
POL006118,CLT03845,Auto,Tiers étendu,2022-02-20,1754,Active,Bretagne
POL006119,CLT04713,Santé,Équilibré,2021-03-08,1178,Active,Île-de-France
POL006120,CLT03173,Habitation,Confort,2022-07-10,2648,Active,Occitanie
POL006121,CLT00568,Santé,Essentiel,2023-11-14,702,Active,Hauts-de-France
POL006122,CLT04204,Habitation,Confort,2023-11-25,1644,Active,Grand Est
POL006123,CLT03843,Habitation,Confort,2023-11-08,1609,Résiliée,Auvergne-Rhône-Alpes
POL006124,CLT01255,Auto,RC seule,2022-12-15,1055,Active,Centre-Val de Loire
POL006125,CLT04351,Habitation,Confort,2023-06-02,1428,Suspendue,Normandie
POL006126,CLT03662,Santé,Complet,2022-01-19,1526,Résiliée,Nouvelle-Aquitaine
POL006127,CLT01920,Auto,Tous risques,2021-03-15,1489,Active,Bretagne
POL006128,CLT03607,Auto,RC seule,2023-09-27,958,Résiliée,Occitanie
POL006129,CLT04837,Santé,Essentiel,2022-02-03,695,Résiliée,Normandie
POL006130,CLT01771,Auto,Tous risques,2021-06-29,2418,Active,Hauts-de-France
POL006131,CLT02684,Auto,Tous risques,2023-12-05,2535,Suspendue,Grand Est
POL006132,CLT02270,Auto,RC seule,2024-01-01,1211,Active,Centre-Val de Loire
POL006133,CLT02407,Habitation,Confort,2024-06-01,1952,Active,Normandie
POL006134,CLT00976,Habitation,Confort,2023-05-11,2673,Active,Île-de-France
POL006135,CLT00459,Habitation,Confort,2021-12-10,1980,Active,Bretagne
POL006136,CLT01775,Habitation,Basique,2024-03-13,1417,Active,Normandie
POL006137,CLT01932,Habitation,Confort,2022-04-02,1697,Active,Normandie
POL006138,CLT00514,Auto,Tiers étendu,2021-06-02,1767,Active,Hauts-de-France
POL006139,CLT03123,Santé,Complet,2021-02-23,1765,Active,Normandie
POL006140,CLT03606,Habitation,Basique,2022-09-18,1490,Active,Provence-Alpes-Côte d'Azur
POL006141,CLT02145,Auto,RC seule,2024-01-24,917,Active,Nouvelle-Aquitaine
POL006142,CLT00805,Habitation,Basique,2022-06-07,1156,Résiliée,Normandie
POL006143,CLT04052,Habitation,Premium,2021-05-29,3129,Active,Centre-Val de Loire
POL006144,CLT01316,Auto,Tous risques,2024-05-06,1641,Active,Auvergne-Rhône-Alpes
POL006145,CLT04101,Santé,Équilibré,2021-04-13,993,Active,Auvergne-Rhône-Alpes
POL006146,CLT04282,Auto,Tous risques,2022-08-20,2501,Active,Bretagne
POL006147,CLT00662,Auto,Tiers étendu,2023-03-08,2021,Active,Nouvelle-Aquitaine
POL006148,CLT03907,Habitation,Confort,2024-06-01,1952,Active,Bretagne
POL006149,CLT00017,Auto,Tous risques,2021-04-13,2325,Active,Auvergne-Rhône-Alpes
POL006150,CLT00245,Auto,Tiers étendu,2022-12-07,1493,Active,Centre-Val de Loire
POL006151,CLT02295,Santé,Essentiel,2024-06-30,467,Active,Grand Est
POL006152,CLT03970,Habitation,Confort,2022-10-23,1933,Active,Auvergne-Rhône-Alpes
POL006153,CLT01448,Auto,RC seule,2022-04-18,991,Active,Occitanie
POL006154,CLT00685,Auto,Tiers étendu,2023-12-01,1209,Résiliée,Île-de-France
POL006155,CLT00757,Auto,Tiers étendu,2024-05-31,1194,Active,Grand Est
POL006156,CLT01248,Habitation,Confort,2023-08-17,1684,Active,Auvergne-Rhône-Alpes
POL006157,CLT00824,Habitation,Confort,2022-12-11,1863,Résiliée,Normandie
POL006158,CLT01736,Auto,RC seule,2024-05-11,886,Active,Île-de-France
POL006159,CLT00678,Auto,Tous risques,2023-04-07,1845,Active,Hauts-de-France
POL006160,CLT02150,Santé,Complet,2021-10-24,1783,Active,Provence-Alpes-Côte d'Azur
POL006161,CLT03984,Habitation,Confort,2023-12-25,1961,Active,Occitanie
POL006162,CLT02507,Santé,Essentiel,2023-11-03,616,Active,Normandie
POL006163,CLT02953,Habitation,Basique,2022-07-24,1215,Active,Bretagne
POL006164,CLT01490,Auto,Tiers étendu,2021-01-09,1554,Active,Occitanie
POL006165,CLT02567,Habitation,Basique,2023-04-11,1267,Active,Grand Est
POL006166,CLT00817,Habitation,Basique,2021-07-30,1136,Active,Bretagne
POL006167,CLT04471,Habitation,Basique,2023-01-25,1413,Résiliée,Grand Est
POL006168,CLT02036,Auto,Tous risques,2023-08-22,2465,Active,Nouvelle-Aquitaine
POL006169,CLT04131,Habitation,Confort,2022-05-12,1775,Active,Hauts-de-France
POL006170,CLT02619,Santé,Complet,2021-11-03,1140,Active,Bretagne
POL006171,CLT01806,Auto,RC seule,2021-10-24,824,Active,Nouvelle-Aquitaine
POL006172,CLT01676,Habitation,Premium,2023-09-16,3709,Active,Nouvelle-Aquitaine
POL006173,CLT03543,Auto,Tiers étendu,2024-02-04,1122,Active,Occitanie
POL006174,CLT01617,Santé,Essentiel,2021-01-26,585,Active,Occitanie
POL006175,CLT02122,Santé,Essentiel,2022-10-30,623,Active,Centre-Val de Loire
POL006176,CLT00363,Santé,Essentiel,2023-11-28,671,Active,Normandie
POL006177,CLT02398,Auto,Tous risques,2024-01-14,1776,Active,Auvergne-Rhône-Alpes
POL006178,CLT03106,Auto,Tiers étendu,2023-12-05,1498,Active,Auvergne-Rhône-Alpes
POL006179,CLT01473,Habitation,Premium,2023-07-15,2131,Active,Nouvelle-Aquitaine
POL006180,CLT03505,Santé,Essentiel,2023-01-10,683,Résiliée,Grand Est
POL006181,CLT03794,Habitation,Basique,2023-12-09,1171,Active,Hauts-de-France
POL006182,CLT02885,Habitation,Premium,2021-10-06,2461,Active,Grand Est
POL006183,CLT01662,Santé,Équilibré,2023-04-18,1203,Suspendue,Centre-Val de Loire
POL006184,CLT03058,Santé,Essentiel,2023-01-28,588,Active,Bretagne
POL006185,CLT01112,Habitation,Confort,2021-02-20,1945,Suspendue,Île-de-France
POL006186,CLT01762,Santé,Complet,2022-08-08,1682,Résiliée,Provence-Alpes-Côte d'Azur
POL006187,CLT03636,Habitation,Basique,2023-02-17,1394,Résiliée,Bretagne
POL006188,CLT04464,Habitation,Confort,2022-03-10,1557,Active,Bretagne
POL006189,CLT00736,Auto,Tiers étendu,2024-04-23,1642,Active,Centre-Val de Loire
POL006190,CLT03872,Auto,RC seule,2022-11-13,944,Active,Auvergne-Rhône-Alpes
POL006191,CLT01510,Habitation,Confort,2021-06-04,1763,Active,Bretagne
POL006192,CLT01230,Habitation,Premium,2024-06-06,2444,Active,Occitanie
POL006193,CLT02705,Habitation,Confort,2022-02-04,1997,Active,Provence-Alpes-Côte d'Azur
POL006194,CLT03988,Habitation,Basique,2022-08-14,1123,Active,Bretagne
POL006195,CLT01299,Habitation,Premium,2021-11-13,3395,Résiliée,Centre-Val de Loire
POL006196,CLT01255,Auto,Tous risques,2022-02-25,2985,Active,Centre-Val de Loire
POL006197,CLT03342,Santé,Équilibré,2021-09-27,1215,Active,Bretagne
POL006198,CLT03168,Auto,Tiers étendu,2023-07-06,1701,Active,Centre-Val de Loire
POL006199,CLT03081,Auto,Tiers étendu,2024-03-13,1303,Active,Bretagne
POL006200,CLT01659,Habitation,Basique,2021-06-02,1420,Active,Île-de-France
POL006201,CLT03149,Habitation,Confort,2023-11-29,1590,Active,Île-de-France
POL006202,CLT01155,Auto,RC seule,2024-04-07,903,Active,Île-de-France
POL006203,CLT03095,Auto,Tiers étendu,2023-09-20,1871,Active,Bretagne
POL006204,CLT04059,Habitation,Basique,2021-04-28,1197,Active,Auvergne-Rhône-Alpes
POL006205,CLT01562,Habitation,Basique,2024-05-10,1400,Active,Hauts-de-France
POL006206,CLT03402,Santé,Essentiel,2021-03-12,705,Active,Île-de-France
POL006207,CLT03141,Habitation,Basique,2022-03-15,1365,Active,Grand Est
POL006208,CLT04482,Habitation,Confort,2021-01-04,1487,Active,Centre-Val de Loire
POL006209,CLT04493,Santé,Complet,2023-11-29,1724,Résiliée,Normandie
POL006210,CLT00255,Habitation,Basique,2021-01-08,1242,Active,Bretagne
POL006211,CLT02313,Habitation,Basique,2022-02-23,1411,Active,Île-de-France
POL006212,CLT00211,Auto,Tous risques,2023-11-14,1695,Active,Normandie
POL006213,CLT02734,Santé,Équilibré,2022-08-10,1082,Active,Nouvelle-Aquitaine
POL006214,CLT02229,Auto,Tous risques,2021-10-03,2347,Active,Bretagne
POL006215,CLT01626,Auto,Tous risques,2023-10-10,1507,Suspendue,Normandie
POL006216,CLT03414,Auto,Tiers étendu,2022-04-04,1256,Active,Grand Est
POL006217,CLT00596,Habitation,Basique,2023-10-30,928,Active,Île-de-France
POL006218,CLT02494,Auto,Tous risques,2022-05-08,1982,Active,Nouvelle-Aquitaine
POL006219,CLT04844,Santé,Équilibré,2023-09-27,1200,Active,Grand Est
POL006220,CLT03079,Habitation,Premium,2021-12-28,2892,Active,Provence-Alpes-Côte d'Azur
POL006221,CLT00996,Habitation,Premium,2021-05-15,2876,Résiliée,Bretagne
POL006222,CLT03871,Auto,RC seule,2021-07-07,779,Active,Nouvelle-Aquitaine
POL006223,CLT01872,Auto,RC seule,2023-03-03,1037,Active,Normandie
POL006224,CLT03611,Auto,RC seule,2021-04-28,953,Active,Bretagne
POL006225,CLT01741,Auto,RC seule,2023-12-17,970,Active,Île-de-France
POL006226,CLT00139,Auto,Tiers étendu,2021-10-15,1663,Active,Nouvelle-Aquitaine
POL006227,CLT02579,Habitation,Confort,2021-06-12,1556,Active,Normandie
POL006228,CLT01367,Auto,RC seule,2022-06-20,965,Active,Provence-Alpes-Côte d'Azur
POL006229,CLT02819,Auto,Tiers étendu,2023-03-23,1570,Active,Normandie
POL006230,CLT04641,Auto,Tiers étendu,2022-04-07,1294,Active,Bretagne
POL006231,CLT00349,Auto,Tous risques,2021-05-23,2495,Active,Centre-Val de Loire
POL006232,CLT01482,Habitation,Basique,2023-03-24,1322,Résiliée,Bretagne
POL006233,CLT01392,Auto,Tiers étendu,2021-02-06,1416,Active,Provence-Alpes-Côte d'Azur
POL006234,CLT03677,Santé,Essentiel,2024-03-04,630,Active,Île-de-France
POL006235,CLT04588,Santé,Essentiel,2024-05-07,697,Active,Occitanie
POL006236,CLT00613,Santé,Complet,2023-03-06,1900,Active,Grand Est
POL006237,CLT00675,Santé,Essentiel,2023-04-06,621,Active,Nouvelle-Aquitaine
POL006238,CLT03813,Habitation,Premium,2021-11-17,3536,Active,Provence-Alpes-Côte d'Azur
POL006239,CLT02313,Auto,Tiers étendu,2024-03-16,1585,Résiliée,Île-de-France
POL006240,CLT00059,Auto,Tous risques,2022-02-24,1586,Active,Normandie
POL006241,CLT02875,Auto,Tous risques,2023-01-13,1795,Active,Grand Est
POL006242,CLT03296,Habitation,Confort,2022-10-29,2152,Suspendue,Nouvelle-Aquitaine
POL006243,CLT00293,Auto,Tous risques,2022-07-12,2293,Active,Normandie
POL006244,CLT00980,Habitation,Basique,2023-01-14,1279,Active,Hauts-de-France
POL006245,CLT02769,Auto,RC seule,2021-09-15,1039,Active,Bretagne
POL006246,CLT03243,Auto,RC seule,2024-04-16,925,Résiliée,Bretagne
POL006247,CLT01228,Auto,RC seule,2022-09-26,924,Active,Grand Est
POL006248,CLT01651,Auto,Tiers étendu,2023-05-10,1241,Active,Grand Est
POL006249,CLT01957,Auto,RC seule,2023-02-26,989,Active,Île-de-France
POL006250,CLT04240,Santé,Essentiel,2022-07-24,660,Active,Grand Est
POL006251,CLT04957,Auto,RC seule,2023-10-30,871,Active,Bretagne
POL006252,CLT00096,Auto,Tiers étendu,2021-07-28,1324,Active,Île-de-France
POL006253,CLT03090,Habitation,Basique,2022-09-28,1599,Active,Île-de-France
POL006254,CLT01976,Habitation,Basique,2023-01-13,1197,Active,Bretagne
POL006255,CLT00146,Auto,RC seule,2023-01-29,848,Résiliée,Occitanie
POL006256,CLT02956,Habitation,Confort,2022-08-18,2099,Active,Nouvelle-Aquitaine
POL006257,CLT02356,Habitation,Basique,2023-10-26,1249,Active,Auvergne-Rhône-Alpes
POL006258,CLT04898,Auto,RC seule,2021-01-05,779,Active,Normandie
POL006259,CLT02852,Auto,Tiers étendu,2024-05-21,1501,Active,Centre-Val de Loire
POL006260,CLT00130,Santé,Essentiel,2023-09-24,516,Active,Provence-Alpes-Côte d'Azur
POL006261,CLT00265,Habitation,Basique,2024-03-30,1440,Résiliée,Provence-Alpes-Côte d'Azur
POL006262,CLT03194,Santé,Équilibré,2022-12-27,1057,Résiliée,Provence-Alpes-Côte d'Azur
POL006263,CLT02299,Auto,Tous risques,2021-11-23,2356,Active,Bretagne
POL006264,CLT04221,Habitation,Basique,2022-02-06,1368,Active,Hauts-de-France
POL006265,CLT03534,Auto,Tiers étendu,2024-02-17,1702,Résiliée,Occitanie
POL006266,CLT04089,Habitation,Basique,2021-10-19,1250,Résiliée,Grand Est
POL006267,CLT02107,Santé,Complet,2023-09-23,2133,Active,Provence-Alpes-Côte d'Azur
POL006268,CLT00245,Santé,Essentiel,2022-11-27,768,Active,Centre-Val de Loire
POL006269,CLT03997,Auto,RC seule,2022-06-02,1004,Active,Auvergne-Rhône-Alpes
POL006270,CLT01169,Habitation,Confort,2023-08-19,1728,Active,Occitanie
POL006271,CLT04769,Santé,Complet,2022-11-22,1514,Active,Provence-Alpes-Côte d'Azur
POL006272,CLT02430,Auto,RC seule,2021-02-01,1038,Résiliée,Occitanie
POL006273,CLT00418,Auto,Tiers étendu,2021-02-07,1239,Suspendue,Grand Est
POL006274,CLT04774,Auto,Tiers étendu,2022-10-08,1672,Active,Hauts-de-France
POL006275,CLT02084,Auto,Tiers étendu,2021-10-12,1295,Active,Hauts-de-France
POL006276,CLT01665,Auto,RC seule,2024-06-03,848,Active,Auvergne-Rhône-Alpes
POL006277,CLT04266,Santé,Essentiel,2021-04-27,570,Active,Normandie
POL006278,CLT00954,Auto,Tiers étendu,2022-09-01,1653,Active,Hauts-de-France
POL006279,CLT01236,Santé,Équilibré,2023-06-20,894,Active,Provence-Alpes-Côte d'Azur
POL006280,CLT04031,Auto,Tiers étendu,2021-12-09,1096,Active,Bretagne
POL006281,CLT01391,Auto,Tous risques,2022-02-19,2725,Active,Provence-Alpes-Côte d'Azur
POL006282,CLT00658,Auto,Tiers étendu,2023-07-11,1420,Active,Auvergne-Rhône-Alpes
POL006283,CLT01530,Habitation,Premium,2022-12-11,2379,Active,Occitanie
POL006284,CLT00568,Habitation,Basique,2021-03-06,1121,Active,Hauts-de-France
POL006285,CLT02027,Santé,Équilibré,2021-03-16,1257,Active,Provence-Alpes-Côte d'Azur
POL006286,CLT04501,Auto,RC seule,2021-08-21,866,Active,Grand Est
POL006287,CLT01673,Auto,Tous risques,2023-04-12,2163,Active,Auvergne-Rhône-Alpes
POL006288,CLT00847,Auto,Tous risques,2024-01-18,2058,Active,Centre-Val de Loire
POL006289,CLT04793,Auto,Tiers étendu,2022-12-26,1247,Active,Nouvelle-Aquitaine
POL006290,CLT00894,Auto,RC seule,2023-02-23,831,Active,Grand Est
POL006291,CLT02276,Habitation,Premium,2023-09-10,2381,Active,Île-de-France
POL006292,CLT03798,Habitation,Basique,2021-12-14,1387,Active,Auvergne-Rhône-Alpes
POL006293,CLT00392,Habitation,Premium,2021-04-29,2913,Active,Nouvelle-Aquitaine
POL006294,CLT00637,Habitation,Premium,2022-09-19,3804,Active,Hauts-de-France
POL006295,CLT04699,Habitation,Basique,2023-08-18,1163,Résiliée,Auvergne-Rhône-Alpes
POL006296,CLT04753,Habitation,Basique,2023-06-04,1103,Active,Grand Est
POL006297,CLT01182,Habitation,Confort,2021-08-08,2343,Active,Île-de-France
POL006298,CLT04332,Habitation,Basique,2022-11-15,1517,Active,Auvergne-Rhône-Alpes
POL006299,CLT02017,Auto,Tous risques,2024-01-15,2425,Active,Provence-Alpes-Côte d'Azur
POL006300,CLT02764,Santé,Essentiel,2021-09-08,539,Résiliée,Centre-Val de Loire
POL006301,CLT04611,Habitation,Confort,2022-12-16,2459,Active,Auvergne-Rhône-Alpes
POL006302,CLT01681,Santé,Complet,2021-03-29,1486,Résiliée,Nouvelle-Aquitaine
POL006303,CLT02776,Auto,Tous risques,2023-09-29,2152,Active,Normandie
POL006304,CLT00123,Habitation,Confort,2021-04-19,2176,Active,Île-de-France
POL006305,CLT04320,Auto,RC seule,2023-06-02,931,Active,Normandie
POL006306,CLT03801,Habitation,Confort,2021-05-14,1575,Active,Bretagne
POL006307,CLT01008,Habitation,Basique,2023-09-30,1289,Résiliée,Occitanie
POL006308,CLT04741,Habitation,Confort,2023-09-21,1676,Active,Auvergne-Rhône-Alpes
POL006309,CLT02512,Auto,Tiers étendu,2021-02-20,835,Résiliée,Centre-Val de Loire
POL006310,CLT04843,Santé,Complet,2022-09-26,1329,Active,Nouvelle-Aquitaine
POL006311,CLT03725,Habitation,Confort,2024-02-06,1673,Active,Bretagne
POL006312,CLT02013,Auto,Tiers étendu,2022-10-13,1235,Active,Île-de-France
POL006313,CLT03053,Auto,Tiers étendu,2022-10-07,1519,Active,Occitanie
POL006314,CLT03784,Habitation,Confort,2022-01-04,1760,Active,Occitanie
POL006315,CLT01857,Auto,Tiers étendu,2021-12-09,1565,Suspendue,Grand Est
POL006316,CLT01871,Habitation,Basique,2024-06-15,1050,Active,Hauts-de-France
POL006317,CLT00331,Auto,Tiers étendu,2022-10-20,1591,Active,Grand Est
POL006318,CLT00895,Santé,Essentiel,2022-04-24,530,Active,Auvergne-Rhône-Alpes
POL006319,CLT00173,Santé,Essentiel,2022-04-18,393,Active,Grand Est
POL006320,CLT04730,Habitation,Confort,2024-01-26,2256,Active,Bretagne
POL006321,CLT03535,Auto,RC seule,2021-06-27,799,Active,Grand Est
POL006322,CLT03857,Habitation,Basique,2022-07-03,1595,Active,Nouvelle-Aquitaine
POL006323,CLT01948,Auto,RC seule,2022-05-28,1052,Active,Provence-Alpes-Côte d'Azur
POL006324,CLT01762,Habitation,Confort,2021-05-18,2066,Active,Provence-Alpes-Côte d'Azur
POL006325,CLT00617,Habitation,Basique,2022-08-12,1395,Active,Normandie
POL006326,CLT02822,Santé,Équilibré,2021-09-02,1028,Résiliée,Provence-Alpes-Côte d'Azur
POL006327,CLT04601,Auto,RC seule,2021-08-11,917,Active,Bretagne
POL006328,CLT02351,Habitation,Premium,2021-12-16,3494,Active,Auvergne-Rhône-Alpes
POL006329,CLT01680,Auto,Tiers étendu,2022-04-14,1538,Active,Nouvelle-Aquitaine
POL006330,CLT02557,Auto,Tous risques,2022-10-25,1950,Résiliée,Provence-Alpes-Côte d'Azur
POL006331,CLT03421,Santé,Équilibré,2022-02-02,1098,Active,Centre-Val de Loire
POL006332,CLT00801,Habitation,Confort,2022-11-01,1289,Active,Hauts-de-France
POL006333,CLT03314,Auto,Tiers étendu,2021-02-08,1808,Active,Provence-Alpes-Côte d'Azur
POL006334,CLT04282,Santé,Essentiel,2024-01-29,810,Active,Bretagne
POL006335,CLT01021,Auto,Tiers étendu,2023-08-29,1796,Active,Bretagne
POL006336,CLT00853,Auto,Tous risques,2021-01-21,2776,Active,Grand Est
POL006337,CLT00387,Santé,Complet,2022-06-26,1539,Résiliée,Île-de-France
POL006338,CLT04164,Habitation,Basique,2021-09-23,1242,Active,Île-de-France
POL006339,CLT03295,Santé,Essentiel,2023-12-16,490,Active,Auvergne-Rhône-Alpes
POL006340,CLT03541,Auto,RC seule,2023-02-13,1120,Active,Auvergne-Rhône-Alpes
POL006341,CLT04466,Habitation,Premium,2023-06-08,2747,Résiliée,Grand Est
POL006342,CLT00641,Auto,RC seule,2021-07-11,1008,Active,Centre-Val de Loire
POL006343,CLT01557,Habitation,Basique,2021-11-07,1257,Active,Occitanie
POL006344,CLT01651,Habitation,Premium,2022-09-18,2291,Active,Grand Est
POL006345,CLT01878,Auto,Tous risques,2023-12-11,1594,Active,Bretagne
POL006346,CLT01883,Auto,RC seule,2021-06-15,931,Active,Occitanie
POL006347,CLT04015,Auto,Tiers étendu,2023-09-05,1324,Active,Centre-Val de Loire
POL006348,CLT03336,Habitation,Basique,2022-04-24,1190,Résiliée,Auvergne-Rhône-Alpes
POL006349,CLT03892,Habitation,Premium,2021-11-27,3523,Active,Auvergne-Rhône-Alpes
POL006350,CLT04575,Auto,RC seule,2022-12-09,976,Résiliée,Grand Est
POL006351,CLT04749,Auto,Tiers étendu,2024-01-01,1556,Active,Auvergne-Rhône-Alpes
POL006352,CLT01433,Auto,RC seule,2021-05-10,956,Active,Auvergne-Rhône-Alpes
POL006353,CLT01954,Auto,RC seule,2023-08-28,894,Active,Occitanie
POL006354,CLT03728,Auto,RC seule,2023-10-07,809,Active,Provence-Alpes-Côte d'Azur
POL006355,CLT00118,Habitation,Confort,2022-05-29,1908,Active,Hauts-de-France
POL006356,CLT00582,Auto,Tiers étendu,2022-05-24,1421,Active,Bretagne
POL006357,CLT03420,Habitation,Basique,2023-12-24,1373,Active,Provence-Alpes-Côte d'Azur
POL006358,CLT01994,Auto,Tiers étendu,2024-05-17,1391,Active,Hauts-de-France
POL006359,CLT02695,Santé,Équilibré,2021-04-29,979,Active,Centre-Val de Loire
POL006360,CLT01272,Santé,Complet,2023-07-07,1562,Active,Normandie
POL006361,CLT04235,Auto,Tiers étendu,2022-12-15,1372,Active,Occitanie
POL006362,CLT02595,Auto,Tous risques,2024-04-23,2840,Active,Auvergne-Rhône-Alpes
POL006363,CLT01218,Auto,Tous risques,2021-12-24,2772,Active,Normandie
POL006364,CLT01372,Habitation,Premium,2023-04-29,2374,Active,Centre-Val de Loire
POL006365,CLT00701,Auto,Tous risques,2021-11-23,2540,Active,Auvergne-Rhône-Alpes
POL006366,CLT00426,Santé,Essentiel,2024-02-06,430,Active,Provence-Alpes-Côte d'Azur
POL006367,CLT04719,Auto,Tiers étendu,2021-06-23,1732,Active,Provence-Alpes-Côte d'Azur
POL006368,CLT00635,Santé,Équilibré,2021-01-02,881,Active,Provence-Alpes-Côte d'Azur
POL006369,CLT03585,Auto,Tous risques,2021-11-21,2434,Active,Auvergne-Rhône-Alpes
POL006370,CLT04603,Auto,Tiers étendu,2022-08-07,1017,Active,Grand Est
POL006371,CLT02520,Habitation,Confort,2022-03-15,1504,Résiliée,Île-de-France
POL006372,CLT04461,Habitation,Confort,2021-05-24,1922,Active,Bretagne
POL006373,CLT01814,Santé,Essentiel,2023-07-15,531,Active,Grand Est
POL006374,CLT03337,Auto,Tiers étendu,2022-01-21,1235,Active,Nouvelle-Aquitaine
POL006375,CLT02719,Habitation,Confort,2023-04-15,2334,Active,Centre-Val de Loire
POL006376,CLT04769,Auto,RC seule,2023-08-30,1206,Active,Provence-Alpes-Côte d'Azur
POL006377,CLT03383,Habitation,Basique,2022-03-26,1379,Résiliée,Provence-Alpes-Côte d'Azur
POL006378,CLT03402,Auto,Tiers étendu,2022-05-21,1187,Active,Île-de-France
POL006379,CLT03044,Auto,RC seule,2023-11-05,1136,Active,Grand Est
POL006380,CLT01814,Auto,Tiers étendu,2023-10-13,1090,Résiliée,Grand Est
POL006381,CLT02968,Habitation,Confort,2022-07-21,1829,Suspendue,Grand Est
POL006382,CLT04138,Auto,RC seule,2023-11-17,933,Résiliée,Provence-Alpes-Côte d'Azur
POL006383,CLT01572,Auto,RC seule,2024-03-04,1216,Résiliée,Occitanie
POL006384,CLT01558,Habitation,Premium,2023-02-12,3197,Active,Auvergne-Rhône-Alpes
POL006385,CLT01070,Auto,RC seule,2022-01-09,906,Active,Hauts-de-France
POL006386,CLT03195,Habitation,Basique,2021-09-04,1090,Suspendue,Normandie
POL006387,CLT04236,Auto,RC seule,2024-04-18,1032,Active,Bretagne
POL006388,CLT00587,Santé,Complet,2021-01-07,1503,Suspendue,Auvergne-Rhône-Alpes
POL006389,CLT03590,Habitation,Basique,2021-11-28,1281,Active,Normandie
POL006390,CLT00021,Auto,Tous risques,2021-03-05,1746,Active,Hauts-de-France
POL006391,CLT04022,Auto,Tiers étendu,2023-06-15,1541,Active,Occitanie
POL006392,CLT04497,Santé,Équilibré,2023-02-08,1085,Active,Auvergne-Rhône-Alpes
POL006393,CLT00985,Auto,Tiers étendu,2021-07-28,1192,Active,Bretagne
POL006394,CLT04863,Habitation,Premium,2023-10-13,3400,Résiliée,Normandie
POL006395,CLT04116,Auto,Tous risques,2021-06-13,2445,Active,Provence-Alpes-Côte d'Azur
POL006396,CLT02491,Auto,Tiers étendu,2023-01-22,1552,Active,Nouvelle-Aquitaine
POL006397,CLT01488,Auto,RC seule,2023-04-07,876,Active,Hauts-de-France
POL006398,CLT02986,Auto,Tiers étendu,2023-12-04,1513,Active,Occitanie
POL006399,CLT01217,Habitation,Premium,2023-10-12,2833,Active,Normandie
POL006400,CLT00027,Habitation,Basique,2022-11-22,1181,Suspendue,Grand Est
POL006401,CLT03923,Auto,Tiers étendu,2022-08-05,1464,Active,Centre-Val de Loire
POL006402,CLT04688,Auto,Tous risques,2023-06-03,2803,Résiliée,Auvergne-Rhône-Alpes
POL006403,CLT00954,Auto,Tous risques,2021-05-17,2749,Active,Hauts-de-France
POL006404,CLT01587,Santé,Équilibré,2023-04-12,835,Active,Auvergne-Rhône-Alpes
POL006405,CLT01348,Auto,Tiers étendu,2023-02-11,1623,Active,Occitanie
POL006406,CLT04833,Auto,RC seule,2022-03-13,1141,Active,Provence-Alpes-Côte d'Azur
POL006407,CLT03171,Santé,Complet,2022-11-04,1499,Active,Grand Est
POL006408,CLT02966,Auto,Tous risques,2023-02-27,2425,Active,Île-de-France
POL006409,CLT02199,Habitation,Basique,2021-02-13,1332,Active,Hauts-de-France
POL006410,CLT01929,Santé,Équilibré,2022-09-28,890,Active,Centre-Val de Loire
POL006411,CLT04824,Santé,Équilibré,2023-02-12,948,Active,Nouvelle-Aquitaine
POL006412,CLT04479,Habitation,Premium,2021-08-25,3247,Active,Hauts-de-France
POL006413,CLT02624,Habitation,Basique,2021-08-10,1207,Active,Normandie
POL006414,CLT00161,Auto,Tous risques,2022-09-19,2674,Active,Auvergne-Rhône-Alpes
POL006415,CLT02131,Auto,RC seule,2023-03-11,1076,Active,Occitanie
POL006416,CLT04619,Santé,Complet,2024-06-08,1818,Active,Occitanie
POL006417,CLT01350,Auto,Tiers étendu,2024-05-28,1846,Active,Occitanie
POL006418,CLT00181,Habitation,Confort,2022-08-26,1922,Active,Nouvelle-Aquitaine
POL006419,CLT00575,Habitation,Basique,2022-02-09,1233,Active,Nouvelle-Aquitaine
POL006420,CLT02651,Auto,Tiers étendu,2024-06-04,1535,Active,Provence-Alpes-Côte d'Azur
POL006421,CLT00336,Habitation,Basique,2023-03-05,1316,Active,Occitanie
POL006422,CLT04564,Habitation,Premium,2021-04-28,3094,Active,Nouvelle-Aquitaine
POL006423,CLT01719,Santé,Essentiel,2023-12-16,449,Suspendue,Nouvelle-Aquitaine
POL006424,CLT03622,Habitation,Confort,2023-01-29,2007,Active,Occitanie
POL006425,CLT00431,Auto,RC seule,2023-09-22,793,Active,Centre-Val de Loire
POL006426,CLT03111,Santé,Équilibré,2024-04-02,855,Active,Occitanie
POL006427,CLT01653,Habitation,Confort,2021-09-29,2028,Active,Nouvelle-Aquitaine
POL006428,CLT04928,Auto,RC seule,2021-06-12,923,Active,Provence-Alpes-Côte d'Azur
POL006429,CLT03864,Auto,Tous risques,2024-04-08,2586,Suspendue,Bretagne
POL006430,CLT01083,Auto,Tiers étendu,2022-11-17,1432,Active,Bretagne
POL006431,CLT00196,Santé,Équilibré,2024-07-03,1205,Résiliée,Hauts-de-France
POL006432,CLT02276,Santé,Essentiel,2023-12-19,601,Active,Île-de-France
POL006433,CLT04817,Auto,Tiers étendu,2021-09-05,1065,Active,Occitanie
POL006434,CLT03184,Auto,RC seule,2024-01-24,1002,Active,Provence-Alpes-Côte d'Azur
POL006435,CLT04147,Habitation,Confort,2024-05-18,1332,Résiliée,Grand Est
POL006436,CLT04255,Habitation,Confort,2022-04-21,1581,Active,Provence-Alpes-Côte d'Azur
POL006437,CLT00645,Santé,Essentiel,2024-01-10,540,Active,Normandie
POL006438,CLT02651,Habitation,Confort,2024-06-30,1623,Active,Provence-Alpes-Côte d'Azur
POL006439,CLT00434,Habitation,Premium,2022-06-18,2667,Active,Centre-Val de Loire
POL006440,CLT01526,Habitation,Confort,2023-01-12,1687,Active,Nouvelle-Aquitaine
POL006441,CLT02815,Habitation,Confort,2023-04-24,1452,Active,Provence-Alpes-Côte d'Azur
POL006442,CLT04929,Auto,Tiers étendu,2021-12-01,1743,Active,Centre-Val de Loire
POL006443,CLT02272,Santé,Équilibré,2021-07-05,886,Résiliée,Hauts-de-France
POL006444,CLT02013,Habitation,Premium,2023-02-21,2017,Active,Île-de-France
POL006445,CLT01960,Auto,RC seule,2024-02-19,882,Résiliée,Occitanie
POL006446,CLT00254,Auto,Tiers étendu,2024-05-10,1231,Active,Occitanie
POL006447,CLT00944,Habitation,Basique,2023-02-02,1070,Active,Bretagne
POL006448,CLT03935,Habitation,Premium,2023-08-20,3324,Active,Hauts-de-France
POL006449,CLT00871,Auto,Tiers étendu,2024-07-02,1444,Active,Occitanie
POL006450,CLT04921,Habitation,Premium,2023-03-18,2367,Suspendue,Bretagne
POL006451,CLT03702,Santé,Complet,2023-09-07,1634,Active,Auvergne-Rhône-Alpes
POL006452,CLT02495,Habitation,Premium,2022-05-17,3364,Active,Nouvelle-Aquitaine
POL006453,CLT03926,Habitation,Basique,2023-04-06,1284,Active,Nouvelle-Aquitaine
POL006454,CLT03330,Habitation,Confort,2023-12-17,1246,Active,Provence-Alpes-Côte d'Azur
POL006455,CLT03308,Santé,Complet,2024-02-25,1346,Active,Normandie
POL006456,CLT04376,Auto,RC seule,2022-02-10,983,Active,Hauts-de-France
POL006457,CLT03360,Auto,Tiers étendu,2024-06-13,1355,Active,Bretagne
POL006458,CLT02484,Auto,RC seule,2023-03-24,894,Active,Grand Est
POL006459,CLT02268,Habitation,Confort,2022-10-03,1671,Active,Provence-Alpes-Côte d'Azur
POL006460,CLT02433,Auto,Tous risques,2022-05-24,1756,Résiliée,Bretagne
POL006461,CLT04614,Habitation,Basique,2021-09-28,1661,Active,Nouvelle-Aquitaine
POL006462,CLT03810,Auto,RC seule,2024-01-13,967,Active,Nouvelle-Aquitaine
POL006463,CLT00625,Habitation,Premium,2024-06-15,3218,Active,Bretagne
POL006464,CLT02087,Santé,Essentiel,2021-01-19,619,Résiliée,Provence-Alpes-Côte d'Azur
POL006465,CLT04827,Auto,RC seule,2022-05-20,931,Résiliée,Hauts-de-France
POL006466,CLT02633,Auto,Tiers étendu,2023-03-29,1391,Active,Hauts-de-France
POL006467,CLT03431,Habitation,Basique,2021-06-13,1127,Active,Normandie
POL006468,CLT01790,Auto,Tous risques,2022-10-10,1821,Active,Nouvelle-Aquitaine
POL006469,CLT02462,Auto,RC seule,2021-09-09,950,Résiliée,Occitanie
POL006470,CLT03737,Auto,Tiers étendu,2021-10-25,1614,Active,Nouvelle-Aquitaine
POL006471,CLT04238,Auto,Tous risques,2021-12-24,2535,Active,Bretagne
POL006472,CLT04675,Habitation,Basique,2022-05-10,1314,Active,Centre-Val de Loire
POL006473,CLT02693,Auto,Tous risques,2022-09-29,2054,Résiliée,Occitanie
POL006474,CLT00164,Auto,RC seule,2022-10-19,1071,Active,Grand Est
POL006475,CLT03099,Auto,Tous risques,2021-12-25,2503,Résiliée,Île-de-France
POL006476,CLT02982,Auto,Tiers étendu,2021-05-14,1592,Active,Normandie
POL006477,CLT00638,Habitation,Basique,2023-09-25,1600,Résiliée,Île-de-France
POL006478,CLT01480,Habitation,Basique,2021-10-15,1647,Active,Centre-Val de Loire
POL006479,CLT03507,Auto,Tous risques,2023-01-12,2523,Active,Centre-Val de Loire
POL006480,CLT00521,Auto,Tiers étendu,2021-05-07,1562,Active,Nouvelle-Aquitaine
POL006481,CLT04438,Auto,Tous risques,2023-07-21,2710,Active,Hauts-de-France
POL006482,CLT03569,Auto,Tiers étendu,2021-06-05,1303,Résiliée,Auvergne-Rhône-Alpes
POL006483,CLT04203,Habitation,Confort,2023-11-11,1662,Résiliée,Occitanie
POL006484,CLT00939,Santé,Équilibré,2022-11-15,1171,Suspendue,Grand Est
POL006485,CLT02783,Santé,Équilibré,2022-01-04,950,Active,Centre-Val de Loire
POL006486,CLT03521,Auto,Tous risques,2023-05-16,2594,Résiliée,Provence-Alpes-Côte d'Azur
POL006487,CLT00020,Habitation,Premium,2021-06-23,2895,Résiliée,Île-de-France
POL006488,CLT02033,Habitation,Premium,2022-08-05,2568,Suspendue,Nouvelle-Aquitaine
POL006489,CLT03725,Habitation,Premium,2022-05-17,2818,Active,Bretagne
POL006490,CLT02108,Habitation,Confort,2022-07-14,2202,Active,Île-de-France
POL006491,CLT04121,Santé,Essentiel,2023-02-06,634,Active,Bretagne
POL006492,CLT04389,Santé,Essentiel,2022-06-18,617,Active,Île-de-France
POL006493,CLT02833,Habitation,Basique,2022-07-06,1286,Active,Bretagne
POL006494,CLT02879,Auto,RC seule,2024-06-17,978,Active,Île-de-France
POL006495,CLT03529,Auto,Tiers étendu,2022-12-16,1337,Active,Hauts-de-France
POL006496,CLT03722,Auto,Tiers étendu,2022-11-04,1497,Active,Île-de-France
POL006497,CLT00009,Auto,RC seule,2022-07-13,819,Active,Centre-Val de Loire
POL006498,CLT01867,Santé,Équilibré,2022-05-28,935,Active,Normandie
POL006499,CLT01047,Habitation,Confort,2022-06-05,1649,Active,Normandie
POL006500,CLT00502,Habitation,Basique,2022-03-08,1274,Active,Grand Est
POL006501,CLT02908,Santé,Essentiel,2023-08-26,623,Active,Nouvelle-Aquitaine
POL006502,CLT01991,Auto,Tous risques,2022-01-22,2208,Active,Grand Est
POL006503,CLT00311,Auto,RC seule,2022-03-05,1039,Résiliée,Nouvelle-Aquitaine
POL006504,CLT01304,Santé,Essentiel,2022-11-09,644,Active,Grand Est
POL006505,CLT03013,Habitation,Premium,2023-02-23,2881,Résiliée,Centre-Val de Loire
POL006506,CLT04137,Auto,Tiers étendu,2023-02-27,1259,Active,Hauts-de-France
POL006507,CLT03626,Habitation,Basique,2022-04-15,1116,Active,Centre-Val de Loire
POL006508,CLT04935,Habitation,Basique,2021-05-27,1049,Active,Occitanie
POL006509,CLT02877,Auto,Tiers étendu,2023-11-08,1552,Active,Île-de-France
POL006510,CLT03645,Habitation,Confort,2022-01-18,1632,Active,Provence-Alpes-Côte d'Azur
POL006511,CLT04337,Santé,Essentiel,2024-03-04,591,Active,Occitanie
POL006512,CLT01476,Habitation,Premium,2022-05-12,3036,Active,Provence-Alpes-Côte d'Azur
POL006513,CLT04247,Auto,Tiers étendu,2021-05-26,1613,Active,Île-de-France
POL006514,CLT04608,Auto,RC seule,2024-04-20,1049,Résiliée,Normandie
POL006515,CLT04282,Auto,Tous risques,2021-02-06,2406,Résiliée,Bretagne
POL006516,CLT02395,Auto,Tiers étendu,2022-10-17,1675,Active,Provence-Alpes-Côte d'Azur
POL006517,CLT03090,Habitation,Basique,2022-03-05,901,Résiliée,Île-de-France
POL006518,CLT03666,Auto,Tiers étendu,2023-11-06,1834,Active,Grand Est
POL006519,CLT04264,Habitation,Basique,2024-04-02,1494,Active,Grand Est
POL006520,CLT00262,Habitation,Basique,2022-12-01,1219,Résiliée,Grand Est
POL006521,CLT01040,Auto,Tiers étendu,2024-04-13,1278,Résiliée,Occitanie
POL006522,CLT03791,Santé,Essentiel,2021-02-12,650,Active,Provence-Alpes-Côte d'Azur
POL006523,CLT02128,Santé,Essentiel,2023-10-11,695,Active,Centre-Val de Loire
POL006524,CLT01375,Auto,RC seule,2022-06-08,996,Résiliée,Hauts-de-France
POL006525,CLT02203,Auto,Tiers étendu,2021-07-27,1542,Active,Auvergne-Rhône-Alpes
POL006526,CLT00662,Santé,Équilibré,2021-01-01,938,Active,Nouvelle-Aquitaine
POL006527,CLT01482,Auto,RC seule,2023-03-26,819,Active,Bretagne
POL006528,CLT01473,Habitation,Premium,2021-05-28,2886,Active,Nouvelle-Aquitaine
POL006529,CLT02070,Santé,Complet,2021-06-19,1697,Suspendue,Normandie
POL006530,CLT03214,Auto,Tiers étendu,2023-09-18,1427,Active,Nouvelle-Aquitaine
POL006531,CLT00240,Habitation,Confort,2022-12-11,2198,Active,Normandie
POL006532,CLT02799,Auto,RC seule,2021-02-21,998,Active,Nouvelle-Aquitaine
POL006533,CLT00872,Santé,Complet,2022-01-30,1546,Active,Auvergne-Rhône-Alpes
POL006534,CLT00043,Auto,RC seule,2023-12-11,1020,Active,Centre-Val de Loire
POL006535,CLT00743,Auto,Tous risques,2021-04-06,2703,Active,Occitanie
POL006536,CLT04033,Auto,Tous risques,2023-02-24,1804,Résiliée,Bretagne
POL006537,CLT02194,Auto,RC seule,2023-02-13,786,Active,Grand Est
POL006538,CLT02432,Auto,Tous risques,2022-04-27,2145,Active,Nouvelle-Aquitaine
POL006539,CLT04021,Auto,RC seule,2022-09-08,1362,Active,Grand Est
POL006540,CLT02066,Santé,Équilibré,2021-03-20,1037,Active,Bretagne
POL006541,CLT03224,Auto,Tiers étendu,2022-05-01,1480,Active,Provence-Alpes-Côte d'Azur
POL006542,CLT03713,Habitation,Premium,2021-12-03,3056,Active,Provence-Alpes-Côte d'Azur
POL006543,CLT01002,Habitation,Basique,2023-07-30,1350,Active,Normandie
POL006544,CLT04982,Auto,Tiers étendu,2023-08-23,1505,Active,Hauts-de-France
POL006545,CLT04367,Habitation,Confort,2021-07-14,2135,Active,Centre-Val de Loire
POL006546,CLT02825,Habitation,Basique,2023-05-28,1049,Active,Provence-Alpes-Côte d'Azur
POL006547,CLT04419,Habitation,Confort,2023-01-17,1809,Active,Hauts-de-France
POL006548,CLT00175,Santé,Complet,2022-04-06,1795,Active,Occitanie
POL006549,CLT03778,Santé,Essentiel,2024-04-21,602,Active,Normandie
POL006550,CLT02290,Habitation,Premium,2021-06-20,2419,Résiliée,Normandie
POL006551,CLT00170,Santé,Complet,2024-06-21,1172,Active,Normandie
POL006552,CLT01782,Habitation,Premium,2023-12-20,2483,Active,Centre-Val de Loire
POL006553,CLT03295,Auto,RC seule,2021-03-30,926,Active,Auvergne-Rhône-Alpes
POL006554,CLT02368,Auto,RC seule,2022-06-26,977,Résiliée,Île-de-France
POL006555,CLT00204,Auto,Tous risques,2021-12-23,2091,Active,Centre-Val de Loire
POL006556,CLT03793,Santé,Essentiel,2021-11-12,663,Active,Occitanie
POL006557,CLT03839,Auto,RC seule,2022-12-13,867,Active,Centre-Val de Loire
POL006558,CLT03557,Santé,Complet,2021-07-03,1811,Résiliée,Bretagne
POL006559,CLT01728,Habitation,Basique,2021-08-02,1661,Active,Île-de-France
POL006560,CLT01156,Santé,Équilibré,2021-04-18,969,Active,Bretagne
POL006561,CLT02859,Habitation,Basique,2021-12-25,1363,Suspendue,Centre-Val de Loire
POL006562,CLT01845,Habitation,Premium,2024-01-20,3296,Active,Centre-Val de Loire
POL006563,CLT00434,Habitation,Confort,2022-06-13,1895,Active,Centre-Val de Loire
POL006564,CLT00107,Habitation,Confort,2023-05-30,2111,Résiliée,Normandie
POL006565,CLT00648,Auto,Tous risques,2023-10-26,2374,Active,Provence-Alpes-Côte d'Azur
POL006566,CLT02495,Habitation,Basique,2023-03-26,1165,Suspendue,Nouvelle-Aquitaine
POL006567,CLT03805,Santé,Essentiel,2021-07-24,747,Active,Bretagne
POL006568,CLT00877,Habitation,Confort,2021-01-02,1887,Active,Provence-Alpes-Côte d'Azur
POL006569,CLT00777,Santé,Complet,2023-07-19,1452,Suspendue,Île-de-France
POL006570,CLT03514,Santé,Complet,2021-09-21,2117,Active,Île-de-France
POL006571,CLT01248,Santé,Équilibré,2023-07-14,965,Active,Auvergne-Rhône-Alpes
POL006572,CLT00103,Habitation,Basique,2023-03-20,1344,Active,Centre-Val de Loire
POL006573,CLT04309,Habitation,Basique,2022-09-22,1349,Active,Grand Est
POL006574,CLT03873,Santé,Essentiel,2024-05-27,614,Résiliée,Bretagne
POL006575,CLT03504,Habitation,Basique,2023-08-14,1324,Active,Île-de-France
POL006576,CLT01522,Auto,RC seule,2023-06-29,804,Résiliée,Grand Est
POL006577,CLT04411,Habitation,Confort,2023-10-04,1980,Active,Normandie
POL006578,CLT01812,Habitation,Confort,2021-07-01,1376,Active,Provence-Alpes-Côte d'Azur
POL006579,CLT03161,Auto,Tiers étendu,2022-05-26,1221,Active,Grand Est
POL006580,CLT00247,Auto,Tiers étendu,2021-02-04,1907,Résiliée,Hauts-de-France
POL006581,CLT02892,Habitation,Premium,2023-06-20,2661,Active,Normandie
POL006582,CLT00629,Auto,Tous risques,2021-07-19,1556,Active,Grand Est
POL006583,CLT03113,Habitation,Confort,2022-04-01,1649,Active,Auvergne-Rhône-Alpes
POL006584,CLT00475,Habitation,Confort,2023-10-04,2280,Active,Occitanie
POL006585,CLT04842,Auto,Tiers étendu,2023-01-11,1073,Active,Bretagne
POL006586,CLT04986,Santé,Essentiel,2022-04-16,539,Active,Grand Est
POL006587,CLT04138,Habitation,Basique,2021-09-15,1010,Résiliée,Provence-Alpes-Côte d'Azur
POL006588,CLT04749,Habitation,Premium,2021-02-05,2698,Active,Auvergne-Rhône-Alpes
POL006589,CLT04486,Habitation,Confort,2022-10-20,1834,Active,Hauts-de-France
POL006590,CLT03348,Auto,Tiers étendu,2022-01-31,1324,Active,Bretagne
POL006591,CLT04717,Habitation,Basique,2021-06-21,1531,Active,Grand Est
POL006592,CLT01766,Auto,RC seule,2024-03-08,782,Active,Provence-Alpes-Côte d'Azur
POL006593,CLT02046,Auto,Tiers étendu,2023-12-06,1487,Active,Nouvelle-Aquitaine
POL006594,CLT02039,Auto,RC seule,2022-06-18,986,Active,Centre-Val de Loire
POL006595,CLT03477,Habitation,Basique,2024-01-05,1160,Active,Hauts-de-France
POL006596,CLT02378,Auto,Tiers étendu,2022-08-09,1590,Active,Hauts-de-France
POL006597,CLT01069,Habitation,Basique,2023-03-12,1198,Active,Auvergne-Rhône-Alpes
POL006598,CLT02473,Habitation,Basique,2021-12-19,1301,Active,Auvergne-Rhône-Alpes
POL006599,CLT02750,Auto,Tiers étendu,2024-02-22,1442,Active,Bretagne
POL006600,CLT00332,Habitation,Basique,2023-12-14,910,Active,Auvergne-Rhône-Alpes
POL006601,CLT03094,Auto,Tiers étendu,2022-02-26,1666,Active,Île-de-France
POL006602,CLT01534,Auto,RC seule,2024-02-22,1173,Résiliée,Provence-Alpes-Côte d'Azur
POL006603,CLT03223,Santé,Essentiel,2021-01-15,610,Active,Île-de-France
POL006604,CLT00855,Habitation,Premium,2022-06-01,2555,Active,Bretagne
POL006605,CLT03831,Auto,Tiers étendu,2021-09-22,1755,Active,Nouvelle-Aquitaine
POL006606,CLT03286,Habitation,Basique,2021-08-24,1541,Active,Grand Est
POL006607,CLT01459,Auto,RC seule,2023-08-03,960,Active,Auvergne-Rhône-Alpes
POL006608,CLT03044,Habitation,Basique,2024-02-08,1192,Active,Grand Est
POL006609,CLT02135,Habitation,Basique,2022-11-01,1223,Active,Grand Est
POL006610,CLT00189,Auto,Tous risques,2022-06-17,1842,Active,Normandie
POL006611,CLT04314,Santé,Équilibré,2023-05-10,1054,Active,Grand Est
POL006612,CLT03766,Habitation,Basique,2024-01-23,1505,Active,Nouvelle-Aquitaine
POL006613,CLT00975,Auto,Tiers étendu,2023-10-12,1418,Active,Nouvelle-Aquitaine
POL006614,CLT01925,Auto,Tiers étendu,2024-01-13,1201,Active,Nouvelle-Aquitaine
POL006615,CLT01045,Santé,Essentiel,2022-08-11,677,Résiliée,Grand Est
POL006616,CLT04433,Habitation,Basique,2021-02-01,1115,Active,Provence-Alpes-Côte d'Azur
POL006617,CLT02987,Santé,Essentiel,2023-09-25,632,Active,Nouvelle-Aquitaine
POL006618,CLT02891,Auto,RC seule,2022-06-21,749,Active,Bretagne
POL006619,CLT04741,Habitation,Basique,2021-07-24,1091,Active,Auvergne-Rhône-Alpes
POL006620,CLT03789,Santé,Équilibré,2021-06-12,1147,Active,Bretagne
POL006621,CLT04727,Habitation,Confort,2022-10-04,1834,Active,Provence-Alpes-Côte d'Azur
POL006622,CLT02308,Habitation,Premium,2021-01-17,2625,Active,Nouvelle-Aquitaine
POL006623,CLT01104,Habitation,Basique,2023-06-26,1363,Suspendue,Nouvelle-Aquitaine
POL006624,CLT00862,Santé,Essentiel,2023-10-25,559,Suspendue,Hauts-de-France
POL006625,CLT01595,Santé,Équilibré,2024-04-24,879,Active,Occitanie
POL006626,CLT03694,Auto,Tiers étendu,2022-06-01,1682,Active,Bretagne
POL006627,CLT04311,Auto,RC seule,2024-01-07,1050,Active,Provence-Alpes-Côte d'Azur
POL006628,CLT01311,Auto,Tiers étendu,2023-04-05,1399,Active,Occitanie
POL006629,CLT00794,Habitation,Premium,2022-10-30,2902,Active,Normandie
POL006630,CLT02421,Auto,Tiers étendu,2022-05-17,1409,Active,Bretagne
POL006631,CLT02063,Auto,Tous risques,2022-10-16,2531,Active,Centre-Val de Loire
POL006632,CLT01061,Habitation,Premium,2022-05-03,2496,Active,Auvergne-Rhône-Alpes
POL006633,CLT03153,Auto,RC seule,2023-04-28,1036,Active,Occitanie
POL006634,CLT00110,Habitation,Basique,2024-01-19,1339,Active,Grand Est
POL006635,CLT00985,Santé,Complet,2023-11-14,1484,Active,Bretagne
POL006636,CLT02027,Auto,RC seule,2022-02-04,855,Active,Provence-Alpes-Côte d'Azur
POL006637,CLT01260,Habitation,Basique,2023-12-09,1418,Active,Provence-Alpes-Côte d'Azur
POL006638,CLT01313,Habitation,Confort,2021-11-13,1807,Active,Bretagne
POL006639,CLT01562,Auto,RC seule,2024-01-16,836,Active,Hauts-de-France
POL006640,CLT03475,Habitation,Basique,2021-12-07,1202,Active,Provence-Alpes-Côte d'Azur
POL006641,CLT04836,Habitation,Premium,2023-03-13,3312,Active,Grand Est
POL006642,CLT03001,Auto,RC seule,2021-05-19,791,Suspendue,Centre-Val de Loire
POL006643,CLT04599,Auto,RC seule,2021-09-17,866,Active,Centre-Val de Loire
POL006644,CLT01099,Habitation,Basique,2024-05-02,1422,Active,Hauts-de-France
POL006645,CLT01268,Habitation,Confort,2022-11-12,1763,Active,Île-de-France
POL006646,CLT01948,Auto,RC seule,2023-03-11,1014,Active,Provence-Alpes-Côte d'Azur
POL006647,CLT04773,Habitation,Confort,2024-01-13,2077,Active,Bretagne
POL006648,CLT02207,Habitation,Basique,2021-07-01,1380,Active,Bretagne
POL006649,CLT01154,Habitation,Confort,2022-05-07,1775,Active,Nouvelle-Aquitaine
POL006650,CLT04297,Habitation,Confort,2021-11-01,1831,Résiliée,Normandie
POL006651,CLT01811,Auto,Tiers étendu,2023-11-23,1588,Résiliée,Provence-Alpes-Côte d'Azur
POL006652,CLT00799,Santé,Essentiel,2024-05-13,729,Active,Grand Est
POL006653,CLT02632,Santé,Équilibré,2023-01-19,1022,Active,Normandie
POL006654,CLT01226,Habitation,Basique,2024-04-13,1249,Active,Occitanie
POL006655,CLT00468,Santé,Complet,2024-06-02,1628,Active,Bretagne
POL006656,CLT03512,Habitation,Basique,2021-11-18,1426,Active,Centre-Val de Loire
POL006657,CLT01533,Habitation,Premium,2023-11-07,3336,Active,Provence-Alpes-Côte d'Azur
POL006658,CLT00786,Auto,Tous risques,2024-01-14,2528,Active,Hauts-de-France
POL006659,CLT00582,Habitation,Confort,2021-09-05,1534,Active,Bretagne
POL006660,CLT01325,Habitation,Basique,2023-11-23,1241,Active,Grand Est
POL006661,CLT03963,Auto,RC seule,2021-04-01,910,Active,Provence-Alpes-Côte d'Azur
POL006662,CLT01428,Auto,Tiers étendu,2023-11-25,1696,Suspendue,Centre-Val de Loire
POL006663,CLT02840,Habitation,Premium,2023-10-08,2866,Active,Nouvelle-Aquitaine
POL006664,CLT00176,Santé,Équilibré,2021-02-16,1256,Active,Occitanie
POL006665,CLT00170,Auto,Tous risques,2022-08-08,2006,Résiliée,Normandie
POL006666,CLT02637,Auto,Tiers étendu,2024-06-17,1381,Active,Auvergne-Rhône-Alpes
POL006667,CLT02817,Santé,Complet,2023-02-05,1625,Résiliée,Auvergne-Rhône-Alpes
POL006668,CLT03455,Habitation,Confort,2024-01-26,2239,Active,Provence-Alpes-Côte d'Azur
POL006669,CLT04914,Habitation,Basique,2022-11-27,1230,Active,Centre-Val de Loire
POL006670,CLT04605,Auto,Tous risques,2023-02-18,1428,Résiliée,Occitanie
POL006671,CLT02239,Habitation,Basique,2022-08-08,1006,Active,Île-de-France
POL006672,CLT00305,Auto,Tous risques,2022-12-08,2398,Active,Grand Est
POL006673,CLT00326,Auto,Tiers étendu,2021-10-12,1117,Active,Île-de-France
POL006674,CLT02207,Habitation,Basique,2023-01-07,1107,Résiliée,Bretagne
POL006675,CLT03876,Habitation,Premium,2022-08-12,3050,Active,Centre-Val de Loire
POL006676,CLT03969,Auto,RC seule,2021-04-22,648,Résiliée,Grand Est
POL006677,CLT04354,Auto,Tiers étendu,2024-01-04,1423,Active,Île-de-France
POL006678,CLT00775,Santé,Équilibré,2021-03-17,810,Active,Île-de-France
POL006679,CLT03421,Auto,Tiers étendu,2022-09-22,1132,Active,Centre-Val de Loire
POL006680,CLT00660,Habitation,Premium,2021-10-03,2808,Active,Nouvelle-Aquitaine
POL006681,CLT01262,Auto,RC seule,2024-02-29,811,Active,Normandie
POL006682,CLT02821,Habitation,Basique,2023-06-06,1308,Suspendue,Île-de-France
POL006683,CLT01534,Santé,Complet,2023-02-14,1838,Active,Provence-Alpes-Côte d'Azur
POL006684,CLT03681,Auto,RC seule,2021-10-12,888,Active,Provence-Alpes-Côte d'Azur
POL006685,CLT03389,Habitation,Premium,2024-01-13,2573,Active,Nouvelle-Aquitaine
POL006686,CLT03492,Habitation,Basique,2023-10-23,1254,Active,Bretagne
POL006687,CLT01375,Habitation,Basique,2023-11-11,1055,Active,Hauts-de-France
POL006688,CLT01837,Auto,RC seule,2022-12-05,844,Active,Hauts-de-France
POL006689,CLT03320,Habitation,Basique,2022-05-26,1018,Active,Auvergne-Rhône-Alpes
POL006690,CLT03644,Habitation,Basique,2024-04-13,1028,Active,Provence-Alpes-Côte d'Azur
POL006691,CLT04168,Auto,Tiers étendu,2022-08-11,1731,Résiliée,Provence-Alpes-Côte d'Azur
POL006692,CLT02551,Auto,RC seule,2023-03-01,858,Active,Hauts-de-France
POL006693,CLT01605,Habitation,Confort,2022-11-17,1100,Active,Île-de-France
POL006694,CLT00538,Habitation,Confort,2021-09-05,1789,Active,Île-de-France
POL006695,CLT03612,Santé,Essentiel,2024-06-17,482,Active,Bretagne
POL006696,CLT04620,Auto,RC seule,2023-12-11,993,Résiliée,Centre-Val de Loire
POL006697,CLT01565,Auto,Tous risques,2021-11-07,2189,Active,Centre-Val de Loire
POL006698,CLT03771,Santé,Complet,2021-06-28,1518,Active,Normandie
POL006699,CLT00048,Santé,Équilibré,2023-02-12,990,Active,Nouvelle-Aquitaine
POL006700,CLT03775,Auto,Tous risques,2023-02-16,2210,Active,Centre-Val de Loire
POL006701,CLT02163,Habitation,Premium,2024-04-29,2369,Active,Occitanie
POL006702,CLT04945,Auto,RC seule,2022-06-13,895,Active,Centre-Val de Loire
POL006703,CLT03405,Habitation,Basique,2022-06-02,1441,Suspendue,Hauts-de-France
POL006704,CLT01684,Santé,Essentiel,2023-09-10,783,Active,Hauts-de-France
POL006705,CLT04234,Habitation,Basique,2023-11-02,1168,Active,Île-de-France
POL006706,CLT03203,Habitation,Basique,2023-12-15,1274,Active,Hauts-de-France
POL006707,CLT03764,Auto,Tous risques,2022-10-10,2497,Active,Normandie
POL006708,CLT00457,Habitation,Basique,2024-06-20,1482,Active,Bretagne
POL006709,CLT02606,Auto,RC seule,2023-07-05,870,Résiliée,Hauts-de-France
POL006710,CLT00298,Habitation,Basique,2022-10-20,1394,Active,Bretagne
POL006711,CLT00531,Auto,Tiers étendu,2023-01-29,1260,Active,Normandie
POL006712,CLT04015,Auto,RC seule,2023-12-25,950,Active,Centre-Val de Loire
POL006713,CLT02474,Santé,Équilibré,2024-01-07,1132,Active,Nouvelle-Aquitaine
POL006714,CLT03620,Auto,RC seule,2024-03-03,820,Résiliée,Grand Est
POL006715,CLT00771,Habitation,Confort,2021-07-05,1673,Active,Normandie
POL006716,CLT04064,Habitation,Confort,2022-03-06,2084,Active,Normandie
POL006717,CLT04262,Habitation,Basique,2024-04-05,1296,Résiliée,Occitanie
POL006718,CLT00894,Auto,RC seule,2022-06-20,1050,Active,Grand Est
POL006719,CLT01413,Auto,Tous risques,2023-11-24,2617,Active,Bretagne
POL006720,CLT01484,Auto,RC seule,2023-10-21,861,Active,Île-de-France
POL006721,CLT00833,Habitation,Premium,2023-08-11,3869,Active,Île-de-France
POL006722,CLT01702,Auto,Tous risques,2022-08-03,2307,Active,Île-de-France
POL006723,CLT04214,Santé,Essentiel,2023-10-13,302,Active,Nouvelle-Aquitaine
POL006724,CLT01261,Auto,Tiers étendu,2021-03-10,1367,Active,Occitanie
POL006725,CLT00609,Auto,RC seule,2023-09-20,895,Active,Provence-Alpes-Côte d'Azur
POL006726,CLT02431,Auto,RC seule,2023-05-01,1019,Active,Occitanie
POL006727,CLT03075,Santé,Essentiel,2023-01-21,575,Active,Île-de-France
POL006728,CLT00605,Habitation,Confort,2024-04-28,2146,Résiliée,Grand Est
POL006729,CLT04058,Auto,RC seule,2021-11-05,1028,Active,Centre-Val de Loire
POL006730,CLT00723,Auto,Tiers étendu,2022-04-12,1269,Résiliée,Bretagne
POL006731,CLT00781,Habitation,Confort,2023-02-20,1828,Résiliée,Provence-Alpes-Côte d'Azur
POL006732,CLT02998,Auto,Tiers étendu,2022-10-01,1295,Active,Bretagne
POL006733,CLT01389,Auto,Tiers étendu,2021-10-18,1543,Résiliée,Normandie
POL006734,CLT02014,Auto,Tiers étendu,2021-11-11,1324,Résiliée,Centre-Val de Loire
POL006735,CLT02102,Auto,RC seule,2023-01-08,960,Résiliée,Normandie
POL006736,CLT01943,Auto,Tiers étendu,2021-06-07,1434,Suspendue,Grand Est
POL006737,CLT01849,Habitation,Basique,2023-01-19,1274,Active,Bretagne
POL006738,CLT04951,Auto,RC seule,2021-12-05,1207,Active,Normandie
POL006739,CLT00422,Habitation,Basique,2023-02-06,1193,Active,Île-de-France
POL006740,CLT01848,Auto,RC seule,2023-01-03,706,Active,Auvergne-Rhône-Alpes
POL006741,CLT04171,Auto,Tiers étendu,2023-12-13,1607,Active,Nouvelle-Aquitaine
POL006742,CLT04560,Auto,RC seule,2024-02-29,1024,Active,Normandie
POL006743,CLT02434,Habitation,Basique,2024-02-22,951,Active,Normandie
POL006744,CLT02829,Habitation,Confort,2022-03-04,1741,Résiliée,Bretagne
POL006745,CLT01659,Santé,Essentiel,2024-07-01,695,Suspendue,Île-de-France
POL006746,CLT01031,Auto,RC seule,2024-03-29,965,Active,Nouvelle-Aquitaine
POL006747,CLT00083,Auto,Tiers étendu,2023-01-29,1498,Active,Hauts-de-France
POL006748,CLT03728,Santé,Essentiel,2023-04-25,624,Active,Provence-Alpes-Côte d'Azur
POL006749,CLT03209,Auto,RC seule,2024-05-04,811,Active,Grand Est
POL006750,CLT00319,Habitation,Basique,2023-03-24,903,Résiliée,Île-de-France
POL006751,CLT04071,Santé,Équilibré,2021-09-30,1348,Active,Occitanie
POL006752,CLT01387,Auto,RC seule,2022-05-07,837,Active,Nouvelle-Aquitaine
POL006753,CLT03272,Auto,RC seule,2021-08-04,966,Résiliée,Bretagne
POL006754,CLT03520,Santé,Équilibré,2021-07-26,988,Active,Normandie
POL006755,CLT02018,Auto,RC seule,2024-04-26,1010,Active,Hauts-de-France
POL006756,CLT00745,Santé,Complet,2021-10-29,1563,Résiliée,Île-de-France
POL006757,CLT01262,Habitation,Basique,2021-10-23,1286,Active,Normandie
POL006758,CLT04537,Auto,Tous risques,2021-09-05,1299,Active,Occitanie
POL006759,CLT01079,Habitation,Premium,2022-09-03,2588,Active,Provence-Alpes-Côte d'Azur
POL006760,CLT02141,Habitation,Basique,2022-08-12,1393,Active,Centre-Val de Loire
POL006761,CLT01218,Auto,RC seule,2021-04-25,1043,Active,Normandie
POL006762,CLT00791,Auto,Tiers étendu,2024-05-21,1213,Active,Auvergne-Rhône-Alpes
POL006763,CLT01320,Auto,RC seule,2021-05-06,736,Active,Centre-Val de Loire
POL006764,CLT04001,Habitation,Confort,2022-04-23,1913,Active,Provence-Alpes-Côte d'Azur
POL006765,CLT01326,Habitation,Premium,2021-08-27,1720,Active,Bretagne
POL006766,CLT03971,Santé,Essentiel,2022-07-29,497,Résiliée,Bretagne
POL006767,CLT04256,Auto,Tiers étendu,2023-02-09,1845,Active,Occitanie
POL006768,CLT04403,Habitation,Premium,2024-05-05,3630,Résiliée,Bretagne
POL006769,CLT03755,Habitation,Basique,2023-02-09,1309,Active,Nouvelle-Aquitaine
POL006770,CLT02254,Auto,RC seule,2023-08-11,998,Active,Provence-Alpes-Côte d'Azur
POL006771,CLT00441,Auto,Tous risques,2022-05-02,1639,Active,Auvergne-Rhône-Alpes
POL006772,CLT01056,Habitation,Basique,2021-09-07,1192,Active,Occitanie
POL006773,CLT02740,Auto,Tous risques,2021-12-02,2190,Active,Auvergne-Rhône-Alpes
POL006774,CLT04014,Habitation,Premium,2022-02-10,2550,Active,Provence-Alpes-Côte d'Azur
POL006775,CLT04815,Auto,RC seule,2024-05-10,907,Active,Île-de-France
POL006776,CLT04688,Habitation,Confort,2023-07-21,2256,Active,Auvergne-Rhône-Alpes
POL006777,CLT01494,Habitation,Basique,2023-10-27,1222,Active,Auvergne-Rhône-Alpes
POL006778,CLT02289,Auto,Tiers étendu,2021-12-06,1335,Active,Bretagne
POL006779,CLT01316,Santé,Complet,2022-02-08,1722,Active,Auvergne-Rhône-Alpes
POL006780,CLT00678,Auto,Tous risques,2022-10-29,1715,Active,Hauts-de-France
POL006781,CLT01339,Auto,Tiers étendu,2021-02-27,1235,Active,Hauts-de-France
POL006782,CLT03976,Habitation,Premium,2022-08-20,2569,Résiliée,Normandie
POL006783,CLT00348,Santé,Équilibré,2022-07-24,997,Active,Occitanie
POL006784,CLT01408,Auto,Tous risques,2022-01-15,2173,Active,Normandie
POL006785,CLT01269,Auto,RC seule,2023-06-26,864,Active,Bretagne
POL006786,CLT04280,Habitation,Confort,2022-03-28,1638,Active,Bretagne
POL006787,CLT01858,Santé,Équilibré,2022-12-15,821,Active,Nouvelle-Aquitaine
POL006788,CLT03400,Santé,Équilibré,2024-06-10,1125,Active,Normandie
POL006789,CLT01611,Habitation,Confort,2021-08-20,1895,Active,Auvergne-Rhône-Alpes
POL006790,CLT01612,Santé,Équilibré,2022-04-25,1147,Active,Centre-Val de Loire
POL006791,CLT04279,Auto,Tiers étendu,2024-04-07,1206,Active,Provence-Alpes-Côte d'Azur
POL006792,CLT00653,Habitation,Premium,2024-06-02,2702,Active,Hauts-de-France
POL006793,CLT01985,Habitation,Confort,2022-07-03,1835,Active,Occitanie
POL006794,CLT03951,Auto,RC seule,2023-11-08,964,Active,Auvergne-Rhône-Alpes
POL006795,CLT01517,Auto,Tous risques,2021-09-22,2548,Active,Bretagne
POL006796,CLT01566,Auto,Tiers étendu,2024-02-20,1354,Active,Normandie
POL006797,CLT00574,Habitation,Confort,2022-09-14,2117,Active,Bretagne
POL006798,CLT02442,Auto,Tiers étendu,2023-08-14,1479,Active,Hauts-de-France
POL006799,CLT02868,Auto,Tiers étendu,2022-07-05,1382,Active,Provence-Alpes-Côte d'Azur
POL006800,CLT03005,Santé,Essentiel,2023-01-14,512,Active,Centre-Val de Loire
POL006801,CLT03122,Habitation,Confort,2021-10-13,2020,Active,Centre-Val de Loire
POL006802,CLT00006,Habitation,Basique,2021-09-24,1137,Active,Grand Est
POL006803,CLT03023,Santé,Équilibré,2022-06-26,1004,Résiliée,Provence-Alpes-Côte d'Azur
POL006804,CLT00847,Habitation,Confort,2021-05-08,1799,Résiliée,Centre-Val de Loire
POL006805,CLT03015,Auto,Tiers étendu,2022-09-14,1362,Suspendue,Auvergne-Rhône-Alpes
POL006806,CLT01171,Auto,Tiers étendu,2023-05-12,1363,Résiliée,Île-de-France
POL006807,CLT04157,Auto,Tiers étendu,2024-03-12,1297,Résiliée,Grand Est
POL006808,CLT00405,Habitation,Confort,2022-09-11,1493,Active,Bretagne
POL006809,CLT02035,Auto,Tous risques,2021-12-16,2815,Résiliée,Occitanie
POL006810,CLT02662,Habitation,Premium,2021-11-16,2689,Active,Hauts-de-France
POL006811,CLT02623,Auto,Tiers étendu,2022-04-06,1378,Active,Grand Est
POL006812,CLT03343,Habitation,Basique,2022-03-28,1205,Active,Hauts-de-France
POL006813,CLT00481,Habitation,Premium,2022-03-02,3247,Active,Île-de-France
POL006814,CLT02829,Auto,Tous risques,2022-06-30,3083,Active,Bretagne
POL006815,CLT00982,Auto,RC seule,2023-04-23,949,Active,Bretagne
POL006816,CLT00248,Habitation,Premium,2023-01-18,2808,Active,Normandie
POL006817,CLT00640,Habitation,Basique,2023-01-15,1057,Active,Nouvelle-Aquitaine
POL006818,CLT03292,Auto,Tiers étendu,2023-06-17,1168,Active,Bretagne
POL006819,CLT00506,Auto,Tiers étendu,2023-02-20,1146,Active,Auvergne-Rhône-Alpes
POL006820,CLT01338,Habitation,Confort,2022-04-22,1703,Active,Normandie
POL006821,CLT00246,Habitation,Basique,2021-03-23,922,Active,Occitanie
POL006822,CLT00301,Auto,RC seule,2022-08-17,1034,Active,Hauts-de-France
POL006823,CLT00076,Auto,Tiers étendu,2022-09-01,1609,Résiliée,Auvergne-Rhône-Alpes
POL006824,CLT00859,Auto,Tiers étendu,2022-09-22,1388,Active,Normandie
POL006825,CLT00162,Auto,RC seule,2021-05-23,1060,Résiliée,Grand Est
POL006826,CLT00506,Auto,Tiers étendu,2021-05-27,1300,Active,Auvergne-Rhône-Alpes
POL006827,CLT02404,Santé,Essentiel,2021-03-05,525,Active,Île-de-France
POL006828,CLT04923,Auto,Tiers étendu,2023-04-29,1016,Active,Bretagne
POL006829,CLT02171,Auto,RC seule,2023-07-28,1054,Active,Grand Est
POL006830,CLT02249,Habitation,Basique,2021-03-01,1156,Résiliée,Auvergne-Rhône-Alpes
POL006831,CLT03035,Habitation,Basique,2023-01-17,1248,Active,Grand Est
POL006832,CLT04208,Habitation,Basique,2023-03-04,1410,Active,Auvergne-Rhône-Alpes
POL006833,CLT03528,Auto,Tous risques,2021-08-26,2909,Active,Bretagne
POL006834,CLT02170,Habitation,Basique,2021-05-28,1199,Active,Normandie
POL006835,CLT00173,Habitation,Basique,2021-09-27,1352,Résiliée,Grand Est
POL006836,CLT03885,Auto,RC seule,2022-12-03,825,Active,Grand Est
POL006837,CLT04423,Auto,RC seule,2022-11-17,1109,Active,Auvergne-Rhône-Alpes
POL006838,CLT00650,Santé,Équilibré,2023-08-23,1019,Résiliée,Normandie
POL006839,CLT02098,Auto,RC seule,2022-01-30,1037,Active,Île-de-France
POL006840,CLT00293,Auto,Tiers étendu,2023-05-14,1430,Suspendue,Normandie
POL006841,CLT00086,Habitation,Premium,2023-10-19,3499,Active,Grand Est
POL006842,CLT02602,Auto,RC seule,2021-03-15,926,Active,Nouvelle-Aquitaine
POL006843,CLT04090,Santé,Essentiel,2021-01-15,678,Active,Provence-Alpes-Côte d'Azur
POL006844,CLT02638,Habitation,Confort,2022-09-20,1894,Active,Bretagne
POL006845,CLT01449,Auto,RC seule,2023-11-26,880,Active,Provence-Alpes-Côte d'Azur
POL006846,CLT00283,Habitation,Confort,2024-04-29,2061,Active,Bretagne
POL006847,CLT01887,Santé,Équilibré,2021-07-23,1034,Active,Provence-Alpes-Côte d'Azur
POL006848,CLT04771,Habitation,Confort,2022-05-02,1564,Active,Île-de-France
POL006849,CLT04840,Santé,Complet,2022-07-05,1283,Active,Centre-Val de Loire
POL006850,CLT00211,Santé,Équilibré,2023-11-01,1048,Active,Normandie
POL006851,CLT03701,Santé,Essentiel,2024-04-17,748,Active,Bretagne
POL006852,CLT01514,Habitation,Confort,2022-09-19,2348,Active,Normandie
POL006853,CLT02748,Habitation,Premium,2022-06-11,2150,Active,Auvergne-Rhône-Alpes
POL006854,CLT02916,Auto,RC seule,2022-11-09,912,Résiliée,Île-de-France
POL006855,CLT01218,Auto,RC seule,2021-12-22,1022,Active,Normandie
POL006856,CLT04363,Santé,Équilibré,2024-05-04,1060,Résiliée,Normandie
POL006857,CLT03583,Santé,Équilibré,2021-06-20,1139,Active,Provence-Alpes-Côte d'Azur
POL006858,CLT00575,Santé,Essentiel,2021-10-05,669,Active,Nouvelle-Aquitaine
POL006859,CLT03837,Auto,RC seule,2021-02-09,856,Active,Grand Est
POL006860,CLT04037,Habitation,Confort,2022-04-24,1550,Active,Auvergne-Rhône-Alpes
POL006861,CLT03732,Habitation,Basique,2023-10-08,1278,Active,Nouvelle-Aquitaine
POL006862,CLT01104,Auto,RC seule,2024-06-02,1140,Active,Nouvelle-Aquitaine
POL006863,CLT02937,Auto,Tiers étendu,2022-03-25,1492,Active,Île-de-France
POL006864,CLT00796,Santé,Équilibré,2022-01-01,779,Active,Île-de-France
POL006865,CLT01477,Habitation,Premium,2023-03-01,2435,Active,Grand Est
POL006866,CLT03174,Habitation,Basique,2023-07-03,1328,Résiliée,Centre-Val de Loire
POL006867,CLT01238,Habitation,Premium,2021-08-28,2668,Active,Provence-Alpes-Côte d'Azur
POL006868,CLT03125,Habitation,Premium,2021-04-29,2962,Résiliée,Île-de-France
POL006869,CLT04606,Santé,Équilibré,2024-04-16,1148,Active,Hauts-de-France
POL006870,CLT00905,Santé,Complet,2021-02-10,1254,Active,Hauts-de-France
POL006871,CLT00014,Habitation,Confort,2024-03-09,1746,Active,Provence-Alpes-Côte d'Azur
POL006872,CLT03912,Auto,Tiers étendu,2023-04-24,1299,Active,Occitanie
POL006873,CLT04331,Auto,Tous risques,2022-02-28,2483,Active,Grand Est
POL006874,CLT04778,Habitation,Premium,2021-04-01,3223,Active,Hauts-de-France
POL006875,CLT03313,Habitation,Confort,2021-01-18,1645,Active,Nouvelle-Aquitaine
POL006876,CLT02789,Auto,Tiers étendu,2021-02-24,1461,Active,Nouvelle-Aquitaine
POL006877,CLT02784,Santé,Essentiel,2024-05-31,758,Active,Centre-Val de Loire
POL006878,CLT01787,Auto,Tiers étendu,2022-01-18,1096,Active,Île-de-France
POL006879,CLT04838,Habitation,Premium,2022-12-21,2782,Suspendue,Centre-Val de Loire
POL006880,CLT03038,Santé,Complet,2022-10-01,1220,Active,Normandie
POL006881,CLT04793,Habitation,Basique,2021-05-19,1193,Résiliée,Nouvelle-Aquitaine
POL006882,CLT02141,Auto,RC seule,2021-04-09,636,Active,Centre-Val de Loire
POL006883,CLT01476,Habitation,Premium,2024-04-11,3708,Active,Provence-Alpes-Côte d'Azur
POL006884,CLT00347,Auto,RC seule,2021-08-29,875,Active,Normandie
POL006885,CLT04135,Auto,Tous risques,2022-09-28,1923,Active,Auvergne-Rhône-Alpes
POL006886,CLT04396,Auto,Tiers étendu,2022-06-24,1593,Active,Nouvelle-Aquitaine
POL006887,CLT01942,Auto,Tous risques,2023-07-11,1871,Active,Centre-Val de Loire
POL006888,CLT04617,Santé,Équilibré,2021-09-01,855,Active,Normandie
POL006889,CLT03568,Auto,RC seule,2021-03-25,1160,Active,Auvergne-Rhône-Alpes
POL006890,CLT04045,Auto,Tous risques,2021-08-04,3039,Active,Bretagne
POL006891,CLT03652,Auto,Tous risques,2021-09-28,2052,Résiliée,Centre-Val de Loire
POL006892,CLT02640,Auto,Tiers étendu,2024-02-19,1618,Active,Hauts-de-France
POL006893,CLT01621,Santé,Essentiel,2023-05-20,638,Active,Hauts-de-France
POL006894,CLT04549,Auto,Tous risques,2023-03-22,1710,Active,Occitanie
POL006895,CLT03009,Santé,Complet,2022-10-28,1330,Résiliée,Île-de-France
POL006896,CLT02585,Auto,Tiers étendu,2023-10-09,1833,Active,Occitanie
POL006897,CLT04903,Santé,Équilibré,2023-11-28,825,Active,Bretagne
POL006898,CLT00465,Habitation,Basique,2021-02-22,1644,Active,Île-de-France
POL006899,CLT04422,Auto,RC seule,2021-01-07,907,Active,Normandie
POL006900,CLT01174,Santé,Essentiel,2021-11-08,774,Résiliée,Hauts-de-France
POL006901,CLT02107,Santé,Complet,2023-04-10,1495,Active,Provence-Alpes-Côte d'Azur
POL006902,CLT00202,Habitation,Basique,2023-12-02,1323,Active,Bretagne
POL006903,CLT02897,Auto,Tiers étendu,2021-06-22,1915,Active,Provence-Alpes-Côte d'Azur
POL006904,CLT04086,Santé,Essentiel,2022-06-29,786,Résiliée,Occitanie
POL006905,CLT00394,Auto,Tous risques,2022-08-15,2001,Active,Île-de-France
POL006906,CLT03266,Habitation,Confort,2021-10-17,1684,Active,Grand Est
POL006907,CLT01384,Santé,Équilibré,2023-06-29,977,Active,Occitanie
POL006908,CLT00858,Auto,RC seule,2021-03-19,746,Active,Hauts-de-France
POL006909,CLT03126,Auto,Tous risques,2023-12-08,2367,Active,Centre-Val de Loire
POL006910,CLT03378,Auto,RC seule,2021-10-19,812,Résiliée,Bretagne
POL006911,CLT04346,Habitation,Basique,2023-11-05,1424,Résiliée,Nouvelle-Aquitaine
POL006912,CLT02050,Santé,Équilibré,2022-03-21,956,Résiliée,Auvergne-Rhône-Alpes
POL006913,CLT04793,Auto,RC seule,2022-01-25,747,Résiliée,Nouvelle-Aquitaine
POL006914,CLT00520,Habitation,Basique,2024-01-14,1516,Active,Hauts-de-France
POL006915,CLT03612,Auto,Tous risques,2022-09-15,2478,Active,Bretagne
POL006916,CLT01834,Habitation,Premium,2023-06-23,2975,Résiliée,Auvergne-Rhône-Alpes
POL006917,CLT03095,Habitation,Confort,2024-06-24,2220,Suspendue,Bretagne
POL006918,CLT00508,Habitation,Confort,2022-04-02,2058,Active,Bretagne
POL006919,CLT03833,Habitation,Confort,2022-03-19,1652,Active,Auvergne-Rhône-Alpes
POL006920,CLT01785,Habitation,Basique,2024-03-18,1254,Active,Nouvelle-Aquitaine
POL006921,CLT01299,Auto,Tiers étendu,2023-09-25,1329,Active,Centre-Val de Loire
POL006922,CLT02801,Auto,RC seule,2023-03-30,726,Active,Île-de-France
POL006923,CLT00643,Auto,Tous risques,2021-11-23,2451,Active,Provence-Alpes-Côte d'Azur
POL006924,CLT03494,Habitation,Confort,2023-12-08,1932,Résiliée,Bretagne
POL006925,CLT03350,Auto,RC seule,2023-05-25,1028,Résiliée,Bretagne
POL006926,CLT04143,Santé,Équilibré,2021-11-24,1214,Active,Nouvelle-Aquitaine
POL006927,CLT01061,Habitation,Premium,2023-01-09,3130,Active,Auvergne-Rhône-Alpes
POL006928,CLT04724,Auto,Tous risques,2022-05-29,2737,Active,Normandie
POL006929,CLT00341,Habitation,Basique,2022-08-27,945,Active,Grand Est
POL006930,CLT00146,Habitation,Premium,2024-02-02,2777,Active,Occitanie
POL006931,CLT04318,Santé,Essentiel,2022-06-04,709,Active,Centre-Val de Loire
POL006932,CLT03196,Habitation,Basique,2021-09-03,1041,Suspendue,Bretagne
POL006933,CLT02411,Habitation,Basique,2021-03-31,1303,Active,Bretagne
POL006934,CLT03314,Habitation,Premium,2022-01-11,3269,Active,Provence-Alpes-Côte d'Azur
POL006935,CLT01827,Santé,Essentiel,2022-02-17,664,Active,Normandie
POL006936,CLT00137,Habitation,Confort,2021-08-02,1954,Active,Nouvelle-Aquitaine
POL006937,CLT02388,Habitation,Confort,2023-11-24,1955,Active,Normandie
POL006938,CLT00188,Auto,RC seule,2022-04-08,983,Résiliée,Provence-Alpes-Côte d'Azur
POL006939,CLT01956,Santé,Essentiel,2022-10-15,455,Active,Normandie
POL006940,CLT04966,Habitation,Confort,2022-05-31,2009,Active,Grand Est
POL006941,CLT00713,Habitation,Basique,2023-10-14,1424,Active,Hauts-de-France
POL006942,CLT00886,Auto,Tiers étendu,2022-09-22,1166,Active,Occitanie
POL006943,CLT02868,Auto,Tous risques,2022-09-24,2690,Active,Provence-Alpes-Côte d'Azur
POL006944,CLT01089,Auto,RC seule,2022-12-30,966,Résiliée,Hauts-de-France
POL006945,CLT00488,Habitation,Premium,2023-06-27,2255,Active,Centre-Val de Loire
POL006946,CLT03664,Auto,RC seule,2021-01-02,851,Active,Occitanie
POL006947,CLT02629,Auto,Tiers étendu,2023-09-19,1420,Active,Centre-Val de Loire
POL006948,CLT03144,Habitation,Confort,2023-03-15,1780,Résiliée,Occitanie
POL006949,CLT01712,Auto,RC seule,2022-07-06,981,Active,Occitanie
POL006950,CLT02075,Habitation,Basique,2022-12-31,1093,Active,Hauts-de-France
POL006951,CLT00764,Santé,Équilibré,2021-11-03,1240,Active,Auvergne-Rhône-Alpes
POL006952,CLT03578,Auto,RC seule,2022-07-18,1028,Active,Centre-Val de Loire
POL006953,CLT01281,Santé,Essentiel,2022-05-11,692,Active,Nouvelle-Aquitaine
POL006954,CLT04471,Auto,Tiers étendu,2021-11-28,1469,Active,Grand Est
POL006955,CLT02963,Habitation,Confort,2021-05-04,2165,Active,Provence-Alpes-Côte d'Azur
POL006956,CLT00560,Auto,Tous risques,2021-03-02,2125,Active,Nouvelle-Aquitaine
POL006957,CLT02089,Habitation,Confort,2022-09-20,1735,Active,Centre-Val de Loire
POL006958,CLT00494,Auto,Tiers étendu,2021-11-14,1642,Active,Provence-Alpes-Côte d'Azur
POL006959,CLT04185,Habitation,Premium,2022-11-07,3064,Résiliée,Occitanie
POL006960,CLT03495,Santé,Équilibré,2022-05-26,954,Active,Normandie
POL006961,CLT04562,Habitation,Confort,2022-11-04,1745,Active,Provence-Alpes-Côte d'Azur
POL006962,CLT01099,Auto,Tous risques,2023-08-23,2030,Active,Hauts-de-France
POL006963,CLT02320,Auto,Tous risques,2023-07-15,3017,Active,Auvergne-Rhône-Alpes
POL006964,CLT00054,Habitation,Confort,2021-12-01,1808,Active,Grand Est
POL006965,CLT02917,Habitation,Confort,2023-06-03,1912,Suspendue,Normandie
POL006966,CLT01482,Habitation,Premium,2023-02-10,3211,Active,Bretagne
POL006967,CLT03183,Auto,RC seule,2022-05-31,790,Active,Normandie
POL006968,CLT02118,Auto,Tous risques,2024-04-11,2689,Active,Grand Est
POL006969,CLT04180,Habitation,Premium,2022-05-21,2564,Active,Centre-Val de Loire
POL006970,CLT02960,Habitation,Basique,2023-03-29,1508,Active,Grand Est
POL006971,CLT01389,Auto,RC seule,2024-03-30,926,Active,Normandie
POL006972,CLT00276,Auto,Tous risques,2023-10-11,2651,Résiliée,Normandie
POL006973,CLT02934,Habitation,Confort,2022-02-16,1192,Active,Nouvelle-Aquitaine
POL006974,CLT00092,Auto,Tiers étendu,2023-08-18,1197,Active,Grand Est
POL006975,CLT04970,Auto,Tiers étendu,2022-07-13,1399,Résiliée,Hauts-de-France
POL006976,CLT04190,Habitation,Premium,2021-10-28,2089,Résiliée,Centre-Val de Loire
POL006977,CLT04256,Habitation,Premium,2022-12-25,3202,Active,Occitanie
POL006978,CLT04242,Auto,Tiers étendu,2022-06-30,1569,Active,Provence-Alpes-Côte d'Azur
POL006979,CLT01077,Santé,Équilibré,2023-08-13,847,Résiliée,Hauts-de-France
POL006980,CLT01967,Habitation,Basique,2021-12-28,1201,Résiliée,Auvergne-Rhône-Alpes
POL006981,CLT00498,Auto,Tous risques,2022-06-16,2524,Résiliée,Hauts-de-France
POL006982,CLT04388,Habitation,Basique,2023-05-19,887,Active,Grand Est
POL006983,CLT03156,Habitation,Premium,2024-06-23,2461,Active,Nouvelle-Aquitaine
POL006984,CLT04571,Habitation,Basique,2023-07-14,1174,Active,Centre-Val de Loire
POL006985,CLT02089,Santé,Essentiel,2021-12-06,645,Active,Centre-Val de Loire
POL006986,CLT03813,Auto,RC seule,2024-02-01,972,Active,Provence-Alpes-Côte d'Azur
POL006987,CLT03936,Habitation,Confort,2022-12-01,2028,Résiliée,Auvergne-Rhône-Alpes
POL006988,CLT01005,Santé,Équilibré,2021-05-14,1084,Active,Provence-Alpes-Côte d'Azur
POL006989,CLT01734,Auto,Tiers étendu,2021-06-25,1572,Active,Centre-Val de Loire
POL006990,CLT04322,Habitation,Basique,2022-08-21,994,Active,Île-de-France
POL006991,CLT01766,Santé,Équilibré,2021-08-29,1036,Active,Provence-Alpes-Côte d'Azur
POL006992,CLT03403,Santé,Équilibré,2023-05-19,1003,Active,Île-de-France
POL006993,CLT03254,Habitation,Confort,2024-03-28,2238,Active,Normandie
POL006994,CLT03536,Habitation,Premium,2021-12-19,2991,Résiliée,Nouvelle-Aquitaine
POL006995,CLT00623,Habitation,Basique,2023-08-10,1137,Active,Île-de-France
POL006996,CLT01486,Auto,Tiers étendu,2024-02-05,1575,Active,Normandie
POL006997,CLT00348,Santé,Équilibré,2023-03-15,1074,Résiliée,Occitanie
POL006998,CLT00754,Habitation,Confort,2024-03-14,1741,Active,Normandie
POL006999,CLT04995,Auto,Tiers étendu,2023-01-29,1429,Active,Nouvelle-Aquitaine
POL007000,CLT01576,Santé,Complet,2024-05-08,1449,Active,Normandie
POL007001,CLT00213,Habitation,Basique,2021-05-24,1458,Active,Centre-Val de Loire
POL007002,CLT03617,Auto,RC seule,2021-09-21,970,Suspendue,Île-de-France
POL007003,CLT03919,Santé,Complet,2021-07-16,1757,Suspendue,Centre-Val de Loire
POL007004,CLT02834,Santé,Équilibré,2022-01-16,951,Résiliée,Centre-Val de Loire
POL007005,CLT00543,Habitation,Premium,2022-11-14,3249,Active,Provence-Alpes-Côte d'Azur
POL007006,CLT00755,Habitation,Premium,2023-07-13,3522,Résiliée,Grand Est
POL007007,CLT03562,Habitation,Confort,2024-05-25,1770,Active,Normandie
POL007008,CLT00959,Auto,Tous risques,2023-03-13,2302,Résiliée,Auvergne-Rhône-Alpes
POL007009,CLT02440,Auto,Tiers étendu,2022-01-31,1157,Active,Provence-Alpes-Côte d'Azur
POL007010,CLT02425,Auto,RC seule,2021-01-17,864,Résiliée,Grand Est
POL007011,CLT02956,Auto,Tiers étendu,2021-12-25,1415,Résiliée,Nouvelle-Aquitaine
POL007012,CLT00726,Auto,RC seule,2022-09-07,775,Active,Centre-Val de Loire
POL007013,CLT03696,Auto,Tous risques,2021-05-22,2710,Active,Auvergne-Rhône-Alpes
POL007014,CLT04824,Habitation,Basique,2024-03-15,1104,Active,Nouvelle-Aquitaine
POL007015,CLT03679,Habitation,Basique,2023-09-11,1473,Active,Île-de-France
POL007016,CLT03512,Habitation,Confort,2023-01-28,1874,Active,Centre-Val de Loire
POL007017,CLT01529,Auto,Tous risques,2022-03-20,2300,Active,Grand Est
POL007018,CLT03039,Auto,Tous risques,2022-01-31,2867,Active,Occitanie
POL007019,CLT03858,Habitation,Confort,2022-04-17,1319,Active,Hauts-de-France
POL007020,CLT03552,Auto,Tiers étendu,2022-09-08,1455,Suspendue,Bretagne
POL007021,CLT02556,Habitation,Premium,2023-11-06,2555,Résiliée,Nouvelle-Aquitaine
POL007022,CLT00249,Habitation,Premium,2022-02-02,2277,Active,Bretagne
POL007023,CLT03380,Santé,Complet,2024-03-02,1244,Active,Grand Est
POL007024,CLT00223,Auto,Tiers étendu,2021-02-17,1511,Active,Île-de-France
POL007025,CLT04756,Auto,Tiers étendu,2021-10-15,1339,Active,Centre-Val de Loire
POL007026,CLT00734,Habitation,Basique,2023-07-05,1354,Active,Hauts-de-France
POL007027,CLT01741,Habitation,Premium,2022-11-30,2914,Active,Île-de-France
POL007028,CLT04933,Habitation,Confort,2021-12-14,1810,Active,Provence-Alpes-Côte d'Azur
POL007029,CLT04744,Habitation,Confort,2021-10-03,1806,Résiliée,Normandie
POL007030,CLT00774,Auto,RC seule,2023-11-14,906,Active,Centre-Val de Loire
POL007031,CLT04851,Habitation,Basique,2024-05-05,1160,Résiliée,Nouvelle-Aquitaine
POL007032,CLT00336,Auto,Tous risques,2023-01-23,2102,Active,Occitanie
POL007033,CLT02442,Habitation,Confort,2023-06-10,2053,Active,Hauts-de-France
POL007034,CLT00499,Habitation,Premium,2023-11-17,2744,Active,Nouvelle-Aquitaine
POL007035,CLT01946,Auto,Tiers étendu,2021-03-05,1421,Active,Bretagne
POL007036,CLT02677,Habitation,Confort,2023-05-11,1960,Active,Grand Est
POL007037,CLT00650,Santé,Complet,2021-08-31,1685,Résiliée,Normandie
POL007038,CLT02247,Auto,RC seule,2021-01-02,844,Résiliée,Île-de-France
POL007039,CLT04044,Auto,RC seule,2021-08-09,1070,Active,Provence-Alpes-Côte d'Azur
POL007040,CLT02819,Auto,RC seule,2024-06-30,1020,Active,Normandie
POL007041,CLT00672,Habitation,Confort,2021-08-09,1977,Active,Grand Est
POL007042,CLT00387,Habitation,Basique,2023-02-16,1181,Active,Île-de-France
POL007043,CLT04015,Habitation,Basique,2024-03-11,1152,Active,Centre-Val de Loire
POL007044,CLT03020,Santé,Essentiel,2022-02-22,605,Active,Centre-Val de Loire
POL007045,CLT00206,Santé,Complet,2021-06-02,1205,Active,Bretagne
POL007046,CLT04259,Auto,Tous risques,2022-11-28,2330,Résiliée,Provence-Alpes-Côte d'Azur
POL007047,CLT01776,Santé,Équilibré,2024-07-02,1156,Active,Grand Est
POL007048,CLT01723,Habitation,Basique,2022-02-05,1404,Active,Auvergne-Rhône-Alpes
POL007049,CLT04979,Habitation,Basique,2021-01-07,1166,Résiliée,Bretagne
POL007050,CLT03392,Auto,RC seule,2022-02-07,1037,Active,Centre-Val de Loire
POL007051,CLT00238,Auto,RC seule,2022-12-06,1161,Suspendue,Provence-Alpes-Côte d'Azur
POL007052,CLT01416,Santé,Équilibré,2024-02-23,935,Active,Occitanie
POL007053,CLT04601,Habitation,Confort,2024-01-10,1978,Active,Bretagne
POL007054,CLT02462,Santé,Équilibré,2022-06-27,643,Active,Occitanie
POL007055,CLT04517,Santé,Essentiel,2022-12-31,475,Suspendue,Occitanie
POL007056,CLT00797,Habitation,Confort,2022-03-07,1916,Active,Occitanie
POL007057,CLT02317,Auto,RC seule,2023-07-12,857,Active,Auvergne-Rhône-Alpes
POL007058,CLT02370,Auto,Tous risques,2024-03-04,3020,Active,Centre-Val de Loire
POL007059,CLT01631,Habitation,Confort,2022-04-26,2034,Active,Occitanie
POL007060,CLT04745,Auto,RC seule,2023-03-31,1059,Active,Normandie
POL007061,CLT00218,Habitation,Confort,2023-01-08,1906,Active,Bretagne
POL007062,CLT04157,Santé,Essentiel,2023-10-30,524,Résiliée,Grand Est
POL007063,CLT03103,Habitation,Confort,2022-06-19,1791,Active,Occitanie
POL007064,CLT01550,Habitation,Basique,2021-01-29,1277,Active,Bretagne
POL007065,CLT04218,Habitation,Confort,2021-10-20,1645,Active,Grand Est
POL007066,CLT04423,Santé,Essentiel,2023-11-19,671,Active,Auvergne-Rhône-Alpes
POL007067,CLT04987,Habitation,Premium,2021-04-03,3276,Active,Occitanie
POL007068,CLT00195,Auto,Tiers étendu,2021-06-19,1484,Active,Hauts-de-France
POL007069,CLT03017,Santé,Complet,2023-04-19,1062,Active,Occitanie
POL007070,CLT02506,Habitation,Basique,2021-05-07,1463,Active,Provence-Alpes-Côte d'Azur
POL007071,CLT04264,Habitation,Confort,2022-01-22,2001,Active,Grand Est
POL007072,CLT00184,Habitation,Basique,2021-08-29,1649,Résiliée,Grand Est
POL007073,CLT00117,Auto,Tiers étendu,2024-02-08,1556,Active,Auvergne-Rhône-Alpes
POL007074,CLT03165,Auto,Tous risques,2021-01-05,2312,Active,Auvergne-Rhône-Alpes
POL007075,CLT02263,Habitation,Basique,2021-08-12,1274,Active,Hauts-de-France
POL007076,CLT01108,Habitation,Confort,2023-11-03,1342,Résiliée,Bretagne
POL007077,CLT00069,Santé,Équilibré,2022-10-29,1137,Active,Île-de-France
POL007078,CLT02678,Santé,Équilibré,2023-02-28,1390,Active,Provence-Alpes-Côte d'Azur
POL007079,CLT02959,Auto,RC seule,2021-07-27,693,Résiliée,Nouvelle-Aquitaine
POL007080,CLT04621,Habitation,Basique,2021-04-30,1166,Active,Bretagne
POL007081,CLT01059,Auto,RC seule,2022-06-08,946,Active,Hauts-de-France
POL007082,CLT03534,Auto,RC seule,2022-09-23,1082,Active,Occitanie
POL007083,CLT01919,Auto,Tous risques,2021-03-19,3344,Active,Auvergne-Rhône-Alpes
POL007084,CLT02809,Santé,Essentiel,2023-04-23,640,Résiliée,Nouvelle-Aquitaine
POL007085,CLT01080,Auto,Tous risques,2023-04-26,3445,Suspendue,Île-de-France
POL007086,CLT04617,Auto,RC seule,2021-05-04,972,Active,Normandie
POL007087,CLT00527,Auto,RC seule,2021-02-16,960,Active,Provence-Alpes-Côte d'Azur
POL007088,CLT03726,Habitation,Basique,2023-01-26,1252,Active,Auvergne-Rhône-Alpes
POL007089,CLT03197,Habitation,Premium,2022-01-18,3441,Active,Bretagne
POL007090,CLT01575,Auto,RC seule,2022-08-24,900,Active,Île-de-France
POL007091,CLT02307,Auto,RC seule,2023-11-01,1001,Active,Occitanie
POL007092,CLT03987,Auto,Tiers étendu,2021-04-25,1159,Active,Nouvelle-Aquitaine
POL007093,CLT01637,Habitation,Premium,2024-03-16,2778,Active,Hauts-de-France
POL007094,CLT00112,Auto,Tiers étendu,2021-01-16,1332,Active,Auvergne-Rhône-Alpes
POL007095,CLT02215,Auto,Tiers étendu,2023-06-12,1478,Active,Centre-Val de Loire
POL007096,CLT03255,Auto,Tous risques,2023-10-05,2209,Active,Île-de-France
POL007097,CLT00216,Habitation,Confort,2023-08-15,2089,Active,Bretagne
POL007098,CLT01002,Santé,Complet,2023-02-03,1284,Active,Normandie
POL007099,CLT02866,Habitation,Premium,2024-03-18,2113,Active,Centre-Val de Loire
POL007100,CLT00689,Auto,RC seule,2024-02-05,780,Active,Île-de-France
POL007101,CLT02927,Habitation,Premium,2021-12-09,3310,Active,Occitanie
POL007102,CLT02098,Auto,RC seule,2021-10-10,893,Active,Île-de-France
POL007103,CLT01625,Auto,RC seule,2022-06-26,988,Active,Auvergne-Rhône-Alpes
POL007104,CLT03929,Santé,Équilibré,2024-03-06,975,Active,Occitanie
POL007105,CLT01328,Auto,RC seule,2021-06-05,1001,Active,Île-de-France
POL007106,CLT03760,Santé,Essentiel,2021-08-06,624,Active,Île-de-France
POL007107,CLT01999,Habitation,Basique,2022-10-02,1619,Active,Provence-Alpes-Côte d'Azur
POL007108,CLT04020,Habitation,Basique,2022-05-16,1578,Active,Hauts-de-France
POL007109,CLT02973,Santé,Complet,2021-10-08,1425,Active,Occitanie
POL007110,CLT01861,Auto,RC seule,2021-10-11,887,Active,Occitanie
POL007111,CLT00536,Auto,RC seule,2021-08-20,1310,Active,Centre-Val de Loire
POL007112,CLT02308,Auto,Tous risques,2022-01-14,1922,Active,Nouvelle-Aquitaine
POL007113,CLT02035,Habitation,Confort,2021-02-26,1868,Suspendue,Occitanie
POL007114,CLT03042,Auto,Tous risques,2021-10-10,2272,Active,Nouvelle-Aquitaine
POL007115,CLT03920,Santé,Essentiel,2021-09-17,616,Active,Hauts-de-France
POL007116,CLT02505,Habitation,Basique,2023-08-27,942,Active,Centre-Val de Loire
POL007117,CLT04245,Santé,Équilibré,2022-12-21,1139,Active,Grand Est
POL007118,CLT04847,Auto,Tous risques,2021-06-09,2080,Active,Grand Est
POL007119,CLT02849,Auto,Tiers étendu,2023-06-09,1742,Active,Grand Est
POL007120,CLT03116,Habitation,Confort,2023-04-06,1474,Active,Auvergne-Rhône-Alpes
POL007121,CLT04627,Auto,RC seule,2021-03-24,909,Active,Centre-Val de Loire
POL007122,CLT00869,Habitation,Basique,2022-10-06,950,Active,Occitanie
POL007123,CLT02918,Habitation,Basique,2021-07-14,879,Active,Auvergne-Rhône-Alpes
POL007124,CLT03962,Santé,Complet,2022-08-01,1318,Active,Bretagne
POL007125,CLT03026,Santé,Équilibré,2022-04-28,905,Active,Hauts-de-France
POL007126,CLT01133,Auto,Tiers étendu,2022-09-16,1786,Active,Auvergne-Rhône-Alpes
POL007127,CLT00916,Auto,Tous risques,2021-06-02,2292,Active,Bretagne
POL007128,CLT03327,Habitation,Confort,2023-08-24,2248,Active,Nouvelle-Aquitaine
POL007129,CLT02519,Santé,Équilibré,2023-09-24,932,Active,Bretagne
POL007130,CLT00938,Auto,Tous risques,2024-04-02,2419,Active,Normandie
POL007131,CLT00557,Habitation,Basique,2023-10-09,1155,Active,Provence-Alpes-Côte d'Azur
POL007132,CLT03717,Auto,Tiers étendu,2022-02-08,1245,Active,Nouvelle-Aquitaine
POL007133,CLT02638,Habitation,Premium,2023-11-23,2077,Active,Bretagne
POL007134,CLT01490,Auto,RC seule,2023-04-06,962,Résiliée,Occitanie
POL007135,CLT02477,Auto,Tiers étendu,2022-08-08,1492,Active,Grand Est
POL007136,CLT04758,Santé,Équilibré,2022-07-30,1099,Active,Centre-Val de Loire
POL007137,CLT04518,Habitation,Premium,2023-11-30,2988,Active,Occitanie
POL007138,CLT02925,Habitation,Confort,2021-05-15,2332,Active,Auvergne-Rhône-Alpes
POL007139,CLT04078,Habitation,Confort,2022-07-26,1854,Active,Grand Est
POL007140,CLT01280,Habitation,Premium,2023-11-09,3206,Active,Nouvelle-Aquitaine
POL007141,CLT01393,Auto,Tous risques,2023-06-24,2185,Active,Hauts-de-France
POL007142,CLT01679,Auto,Tiers étendu,2021-04-17,1275,Active,Grand Est
POL007143,CLT04414,Habitation,Premium,2023-07-29,3096,Active,Normandie
POL007144,CLT04412,Habitation,Confort,2023-12-14,1856,Active,Auvergne-Rhône-Alpes
POL007145,CLT04013,Habitation,Confort,2022-08-29,2014,Résiliée,Centre-Val de Loire
POL007146,CLT03799,Auto,Tiers étendu,2023-11-27,1487,Active,Provence-Alpes-Côte d'Azur
POL007147,CLT03072,Habitation,Confort,2022-04-27,1627,Active,Bretagne
POL007148,CLT01986,Habitation,Confort,2023-11-24,2180,Résiliée,Bretagne
POL007149,CLT04260,Auto,Tiers étendu,2022-11-01,1229,Résiliée,Auvergne-Rhône-Alpes
POL007150,CLT00991,Santé,Complet,2022-07-22,1661,Active,Bretagne
POL007151,CLT02883,Auto,Tiers étendu,2023-07-25,1668,Active,Bretagne
POL007152,CLT00245,Habitation,Confort,2021-05-05,1834,Active,Centre-Val de Loire
POL007153,CLT03621,Habitation,Premium,2023-02-04,3390,Active,Auvergne-Rhône-Alpes
POL007154,CLT01725,Auto,RC seule,2023-09-21,950,Active,Bretagne
POL007155,CLT02148,Auto,Tiers étendu,2022-12-21,1683,Active,Bretagne
POL007156,CLT00889,Habitation,Confort,2024-02-10,1657,Active,Normandie
POL007157,CLT03669,Habitation,Basique,2023-01-22,1312,Active,Centre-Val de Loire
POL007158,CLT01332,Auto,Tous risques,2023-10-18,1712,Active,Normandie
POL007159,CLT04357,Auto,RC seule,2023-04-07,1182,Active,Bretagne
POL007160,CLT01276,Habitation,Confort,2022-03-19,1385,Active,Provence-Alpes-Côte d'Azur
POL007161,CLT01266,Habitation,Basique,2021-11-12,1180,Active,Occitanie
POL007162,CLT01042,Auto,RC seule,2023-05-07,861,Active,Normandie
POL007163,CLT04677,Auto,Tiers étendu,2023-02-10,1706,Active,Bretagne
POL007164,CLT00506,Santé,Complet,2021-08-07,2173,Active,Auvergne-Rhône-Alpes
POL007165,CLT04207,Habitation,Basique,2023-04-23,1309,Active,Bretagne
POL007166,CLT01900,Auto,RC seule,2021-04-23,1260,Active,Île-de-France
POL007167,CLT01318,Santé,Équilibré,2022-12-03,843,Active,Hauts-de-France
POL007168,CLT01599,Habitation,Basique,2021-01-03,1019,Active,Centre-Val de Loire
POL007169,CLT02846,Auto,Tous risques,2023-03-07,1966,Résiliée,Normandie
POL007170,CLT00930,Habitation,Premium,2022-11-19,2857,Résiliée,Bretagne
POL007171,CLT04259,Auto,Tiers étendu,2021-09-17,1273,Active,Provence-Alpes-Côte d'Azur
POL007172,CLT02049,Habitation,Basique,2021-07-31,1090,Résiliée,Hauts-de-France
POL007173,CLT00224,Santé,Complet,2021-12-16,1733,Active,Occitanie
POL007174,CLT04668,Auto,Tiers étendu,2021-03-11,1256,Active,Auvergne-Rhône-Alpes
POL007175,CLT03375,Auto,Tous risques,2021-07-17,1844,Résiliée,Auvergne-Rhône-Alpes
POL007176,CLT00982,Habitation,Premium,2022-10-08,2726,Active,Bretagne
POL007177,CLT03083,Habitation,Premium,2024-03-26,2697,Active,Grand Est
POL007178,CLT02764,Habitation,Basique,2021-06-15,1491,Résiliée,Centre-Val de Loire
POL007179,CLT01736,Auto,RC seule,2021-03-09,830,Active,Île-de-France
POL007180,CLT00383,Santé,Essentiel,2021-04-03,556,Résiliée,Normandie
POL007181,CLT03748,Auto,RC seule,2023-08-14,1025,Active,Normandie
POL007182,CLT04895,Santé,Complet,2024-03-06,1738,Active,Hauts-de-France
POL007183,CLT03279,Habitation,Basique,2024-01-13,1418,Active,Île-de-France
POL007184,CLT00271,Auto,Tous risques,2023-08-23,2514,Active,Grand Est
POL007185,CLT04341,Habitation,Basique,2023-10-27,1262,Active,Grand Est
POL007186,CLT04227,Auto,RC seule,2022-02-28,990,Active,Bretagne
POL007187,CLT02868,Auto,Tous risques,2021-11-05,2112,Résiliée,Provence-Alpes-Côte d'Azur
POL007188,CLT04339,Auto,Tous risques,2021-12-03,2189,Active,Auvergne-Rhône-Alpes
POL007189,CLT03814,Habitation,Basique,2022-08-10,985,Active,Provence-Alpes-Côte d'Azur
POL007190,CLT00246,Auto,RC seule,2022-01-19,1048,Active,Occitanie
POL007191,CLT04508,Habitation,Basique,2022-05-28,1295,Active,Normandie
POL007192,CLT02284,Santé,Complet,2021-12-13,1810,Active,Nouvelle-Aquitaine
POL007193,CLT03245,Habitation,Basique,2022-09-29,801,Active,Auvergne-Rhône-Alpes
POL007194,CLT04797,Auto,Tiers étendu,2024-03-15,1593,Active,Centre-Val de Loire
POL007195,CLT01084,Auto,Tous risques,2023-02-20,1988,Active,Nouvelle-Aquitaine
POL007196,CLT03159,Habitation,Confort,2021-03-13,2187,Active,Occitanie
POL007197,CLT03114,Auto,RC seule,2024-06-04,980,Résiliée,Auvergne-Rhône-Alpes
POL007198,CLT03005,Auto,RC seule,2021-04-02,941,Active,Centre-Val de Loire
POL007199,CLT02173,Auto,Tiers étendu,2021-03-09,1326,Active,Auvergne-Rhône-Alpes
POL007200,CLT03396,Habitation,Premium,2022-11-08,3118,Active,Auvergne-Rhône-Alpes
