sinistre_id,police_id,client_id,type_produit,type_sinistre,date_survenance,date_declaration,montant_reclame,montant_indemnise,statut,nb_jours_traitement,delai_declaration_j,fraude_potentielle
SIN0000001,POL000005,CLT03993,Habitation,Dégât des eaux,2022-06-26,2022-07-03,2135,1889,Litigieux,77,7,0
SIN0000002,POL000007,CLT00209,Santé,Maternité,2023-01-16,2023-01-28,1848,1406,Fermé,29,12,0
SIN0000003,POL000007,CLT00209,Santé,Soins courants,2024-07-16,2024-07-28,170,117,Fermé,22,12,0
SIN0000004,POL000008,CLT00911,Auto,Bris de glace,2023-09-17,2023-10-14,542,405,Fermé,23,27,0
SIN0000005,POL000009,CLT02516,Habitation,Vol/Cambriolage,2023-09-25,2023-10-05,9698,6857,Ouvert,47,10,0
SIN0000006,POL000011,CLT01818,Habitation,Dégât des eaux,2023-07-04,2023-07-25,5515,5169,Fermé,24,21,0
SIN0000007,POL000012,CLT01244,Habitation,Dégât des eaux,2021-11-29,2021-12-01,8154,5892,Ouvert,33,2,0
SIN0000008,POL000013,CLT02971,Habitation,Dégât des eaux,2024-03-25,2024-04-05,7256,5901,Fermé,10,11,0
SIN0000009,POL000022,CLT01585,Auto,Vol,2022-10-08,2022-11-02,3582,2389,Litigieux,49,25,0
SIN0000010,POL000024,CLT01244,Auto,Accident matériel,2023-05-13,2023-06-12,3455,2542,Fermé,9,30,0
SIN0000011,POL000026,CLT04903,Habitation,Dégât des eaux,2024-05-17,2024-05-21,5928,5517,Litigieux,93,4,0
SIN0000012,POL000026,CLT04903,Habitation,Incendie,2022-11-15,2022-12-02,30447,22174,Fermé,30,17,0
SIN0000013,POL000026,CLT04903,Habitation,Catastrophe naturelle,2023-10-08,2023-10-10,8601,7000,Fermé,16,2,0
SIN0000014,POL000026,CLT04903,Habitation,Vol/Cambriolage,2023-02-16,2023-02-21,2162,1859,Fermé,16,5,0
SIN0000015,POL000027,CLT04434,Habitation,Catastrophe naturelle,2024-04-24,2024-05-21,21571,13414,Ouvert,28,27,0
SIN0000016,POL000027,CLT04434,Habitation,Incendie,2024-03-13,2024-03-31,15642,11102,Fermé,12,18,0
SIN0000017,POL000030,CLT03992,Habitation,Bris de glace,2023-03-01,2023-03-02,224,192,Fermé,28,1,0
SIN0000018,POL000037,CLT03997,Habitation,Catastrophe naturelle,2023-08-27,2023-09-11,13760,7782,Fermé,17,15,0
SIN0000019,POL000037,CLT03997,Habitation,Catastrophe naturelle,2023-06-04,2023-06-15,10179,8490,Ouvert,37,11,0
SIN0000020,POL000039,CLT00963,Santé,Soins courants,2024-10-19,2024-11-01,277,203,Ouvert,25,13,0
SIN0000021,POL000039,CLT00963,Santé,Optique,2024-04-15,2024-05-02,182,167,Litigieux,153,17,0
SIN0000022,POL000046,CLT00392,Auto,Accident corporel,2023-08-24,2023-09-03,21837,17744,Fermé,5,10,0
SIN0000023,POL000050,CLT02506,Auto,Accident matériel,2023-09-05,2023-09-20,4086,3854,Litigieux,33,15,0
SIN0000024,POL000051,CLT04074,Habitation,Vol/Cambriolage,2024-06-05,2024-06-26,6522,5051,Ouvert,18,21,0
SIN0000025,POL000053,CLT01381,Auto,Accident corporel,2024-04-08,2024-04-27,17551,10759,Fermé,6,19,0
SIN0000026,POL000055,CLT03261,Habitation,Dégât des eaux,2022-10-08,2022-10-22,2218,1999,Ouvert,17,14,0
SIN0000027,POL000055,CLT03261,Habitation,Dégât des eaux,2022-02-24,2022-03-02,3658,2728,Ouvert,19,6,0
SIN0000028,POL000059,CLT03626,Santé,Soins courants,2022-11-10,2022-11-25,182,110,Ouvert,15,15,0
SIN0000029,POL000059,CLT03626,Santé,Optique,2022-09-04,2022-09-25,281,178,Fermé,28,21,0
SIN0000030,POL000061,CLT01851,Auto,Vol,2023-05-18,2023-06-14,3390,2259,Fermé,13,27,0
SIN0000031,POL000063,CLT03396,Habitation,Dégât des eaux,2024-05-31,2024-06-23,2502,1987,Ouvert,40,23,0
SIN0000032,POL000068,CLT04158,Habitation,Dégât des eaux,2022-12-20,2023-01-19,6655,3873,Fermé,23,30,0
SIN0000033,POL000073,CLT01212,Auto,Bris de glace,2023-12-25,2023-12-31,738,442,Fermé,14,6,0
SIN0000034,POL000074,CLT00226,Habitation,Dégât des eaux,2024-05-23,2024-05-28,6517,5954,Ouvert,33,5,0
SIN0000035,POL000074,CLT00226,Habitation,Dégât des eaux,2023-09-08,2023-09-27,9385,5356,Fermé,25,19,0
SIN0000036,POL000075,CLT01763,Habitation,Bris de glace,2023-11-16,2023-12-15,1060,888,Fermé,21,29,0
SIN0000037,POL000076,CLT04669,Habitation,Dégât des eaux,2024-09-13,2024-10-09,3248,1994,Ouvert,39,26,0
SIN0000038,POL000077,CLT04421,Santé,Optique,2021-05-21,2021-05-29,282,198,Fermé,11,8,0
SIN0000039,POL000079,CLT00582,Habitation,Dégât des eaux,2022-11-24,2022-12-08,3349,2463,Fermé,13,14,0
SIN0000040,POL000080,CLT02039,Santé,Dentaire,2023-11-08,2023-12-04,655,394,Fermé,20,26,0
SIN0000041,POL000085,CLT01512,Auto,Accident matériel,2023-09-12,2023-09-16,1810,1197,Fermé,12,4,0
SIN0000042,POL000087,CLT04966,Auto,Bris de glace,2024-06-13,2024-06-18,693,555,Fermé,9,5,0
SIN0000043,POL000089,CLT02509,Auto,Accident matériel,2024-08-07,2024-08-18,5141,3174,Fermé,15,11,0
SIN0000044,POL000091,CLT04385,Auto,Accident matériel,2022-05-29,2022-06-10,3803,2114,Fermé,23,12,0
SIN0000045,POL000092,CLT04703,Auto,Accident matériel,2023-01-14,2023-02-01,1908,1204,Litigieux,143,18,0
SIN0000046,POL000093,CLT03647,Auto,Accident matériel,2024-02-24,2024-02-26,7440,5105,Fermé,17,2,0
SIN0000047,POL000095,CLT01478,Habitation,Dégât des eaux,2021-12-11,2021-12-24,7012,4495,Fermé,17,13,0
SIN0000048,POL000096,CLT04944,Auto,Accident matériel,2023-09-21,2023-10-17,6935,5249,Fermé,15,26,0
SIN0000049,POL000099,CLT04021,Auto,Bris de glace,2023-08-22,2023-08-28,455,363,Fermé,18,6,0
SIN0000050,POL000104,CLT03089,Auto,Bris de glace,2021-08-11,2021-09-10,805,511,Fermé,15,30,0
SIN0000051,POL000109,CLT02882,Santé,Dentaire,2024-05-04,2024-05-31,1053,845,Fermé,23,27,0
SIN0000052,POL000112,CLT00598,Habitation,Incendie,2024-08-18,2024-09-16,20563,16052,Litigieux,46,29,0
SIN0000053,POL000114,CLT00039,Santé,Maternité,2023-02-12,2023-02-28,1670,1094,Fermé,9,16,0
SIN0000054,POL000120,CLT03240,Auto,Vol,2024-04-06,2024-04-10,11035,8902,Fermé,23,4,0
SIN0000055,POL000121,CLT01827,Auto,Accident matériel,2022-05-19,2022-06-05,2397,1433,Fermé,17,17,0
SIN0000056,POL000121,CLT01827,Auto,Accident matériel,2023-12-09,2024-01-05,3786,3073,Fermé,18,27,0
SIN0000057,POL000123,CLT02102,Santé,Maternité,2024-06-12,2024-06-30,1233,1057,Fermé,21,18,0
SIN0000058,POL000124,CLT02347,Auto,Accident matériel,2021-12-18,2021-12-30,917,860,Fermé,28,12,0
SIN0000059,POL000124,CLT02347,Auto,Bris de glace,2023-08-19,2023-08-30,362,254,Fermé,29,11,0
SIN0000060,POL000125,CLT03236,Santé,Optique,2024-10-31,2024-11-12,670,571,Ouvert,27,12,0
SIN0000061,POL000125,CLT03236,Santé,Optique,2023-10-06,2023-10-07,192,130,Fermé,9,1,0
SIN0000062,POL000132,CLT01644,Santé,Soins courants,2023-11-26,2023-12-05,278,172,Fermé,23,9,0
SIN0000063,POL000133,CLT02391,Habitation,Catastrophe naturelle,2024-01-15,2024-02-05,8553,5237,Fermé,14,21,0
SIN0000064,POL000134,CLT03596,Auto,Accident matériel,2024-03-31,2024-03-31,1648,1273,Fermé,11,0,0
SIN0000065,POL000135,CLT02358,Habitation,Catastrophe naturelle,2023-06-27,2023-07-01,15442,12408,Fermé,8,4,0
SIN0000066,POL000139,CLT00981,Santé,Dentaire,2022-01-26,2022-02-08,733,530,Fermé,20,13,0
SIN0000067,POL000139,CLT00981,Santé,Optique,2022-09-21,2022-10-13,484,379,Ouvert,10,22,0
SIN0000068,POL000139,CLT00981,Santé,Soins courants,2021-10-02,2021-10-29,494,371,Fermé,14,27,0
SIN0000069,POL000146,CLT03537,Santé,Soins courants,2023-11-18,2023-12-13,275,244,Fermé,23,25,0
SIN0000070,POL000146,CLT03537,Santé,Dentaire,2024-02-12,2024-02-28,505,470,Fermé,28,16,0
SIN0000071,POL000147,CLT04436,Santé,Dentaire,2024-12-07,2024-12-07,648,548,Ouvert,17,0,0
SIN0000072,POL000147,CLT04436,Santé,Soins courants,2022-04-14,2022-04-28,263,219,Fermé,6,14,0
SIN0000073,POL000149,CLT03706,Auto,Vol,2024-09-11,2024-10-10,4719,2849,Ouvert,16,29,0
SIN0000074,POL000150,CLT03268,Auto,Vol,2023-04-18,2023-04-18,3262,3006,Fermé,11,0,0
SIN0000075,POL000153,CLT02515,Auto,Accident matériel,2024-04-07,2024-04-10,1889,1061,Fermé,15,3,0
SIN0000076,POL000153,CLT02515,Auto,Accident matériel,2023-06-02,2023-06-04,4149,2837,Litigieux,111,2,0
SIN0000077,POL000155,CLT01634,Auto,Vol,2023-01-04,2023-01-25,4509,3576,Fermé,12,21,0
SIN0000078,POL000156,CLT04240,Auto,Accident matériel,2023-08-07,2023-09-06,1853,1060,Fermé,26,30,0
SIN0000079,POL000158,CLT03293,Habitation,Bris de glace,2022-03-17,2022-04-14,602,455,Litigieux,88,28,0
SIN0000080,POL000158,CLT03293,Habitation,Bris de glace,2022-12-10,2023-01-03,248,190,Fermé,19,24,0
SIN0000081,POL000160,CLT04347,Habitation,Vol/Cambriolage,2023-07-22,2023-08-18,6540,5772,Fermé,11,27,0
SIN0000082,POL000165,CLT02374,Auto,Accident matériel,2024-09-25,2024-10-25,2940,2433,Ouvert,21,30,0
SIN0000083,POL000167,CLT04602,Habitation,Dégât des eaux,2023-12-08,2024-01-02,6230,5350,Fermé,23,25,0
SIN0000084,POL000170,CLT03907,Auto,Incendie,2024-12-18,2024-12-31,24203,21418,Ouvert,26,21,0
SIN0000085,POL000176,CLT04053,Auto,Bris de glace,2023-09-19,2023-10-07,643,453,Litigieux,95,18,0
SIN0000086,POL000178,CLT00193,Habitation,Dégât des eaux,2024-05-19,2024-06-10,9094,6751,Fermé,21,22,0
SIN0000087,POL000179,CLT02512,Auto,Bris de glace,2023-11-12,2023-11-26,389,365,Fermé,22,14,0
SIN0000088,POL000184,CLT02803,Auto,Accident matériel,2024-05-23,2024-05-26,3183,2947,Ouvert,43,3,0
SIN0000089,POL000184,CLT02803,Auto,Vol,2022-09-15,2022-09-28,4343,3778,Fermé,16,13,0
SIN0000090,POL000186,CLT00695,Santé,Maternité,2024-09-09,2024-09-28,903,786,Fermé,14,19,0
SIN0000091,POL000192,CLT01137,Auto,Accident matériel,2023-10-20,2023-10-30,3014,2202,Fermé,11,10,0
SIN0000092,POL000192,CLT01137,Auto,Bris de glace,2023-11-21,2023-11-24,244,192,Ouvert,27,3,0
SIN0000093,POL000194,CLT00651,Auto,Accident corporel,2023-09-17,2023-10-14,49941,31599,Fermé,18,27,0
SIN0000094,POL000195,CLT01617,Habitation,Dégât des eaux,2022-02-08,2022-02-18,7414,5992,Fermé,12,10,0
SIN0000095,POL000197,CLT00652,Auto,Accident corporel,2021-12-01,2021-12-16,27816,17196,Ouvert,51,15,0
SIN0000096,POL000197,CLT00652,Auto,Vol,2023-02-19,2023-03-03,5419,3902,Fermé,9,12,0
SIN0000097,POL000198,CLT04714,Santé,Optique,2022-11-18,2022-12-03,511,475,Fermé,24,15,0
SIN0000098,POL000199,CLT02633,Habitation,Catastrophe naturelle,2024-04-06,2024-05-06,16334,13244,Fermé,7,30,0
SIN0000099,POL000202,CLT02062,Auto,Accident matériel,2023-11-21,2023-12-16,8461,5358,Fermé,29,25,0
SIN0000100,POL000202,CLT02062,Auto,Accident corporel,2021-05-07,2021-05-28,25296,21189,Fermé,24,21,0
SIN0000101,POL000204,CLT03654,Auto,Bris de glace,2022-04-13,2022-05-02,543,425,Fermé,9,19,0
SIN0000102,POL000209,CLT02658,Santé,Dentaire,2024-01-10,2024-01-12,473,421,Fermé,10,2,0
SIN0000103,POL000213,CLT01507,Auto,Vol,2023-09-28,2023-10-17,4512,2677,Ouvert,7,19,0
SIN0000104,POL000218,CLT04980,Auto,Vol,2024-05-24,2024-06-10,12823,7638,Litigieux,145,17,0
SIN0000105,POL000221,CLT04339,Auto,Accident matériel,2024-11-06,2024-11-18,4828,2866,Ouvert,32,12,0
SIN0000106,POL000223,CLT02673,Habitation,Bris de glace,2022-10-17,2022-11-14,369,334,Ouvert,8,28,0
SIN0000107,POL000227,CLT03849,Santé,Optique,2022-05-05,2022-05-25,214,172,Fermé,12,20,0
SIN0000108,POL000227,CLT03849,Santé,Dentaire,2024-01-28,2024-02-07,747,473,Fermé,5,10,0
SIN0000109,POL000229,CLT02180,Auto,Accident matériel,2022-08-29,2022-09-11,4341,3814,Fermé,27,13,0
SIN0000110,POL000234,CLT04896,Habitation,Dégât des eaux,2022-11-12,2022-11-13,3053,2488,Fermé,19,1,0
SIN0000111,POL000235,CLT01597,Habitation,Dégât des eaux,2023-06-15,2023-06-30,6788,5052,Fermé,16,15,0
SIN0000112,POL000236,CLT03466,Habitation,Incendie,2024-12-19,2024-12-31,26172,18950,Ouvert,38,18,0
SIN0000113,POL000237,CLT01181,Auto,Accident matériel,2024-02-02,2024-02-06,8060,6852,Fermé,26,4,0
SIN0000114,POL000241,CLT01335,Habitation,Catastrophe naturelle,2024-07-20,2024-07-31,19054,16569,Fermé,18,11,0
SIN0000115,POL000245,CLT04658,Auto,Vol,2022-01-21,2022-01-27,4139,2613,Fermé,25,6,0
SIN0000116,POL000246,CLT00557,Auto,Accident matériel,2024-10-04,2024-10-28,2655,1890,Ouvert,13,24,0
SIN0000117,POL000247,CLT01926,Auto,Accident matériel,2023-08-05,2023-08-09,3163,2246,Fermé,18,4,0
SIN0000118,POL000250,CLT00733,Santé,Optique,2022-11-10,2022-12-08,434,376,Ouvert,20,28,0
SIN0000119,POL000254,CLT02373,Habitation,Dégât des eaux,2024-05-01,2024-05-18,4120,3817,Fermé,26,17,0
SIN0000120,POL000255,CLT00329,Auto,Accident matériel,2023-11-29,2023-12-02,4606,3981,Ouvert,30,3,0
SIN0000121,POL000261,CLT04943,Santé,Dentaire,2024-07-31,2024-08-13,240,192,Fermé,16,13,0
SIN0000122,POL000264,CLT02486,Auto,Accident corporel,2023-05-22,2023-06-13,16041,13769,Ouvert,37,22,0
SIN0000123,POL000264,CLT02486,Auto,Accident matériel,2023-03-24,2023-04-15,8285,5839,Fermé,13,22,0
SIN0000124,POL000272,CLT01563,Santé,Soins courants,2024-03-25,2024-03-31,214,196,Fermé,10,6,0
SIN0000125,POL000274,CLT02475,Auto,Accident corporel,2022-09-10,2022-09-12,16785,11282,Fermé,8,2,0
SIN0000126,POL000278,CLT01256,Auto,Incendie,2024-05-04,2024-05-15,31941,19582,Ouvert,41,11,0
SIN0000127,POL000281,CLT03926,Auto,Accident matériel,2024-08-24,2024-09-03,4192,2308,Fermé,11,10,0
SIN0000128,POL000281,CLT03926,Auto,Vol,2023-07-24,2023-08-18,5360,4235,Fermé,26,25,0
SIN0000129,POL000282,CLT01541,Auto,Accident corporel,2024-06-17,2024-06-27,34607,30635,Fermé,26,10,0
SIN0000130,POL000288,CLT03049,Habitation,Dégât des eaux,2023-05-18,2023-06-04,3549,1959,Fermé,30,17,0
SIN0000131,POL000291,CLT03693,Habitation,Catastrophe naturelle,2024-07-05,2024-07-27,31546,20776,Fermé,15,22,0
SIN0000132,POL000291,CLT03693,Habitation,Dégât des eaux,2023-06-22,2023-06-25,7936,5578,Fermé,11,3,0
SIN0000133,POL000298,CLT02744,Habitation,Vol/Cambriolage,2024-10-27,2024-11-05,6224,4731,Ouvert,6,9,0
SIN0000134,POL000301,CLT03717,Auto,Accident matériel,2022-09-21,2022-09-29,5202,3387,Fermé,7,8,0
SIN0000135,POL000302,CLT04133,Habitation,Dégât des eaux,2023-02-21,2023-03-16,1743,1225,Ouvert,56,23,0
SIN0000136,POL000303,CLT02512,Auto,Accident matériel,2024-06-04,2024-06-18,4077,2969,Ouvert,10,14,0
SIN0000137,POL000304,CLT00792,Santé,Soins courants,2021-11-22,2021-12-09,187,128,Litigieux,122,17,0
SIN0000138,POL000304,CLT00792,Santé,Optique,2021-04-11,2021-04-20,221,138,Fermé,29,9,0
SIN0000139,POL000307,CLT00087,Habitation,Dégât des eaux,2024-07-14,2024-08-03,7820,6615,Fermé,30,20,0
SIN0000140,POL000311,CLT00803,Auto,Accident matériel,2024-01-01,2024-01-09,1560,1128,Litigieux,140,8,0
SIN0000141,POL000313,CLT00712,Habitation,Dégât des eaux,2022-10-06,2022-10-07,3891,3106,Litigieux,143,1,0
SIN0000142,POL000314,CLT00771,Habitation,Vol/Cambriolage,2024-01-22,2024-02-06,6837,6444,Fermé,26,15,0
SIN0000143,POL000323,CLT00360,Auto,Vol,2024-04-24,2024-05-06,8173,4918,Fermé,16,12,0
SIN0000144,POL000327,CLT04303,Santé,Dentaire,2024-03-09,2024-03-28,1243,779,Ouvert,2,19,0
SIN0000145,POL000328,CLT03881,Auto,Accident corporel,2024-01-03,2024-01-11,10998,9428,Litigieux,134,8,0
SIN0000146,POL000332,CLT04473,Auto,Accident matériel,2021-08-10,2021-08-18,1915,1243,Fermé,28,8,0
SIN0000147,POL000337,CLT01997,Santé,Hospitalisation,2022-05-04,2022-05-20,15109,13975,Fermé,9,16,0
SIN0000148,POL000340,CLT01192,Santé,Soins courants,2024-09-13,2024-09-17,418,313,Ouvert,6,4,0
SIN0000149,POL000343,CLT03538,Auto,Bris de glace,2023-10-21,2023-11-09,788,540,Fermé,10,19,0
SIN0000150,POL000345,CLT01044,Habitation,Vol/Cambriolage,2024-05-10,2024-05-11,8726,6683,Fermé,28,1,0
SIN0000151,POL000352,CLT04958,Habitation,Dégât des eaux,2024-03-30,2024-04-07,3863,3538,Ouvert,54,8,0
SIN0000152,POL000352,CLT04958,Habitation,Catastrophe naturelle,2022-10-05,2022-10-24,13707,8956,Fermé,27,19,0
SIN0000153,POL000355,CLT04870,Habitation,Dégât des eaux,2023-11-09,2023-11-19,5264,4907,Fermé,20,10,0
SIN0000154,POL000359,CLT02417,Auto,Accident corporel,2024-11-28,2024-11-28,46493,35520,Ouvert,59,0,0
SIN0000155,POL000364,CLT01020,Santé,Optique,2024-07-20,2024-08-11,596,544,Ouvert,21,22,0
SIN0000156,POL000370,CLT02273,Auto,Accident matériel,2024-10-06,2024-10-15,4459,2641,Ouvert,53,9,0
SIN0000157,POL000370,CLT02273,Auto,Accident matériel,2022-10-23,2022-10-29,1703,1353,Ouvert,16,6,0
SIN0000158,POL000374,CLT04528,Auto,Bris de glace,2024-09-08,2024-09-25,532,349,Fermé,14,17,0
SIN0000159,POL000374,CLT04528,Auto,Bris de glace,2023-06-15,2023-06-25,391,348,Fermé,6,10,0
SIN0000160,POL000380,CLT04913,Santé,Soins courants,2023-02-12,2023-03-01,387,264,Fermé,6,17,0
SIN0000161,POL000385,CLT03623,Habitation,Vol/Cambriolage,2023-02-01,2023-02-03,6303,5768,Fermé,8,2,0
SIN0000162,POL000387,CLT03319,Auto,Accident matériel,2022-06-07,2022-06-19,4565,3164,Fermé,30,12,0
SIN0000163,POL000393,CLT04908,Habitation,Dégât des eaux,2022-09-05,2022-09-30,2534,2135,Fermé,11,25,0
SIN0000164,POL000393,CLT04908,Habitation,Dégât des eaux,2024-05-18,2024-05-25,2368,2185,Ouvert,19,7,0
SIN0000165,POL000394,CLT02987,Auto,Bris de glace,2022-07-23,2022-08-22,627,503,Fermé,20,30,0
SIN0000166,POL000394,CLT02987,Auto,Vol,2022-12-25,2022-12-31,4271,2732,Fermé,26,6,0
SIN0000167,POL000394,CLT02987,Auto,Vol,2022-02-16,2022-03-18,4377,3846,Ouvert,54,30,0
SIN0000168,POL000394,CLT02987,Auto,Bris de glace,2024-06-08,2024-06-11,556,482,Fermé,9,3,0
SIN0000169,POL000395,CLT04529,Auto,Bris de glace,2022-09-17,2022-10-07,393,281,Ouvert,11,20,0
SIN0000170,POL000397,CLT02553,Auto,Accident matériel,2023-08-31,2023-09-21,4932,4540,Fermé,18,21,0
SIN0000171,POL000397,CLT02553,Auto,Vol,2024-09-15,2024-09-20,4422,3324,Litigieux,47,5,0
SIN0000172,POL000399,CLT03853,Santé,Optique,2023-05-19,2023-06-02,167,142,Litigieux,163,14,0
SIN0000173,POL000399,CLT03853,Santé,Soins courants,2022-07-24,2022-08-14,208,159,Ouvert,2,21,0
SIN0000174,POL000400,CLT01601,Habitation,Incendie,2021-11-28,2021-12-02,24697,18642,Litigieux,90,4,0
SIN0000175,POL000400,CLT01601,Habitation,Bris de glace,2024-09-09,2024-09-16,227,192,Ouvert,37,7,0
SIN0000176,POL000405,CLT03843,Auto,Vol,2024-06-02,2024-06-26,7943,4390,Fermé,30,24,0
SIN0000177,POL000407,CLT00901,Habitation,Catastrophe naturelle,2024-12-15,2024-12-26,19237,16910,Ouvert,57,11,0
SIN0000178,POL000407,CLT00901,Habitation,Dégât des eaux,2024-12-12,2024-12-23,2473,1718,Ouvert,18,11,0
SIN0000179,POL000418,CLT02072,Habitation,Vol/Cambriolage,2024-11-15,2024-11-17,11926,8049,Ouvert,44,2,0
SIN0000180,POL000424,CLT01360,Auto,Accident matériel,2024-07-23,2024-08-21,4308,2845,Ouvert,45,29,0
SIN0000181,POL000429,CLT04490,Habitation,Dégât des eaux,2023-07-27,2023-08-03,2428,2040,Fermé,23,7,0
SIN0000182,POL000434,CLT01243,Auto,Vol,2023-02-03,2023-02-12,6877,6149,Ouvert,43,9,0
SIN0000183,POL000434,CLT01243,Auto,Accident matériel,2024-12-30,2024-12-31,4243,3455,Ouvert,40,22,0
SIN0000184,POL000441,CLT00183,Auto,Accident matériel,2024-03-03,2024-03-05,3584,3245,Fermé,16,2,0
SIN0000185,POL000442,CLT03316,Auto,Vol,2023-03-06,2023-03-16,5859,5259,Fermé,6,10,0
SIN0000186,POL000447,CLT00544,Habitation,Vol/Cambriolage,2021-06-14,2021-07-04,7620,5792,Fermé,26,20,0
SIN0000187,POL000447,CLT00544,Habitation,Dégât des eaux,2024-01-03,2024-01-07,3046,2603,Fermé,17,4,0
SIN0000188,POL000450,CLT03247,Habitation,Vol/Cambriolage,2024-01-16,2024-01-26,12922,9269,Fermé,25,10,0
SIN0000189,POL000451,CLT01351,Auto,Bris de glace,2024-12-10,2024-12-31,245,138,Ouvert,25,26,0
SIN0000190,POL000451,CLT01351,Auto,Bris de glace,2024-08-31,2024-09-07,312,262,Fermé,21,7,0
SIN0000191,POL000451,CLT01351,Auto,Accident matériel,2024-08-06,2024-08-16,4615,4230,Ouvert,49,10,0
SIN0000192,POL000452,CLT00679,Auto,Accident matériel,2024-10-20,2024-10-21,1752,1185,Ouvert,45,1,0
SIN0000193,POL000453,CLT03511,Habitation,Dégât des eaux,2024-01-14,2024-01-26,4101,2844,Fermé,23,12,0
SIN0000194,POL000453,CLT03511,Habitation,Vol/Cambriolage,2023-03-05,2023-04-04,12385,9067,Fermé,22,30,0
SIN0000195,POL000456,CLT00717,Auto,Accident matériel,2023-10-13,2023-11-05,5518,3264,Fermé,7,23,0
SIN0000196,POL000461,CLT04218,Auto,Accident matériel,2022-11-27,2022-12-17,4057,3794,Fermé,27,20,0
SIN0000197,POL000465,CLT03779,Auto,Bris de glace,2023-06-27,2023-07-18,658,497,Fermé,29,21,0
SIN0000198,POL000468,CLT03946,Auto,Accident matériel,2024-07-12,2024-07-27,2051,1549,Fermé,5,15,0
SIN0000199,POL000476,CLT01150,Auto,Accident matériel,2022-09-20,2022-10-01,2302,1723,Fermé,28,11,0
SIN0000200,POL000476,CLT01150,Auto,Bris de glace,2024-02-06,2024-03-04,895,753,Litigieux,33,27,0
SIN0000201,POL000477,CLT01479,Auto,Incendie,2024-12-03,2024-12-07,37214,29875,Ouvert,47,4,0
SIN0000202,POL000481,CLT01612,Auto,Vol,2023-10-12,2023-10-22,6251,4175,Fermé,6,10,0
SIN0000203,POL000481,CLT01612,Auto,Accident matériel,2022-08-18,2022-09-10,1774,1370,Ouvert,39,23,0
SIN0000204,POL000483,CLT02725,Auto,Bris de glace,2024-04-27,2024-05-04,575,412,Fermé,5,7,0
SIN0000205,POL000498,CLT00995,Santé,Maternité,2022-12-05,2022-12-10,1166,855,Fermé,13,5,0
SIN0000206,POL000502,CLT00754,Auto,Accident matériel,2022-05-09,2022-05-16,3732,2875,Fermé,9,7,0
SIN0000207,POL000502,CLT00754,Auto,Accident corporel,2022-06-10,2022-06-11,36511,23978,Litigieux,146,1,0
SIN0000208,POL000506,CLT03189,Habitation,Dégât des eaux,2024-05-08,2024-06-03,4526,3510,Ouvert,21,26,0
SIN0000209,POL000509,CLT03751,Auto,Incendie,2022-10-04,2022-10-08,16074,15188,Fermé,19,4,0
SIN0000210,POL000512,CLT03797,Auto,Accident matériel,2024-05-16,2024-05-31,2790,1632,Ouvert,28,15,0
SIN0000211,POL000515,CLT04400,Santé,Dentaire,2022-10-14,2022-10-20,1147,1023,Fermé,30,6,0
SIN0000212,POL000515,CLT04400,Santé,Soins courants,2023-07-22,2023-07-25,260,180,Fermé,18,3,0
SIN0000213,POL000519,CLT00215,Santé,Soins courants,2024-07-04,2024-07-23,454,330,Fermé,8,19,0
SIN0000214,POL000521,CLT02165,Habitation,Bris de glace,2024-06-08,2024-06-17,384,333,Fermé,8,9,0
SIN0000215,POL000523,CLT04508,Habitation,Catastrophe naturelle,2022-08-25,2022-09-03,94998,60796,Fermé,27,9,0
SIN0000216,POL000527,CLT02205,Habitation,Dégât des eaux,2022-07-10,2022-07-30,4831,3754,Fermé,16,20,0
SIN0000217,POL000527,CLT02205,Habitation,Bris de glace,2023-06-30,2023-07-12,128,81,Fermé,23,12,0
SIN0000218,POL000527,CLT02205,Habitation,Bris de glace,2024-11-18,2024-12-17,428,300,Ouvert,55,29,0
SIN0000219,POL000527,CLT02205,Habitation,Vol/Cambriolage,2024-10-19,2024-11-16,10590,6869,Ouvert,20,28,0
SIN0000220,POL000528,CLT04820,Auto,Bris de glace,2021-08-29,2021-09-22,204,172,Fermé,16,24,0
SIN0000221,POL000528,CLT04820,Auto,Bris de glace,2023-09-14,2023-09-27,896,741,Ouvert,49,13,0
SIN0000222,POL000529,CLT02959,Auto,Accident corporel,2022-11-16,2022-11-27,4744,4083,Litigieux,104,11,0
SIN0000223,POL000529,CLT02959,Auto,Bris de glace,2023-11-16,2023-12-03,353,255,Fermé,14,17,0
SIN0000224,POL000529,CLT02959,Auto,Incendie,2024-05-04,2024-05-17,36536,28344,Fermé,26,13,0
SIN0000225,POL000531,CLT04662,Habitation,Dégât des eaux,2023-11-18,2023-12-03,5287,3032,Fermé,15,15,0
SIN0000226,POL000534,CLT01537,Habitation,Dégât des eaux,2024-07-20,2024-08-16,3979,3707,Fermé,6,27,0
SIN0000227,POL000536,CLT04840,Auto,Accident matériel,2024-03-10,2024-04-02,3481,2013,Ouvert,27,23,0
SIN0000228,POL000540,CLT02039,Auto,Bris de glace,2024-10-28,2024-11-07,197,185,Ouvert,24,10,0
SIN0000229,POL000541,CLT00592,Habitation,Vol/Cambriolage,2022-03-28,2022-04-07,24665,21645,Fermé,15,10,0
SIN0000230,POL000542,CLT00923,Habitation,Incendie,2024-03-06,2024-03-06,26635,15023,Fermé,10,0,0
SIN0000231,POL000544,CLT01010,Santé,Soins courants,2024-05-12,2024-06-11,302,171,Fermé,24,30,0
SIN0000232,POL000545,CLT04251,Habitation,Dégât des eaux,2022-05-24,2022-06-18,6750,4016,Ouvert,45,25,0
SIN0000233,POL000545,CLT04251,Habitation,Dégât des eaux,2022-03-02,2022-03-24,10009,7035,Litigieux,129,22,0
SIN0000234,POL000551,CLT03723,Auto,Accident matériel,2024-01-13,2024-01-29,3952,3260,Fermé,27,16,0
SIN0000235,POL000552,CLT02258,Santé,Soins courants,2023-09-07,2023-09-11,154,104,Ouvert,22,4,0
SIN0000236,POL000553,CLT01807,Auto,Accident matériel,2024-07-21,2024-08-10,1653,1512,Fermé,5,20,0
SIN0000237,POL000553,CLT01807,Auto,Vol,2022-10-04,2022-10-09,8627,6847,Fermé,8,5,0
SIN0000238,POL000558,CLT02317,Auto,Accident matériel,2024-06-06,2024-06-23,2199,1395,Fermé,23,17,0
SIN0000239,POL000560,CLT04329,Auto,Bris de glace,2024-11-09,2024-11-18,992,884,Ouvert,53,9,0
SIN0000240,POL000563,CLT02228,Habitation,Dégât des eaux,2024-12-27,2024-12-31,5383,3579,Ouvert,32,26,0
SIN0000241,POL000566,CLT04363,Auto,Accident matériel,2024-08-09,2024-09-08,3131,1785,Fermé,14,30,0
SIN0000242,POL000567,CLT00625,Auto,Accident corporel,2023-01-13,2023-01-31,17668,13784,Ouvert,41,18,0
SIN0000243,POL000572,CLT01940,Habitation,Dégât des eaux,2024-04-13,2024-04-16,4310,4000,Fermé,24,3,0
SIN0000244,POL000574,CLT02270,Habitation,Bris de glace,2022-08-01,2022-08-12,237,153,Ouvert,36,11,0
SIN0000245,POL000574,CLT02270,Habitation,Vol/Cambriolage,2024-02-06,2024-02-16,6175,3949,Fermé,25,10,0
SIN0000246,POL000579,CLT02255,Auto,Incendie,2022-12-13,2022-12-23,15581,10562,Fermé,26,10,0
SIN0000247,POL000579,CLT02255,Auto,Accident matériel,2024-01-08,2024-01-28,1923,1167,Ouvert,44,20,0
SIN0000248,POL000581,CLT00502,Habitation,Vol/Cambriolage,2022-02-16,2022-03-01,4946,4348,Fermé,12,13,0
SIN0000249,POL000581,CLT00502,Habitation,Bris de glace,2023-08-29,2023-09-02,368,218,Fermé,27,4,0
SIN0000250,POL000582,CLT01673,Auto,Accident corporel,2024-08-01,2024-08-11,32173,30335,Fermé,5,10,0
SIN0000251,POL000583,CLT03538,Auto,Accident corporel,2022-02-20,2022-02-22,5551,3633,Fermé,20,2,0
SIN0000252,POL000591,CLT02132,Habitation,Vol/Cambriolage,2024-05-03,2024-05-17,7886,4852,Fermé,7,14,0
SIN0000253,POL000592,CLT02422,Auto,Accident matériel,2023-02-14,2023-03-14,5115,4327,Fermé,12,28,0
SIN0000254,POL000593,CLT00945,Habitation,Dégât des eaux,2021-06-12,2021-06-30,2198,1608,Fermé,27,18,0
SIN0000255,POL000597,CLT04165,Santé,Hospitalisation,2021-09-19,2021-09-29,3022,2054,Fermé,14,10,0
SIN0000256,POL000598,CLT04525,Auto,Vol,2023-05-01,2023-05-20,9261,7282,Ouvert,41,19,0
SIN0000257,POL000603,CLT00095,Habitation,Catastrophe naturelle,2024-08-08,2024-08-28,19120,11992,Fermé,25,20,0
SIN0000258,POL000603,CLT00095,Habitation,Bris de glace,2021-06-25,2021-06-25,268,192,Ouvert,24,0,0
SIN0000259,POL000603,CLT00095,Habitation,Vol/Cambriolage,2023-03-12,2023-04-05,6426,3865,Fermé,13,24,0
SIN0000260,POL000603,CLT00095,Habitation,Bris de glace,2022-10-07,2022-10-18,485,310,Fermé,13,11,0
SIN0000261,POL000603,CLT00095,Habitation,Dégât des eaux,2021-03-24,2021-04-15,2009,1509,Fermé,5,22,0
SIN0000262,POL000607,CLT01227,Santé,Dentaire,2023-04-18,2023-05-14,946,785,Fermé,21,26,0
SIN0000263,POL000607,CLT01227,Santé,Soins courants,2023-12-05,2023-12-15,111,83,Fermé,6,10,0
SIN0000264,POL000608,CLT04129,Habitation,Catastrophe naturelle,2023-12-31,2024-01-14,14569,8490,Fermé,15,14,0
SIN0000265,POL000612,CLT00331,Habitation,Dégât des eaux,2023-05-05,2023-05-14,9751,8543,Fermé,8,9,0
SIN0000266,POL000620,CLT02909,Habitation,Vol/Cambriolage,2024-11-25,2024-12-01,4760,3455,Ouvert,54,6,0
SIN0000267,POL000621,CLT04308,Auto,Accident matériel,2023-10-23,2023-10-23,2017,1814,Litigieux,143,0,0
SIN0000268,POL000621,CLT04308,Auto,Bris de glace,2024-02-16,2024-02-28,1108,855,Fermé,5,12,0
SIN0000269,POL000623,CLT04554,Santé,Maternité,2024-05-18,2024-05-30,642,572,Fermé,26,12,0
SIN0000270,POL000629,CLT01300,Auto,Accident matériel,2023-04-12,2023-04-15,3003,1749,Fermé,16,3,0
SIN0000271,POL000630,CLT04329,Auto,Bris de glace,2022-11-22,2022-12-18,219,167,Fermé,30,26,0
SIN0000272,POL000641,CLT02387,Auto,Bris de glace,2023-04-27,2023-05-09,521,354,Ouvert,21,12,0
SIN0000273,POL000643,CLT01001,Auto,Incendie,2023-10-24,2023-11-11,15626,12260,Ouvert,35,18,0
SIN0000274,POL000643,CLT01001,Auto,Incendie,2024-07-05,2024-07-19,47693,45167,Fermé,27,14,0
SIN0000275,POL000645,CLT01014,Habitation,Incendie,2022-11-07,2022-12-05,8841,7632,Fermé,24,28,0
SIN0000276,POL000653,CLT01048,Santé,Dentaire,2021-09-10,2021-10-06,2277,1762,Fermé,23,26,0
SIN0000277,POL000657,CLT00475,Auto,Vol,2023-02-07,2023-02-26,4226,2741,Fermé,5,19,0
SIN0000278,POL000657,CLT00475,Auto,Bris de glace,2022-09-09,2022-09-24,479,296,Fermé,5,15,0
SIN0000279,POL000657,CLT00475,Auto,Accident matériel,2022-12-15,2022-12-26,6541,4904,Ouvert,43,11,0
SIN0000280,POL000658,CLT04711,Auto,Accident matériel,2024-11-08,2024-11-27,1969,1369,Ouvert,17,19,0
SIN0000281,POL000661,CLT04970,Habitation,Dégât des eaux,2023-12-28,2024-01-19,4174,2636,Ouvert,38,22,0
SIN0000282,POL000663,CLT02409,Auto,Accident matériel,2023-11-15,2023-11-21,4732,4428,Fermé,24,6,0
SIN0000283,POL000666,CLT00787,Auto,Accident matériel,2022-03-11,2022-03-28,4827,2996,Fermé,25,17,0
SIN0000284,POL000670,CLT01438,Habitation,Vol/Cambriolage,2023-06-22,2023-06-28,1856,1601,Fermé,23,6,0
SIN0000285,POL000679,CLT04759,Habitation,Catastrophe naturelle,2024-07-20,2024-08-12,18108,15445,Fermé,27,23,0
SIN0000286,POL000684,CLT03738,Auto,Accident matériel,2024-11-05,2024-11-28,1794,1084,Ouvert,46,23,0
SIN0000287,POL000684,CLT03738,Auto,Accident corporel,2021-10-30,2021-11-02,11314,6985,Fermé,7,3,0
SIN0000288,POL000690,CLT00449,Auto,Vol,2024-04-01,2024-04-04,9252,6815,Fermé,12,3,0
SIN0000289,POL000690,CLT00449,Auto,Bris de glace,2024-12-25,2024-12-31,690,636,Ouvert,60,10,0
SIN0000290,POL000696,CLT00966,Santé,Soins courants,2024-06-16,2024-06-19,162,121,Fermé,10,3,0
SIN0000291,POL000697,CLT02797,Auto,Accident matériel,2024-04-21,2024-04-21,1393,1007,Fermé,29,0,0
SIN0000292,POL000699,CLT04511,Auto,Bris de glace,2023-09-09,2023-09-24,344,279,Fermé,29,15,0
SIN0000293,POL000701,CLT01194,Habitation,Vol/Cambriolage,2023-06-07,2023-06-14,6813,4279,Fermé,20,7,0
SIN0000294,POL000703,CLT01221,Auto,Bris de glace,2024-06-21,2024-07-11,532,458,Fermé,21,20,0
SIN0000295,POL000705,CLT01346,Habitation,Vol/Cambriolage,2022-02-11,2022-03-04,4301,3498,Litigieux,74,21,0
SIN0000296,POL000707,CLT00452,Auto,Vol,2024-08-04,2024-09-03,10618,6951,Fermé,6,30,0
SIN0000297,POL000707,CLT00452,Auto,Accident matériel,2024-08-16,2024-08-25,4605,3610,Fermé,27,9,0
SIN0000298,POL000713,CLT01177,Auto,Accident matériel,2023-06-18,2023-06-21,2949,1726,Fermé,21,3,0
SIN0000299,POL000715,CLT03679,Santé,Dentaire,2024-11-19,2024-11-22,298,269,Ouvert,17,3,0
SIN0000300,POL000717,CLT04032,Habitation,Vol/Cambriolage,2024-06-28,2024-07-01,7419,7017,Ouvert,3,3,0
SIN0000301,POL000717,CLT04032,Habitation,Catastrophe naturelle,2023-07-21,2023-08-11,11788,8711,Ouvert,40,21,0
SIN0000302,POL000718,CLT01319,Habitation,Vol/Cambriolage,2021-06-16,2021-07-08,7005,5340,Ouvert,41,22,0
SIN0000303,POL000718,CLT01319,Habitation,Dégât des eaux,2023-01-10,2023-01-15,4348,3360,Fermé,29,5,0
SIN0000304,POL000718,CLT01319,Habitation,Dégât des eaux,2021-08-14,2021-09-05,1645,928,Fermé,30,22,0
SIN0000305,POL000720,CLT01600,Auto,Bris de glace,2022-10-02,2022-10-29,326,191,Fermé,8,27,0
SIN0000306,POL000720,CLT01600,Auto,Accident matériel,2024-04-05,2024-04-26,1614,1503,Fermé,13,21,0
SIN0000307,POL000721,CLT02574,Auto,Accident matériel,2022-06-20,2022-07-16,4045,2600,Fermé,26,26,0
SIN0000308,POL000722,CLT03288,Auto,Accident corporel,2022-05-27,2022-06-06,9918,5479,Fermé,25,10,0
SIN0000309,POL000722,CLT03288,Auto,Accident matériel,2022-09-12,2022-09-19,2951,2381,Fermé,16,7,0
SIN0000310,POL000730,CLT00775,Auto,Accident corporel,2022-08-08,2022-08-21,35269,29769,Fermé,29,13,0
SIN0000311,POL000733,CLT01396,Santé,Soins courants,2022-05-13,2022-06-02,185,104,Ouvert,55,20,0
SIN0000312,POL000734,CLT04027,Santé,Soins courants,2024-10-01,2024-10-20,208,123,Ouvert,24,19,0
SIN0000313,POL000739,CLT02773,Auto,Incendie,2023-05-24,2023-05-29,12998,8246,Fermé,17,5,0
SIN0000314,POL000741,CLT00975,Habitation,Bris de glace,2023-04-13,2023-05-03,418,299,Fermé,10,20,0
SIN0000315,POL000745,CLT00707,Santé,Hospitalisation,2023-06-09,2023-07-09,9769,6686,Fermé,9,30,0
SIN0000316,POL000745,CLT00707,Santé,Soins courants,2024-05-02,2024-05-28,149,119,Ouvert,25,26,0
SIN0000317,POL000751,CLT04479,Santé,Soins courants,2023-08-09,2023-08-30,1337,1165,Ouvert,25,21,0
SIN0000318,POL000751,CLT04479,Santé,Soins courants,2024-12-07,2024-12-11,145,95,Ouvert,45,4,0
SIN0000319,POL000751,CLT04479,Santé,Soins courants,2023-07-30,2023-07-31,226,213,Fermé,8,1,0
SIN0000320,POL000752,CLT00310,Santé,Soins courants,2024-08-01,2024-08-09,198,178,Litigieux,126,8,0
SIN0000321,POL000758,CLT03616,Auto,Accident corporel,2024-04-01,2024-04-29,9059,8171,Ouvert,21,28,0
SIN0000322,POL000762,CLT04360,Habitation,Dégât des eaux,2024-08-03,2024-08-29,2666,1539,Fermé,21,26,0
SIN0000323,POL000763,CLT03576,Habitation,Dégât des eaux,2023-04-21,2023-05-02,4003,3637,Fermé,28,11,0
SIN0000324,POL000767,CLT02207,Santé,Optique,2024-09-08,2024-09-22,315,276,Fermé,14,14,0
SIN0000325,POL000768,CLT03197,Auto,Accident corporel,2023-12-22,2024-01-12,29947,24887,Ouvert,4,21,0
SIN0000326,POL000770,CLT02807,Santé,Soins courants,2023-06-06,2023-07-01,138,113,Ouvert,9,25,0
SIN0000327,POL000773,CLT04720,Santé,Dentaire,2023-07-03,2023-07-29,1284,979,Fermé,12,26,0
SIN0000328,POL000780,CLT03205,Auto,Accident corporel,2024-07-26,2024-07-26,16337,12375,Litigieux,128,0,0
SIN0000329,POL000790,CLT03492,Auto,Accident matériel,2022-09-05,2022-09-14,2126,1812,Fermé,18,9,0
SIN0000330,POL000790,CLT03492,Auto,Vol,2023-02-15,2023-03-02,8190,7491,Fermé,7,15,0
SIN0000331,POL000802,CLT01056,Auto,Bris de glace,2023-06-14,2023-06-19,995,813,Fermé,27,5,0
SIN0000332,POL000802,CLT01056,Auto,Bris de glace,2024-07-13,2024-07-30,336,215,Fermé,17,17,0
SIN0000333,POL000804,CLT00352,Auto,Accident matériel,2023-03-07,2023-04-03,3679,3390,Fermé,22,27,0
SIN0000334,POL000804,CLT00352,Auto,Vol,2024-10-18,2024-10-18,7484,6183,Ouvert,6,0,0
SIN0000335,POL000805,CLT01902,Auto,Accident corporel,2024-10-11,2024-10-20,13978,7841,Ouvert,16,9,0
SIN0000336,POL000809,CLT03139,Auto,Bris de glace,2023-11-21,2023-11-28,585,532,Ouvert,45,7,0
SIN0000337,POL000810,CLT01820,Auto,Vol,2024-11-15,2024-11-25,4131,3123,Ouvert,15,10,0
SIN0000338,POL000811,CLT02398,Habitation,Vol/Cambriolage,2023-10-09,2023-10-24,5240,3693,Fermé,9,15,0
SIN0000339,POL000815,CLT04970,Auto,Vol,2023-07-07,2023-07-30,3992,3433,Fermé,16,23,0
SIN0000340,POL000819,CLT00714,Habitation,Dégât des eaux,2022-11-12,2022-11-17,3984,3338,Fermé,10,5,0
SIN0000341,POL000819,CLT00714,Habitation,Bris de glace,2022-01-09,2022-01-31,205,178,Fermé,21,22,0
SIN0000342,POL000820,CLT03933,Habitation,Vol/Cambriolage,2023-10-22,2023-11-15,6989,4495,Fermé,14,24,0
SIN0000343,POL000823,CLT04537,Auto,Accident corporel,2022-04-23,2022-04-30,27155,17136,Litigieux,146,7,0
SIN0000344,POL000823,CLT04537,Auto,Bris de glace,2021-07-17,2021-07-31,316,295,Fermé,7,14,0
SIN0000345,POL000825,CLT03746,Habitation,Vol/Cambriolage,2023-03-09,2023-03-15,16745,13828,Ouvert,4,6,0
SIN0000346,POL000826,CLT04773,Santé,Maternité,2021-06-15,2021-07-12,660,429,Fermé,10,27,0
SIN0000347,POL000827,CLT01414,Auto,Accident matériel,2024-11-14,2024-12-01,4141,3888,Ouvert,36,17,0
SIN0000348,POL000832,CLT04555,Santé,Maternité,2024-03-29,2024-04-04,1007,928,Fermé,16,6,0
SIN0000349,POL000833,CLT03794,Habitation,Dégât des eaux,2022-03-25,2022-04-10,2804,1847,Fermé,21,16,0
SIN0000350,POL000836,CLT00955,Auto,Accident matériel,2024-11-28,2024-12-09,5972,5132,Ouvert,60,11,0
SIN0000351,POL000840,CLT04574,Santé,Optique,2022-09-27,2022-10-10,486,414,Litigieux,70,13,0
SIN0000352,POL000840,CLT04574,Santé,Maternité,2024-09-09,2024-09-28,1014,775,Fermé,29,19,0
SIN0000353,POL000841,CLT00808,Auto,Bris de glace,2021-11-12,2021-12-05,166,132,Fermé,21,23,0
SIN0000354,POL000844,CLT01726,Habitation,Dégât des eaux,2024-07-05,2024-07-23,7892,4672,Fermé,23,18,0
SIN0000355,POL000849,CLT04674,Santé,Optique,2024-11-15,2024-11-17,226,132,Ouvert,59,2,0
SIN0000356,POL000851,CLT00197,Auto,Accident matériel,2024-03-29,2024-04-17,4001,2606,Fermé,22,19,0
SIN0000357,POL000852,CLT04190,Auto,Accident matériel,2023-06-03,2023-06-12,1771,1419,Fermé,25,9,0
SIN0000358,POL000853,CLT04724,Auto,Accident matériel,2023-08-11,2023-08-17,4273,3335,Fermé,23,6,0
SIN0000359,POL000853,CLT04724,Auto,Vol,2023-12-20,2023-12-30,5494,3520,Fermé,14,10,0
SIN0000360,POL000854,CLT04095,Auto,Accident matériel,2023-05-29,2023-06-16,9744,7675,Fermé,27,18,0
SIN0000361,POL000855,CLT01237,Habitation,Dégât des eaux,2024-05-17,2024-05-21,6182,4113,Fermé,13,4,0
SIN0000362,POL000855,CLT01237,Habitation,Dégât des eaux,2023-02-03,2023-02-08,4173,3963,Fermé,13,5,0
SIN0000363,POL000855,CLT01237,Habitation,Catastrophe naturelle,2022-01-23,2022-02-19,16038,12127,Fermé,25,27,0
SIN0000364,POL000857,CLT04964,Habitation,Dégât des eaux,2024-03-24,2024-03-31,2990,1919,Fermé,11,7,0
SIN0000365,POL000861,CLT04685,Auto,Accident matériel,2023-10-24,2023-11-13,2507,1483,Fermé,26,20,0
SIN0000366,POL000863,CLT00849,Auto,Accident corporel,2024-10-11,2024-11-04,14430,9165,Ouvert,20,24,0
SIN0000367,POL000866,CLT01103,Auto,Accident matériel,2024-07-16,2024-07-23,6531,4944,Ouvert,48,7,0
SIN0000368,POL000866,CLT01103,Auto,Accident matériel,2024-06-12,2024-06-15,7224,5068,Ouvert,6,3,0
SIN0000369,POL000867,CLT04845,Auto,Bris de glace,2023-06-07,2023-06-18,310,225,Fermé,30,11,0
SIN0000370,POL000869,CLT01759,Habitation,Incendie,2024-08-02,2024-08-15,14758,11632,Litigieux,49,13,0
SIN0000371,POL000871,CLT03717,Auto,Accident matériel,2024-03-24,2024-04-20,6654,5602,Fermé,21,27,0
SIN0000372,POL000873,CLT01068,Auto,Bris de glace,2022-06-04,2022-06-19,198,187,Ouvert,18,15,0
SIN0000373,POL000877,CLT00700,Auto,Accident matériel,2024-08-14,2024-08-25,5040,4059,Fermé,6,11,0
SIN0000374,POL000878,CLT01065,Auto,Accident matériel,2024-10-19,2024-11-06,6105,5626,Ouvert,5,18,0
SIN0000375,POL000879,CLT02139,Santé,Soins courants,2024-01-27,2024-02-02,139,82,Fermé,29,6,0
SIN0000376,POL000879,CLT02139,Santé,Optique,2023-10-22,2023-11-07,198,166,Fermé,8,16,0
SIN0000377,POL000879,CLT02139,Santé,Soins courants,2023-01-19,2023-02-15,281,240,Ouvert,60,27,0
SIN0000378,POL000879,CLT02139,Santé,Soins courants,2024-01-16,2024-01-17,271,238,Fermé,13,1,0
SIN0000379,POL000880,CLT02339,Auto,Accident matériel,2021-03-18,2021-04-11,4531,3544,Fermé,19,24,0
SIN0000380,POL000880,CLT02339,Auto,Accident matériel,2021-10-01,2021-10-22,6156,5173,Ouvert,15,21,0
SIN0000381,POL000881,CLT03323,Santé,Hospitalisation,2023-12-01,2023-12-11,3952,2199,Ouvert,24,10,0
SIN0000382,POL000884,CLT02059,Habitation,Dégât des eaux,2022-07-03,2022-07-03,3497,2983,Fermé,18,0,0
SIN0000383,POL000889,CLT03001,Auto,Bris de glace,2023-02-16,2023-03-03,258,225,Ouvert,16,15,0
SIN0000384,POL000890,CLT00887,Santé,Optique,2024-12-06,2024-12-26,249,160,Ouvert,18,20,0
SIN0000385,POL000896,CLT03519,Habitation,Catastrophe naturelle,2024-09-03,2024-09-23,43521,35410,Ouvert,6,20,0
SIN0000386,POL000897,CLT00045,Auto,Vol,2023-08-20,2023-09-14,3216,2810,Ouvert,33,25,0
SIN0000387,POL000898,CLT01283,Santé,Hospitalisation,2024-07-21,2024-07-28,6494,4134,Ouvert,60,7,0
SIN0000388,POL000899,CLT03584,Santé,Soins courants,2022-10-23,2022-11-10,220,143,Ouvert,35,18,0
SIN0000389,POL000900,CLT04794,Auto,Accident matériel,2024-01-22,2024-01-28,6050,5047,Litigieux,151,6,0
SIN0000390,POL000901,CLT03892,Auto,Incendie,2023-06-02,2023-06-28,12238,8656,Fermé,9,26,0
SIN0000391,POL000903,CLT00556,Habitation,Vol/Cambriolage,2024-05-06,2024-05-29,8049,6461,Ouvert,49,23,0
SIN0000392,POL000906,CLT04612,Habitation,Vol/Cambriolage,2022-08-29,2022-09-02,2730,2124,Fermé,12,4,0
SIN0000393,POL000907,CLT02581,Auto,Accident matériel,2023-05-28,2023-05-29,4133,3049,Fermé,19,1,0
SIN0000394,POL000908,CLT01411,Auto,Vol,2024-08-05,2024-08-28,3578,3317,Litigieux,119,23,0
SIN0000395,POL000910,CLT03236,Habitation,Dégât des eaux,2023-12-24,2024-01-11,2389,2052,Fermé,14,18,0
SIN0000396,POL000910,CLT03236,Habitation,Catastrophe naturelle,2024-11-20,2024-12-02,7110,5561,Ouvert,53,12,0
SIN0000397,POL000912,CLT03132,Habitation,Catastrophe naturelle,2023-02-19,2023-03-06,12263,10686,Fermé,30,15,0
SIN0000398,POL000912,CLT03132,Habitation,Dégât des eaux,2024-12-12,2024-12-14,2147,1482,Ouvert,23,2,0
SIN0000399,POL000915,CLT01428,Habitation,Catastrophe naturelle,2022-06-25,2022-07-01,19699,14783,Fermé,12,6,0
SIN0000400,POL000917,CLT00934,Santé,Soins courants,2022-08-31,2022-09-05,167,137,Ouvert,14,5,0
SIN0000401,POL000919,CLT03828,Auto,Accident matériel,2024-05-22,2024-06-04,3681,3436,Fermé,17,13,0
SIN0000402,POL000926,CLT04164,Auto,Vol,2022-02-06,2022-02-11,4419,2731,Fermé,27,5,0
SIN0000403,POL000932,CLT01474,Santé,Optique,2021-11-22,2021-12-07,195,112,Fermé,19,15,0
SIN0000404,POL000933,CLT03304,Auto,Accident corporel,2023-01-11,2023-02-05,20908,14429,Fermé,29,25,0
SIN0000405,POL000934,CLT04186,Santé,Soins courants,2024-06-05,2024-06-29,370,219,Fermé,28,24,0
SIN0000406,POL000935,CLT01355,Habitation,Catastrophe naturelle,2024-10-19,2024-10-20,26141,22784,Ouvert,51,1,0
SIN0000407,POL000935,CLT01355,Habitation,Incendie,2024-01-14,2024-01-25,58325,35942,Fermé,19,11,0
SIN0000408,POL000942,CLT03262,Auto,Accident corporel,2024-08-27,2024-09-04,11854,10755,Fermé,7,8,0
SIN0000409,POL000944,CLT02170,Santé,Optique,2024-04-29,2024-05-28,426,320,Fermé,27,29,0
SIN0000410,POL000946,CLT00838,Auto,Vol,2023-10-23,2023-11-19,9295,5732,Ouvert,33,27,0
SIN0000411,POL000946,CLT00838,Auto,Vol,2023-08-14,2023-08-16,7446,4468,Fermé,6,2,0
SIN0000412,POL000947,CLT01992,Santé,Soins courants,2024-07-29,2024-08-25,222,152,Fermé,23,27,0
SIN0000413,POL000951,CLT04319,Auto,Vol,2023-11-26,2023-12-25,8846,6962,Fermé,29,29,0
SIN0000414,POL000952,CLT00520,Auto,Vol,2023-06-02,2023-06-10,6223,4875,Ouvert,17,8,0
SIN0000415,POL000952,CLT00520,Auto,Accident matériel,2023-08-01,2023-08-01,2181,1600,Fermé,13,0,0
SIN0000416,POL000952,CLT00520,Auto,Accident matériel,2024-03-29,2024-04-17,721,638,Litigieux,45,19,0
SIN0000417,POL000957,CLT03282,Auto,Vol,2023-06-15,2023-07-11,6378,3619,Fermé,21,26,0
SIN0000418,POL000959,CLT02148,Auto,Bris de glace,2023-06-17,2023-06-27,227,156,Fermé,28,10,0
SIN0000419,POL000959,CLT02148,Auto,Accident matériel,2023-10-09,2023-10-25,8654,7487,Fermé,12,16,0
SIN0000420,POL000960,CLT01584,Habitation,Incendie,2024-08-18,2024-08-26,52732,38237,Fermé,19,8,0
SIN0000421,POL000961,CLT00518,Habitation,Dégât des eaux,2024-10-20,2024-11-03,5640,5099,Ouvert,50,14,0
SIN0000422,POL000961,CLT00518,Habitation,Catastrophe naturelle,2024-01-28,2024-02-05,8583,6893,Fermé,28,8,0
SIN0000423,POL000961,CLT00518,Habitation,Dégât des eaux,2022-04-10,2022-04-30,3133,2556,Fermé,6,20,0
SIN0000424,POL000963,CLT00343,Habitation,Vol/Cambriolage,2022-09-19,2022-09-25,8132,6364,Fermé,10,6,0
SIN0000425,POL000965,CLT02219,Auto,Bris de glace,2023-06-02,2023-06-14,199,168,Fermé,23,12,0
SIN0000426,POL000966,CLT02675,Habitation,Bris de glace,2024-12-30,2024-12-31,229,154,Ouvert,52,16,0
SIN0000427,POL000966,CLT02675,Habitation,Vol/Cambriolage,2024-05-19,2024-06-04,6944,4356,Ouvert,56,16,0
SIN0000428,POL000970,CLT00740,Auto,Accident matériel,2024-02-09,2024-03-09,7437,6442,Fermé,15,29,0
SIN0000429,POL000972,CLT00480,Santé,Soins courants,2024-06-16,2024-06-19,323,252,Fermé,5,3,0
SIN0000430,POL000974,CLT00644,Auto,Accident corporel,2023-05-29,2023-06-28,27245,18390,Fermé,26,30,0
SIN0000431,POL000975,CLT04406,Habitation,Catastrophe naturelle,2024-11-18,2024-11-26,5437,3244,Ouvert,7,8,0
SIN0000432,POL000977,CLT04746,Auto,Bris de glace,2024-09-09,2024-10-07,709,390,Ouvert,58,28,0
SIN0000433,POL000978,CLT00063,Auto,Bris de glace,2024-08-10,2024-08-23,601,474,Fermé,25,13,0
SIN0000434,POL000979,CLT01114,Auto,Vol,2023-12-25,2024-01-13,6670,4638,Fermé,19,19,0
SIN0000435,POL000979,CLT01114,Auto,Accident matériel,2023-01-04,2023-01-18,6472,5768,Ouvert,2,14,0
SIN0000436,POL000979,CLT01114,Auto,Bris de glace,2024-06-07,2024-06-11,436,387,Fermé,24,4,0
SIN0000437,POL000984,CLT04680,Habitation,Bris de glace,2023-10-27,2023-11-23,714,407,Fermé,17,27,0
SIN0000438,POL000985,CLT01576,Habitation,Dégât des eaux,2021-07-30,2021-08-24,3579,3312,Ouvert,55,25,0
SIN0000439,POL000989,CLT02843,Auto,Accident corporel,2024-08-27,2024-08-28,25328,16921,Fermé,10,1,0
SIN0000440,POL000998,CLT02936,Auto,Accident matériel,2022-06-15,2022-06-27,2654,2465,Fermé,26,12,0
SIN0000441,POL001005,CLT04567,Habitation,Vol/Cambriolage,2023-01-01,2023-01-10,9915,5808,Fermé,18,9,0
SIN0000442,POL001013,CLT00252,Auto,Accident matériel,2024-03-04,2024-03-23,3250,2236,Litigieux,70,19,0
SIN0000443,POL001017,CLT04988,Santé,Dentaire,2024-08-30,2024-09-08,822,572,Fermé,6,9,0
SIN0000444,POL001017,CLT04988,Santé,Soins courants,2024-03-15,2024-03-25,518,377,Fermé,5,10,0
SIN0000445,POL001018,CLT04121,Santé,Soins courants,2024-06-22,2024-07-15,250,160,Fermé,27,23,0
SIN0000446,POL001034,CLT01952,Habitation,Vol/Cambriolage,2024-07-27,2024-08-24,10610,7659,Fermé,6,28,0
SIN0000447,POL001035,CLT04504,Habitation,Dégât des eaux,2022-05-24,2022-06-07,3075,2606,Fermé,11,14,0
SIN0000448,POL001037,CLT04736,Habitation,Catastrophe naturelle,2023-03-18,2023-04-17,15941,14152,Fermé,5,30,0
SIN0000449,POL001037,CLT04736,Habitation,Vol/Cambriolage,2022-05-21,2022-06-06,3670,3404,Fermé,19,16,0
SIN0000450,POL001038,CLT00959,Auto,Accident corporel,2024-02-09,2024-02-23,9528,6637,Fermé,27,14,0
SIN0000451,POL001039,CLT04277,Auto,Accident matériel,2022-11-08,2022-11-28,4282,2428,Fermé,18,20,0
SIN0000452,POL001041,CLT03940,Habitation,Catastrophe naturelle,2024-04-09,2024-04-23,9086,8382,Fermé,10,14,0
SIN0000453,POL001042,CLT02421,Auto,Accident corporel,2023-11-04,2023-12-03,32824,24523,Fermé,6,29,0
SIN0000454,POL001042,CLT02421,Auto,Accident matériel,2023-10-06,2023-10-26,3960,2822,Fermé,25,20,0
SIN0000455,POL001042,CLT02421,Auto,Bris de glace,2024-02-28,2024-03-08,986,838,Fermé,24,9,0
SIN0000456,POL001048,CLT03312,Santé,Dentaire,2022-09-20,2022-09-22,1416,1340,Fermé,9,2,0
SIN0000457,POL001049,CLT04820,Auto,Accident matériel,2024-10-01,2024-10-23,3658,2417,Ouvert,25,22,0
SIN0000458,POL001049,CLT04820,Auto,Vol,2023-01-22,2023-02-08,4313,3009,Fermé,8,17,0
SIN0000459,POL001049,CLT04820,Auto,Accident matériel,2023-10-22,2023-11-16,7476,5615,Fermé,19,25,0
SIN0000460,POL001055,CLT00124,Auto,Accident matériel,2024-11-22,2024-11-23,3130,1785,Ouvert,7,1,0
SIN0000461,POL001059,CLT04635,Auto,Accident matériel,2023-12-06,2023-12-30,1465,881,Fermé,28,24,0
SIN0000462,POL001062,CLT00192,Habitation,Dégât des eaux,2023-05-06,2023-05-23,3306,2246,Ouvert,56,17,0
SIN0000463,POL001064,CLT04277,Habitation,Bris de glace,2022-04-13,2022-04-23,341,262,Fermé,28,10,0
SIN0000464,POL001077,CLT00001,Habitation,Dégât des eaux,2021-09-15,2021-10-09,4809,3655,Ouvert,35,24,0
SIN0000465,POL001080,CLT03851,Santé,Maternité,2024-09-01,2024-09-19,1614,1339,Fermé,13,18,0
SIN0000466,POL001082,CLT04233,Auto,Vol,2023-11-07,2023-11-07,13276,9494,Ouvert,59,0,0
SIN0000467,POL001086,CLT03800,Santé,Optique,2024-12-08,2024-12-24,576,450,Ouvert,54,16,0
SIN0000468,POL001087,CLT03502,Auto,Accident matériel,2023-05-05,2023-05-14,1741,1630,Fermé,7,9,0
SIN0000469,POL001089,CLT03788,Auto,Accident matériel,2024-12-08,2024-12-21,4491,3368,Ouvert,12,13,0
SIN0000470,POL001091,CLT04703,Habitation,Vol/Cambriolage,2024-12-02,2024-12-06,10315,6254,Ouvert,37,4,0
SIN0000471,POL001091,CLT04703,Habitation,Dégât des eaux,2023-03-20,2023-04-18,3139,2779,Litigieux,114,29,0
SIN0000472,POL001092,CLT01860,Santé,Optique,2024-09-21,2024-09-24,144,118,Fermé,9,3,0
SIN0000473,POL001097,CLT00580,Auto,Accident matériel,2024-07-30,2024-07-30,10288,7011,Ouvert,10,0,0
SIN0000474,POL001098,CLT04600,Habitation,Catastrophe naturelle,2023-06-13,2023-07-10,18373,13838,Fermé,24,27,0
SIN0000475,POL001098,CLT04600,Habitation,Dégât des eaux,2023-11-11,2023-11-12,4694,3864,Litigieux,100,1,0
SIN0000476,POL001100,CLT04293,Habitation,Bris de glace,2023-05-01,2023-05-29,205,193,Fermé,21,28,0
SIN0000477,POL001102,CLT03567,Auto,Vol,2022-11-18,2022-12-17,8840,6695,Fermé,30,29,0
SIN0000478,POL001102,CLT03567,Auto,Accident matériel,2022-05-15,2022-05-25,2964,2105,Fermé,16,10,0
SIN0000479,POL001103,CLT01795,Santé,Optique,2023-08-08,2023-08-08,1016,806,Litigieux,73,0,0
SIN0000480,POL001106,CLT01130,Habitation,Dégât des eaux,2022-09-16,2022-10-06,3728,3071,Ouvert,27,20,0
SIN0000481,POL001108,CLT02749,Auto,Accident matériel,2024-04-11,2024-04-16,1961,1514,Fermé,26,5,0
SIN0000482,POL001110,CLT02731,Santé,Optique,2023-01-14,2023-01-23,281,172,Fermé,20,9,0
SIN0000483,POL001110,CLT02731,Santé,Maternité,2022-04-30,2022-05-04,1018,736,Fermé,5,4,0
SIN0000484,POL001116,CLT01916,Auto,Accident matériel,2024-06-08,2024-06-14,5448,4098,Fermé,25,6,0
SIN0000485,POL001118,CLT01493,Auto,Accident matériel,2024-07-02,2024-07-05,2663,1552,Ouvert,27,3,0
SIN0000486,POL001122,CLT02784,Auto,Accident matériel,2024-12-04,2024-12-27,2363,2050,Ouvert,30,23,0
SIN0000487,POL001125,CLT00230,Santé,Soins courants,2024-04-09,2024-05-07,161,92,Fermé,21,28,0
SIN0000488,POL001125,CLT00230,Santé,Dentaire,2024-06-23,2024-06-23,886,723,Fermé,11,0,0
SIN0000489,POL001126,CLT03217,Auto,Vol,2022-05-02,2022-05-31,16562,9339,Ouvert,20,29,0
SIN0000490,POL001127,CLT00100,Auto,Vol,2022-12-15,2022-12-16,8491,6583,Fermé,17,1,0
SIN0000491,POL001128,CLT02853,Auto,Accident matériel,2024-08-19,2024-09-02,3723,2075,Ouvert,28,14,0
SIN0000492,POL001128,CLT02853,Auto,Accident matériel,2023-04-07,2023-04-08,3918,2530,Fermé,30,1,0
SIN0000493,POL001130,CLT04447,Auto,Vol,2023-12-18,2024-01-17,7786,6916,Fermé,24,30,0
SIN0000494,POL001131,CLT02760,Santé,Optique,2022-03-18,2022-03-26,279,242,Ouvert,32,8,0
SIN0000495,POL001131,CLT02760,Santé,Soins courants,2024-04-20,2024-04-29,540,467,Ouvert,39,9,0
SIN0000496,POL001131,CLT02760,Santé,Soins courants,2023-06-02,2023-06-28,266,224,Litigieux,158,26,0
SIN0000497,POL001133,CLT02790,Auto,Bris de glace,2023-02-07,2023-03-08,1623,1442,Fermé,19,29,0
SIN0000498,POL001137,CLT01980,Santé,Optique,2022-05-13,2022-05-20,325,241,Fermé,25,7,0
SIN0000499,POL001142,CLT01741,Santé,Optique,2023-08-30,2023-09-05,408,252,Fermé,19,6,0
SIN0000500,POL001144,CLT00501,Habitation,Incendie,2024-07-04,2024-07-24,32247,19378,Ouvert,34,20,0
SIN0000501,POL001147,CLT03456,Santé,Maternité,2023-09-03,2023-09-27,678,643,Fermé,30,24,0
SIN0000502,POL001147,CLT03456,Santé,Dentaire,2024-08-18,2024-09-01,473,365,Ouvert,28,14,0
SIN0000503,POL001148,CLT04432,Habitation,Bris de glace,2023-02-21,2023-03-17,278,254,Fermé,25,24,0
SIN0000504,POL001150,CLT01802,Habitation,Dégât des eaux,2023-11-03,2023-11-30,7432,6149,Fermé,24,27,0
SIN0000505,POL001154,CLT03470,Auto,Bris de glace,2023-02-08,2023-02-21,417,286,Fermé,15,13,0
SIN0000506,POL001159,CLT04512,Auto,Vol,2022-04-10,2022-04-16,3074,2509,Ouvert,2,6,0
SIN0000507,POL001161,CLT04297,Habitation,Vol/Cambriolage,2023-12-17,2024-01-06,6884,3800,Fermé,14,20,0
SIN0000508,POL001166,CLT00365,Habitation,Dégât des eaux,2024-01-26,2024-02-05,8561,6142,Ouvert,58,10,0
SIN0000509,POL001168,CLT00551,Habitation,Bris de glace,2023-07-07,2023-07-18,415,250,Ouvert,13,11,0
SIN0000510,POL001175,CLT00541,Auto,Accident corporel,2024-07-27,2024-08-01,46139,37896,Litigieux,85,5,0
SIN0000511,POL001176,CLT01608,Habitation,Dégât des eaux,2022-06-20,2022-06-29,4535,3145,Ouvert,22,9,0
SIN0000512,POL001176,CLT01608,Habitation,Vol/Cambriolage,2022-04-19,2022-04-30,3036,1829,Fermé,21,11,0
SIN0000513,POL001176,CLT01608,Habitation,Catastrophe naturelle,2021-10-25,2021-11-18,9263,5118,Ouvert,39,24,0
SIN0000514,POL001177,CLT01703,Santé,Maternité,2024-03-01,2024-03-27,483,285,Fermé,20,26,0
SIN0000515,POL001178,CLT01075,Auto,Vol,2023-11-12,2023-12-01,5697,4770,Ouvert,10,19,0
SIN0000516,POL001178,CLT01075,Auto,Vol,2023-08-20,2023-09-15,7747,4899,Fermé,22,26,0
SIN0000517,POL001179,CLT01042,Habitation,Dégât des eaux,2023-08-28,2023-09-04,4062,2253,Ouvert,30,7,0
SIN0000518,POL001185,CLT04901,Auto,Vol,2021-10-28,2021-11-22,3599,2757,Fermé,16,25,0
SIN0000519,POL001185,CLT04901,Auto,Vol,2024-02-12,2024-02-12,2513,2300,Fermé,14,0,0
SIN0000520,POL001188,CLT04434,Santé,Dentaire,2023-06-29,2023-07-28,517,394,Fermé,28,29,0
SIN0000521,POL001190,CLT03439,Habitation,Catastrophe naturelle,2023-05-12,2023-06-01,6172,4932,Fermé,9,20,0
SIN0000522,POL001190,CLT03439,Habitation,Dégât des eaux,2024-01-19,2024-01-26,5418,4276,Fermé,10,7,0
SIN0000523,POL001191,CLT03020,Santé,Optique,2023-07-10,2023-07-21,715,533,Fermé,28,11,0
SIN0000524,POL001192,CLT00333,Auto,Bris de glace,2023-10-02,2023-10-03,550,463,Fermé,7,1,0
SIN0000525,POL001193,CLT04196,Santé,Soins courants,2024-09-14,2024-09-28,176,141,Ouvert,24,14,0
SIN0000526,POL001197,CLT00070,Auto,Accident matériel,2024-05-26,2024-06-21,3129,2287,Fermé,29,26,0
SIN0000527,POL001197,CLT00070,Auto,Bris de glace,2022-09-15,2022-09-18,395,320,Ouvert,24,3,0
SIN0000528,POL001204,CLT03339,Auto,Accident matériel,2024-08-01,2024-08-31,5670,3756,Fermé,7,30,0
SIN0000529,POL001215,CLT02219,Auto,Accident matériel,2024-10-13,2024-10-31,5240,3025,Ouvert,19,18,0
SIN0000530,POL001217,CLT01037,Auto,Accident matériel,2023-03-05,2023-03-09,10810,7849,Fermé,12,4,0
SIN0000531,POL001221,CLT03253,Auto,Accident matériel,2021-09-17,2021-10-08,2677,2098,Fermé,17,21,0
SIN0000532,POL001223,CLT03015,Habitation,Vol/Cambriolage,2022-06-27,2022-07-11,6633,4704,Fermé,25,14,0
SIN0000533,POL001224,CLT03153,Auto,Accident matériel,2021-05-05,2021-05-31,2122,1537,Fermé,10,26,0
SIN0000534,POL001225,CLT02170,Habitation,Dégât des eaux,2022-12-11,2023-01-09,4745,4385,Fermé,17,29,0
SIN0000535,POL001226,CLT01290,Santé,Dentaire,2023-11-10,2023-12-03,1631,1187,Fermé,25,23,0
SIN0000536,POL001230,CLT04349,Santé,Soins courants,2023-07-13,2023-07-20,233,182,Fermé,6,7,0
SIN0000537,POL001231,CLT00651,Auto,Accident corporel,2022-10-20,2022-11-16,28455,18460,Fermé,20,27,0
SIN0000538,POL001232,CLT04563,Auto,Incendie,2023-10-22,2023-10-25,10424,8158,Fermé,10,3,0
SIN0000539,POL001238,CLT02654,Auto,Accident matériel,2022-08-27,2022-08-31,3445,2996,Fermé,5,4,0
SIN0000540,POL001241,CLT04253,Habitation,Catastrophe naturelle,2024-11-24,2024-12-19,9604,7173,Ouvert,25,25,0
SIN0000541,POL001241,CLT04253,Habitation,Catastrophe naturelle,2022-09-20,2022-10-20,15104,14106,Fermé,28,30,0
SIN0000542,POL001241,CLT04253,Habitation,Dégât des eaux,2023-12-24,2024-01-20,6390,4024,Fermé,18,27,0
SIN0000543,POL001243,CLT01527,Auto,Accident corporel,2022-11-06,2022-11-28,22316,17951,Fermé,24,22,0
SIN0000544,POL001243,CLT01527,Auto,Bris de glace,2023-11-02,2023-11-29,659,483,Fermé,22,27,0
SIN0000545,POL001246,CLT00712,Habitation,Dégât des eaux,2023-11-09,2023-11-17,4214,2760,Fermé,30,8,0
SIN0000546,POL001250,CLT03060,Santé,Optique,2024-12-07,2024-12-31,218,178,Ouvert,51,28,0
SIN0000547,POL001250,CLT03060,Santé,Optique,2024-11-28,2024-12-23,750,554,Ouvert,42,25,0
SIN0000548,POL001252,CLT01558,Santé,Soins courants,2024-07-18,2024-08-16,369,235,Fermé,23,29,0
SIN0000549,POL001254,CLT01848,Auto,Accident corporel,2022-07-16,2022-08-14,27732,25032,Ouvert,22,29,0
SIN0000550,POL001255,CLT00285,Habitation,Dégât des eaux,2022-12-06,2022-12-06,3467,2756,Fermé,13,0,0
SIN0000551,POL001257,CLT00990,Habitation,Dégât des eaux,2022-03-29,2022-03-29,2495,1401,Fermé,25,0,0
SIN0000552,POL001268,CLT02766,Auto,Accident corporel,2024-04-21,2024-04-24,14947,12837,Fermé,20,3,0
SIN0000553,POL001271,CLT01936,Auto,Accident matériel,2023-03-10,2023-04-04,5900,3794,Fermé,11,25,0
SIN0000554,POL001273,CLT00588,Auto,Accident corporel,2023-05-04,2023-05-27,5451,3893,Fermé,27,23,0
SIN0000555,POL001273,CLT00588,Auto,Vol,2024-04-25,2024-05-07,3838,2175,Litigieux,140,12,0
SIN0000556,POL001273,CLT00588,Auto,Accident corporel,2023-11-08,2023-11-15,43826,36724,Fermé,30,7,0
SIN0000557,POL001277,CLT01428,Santé,Soins courants,2023-02-02,2023-02-03,340,250,Fermé,25,1,0
SIN0000558,POL001282,CLT01124,Auto,Bris de glace,2023-10-31,2023-11-23,434,356,Fermé,11,23,0
SIN0000559,POL001295,CLT00568,Auto,Accident corporel,2024-10-20,2024-10-25,19411,16461,Ouvert,24,5,0
SIN0000560,POL001296,CLT03098,Auto,Accident matériel,2024-02-20,2024-03-05,4772,4270,Ouvert,32,14,0
SIN0000561,POL001302,CLT00271,Auto,Vol,2023-05-18,2023-05-21,3040,1878,Fermé,16,3,0
SIN0000562,POL001302,CLT00271,Auto,Accident matériel,2023-10-12,2023-10-28,6641,4249,Fermé,20,16,0
SIN0000563,POL001305,CLT00901,Santé,Dentaire,2023-05-09,2023-05-16,699,466,Litigieux,59,7,0
SIN0000564,POL001309,CLT00642,Santé,Hospitalisation,2024-06-07,2024-06-10,3588,3100,Fermé,26,3,0
SIN0000565,POL001312,CLT02145,Santé,Soins courants,2024-03-14,2024-03-20,211,150,Fermé,14,6,0
SIN0000566,POL001315,CLT01987,Santé,Dentaire,2024-03-22,2024-03-27,1771,1183,Fermé,7,5,0
SIN0000567,POL001315,CLT01987,Santé,Soins courants,2024-01-28,2024-02-06,273,237,Fermé,22,9,0
SIN0000568,POL001318,CLT01840,Auto,Accident corporel,2024-11-21,2024-12-06,24583,20664,Ouvert,60,15,0
SIN0000569,POL001321,CLT02209,Auto,Accident matériel,2022-11-10,2022-12-10,9480,7974,Fermé,24,30,0
SIN0000570,POL001326,CLT00084,Auto,Accident matériel,2024-11-12,2024-12-03,4261,2782,Ouvert,59,21,0
SIN0000571,POL001328,CLT00448,Santé,Hospitalisation,2023-12-23,2024-01-17,6111,4792,Ouvert,35,25,0
SIN0000572,POL001328,CLT00448,Santé,Dentaire,2023-06-26,2023-07-06,1632,1406,Fermé,28,10,0
SIN0000573,POL001335,CLT04441,Habitation,Bris de glace,2023-05-06,2023-05-25,1170,1066,Fermé,13,19,0
SIN0000574,POL001336,CLT01504,Auto,Accident matériel,2022-11-22,2022-12-19,7475,6216,Fermé,7,27,0
SIN0000575,POL001336,CLT01504,Auto,Bris de glace,2021-10-05,2021-10-25,949,639,Fermé,9,20,0
SIN0000576,POL001338,CLT01704,Habitation,Bris de glace,2023-06-25,2023-07-16,209,191,Fermé,28,21,0
SIN0000577,POL001338,CLT01704,Habitation,Vol/Cambriolage,2023-11-13,2023-11-22,8658,8084,Fermé,27,9,0
SIN0000578,POL001343,CLT02344,Auto,Accident corporel,2023-01-23,2023-01-26,13011,12197,Fermé,17,3,0
SIN0000579,POL001347,CLT01094,Habitation,Vol/Cambriolage,2024-07-11,2024-07-15,6958,5567,Fermé,23,4,0
SIN0000580,POL001349,CLT00082,Auto,Accident matériel,2024-07-09,2024-08-08,4045,3297,Fermé,17,30,0
SIN0000581,POL001353,CLT00465,Auto,Accident matériel,2022-10-06,2022-10-27,4133,2857,Litigieux,62,21,0
SIN0000582,POL001356,CLT01080,Auto,Incendie,2024-06-13,2024-07-13,42667,26193,Ouvert,26,30,0
SIN0000583,POL001357,CLT04764,Santé,Optique,2024-04-05,2024-05-02,290,162,Fermé,7,27,0
SIN0000584,POL001360,CLT02122,Habitation,Incendie,2024-10-11,2024-10-18,31764,18071,Ouvert,50,7,0
SIN0000585,POL001369,CLT01538,Habitation,Bris de glace,2021-12-01,2021-12-11,448,320,Fermé,25,10,0
SIN0000586,POL001370,CLT00817,Auto,Vol,2023-01-17,2023-01-26,10023,7775,Litigieux,73,9,0
SIN0000587,POL001370,CLT00817,Auto,Accident matériel,2021-12-19,2021-12-22,3671,2467,Fermé,17,3,0
SIN0000588,POL001371,CLT03752,Santé,Dentaire,2024-10-13,2024-11-07,702,502,Ouvert,16,25,0
SIN0000589,POL001371,CLT03752,Santé,Dentaire,2024-02-02,2024-02-09,709,606,Fermé,26,7,0
SIN0000590,POL001376,CLT01460,Habitation,Dégât des eaux,2022-04-20,2022-05-07,3302,1919,Fermé,10,17,0
SIN0000591,POL001377,CLT01415,Auto,Accident matériel,2023-06-05,2023-06-18,2099,1896,Ouvert,26,13,0
SIN0000592,POL001378,CLT02047,Auto,Accident matériel,2022-04-06,2022-05-02,2789,2152,Fermé,30,26,0
SIN0000593,POL001380,CLT02626,Habitation,Dégât des eaux,2024-11-19,2024-12-05,5306,4067,Ouvert,6,16,0
SIN0000594,POL001381,CLT01576,Santé,Optique,2022-08-22,2022-09-07,856,760,Fermé,15,16,0
SIN0000595,POL001387,CLT03672,Habitation,Bris de glace,2023-09-30,2023-10-29,458,293,Ouvert,2,29,0
SIN0000596,POL001389,CLT02196,Auto,Accident matériel,2024-07-25,2024-08-03,5778,3449,Ouvert,53,9,0
SIN0000597,POL001391,CLT00660,Santé,Dentaire,2023-12-31,2024-01-23,805,569,Fermé,14,23,0
SIN0000598,POL001393,CLT01292,Auto,Accident matériel,2023-01-18,2023-02-15,2865,1823,Fermé,28,28,0
SIN0000599,POL001393,CLT01292,Auto,Bris de glace,2023-05-06,2023-06-02,362,250,Fermé,11,27,0
SIN0000600,POL001394,CLT03363,Auto,Accident matériel,2023-06-20,2023-06-26,5617,4671,Ouvert,57,6,0
SIN0000601,POL001394,CLT03363,Auto,Accident matériel,2024-12-25,2024-12-31,3724,3354,Ouvert,46,30,0
SIN0000602,POL001394,CLT03363,Auto,Accident matériel,2022-11-22,2022-12-02,3402,2198,Fermé,16,10,0
SIN0000603,POL001394,CLT03363,Auto,Accident corporel,2024-03-13,2024-04-08,12211,11372,Fermé,6,26,0
SIN0000604,POL001398,CLT04214,Auto,Accident corporel,2023-01-25,2023-01-30,17824,12802,Ouvert,56,5,0
SIN0000605,POL001402,CLT00774,Santé,Soins courants,2023-12-27,2024-01-19,395,228,Litigieux,139,23,0
SIN0000606,POL001403,CLT02426,Habitation,Incendie,2023-10-19,2023-11-06,9401,5440,Fermé,16,18,0
SIN0000607,POL001411,CLT00973,Habitation,Dégât des eaux,2024-11-04,2024-11-15,3533,2195,Ouvert,28,11,0
SIN0000608,POL001414,CLT00373,Auto,Accident matériel,2024-01-19,2024-02-01,4310,3400,Fermé,18,13,0
SIN0000609,POL001418,CLT02275,Habitation,Dégât des eaux,2023-01-28,2023-02-01,3472,2582,Fermé,13,4,0
SIN0000610,POL001422,CLT01585,Habitation,Incendie,2022-02-21,2022-03-13,40343,22399,Fermé,7,20,0
SIN0000611,POL001430,CLT03963,Auto,Accident matériel,2024-03-20,2024-03-20,4679,3624,Fermé,13,0,0
SIN0000612,POL001432,CLT03727,Auto,Accident matériel,2023-12-07,2023-12-23,4534,2503,Fermé,11,16,0
SIN0000613,POL001436,CLT01531,Habitation,Dégât des eaux,2023-07-13,2023-07-14,3996,3739,Fermé,7,1,0
SIN0000614,POL001437,CLT02666,Habitation,Vol/Cambriolage,2024-12-16,2024-12-20,3886,2681,Ouvert,33,4,0
SIN0000615,POL001441,CLT03643,Santé,Optique,2024-05-13,2024-06-02,219,172,Fermé,22,20,0
SIN0000616,POL001441,CLT03643,Santé,Soins courants,2024-02-15,2024-03-08,205,165,Fermé,25,22,0
SIN0000617,POL001444,CLT00137,Santé,Optique,2024-07-08,2024-07-10,729,408,Fermé,21,2,0
SIN0000618,POL001445,CLT03088,Auto,Accident corporel,2023-11-09,2023-11-26,18104,11916,Ouvert,7,17,0
SIN0000619,POL001448,CLT01332,Auto,Incendie,2024-01-11,2024-01-26,28651,19763,Ouvert,9,15,0
SIN0000620,POL001449,CLT00074,Habitation,Dégât des eaux,2023-08-18,2023-08-18,2239,1958,Fermé,21,0,0
SIN0000621,POL001458,CLT04395,Santé,Maternité,2024-06-09,2024-07-02,1327,1008,Fermé,18,23,0
SIN0000622,POL001459,CLT04787,Habitation,Vol/Cambriolage,2023-01-23,2023-02-08,14130,12465,Fermé,21,16,0
SIN0000623,POL001463,CLT04931,Santé,Soins courants,2024-09-01,2024-09-22,184,139,Ouvert,48,21,0
SIN0000624,POL001464,CLT04380,Santé,Soins courants,2023-11-22,2023-11-26,150,96,Fermé,30,4,0
SIN0000625,POL001467,CLT04875,Habitation,Dégât des eaux,2022-04-26,2022-05-17,5509,5140,Fermé,12,21,0
SIN0000626,POL001467,CLT04875,Habitation,Dégât des eaux,2022-03-13,2022-04-11,6975,4595,Ouvert,54,29,0
SIN0000627,POL001469,CLT03663,Habitation,Incendie,2023-09-17,2023-09-27,17329,14506,Ouvert,6,10,0
SIN0000628,POL001469,CLT03663,Habitation,Incendie,2024-01-03,2024-01-09,52309,45531,Fermé,7,6,0
SIN0000629,POL001470,CLT00377,Habitation,Catastrophe naturelle,2024-07-20,2024-08-17,16036,11887,Fermé,12,28,0
SIN0000630,POL001471,CLT04887,Auto,Accident matériel,2023-12-02,2023-12-06,2895,2296,Fermé,30,4,0
SIN0000631,POL001472,CLT00796,Habitation,Vol/Cambriolage,2024-06-19,2024-07-14,10928,7388,Fermé,30,25,0
SIN0000632,POL001474,CLT04666,Auto,Accident matériel,2024-07-26,2024-08-02,1848,1246,Litigieux,138,7,0
SIN0000633,POL001474,CLT04666,Auto,Vol,2021-06-17,2021-06-19,6319,3913,Ouvert,57,2,0
SIN0000634,POL001475,CLT04349,Habitation,Dégât des eaux,2023-08-25,2023-09-18,3040,2037,Ouvert,41,24,0
SIN0000635,POL001475,CLT04349,Habitation,Catastrophe naturelle,2021-10-24,2021-11-05,6887,5201,Fermé,8,12,0
SIN0000636,POL001476,CLT01672,Auto,Accident corporel,2024-04-26,2024-04-29,31213,21360,Ouvert,17,3,0
SIN0000637,POL001477,CLT02224,Santé,Optique,2022-12-16,2022-12-29,404,244,Fermé,7,13,0
SIN0000638,POL001478,CLT04877,Santé,Dentaire,2023-01-31,2023-02-09,379,215,Fermé,30,9,0
SIN0000639,POL001479,CLT03457,Habitation,Dégât des eaux,2023-08-17,2023-08-23,6598,6033,Fermé,5,6,0
SIN0000640,POL001490,CLT00557,Santé,Dentaire,2023-03-15,2023-04-02,1381,948,Fermé,25,18,0
SIN0000641,POL001491,CLT01173,Habitation,Bris de glace,2024-05-09,2024-05-19,1141,638,Fermé,25,10,0
SIN0000642,POL001491,CLT01173,Habitation,Vol/Cambriolage,2024-04-12,2024-05-04,12945,7535,Fermé,27,22,0
SIN0000643,POL001492,CLT02218,Habitation,Dégât des eaux,2022-10-12,2022-10-15,4224,2543,Fermé,20,3,0
SIN0000644,POL001493,CLT04553,Auto,Accident matériel,2024-11-20,2024-12-11,3046,1850,Ouvert,49,21,0
SIN0000645,POL001496,CLT03017,Habitation,Dégât des eaux,2023-02-27,2023-03-27,9569,6104,Fermé,22,28,0
SIN0000646,POL001498,CLT00760,Auto,Bris de glace,2023-10-31,2023-11-08,411,274,Ouvert,58,8,0
SIN0000647,POL001507,CLT01435,Santé,Dentaire,2023-02-21,2023-02-27,544,481,Ouvert,22,6,0
SIN0000648,POL001508,CLT03932,Habitation,Dégât des eaux,2023-06-21,2023-07-15,6107,5035,Fermé,16,24,0
SIN0000649,POL001509,CLT03562,Auto,Accident matériel,2024-09-24,2024-10-15,2203,1364,Ouvert,45,21,0
SIN0000650,POL001513,CLT01541,Auto,Accident matériel,2024-07-28,2024-08-26,3400,2224,Fermé,28,29,0
SIN0000651,POL001515,CLT03257,Habitation,Dégât des eaux,2024-02-12,2024-03-08,1617,908,Fermé,20,25,0
SIN0000652,POL001516,CLT03245,Auto,Bris de glace,2022-08-30,2022-09-06,419,286,Fermé,10,7,0
SIN0000653,POL001517,CLT03523,Auto,Accident matériel,2022-08-19,2022-09-08,4996,4379,Ouvert,54,20,0
SIN0000654,POL001522,CLT02356,Auto,Vol,2024-09-24,2024-10-14,4612,2752,Ouvert,56,20,0
SIN0000655,POL001528,CLT04991,Habitation,Catastrophe naturelle,2021-07-23,2021-08-05,5715,5342,Fermé,19,13,0
SIN0000656,POL001530,CLT03702,Santé,Dentaire,2023-03-22,2023-04-10,1294,966,Fermé,24,19,0
SIN0000657,POL001530,CLT03702,Santé,Maternité,2024-01-09,2024-02-04,2213,1477,Fermé,18,26,0
SIN0000658,POL001531,CLT04335,Auto,Bris de glace,2024-11-04,2024-11-28,121,87,Ouvert,27,24,0
SIN0000659,POL001531,CLT04335,Auto,Bris de glace,2024-08-12,2024-08-13,499,349,Ouvert,58,1,0
SIN0000660,POL001532,CLT02179,Habitation,Vol/Cambriolage,2024-01-31,2024-02-12,5491,3339,Fermé,26,12,0
SIN0000661,POL001534,CLT01493,Habitation,Incendie,2023-08-12,2023-08-21,11482,7398,Ouvert,3,9,0
SIN0000662,POL001535,CLT02800,Habitation,Catastrophe naturelle,2024-10-09,2024-10-17,15614,13452,Ouvert,31,8,0
SIN0000663,POL001537,CLT00654,Auto,Bris de glace,2024-05-22,2024-06-07,315,198,Fermé,27,16,0
SIN0000664,POL001537,CLT00654,Auto,Accident matériel,2024-04-01,2024-04-07,997,587,Fermé,13,6,0
SIN0000665,POL001543,CLT00098,Habitation,Dégât des eaux,2023-06-21,2023-07-01,4924,2786,Fermé,21,10,0
SIN0000666,POL001544,CLT03233,Auto,Accident matériel,2022-04-27,2022-05-26,3307,2325,Ouvert,13,29,0
SIN0000667,POL001546,CLT04699,Santé,Dentaire,2023-02-23,2023-03-21,829,591,Litigieux,43,26,0
SIN0000668,POL001548,CLT02688,Santé,Soins courants,2024-09-30,2024-09-30,113,75,Fermé,17,0,0
SIN0000669,POL001548,CLT02688,Santé,Soins courants,2024-06-05,2024-06-27,146,127,Fermé,21,22,0
SIN0000670,POL001553,CLT03285,Habitation,Bris de glace,2023-09-09,2023-09-25,151,90,Ouvert,32,16,0
SIN0000671,POL001555,CLT03525,Auto,Vol,2024-06-08,2024-06-27,6376,4904,Fermé,22,19,0
SIN0000672,POL001555,CLT03525,Auto,Accident corporel,2023-06-28,2023-07-09,14822,9073,Ouvert,41,11,0
SIN0000673,POL001557,CLT01962,Habitation,Vol/Cambriolage,2024-05-19,2024-06-07,13190,8377,Fermé,16,19,0
SIN0000674,POL001561,CLT03099,Auto,Accident corporel,2024-01-10,2024-01-25,16313,9340,Fermé,14,15,0
SIN0000675,POL001562,CLT04270,Auto,Bris de glace,2022-09-06,2022-09-20,602,566,Litigieux,105,14,0
SIN0000676,POL001566,CLT00307,Auto,Accident matériel,2024-08-20,2024-09-16,1117,973,Fermé,17,27,0
SIN0000677,POL001566,CLT00307,Auto,Accident corporel,2021-12-31,2022-01-25,22934,18642,Fermé,27,25,0
SIN0000678,POL001568,CLT01101,Santé,Optique,2023-07-24,2023-07-27,539,351,Fermé,25,3,0
SIN0000679,POL001568,CLT01101,Santé,Maternité,2022-09-20,2022-10-20,1494,1228,Fermé,20,30,0
SIN0000680,POL001570,CLT01884,Habitation,Vol/Cambriolage,2023-05-09,2023-05-21,5747,5261,Fermé,18,12,0
SIN0000681,POL001572,CLT04972,Habitation,Incendie,2024-09-21,2024-10-10,18222,13075,Ouvert,20,19,0
SIN0000682,POL001573,CLT01419,Habitation,Dégât des eaux,2022-08-14,2022-08-21,2635,1968,Fermé,17,7,0
SIN0000683,POL001576,CLT03717,Auto,Bris de glace,2024-06-20,2024-06-21,254,183,Fermé,6,1,0
SIN0000684,POL001577,CLT01611,Auto,Bris de glace,2024-04-18,2024-04-26,501,306,Fermé,13,8,0
SIN0000685,POL001577,CLT01611,Auto,Bris de glace,2024-02-27,2024-03-21,256,206,Fermé,18,23,0
SIN0000686,POL001580,CLT04283,Santé,Soins courants,2022-09-07,2022-10-02,136,117,Fermé,15,25,0
SIN0000687,POL001581,CLT03631,Habitation,Dégât des eaux,2024-08-29,2024-09-07,6809,5380,Fermé,20,9,0
SIN0000688,POL001584,CLT00924,Santé,Soins courants,2024-03-22,2024-04-13,275,203,Litigieux,175,22,0
SIN0000689,POL001586,CLT02857,Auto,Accident matériel,2021-08-13,2021-08-13,4801,3903,Fermé,30,0,0
SIN0000690,POL001586,CLT02857,Auto,Incendie,2024-10-07,2024-10-28,20155,18003,Ouvert,49,21,0
SIN0000691,POL001589,CLT02200,Habitation,Vol/Cambriolage,2023-12-30,2023-12-31,16321,12461,Fermé,15,1,0
SIN0000692,POL001597,CLT02172,Santé,Soins courants,2024-11-18,2024-12-01,507,376,Ouvert,26,13,0
SIN0000693,POL001614,CLT02402,Santé,Hospitalisation,2024-12-02,2024-12-16,13529,7603,Ouvert,25,14,0
SIN0000694,POL001621,CLT02459,Habitation,Dégât des eaux,2022-11-07,2022-11-17,5779,5146,Fermé,15,10,0
SIN0000695,POL001621,CLT02459,Habitation,Incendie,2022-02-18,2022-02-26,52208,29785,Fermé,8,8,0
SIN0000696,POL001621,CLT02459,Habitation,Dégât des eaux,2022-11-10,2022-12-09,4833,2804,Fermé,21,29,0
SIN0000697,POL001623,CLT03132,Auto,Vol,2024-08-25,2024-09-11,6088,5776,Ouvert,42,17,0
SIN0000698,POL001624,CLT02619,Santé,Optique,2024-10-18,2024-11-09,285,200,Ouvert,16,22,0
SIN0000699,POL001629,CLT02121,Auto,Incendie,2023-08-23,2023-08-28,21216,17383,Ouvert,59,5,0
SIN0000700,POL001631,CLT04020,Auto,Accident matériel,2024-08-24,2024-09-17,13058,10627,Fermé,6,24,0
SIN0000701,POL001631,CLT04020,Auto,Accident matériel,2021-11-24,2021-12-21,4807,2974,Fermé,8,27,0
SIN0000702,POL001635,CLT04177,Auto,Incendie,2023-10-01,2023-10-02,79652,65441,Fermé,27,1,1
SIN0000703,POL001635,CLT04177,Auto,Accident matériel,2022-08-02,2022-08-27,1078,739,Fermé,12,25,0
SIN0000704,POL001643,CLT04655,Santé,Soins courants,2022-10-24,2022-11-02,225,148,Ouvert,10,9,0
SIN0000705,POL001645,CLT01248,Santé,Soins courants,2024-03-07,2024-04-04,268,250,Fermé,8,28,0
SIN0000706,POL001650,CLT02114,Auto,Bris de glace,2024-05-04,2024-06-01,299,178,Fermé,17,28,0
SIN0000707,POL001650,CLT02114,Auto,Accident matériel,2021-07-20,2021-08-13,1427,946,Fermé,20,24,0
SIN0000708,POL001652,CLT00793,Habitation,Vol/Cambriolage,2024-04-28,2024-05-21,8124,7316,Fermé,25,23,0
SIN0000709,POL001652,CLT00793,Habitation,Vol/Cambriolage,2023-10-10,2023-10-11,3958,3556,Ouvert,32,1,0
SIN0000710,POL001653,CLT00788,Habitation,Dégât des eaux,2023-01-07,2023-01-24,8178,6032,Ouvert,6,17,0
SIN0000711,POL001658,CLT02635,Auto,Vol,2024-12-22,2024-12-24,4950,3346,Ouvert,50,2,0
SIN0000712,POL001659,CLT04768,Santé,Soins courants,2023-04-29,2023-05-22,411,349,Litigieux,175,23,0
SIN0000713,POL001662,CLT04154,Auto,Accident matériel,2022-06-22,2022-06-29,2279,2142,Fermé,26,7,0
SIN0000714,POL001662,CLT04154,Auto,Accident matériel,2024-09-04,2024-09-27,1713,944,Litigieux,180,23,0
SIN0000715,POL001662,CLT04154,Auto,Accident matériel,2022-06-22,2022-07-11,4370,2939,Ouvert,45,19,0
SIN0000716,POL001664,CLT03204,Auto,Vol,2024-09-11,2024-09-21,5434,4015,Fermé,17,10,0
SIN0000717,POL001665,CLT04071,Auto,Accident matériel,2024-06-17,2024-06-19,3824,2666,Fermé,20,2,0
SIN0000718,POL001666,CLT02937,Habitation,Dégât des eaux,2023-12-09,2023-12-19,5193,3128,Litigieux,166,10,0
SIN0000719,POL001667,CLT01821,Auto,Bris de glace,2023-06-24,2023-07-18,442,318,Fermé,10,24,0
SIN0000720,POL001673,CLT03494,Auto,Bris de glace,2022-12-01,2022-12-15,676,571,Fermé,27,14,0
SIN0000721,POL001674,CLT04280,Auto,Bris de glace,2024-02-05,2024-02-08,1024,684,Fermé,19,3,0
SIN0000722,POL001675,CLT01440,Auto,Accident matériel,2024-04-10,2024-04-28,6375,4058,Fermé,11,18,0
SIN0000723,POL001676,CLT03500,Auto,Bris de glace,2024-11-03,2024-11-30,425,303,Ouvert,6,27,0
SIN0000724,POL001677,CLT02167,Santé,Optique,2023-09-30,2023-09-30,516,439,Fermé,29,0,0
SIN0000725,POL001678,CLT03518,Auto,Incendie,2024-03-27,2024-03-27,26225,21716,Fermé,10,0,0
SIN0000726,POL001679,CLT00377,Santé,Optique,2024-05-16,2024-06-09,460,257,Fermé,13,24,0
SIN0000727,POL001679,CLT00377,Santé,Soins courants,2023-01-08,2023-01-22,88,66,Fermé,14,14,0
SIN0000728,POL001680,CLT03603,Auto,Bris de glace,2022-09-07,2022-09-29,370,334,Litigieux,86,22,0
SIN0000729,POL001681,CLT00207,Auto,Vol,2023-09-20,2023-10-06,7175,4341,Fermé,6,16,0
SIN0000730,POL001686,CLT01502,Auto,Accident matériel,2024-12-14,2024-12-31,2362,2242,Ouvert,58,30,0
SIN0000731,POL001698,CLT01410,Auto,Incendie,2024-11-20,2024-12-08,17896,10677,Ouvert,39,18,0
SIN0000732,POL001699,CLT00721,Habitation,Dégât des eaux,2024-12-20,2024-12-31,3540,2970,Ouvert,35,27,0
SIN0000733,POL001702,CLT04807,Habitation,Vol/Cambriolage,2024-12-21,2024-12-31,2515,2059,Ouvert,42,26,0
SIN0000734,POL001703,CLT00531,Habitation,Incendie,2024-02-12,2024-03-02,17990,15421,Fermé,27,19,0
SIN0000735,POL001706,CLT03040,Auto,Accident matériel,2023-02-25,2023-03-20,3524,3051,Fermé,10,23,0
SIN0000736,POL001710,CLT00479,Auto,Accident matériel,2024-05-21,2024-06-06,2392,2013,Fermé,25,16,0
SIN0000737,POL001713,CLT01720,Auto,Vol,2024-04-17,2024-04-28,5088,4388,Fermé,28,11,0
SIN0000738,POL001719,CLT00987,Auto,Bris de glace,2024-05-26,2024-06-06,368,218,Ouvert,19,11,0
SIN0000739,POL001720,CLT04343,Auto,Accident matériel,2024-08-21,2024-09-12,2174,1894,Ouvert,57,22,0
SIN0000740,POL001728,CLT03435,Habitation,Dégât des eaux,2021-01-23,2021-02-10,6576,5215,Fermé,28,18,0
SIN0000741,POL001731,CLT02105,Habitation,Bris de glace,2023-05-16,2023-05-22,1408,924,Fermé,21,6,0
SIN0000742,POL001732,CLT03238,Santé,Soins courants,2022-05-28,2022-06-01,347,268,Fermé,19,4,0
SIN0000743,POL001734,CLT03735,Auto,Accident matériel,2022-07-24,2022-07-26,6297,4093,Fermé,18,2,0
SIN0000744,POL001737,CLT01164,Auto,Accident matériel,2022-12-26,2023-01-17,2962,1712,Ouvert,47,22,0
SIN0000745,POL001738,CLT02443,Santé,Dentaire,2024-03-26,2024-04-03,1448,911,Ouvert,21,8,0
SIN0000746,POL001741,CLT01820,Habitation,Dégât des eaux,2024-09-17,2024-10-07,3829,3001,Ouvert,15,20,0
SIN0000747,POL001741,CLT01820,Habitation,Dégât des eaux,2024-10-19,2024-11-06,2966,1900,Ouvert,28,18,0
SIN0000748,POL001742,CLT01806,Auto,Accident matériel,2022-06-01,2022-06-26,6157,3390,Fermé,20,25,0
SIN0000749,POL001743,CLT04921,Santé,Soins courants,2021-02-05,2021-02-11,305,281,Litigieux,68,6,0
SIN0000750,POL001745,CLT02988,Habitation,Catastrophe naturelle,2024-08-01,2024-08-02,13610,11047,Fermé,7,1,0
SIN0000751,POL001747,CLT01907,Auto,Accident matériel,2021-10-29,2021-11-06,2966,2153,Fermé,29,8,0
SIN0000752,POL001752,CLT02700,Santé,Dentaire,2024-09-09,2024-09-30,374,258,Ouvert,18,21,0
SIN0000753,POL001753,CLT04611,Habitation,Dégât des eaux,2024-04-26,2024-05-16,2885,2506,Fermé,24,20,0
SIN0000754,POL001764,CLT01484,Auto,Vol,2024-02-24,2024-03-14,3422,2219,Fermé,12,19,0
SIN0000755,POL001766,CLT01524,Habitation,Vol/Cambriolage,2024-11-04,2024-11-11,8468,7056,Ouvert,40,7,0
SIN0000756,POL001774,CLT01928,Auto,Bris de glace,2022-07-10,2022-07-26,243,158,Fermé,11,16,0
SIN0000757,POL001780,CLT00227,Auto,Accident corporel,2024-10-01,2024-10-14,15568,8772,Ouvert,14,13,0
SIN0000758,POL001783,CLT01207,Habitation,Vol/Cambriolage,2023-08-28,2023-09-13,16603,15689,Fermé,21,16,0
SIN0000759,POL001784,CLT03040,Habitation,Dégât des eaux,2024-10-05,2024-10-08,9045,5940,Ouvert,14,3,0
SIN0000760,POL001791,CLT03257,Auto,Accident corporel,2023-10-10,2023-11-09,18045,13323,Fermé,17,30,0
SIN0000761,POL001791,CLT03257,Auto,Accident matériel,2022-02-19,2022-02-26,2243,2059,Fermé,20,7,0
SIN0000762,POL001792,CLT00208,Santé,Dentaire,2024-09-01,2024-09-20,1316,738,Ouvert,41,19,0
SIN0000763,POL001793,CLT00659,Auto,Vol,2023-11-29,2023-12-16,2845,2630,Litigieux,89,17,0
SIN0000764,POL001793,CLT00659,Auto,Vol,2023-03-29,2023-04-02,9216,7998,Fermé,24,4,0
SIN0000765,POL001793,CLT00659,Auto,Accident corporel,2023-05-02,2023-06-01,9305,7727,Fermé,24,30,0
SIN0000766,POL001798,CLT00044,Habitation,Incendie,2024-12-02,2024-12-08,39521,28841,Ouvert,60,6,0
SIN0000767,POL001798,CLT00044,Habitation,Dégât des eaux,2024-07-07,2024-08-05,1652,1399,Ouvert,40,29,0
SIN0000768,POL001800,CLT04506,Auto,Vol,2022-05-22,2022-06-08,5068,3216,Fermé,9,17,0
SIN0000769,POL001806,CLT01683,Habitation,Bris de glace,2024-07-02,2024-07-15,195,137,Fermé,18,13,0
SIN0000770,POL001809,CLT00178,Auto,Accident matériel,2022-01-27,2022-02-24,2332,2070,Fermé,17,28,0
SIN0000771,POL001810,CLT01408,Habitation,Incendie,2023-12-05,2023-12-30,26972,17538,Ouvert,55,25,0
SIN0000772,POL001810,CLT01408,Habitation,Incendie,2023-12-03,2023-12-24,62864,53594,Fermé,27,21,0
SIN0000773,POL001811,CLT02452,Santé,Optique,2021-08-09,2021-08-26,269,225,Litigieux,41,17,0
SIN0000774,POL001811,CLT02452,Santé,Soins courants,2024-05-31,2024-06-14,141,78,Fermé,18,14,0
SIN0000775,POL001812,CLT04442,Habitation,Incendie,2024-06-21,2024-07-09,18774,16476,Ouvert,15,18,0
SIN0000776,POL001815,CLT02715,Auto,Accident matériel,2023-08-31,2023-09-06,3130,2385,Fermé,13,6,0
SIN0000777,POL001815,CLT02715,Auto,Accident matériel,2024-01-07,2024-01-12,6363,4932,Litigieux,65,5,0
SIN0000778,POL001816,CLT01854,Santé,Soins courants,2021-07-01,2021-07-23,239,167,Fermé,9,22,0
SIN0000779,POL001820,CLT01084,Auto,Accident matériel,2024-07-03,2024-07-25,2377,1869,Fermé,11,22,0
SIN0000780,POL001821,CLT04411,Santé,Soins courants,2022-04-26,2022-05-12,131,120,Fermé,29,16,0
SIN0000781,POL001821,CLT04411,Santé,Optique,2024-09-18,2024-10-14,309,217,Ouvert,26,26,0
SIN0000782,POL001821,CLT04411,Santé,Hospitalisation,2022-07-02,2022-07-20,2292,1610,Fermé,17,18,0
SIN0000783,POL001824,CLT01097,Santé,Soins courants,2023-05-21,2023-06-05,147,128,Fermé,19,15,0
SIN0000784,POL001826,CLT02277,Auto,Accident matériel,2023-09-22,2023-10-11,1777,1149,Fermé,20,19,0
SIN0000785,POL001826,CLT02277,Auto,Bris de glace,2024-04-07,2024-04-28,814,598,Fermé,15,21,0
SIN0000786,POL001830,CLT03470,Santé,Hospitalisation,2024-02-03,2024-02-07,7884,5256,Fermé,26,4,0
SIN0000787,POL001832,CLT01163,Habitation,Vol/Cambriolage,2024-01-09,2024-01-25,16151,12784,Fermé,27,16,0
SIN0000788,POL001834,CLT04367,Santé,Soins courants,2021-10-25,2021-10-25,508,283,Fermé,30,0,0
SIN0000789,POL001840,CLT02059,Santé,Optique,2024-05-22,2024-06-04,293,190,Fermé,26,13,0
SIN0000790,POL001840,CLT02059,Santé,Maternité,2024-09-17,2024-09-22,458,252,Ouvert,18,5,0
SIN0000791,POL001845,CLT04825,Habitation,Vol/Cambriolage,2023-11-12,2023-12-04,3594,2043,Fermé,15,22,0
SIN0000792,POL001855,CLT02457,Auto,Accident matériel,2023-07-23,2023-08-11,3522,2743,Fermé,21,19,0
SIN0000793,POL001856,CLT02064,Santé,Dentaire,2022-10-05,2022-10-16,687,479,Fermé,20,11,0
SIN0000794,POL001856,CLT02064,Santé,Soins courants,2022-10-10,2022-11-05,543,477,Fermé,30,26,0
SIN0000795,POL001857,CLT01389,Habitation,Dégât des eaux,2023-08-09,2023-09-04,11775,6870,Fermé,23,26,0
SIN0000796,POL001858,CLT04668,Habitation,Dégât des eaux,2021-06-02,2021-06-17,5626,3495,Fermé,23,15,0
SIN0000797,POL001858,CLT04668,Habitation,Vol/Cambriolage,2023-07-27,2023-08-10,5256,3445,Fermé,10,14,0
SIN0000798,POL001860,CLT03358,Auto,Accident matériel,2024-02-15,2024-02-24,2929,1897,Ouvert,25,9,0
SIN0000799,POL001862,CLT03910,Santé,Dentaire,2021-07-31,2021-08-24,578,453,Litigieux,91,24,0
SIN0000800,POL001869,CLT00450,Habitation,Dégât des eaux,2021-12-01,2021-12-01,6041,4456,Fermé,5,0,0
SIN0000801,POL001869,CLT00450,Habitation,Dégât des eaux,2023-10-07,2023-10-30,7832,6516,Fermé,20,23,0
SIN0000802,POL001871,CLT04690,Auto,Bris de glace,2024-10-04,2024-10-28,382,279,Ouvert,28,24,0
SIN0000803,POL001872,CLT00739,Auto,Vol,2023-03-10,2023-04-06,4088,3479,Fermé,6,27,0
SIN0000804,POL001874,CLT00940,Auto,Bris de glace,2024-07-15,2024-07-23,322,258,Fermé,22,8,0
SIN0000805,POL001875,CLT00764,Santé,Soins courants,2022-03-06,2022-03-09,449,365,Litigieux,162,3,0
SIN0000806,POL001876,CLT03188,Auto,Bris de glace,2022-10-24,2022-10-28,431,245,Ouvert,57,4,0
SIN0000807,POL001879,CLT01708,Habitation,Dégât des eaux,2023-12-05,2024-01-01,3111,2167,Fermé,5,27,0
SIN0000808,POL001880,CLT00369,Santé,Soins courants,2024-11-08,2024-11-29,338,282,Ouvert,23,21,0
SIN0000809,POL001880,CLT00369,Santé,Soins courants,2023-05-02,2023-05-31,263,156,Fermé,23,29,0
SIN0000810,POL001880,CLT00369,Santé,Dentaire,2022-04-09,2022-05-06,1191,757,Fermé,13,27,0
SIN0000811,POL001880,CLT00369,Santé,Soins courants,2023-05-21,2023-06-20,252,237,Fermé,10,30,0
SIN0000812,POL001880,CLT00369,Santé,Soins courants,2022-02-07,2022-02-10,451,269,Fermé,22,3,0
SIN0000813,POL001885,CLT02201,Auto,Incendie,2023-11-02,2023-11-10,20396,14212,Ouvert,13,8,0
SIN0000814,POL001887,CLT02404,Habitation,Vol/Cambriolage,2024-06-07,2024-06-25,10415,6222,Fermé,25,18,0
SIN0000815,POL001888,CLT01121,Auto,Accident matériel,2023-10-30,2023-11-11,3757,3531,Fermé,11,12,0
SIN0000816,POL001888,CLT01121,Auto,Accident matériel,2022-09-21,2022-09-28,1489,1133,Fermé,15,7,0
SIN0000817,POL001891,CLT02763,Habitation,Incendie,2023-06-02,2023-06-20,29568,20481,Ouvert,31,18,0
SIN0000818,POL001891,CLT02763,Habitation,Dégât des eaux,2024-07-27,2024-08-17,2112,1364,Fermé,18,21,0
SIN0000819,POL001892,CLT03202,Habitation,Vol/Cambriolage,2024-10-21,2024-10-23,8253,5190,Ouvert,28,2,0
SIN0000820,POL001895,CLT02406,Auto,Bris de glace,2024-03-22,2024-04-04,414,344,Ouvert,42,13,0
SIN0000821,POL001898,CLT02101,Santé,Dentaire,2022-07-11,2022-07-27,575,358,Ouvert,19,16,0
SIN0000822,POL001901,CLT04989,Habitation,Dégât des eaux,2024-08-27,2024-09-16,6651,5560,Fermé,19,20,0
SIN0000823,POL001901,CLT04989,Habitation,Catastrophe naturelle,2021-12-22,2022-01-12,29165,25895,Fermé,30,21,0
SIN0000824,POL001905,CLT00300,Auto,Vol,2024-10-30,2024-11-15,6770,6143,Ouvert,18,16,0
SIN0000825,POL001905,CLT00300,Auto,Accident matériel,2024-01-10,2024-01-24,1695,1461,Ouvert,52,14,0
SIN0000826,POL001905,CLT00300,Auto,Accident corporel,2024-03-08,2024-04-01,8623,5206,Fermé,23,24,0
SIN0000827,POL001905,CLT00300,Auto,Accident matériel,2023-11-30,2023-12-18,5430,3898,Litigieux,90,18,0
SIN0000828,POL001906,CLT04851,Habitation,Dégât des eaux,2023-09-30,2023-10-17,2051,1570,Fermé,16,17,0
SIN0000829,POL001906,CLT04851,Habitation,Dégât des eaux,2024-08-18,2024-08-29,3814,2387,Fermé,17,11,0
SIN0000830,POL001908,CLT00986,Habitation,Catastrophe naturelle,2023-02-03,2023-02-26,35765,31586,Fermé,8,23,0
SIN0000831,POL001909,CLT03895,Santé,Soins courants,2023-09-30,2023-10-01,136,89,Fermé,28,1,0
SIN0000832,POL001910,CLT04194,Habitation,Incendie,2024-11-23,2024-12-11,35352,32566,Ouvert,17,18,0
SIN0000833,POL001910,CLT04194,Habitation,Vol/Cambriolage,2024-12-17,2024-12-19,5573,3194,Ouvert,18,2,0
SIN0000834,POL001913,CLT04127,Habitation,Dégât des eaux,2021-03-22,2021-04-10,3851,2681,Ouvert,35,19,0
SIN0000835,POL001914,CLT02580,Habitation,Bris de glace,2023-07-10,2023-07-21,322,202,Litigieux,147,11,0
SIN0000836,POL001915,CLT02480,Habitation,Dégât des eaux,2022-09-16,2022-10-14,11144,7432,Fermé,6,28,0
SIN0000837,POL001918,CLT03202,Auto,Vol,2023-06-25,2023-07-03,13576,9493,Fermé,14,8,0
SIN0000838,POL001919,CLT01335,Habitation,Incendie,2021-04-16,2021-04-26,55872,41705,Fermé,9,10,0
SIN0000839,POL001919,CLT01335,Habitation,Dégât des eaux,2021-05-07,2021-06-02,4340,2714,Fermé,5,26,0
SIN0000840,POL001919,CLT01335,Habitation,Vol/Cambriolage,2022-10-25,2022-11-02,3559,2959,Fermé,8,8,0
SIN0000841,POL001921,CLT00657,Habitation,Dégât des eaux,2024-02-22,2024-02-26,6152,3993,Ouvert,59,4,0
SIN0000842,POL001922,CLT04019,Auto,Bris de glace,2024-12-29,2024-12-31,507,473,Ouvert,22,23,0
SIN0000843,POL001923,CLT01672,Habitation,Dégât des eaux,2023-09-21,2023-10-11,3619,2318,Fermé,17,20,0
SIN0000844,POL001926,CLT04845,Habitation,Incendie,2022-06-21,2022-07-18,31624,27398,Litigieux,122,27,0
SIN0000845,POL001928,CLT04928,Habitation,Dégât des eaux,2023-12-28,2024-01-16,4883,4419,Fermé,21,19,0
SIN0000846,POL001930,CLT02786,Santé,Dentaire,2024-08-15,2024-08-26,669,371,Fermé,18,11,0
SIN0000847,POL001935,CLT03088,Santé,Soins courants,2023-10-02,2023-10-30,331,201,Fermé,30,28,0
SIN0000848,POL001937,CLT02070,Santé,Optique,2023-03-11,2023-03-29,160,137,Fermé,24,18,0
SIN0000849,POL001939,CLT00938,Habitation,Dégât des eaux,2023-05-15,2023-05-22,3771,2233,Fermé,23,7,0
SIN0000850,POL001943,CLT02425,Santé,Dentaire,2022-12-12,2023-01-03,1245,989,Fermé,9,22,0
SIN0000851,POL001944,CLT00248,Habitation,Dégât des eaux,2023-12-31,2024-01-25,4734,4112,Ouvert,38,25,0
SIN0000852,POL001950,CLT01967,Habitation,Dégât des eaux,2022-10-03,2022-10-17,2276,1358,Fermé,30,14,0
SIN0000853,POL001950,CLT01967,Habitation,Dégât des eaux,2022-05-19,2022-06-17,8143,7303,Ouvert,56,29,0
SIN0000854,POL001951,CLT03452,Auto,Accident matériel,2023-03-10,2023-03-31,1462,887,Fermé,10,21,0
SIN0000855,POL001951,CLT03452,Auto,Accident matériel,2022-09-10,2022-10-06,3795,2905,Fermé,6,26,0
SIN0000856,POL001952,CLT01789,Auto,Accident matériel,2024-05-14,2024-06-07,2444,1383,Fermé,12,24,0
SIN0000857,POL001954,CLT00666,Auto,Accident corporel,2023-03-12,2023-04-01,17289,12031,Litigieux,57,20,0
SIN0000858,POL001954,CLT00666,Auto,Bris de glace,2024-11-12,2024-11-19,766,527,Ouvert,58,7,0
SIN0000859,POL001958,CLT04669,Habitation,Bris de glace,2022-09-11,2022-09-14,634,516,Litigieux,124,3,0
SIN0000860,POL001965,CLT02886,Santé,Maternité,2024-02-22,2024-03-08,939,834,Fermé,29,15,0
SIN0000861,POL001970,CLT03970,Santé,Dentaire,2023-02-20,2023-03-01,1483,845,Fermé,30,9,0
SIN0000862,POL001974,CLT01450,Auto,Accident matériel,2024-07-19,2024-08-04,1291,889,Fermé,25,16,0
SIN0000863,POL001979,CLT02024,Auto,Accident matériel,2024-06-11,2024-06-24,3912,3042,Fermé,22,13,0
SIN0000864,POL001985,CLT02499,Habitation,Dégât des eaux,2024-03-03,2024-03-04,3129,2792,Fermé,15,1,0
SIN0000865,POL001986,CLT04621,Auto,Bris de glace,2021-04-28,2021-04-29,482,315,Fermé,16,1,0
SIN0000866,POL001993,CLT02139,Habitation,Bris de glace,2024-12-06,2024-12-27,457,409,Ouvert,57,21,0
SIN0000867,POL001993,CLT02139,Habitation,Vol/Cambriolage,2022-11-28,2022-12-15,3901,2287,Fermé,20,17,0
SIN0000868,POL001993,CLT02139,Habitation,Catastrophe naturelle,2021-12-31,2022-01-29,19738,18078,Fermé,15,29,0
SIN0000869,POL001998,CLT03528,Habitation,Dégât des eaux,2024-11-27,2024-12-19,6514,4764,Ouvert,22,22,0
SIN0000870,POL002003,CLT01390,Auto,Accident corporel,2023-04-06,2023-04-23,14956,9869,Fermé,20,17,0
SIN0000871,POL002004,CLT03433,Auto,Accident corporel,2023-07-17,2023-08-05,41682,24107,Litigieux,57,19,0
SIN0000872,POL002006,CLT00582,Habitation,Catastrophe naturelle,2024-12-31,2024-12-31,26103,18327,Ouvert,23,27,0
SIN0000873,POL002007,CLT00331,Auto,Vol,2024-06-04,2024-06-29,5151,4598,Ouvert,19,25,0
SIN0000874,POL002010,CLT01055,Habitation,Dégât des eaux,2023-08-25,2023-08-27,10539,7532,Ouvert,43,2,0
SIN0000875,POL002011,CLT00043,Habitation,Vol/Cambriolage,2023-07-06,2023-07-09,3161,2704,Fermé,6,3,0
SIN0000876,POL002013,CLT04566,Santé,Hospitalisation,2023-10-13,2023-11-11,4154,3622,Fermé,9,29,0
SIN0000877,POL002020,CLT04030,Santé,Maternité,2023-09-11,2023-09-24,1892,1747,Fermé,16,13,0
SIN0000878,POL002022,CLT02554,Auto,Accident matériel,2022-11-11,2022-12-02,4284,2960,Fermé,29,21,0
SIN0000879,POL002029,CLT02769,Auto,Bris de glace,2024-07-03,2024-07-15,758,589,Fermé,30,12,0
SIN0000880,POL002030,CLT04918,Auto,Accident corporel,2023-07-17,2023-07-28,26189,19176,Fermé,16,11,0
SIN0000881,POL002032,CLT03838,Auto,Vol,2023-11-20,2023-11-25,5330,3990,Fermé,13,5,0
SIN0000882,POL002032,CLT03838,Auto,Accident matériel,2024-11-27,2024-12-22,1759,1500,Ouvert,58,25,0
SIN0000883,POL002034,CLT04958,Habitation,Catastrophe naturelle,2021-10-24,2021-11-19,20441,12174,Fermé,10,26,0
SIN0000884,POL002037,CLT00647,Auto,Accident matériel,2023-04-29,2023-05-15,1978,1711,Ouvert,40,16,0
SIN0000885,POL002037,CLT00647,Auto,Vol,2024-10-07,2024-10-27,12183,9074,Ouvert,20,20,0
SIN0000886,POL002041,CLT03726,Habitation,Dégât des eaux,2022-10-16,2022-11-02,9467,6911,Fermé,17,17,0
SIN0000887,POL002044,CLT00465,Santé,Soins courants,2023-08-26,2023-09-12,244,209,Litigieux,125,17,0
SIN0000888,POL002044,CLT00465,Santé,Dentaire,2022-11-24,2022-11-26,1532,935,Fermé,7,2,0
SIN0000889,POL002046,CLT00602,Santé,Optique,2022-08-02,2022-08-23,422,263,Litigieux,118,21,0
SIN0000890,POL002046,CLT00602,Santé,Soins courants,2024-08-26,2024-08-29,378,257,Litigieux,31,3,0
SIN0000891,POL002048,CLT01084,Santé,Soins courants,2024-04-02,2024-04-11,465,297,Fermé,14,9,0
SIN0000892,POL002048,CLT01084,Santé,Soins courants,2024-06-14,2024-07-09,370,253,Fermé,10,25,0
SIN0000893,POL002051,CLT01063,Auto,Vol,2024-02-25,2024-03-20,13614,7963,Fermé,30,24,0
SIN0000894,POL002054,CLT01059,Habitation,Vol/Cambriolage,2024-03-13,2024-04-06,6366,4104,Fermé,24,24,0
SIN0000895,POL002059,CLT03769,Habitation,Vol/Cambriolage,2024-12-16,2024-12-29,12554,8700,Ouvert,57,13,0
SIN0000896,POL002062,CLT04039,Santé,Soins courants,2023-11-28,2023-12-15,129,100,Fermé,21,17,0
SIN0000897,POL002062,CLT04039,Santé,Maternité,2024-09-22,2024-09-30,1403,776,Fermé,8,8,0
SIN0000898,POL002064,CLT04956,Auto,Accident matériel,2024-10-28,2024-11-21,2485,1670,Ouvert,44,24,0
SIN0000899,POL002065,CLT00742,Auto,Vol,2024-07-28,2024-07-28,15172,11090,Fermé,14,0,0
SIN0000900,POL002065,CLT00742,Auto,Accident matériel,2024-03-09,2024-04-05,9097,8368,Fermé,24,27,0
SIN0000901,POL002066,CLT04490,Habitation,Incendie,2024-07-29,2024-08-18,19762,14722,Fermé,28,20,0
SIN0000902,POL002074,CLT00223,Auto,Accident corporel,2023-04-23,2023-05-03,7889,5313,Fermé,23,10,0
SIN0000903,POL002075,CLT01888,Habitation,Vol/Cambriolage,2021-10-25,2021-11-06,6160,4455,Fermé,12,12,0
SIN0000904,POL002078,CLT02010,Habitation,Vol/Cambriolage,2024-07-19,2024-07-23,3853,3653,Fermé,7,4,0
SIN0000905,POL002079,CLT03076,Santé,Optique,2024-09-21,2024-10-01,359,234,Fermé,15,10,0
SIN0000906,POL002081,CLT02616,Habitation,Dégât des eaux,2022-02-26,2022-03-07,2452,1790,Fermé,9,9,0
SIN0000907,POL002082,CLT04299,Habitation,Incendie,2024-08-25,2024-09-01,53192,38302,Fermé,13,7,0
SIN0000908,POL002083,CLT02461,Santé,Hospitalisation,2024-11-25,2024-12-08,12463,9128,Ouvert,6,13,0
SIN0000909,POL002083,CLT02461,Santé,Dentaire,2022-05-04,2022-06-01,1964,1605,Ouvert,43,28,0
SIN0000910,POL002086,CLT04481,Santé,Soins courants,2024-06-23,2024-07-22,252,202,Fermé,14,29,0
SIN0000911,POL002087,CLT01522,Santé,Soins courants,2024-01-10,2024-01-25,166,155,Fermé,16,15,0
SIN0000912,POL002090,CLT04005,Auto,Bris de glace,2021-12-02,2021-12-05,518,376,Ouvert,25,3,0
SIN0000913,POL002090,CLT04005,Auto,Vol,2023-05-10,2023-05-23,3532,3042,Litigieux,57,13,0
SIN0000914,POL002093,CLT02640,Auto,Accident matériel,2024-01-19,2024-01-21,1990,1593,Fermé,20,2,0
SIN0000915,POL002096,CLT04383,Santé,Soins courants,2023-12-05,2023-12-18,289,258,Ouvert,34,13,0
SIN0000916,POL002096,CLT04383,Santé,Soins courants,2024-09-24,2024-09-26,345,312,Fermé,7,2,0
SIN0000917,POL002098,CLT01548,Auto,Vol,2024-08-09,2024-08-11,12137,9903,Fermé,5,2,0
SIN0000918,POL002099,CLT01133,Auto,Accident corporel,2024-08-12,2024-08-23,15569,10887,Fermé,8,11,0
SIN0000919,POL002106,CLT01234,Santé,Dentaire,2024-01-16,2024-02-13,516,292,Fermé,14,28,0
SIN0000920,POL002107,CLT01670,Santé,Optique,2023-12-23,2023-12-31,734,579,Fermé,27,8,0
SIN0000921,POL002108,CLT00277,Santé,Dentaire,2023-08-04,2023-08-21,1253,984,Ouvert,35,17,0
SIN0000922,POL002111,CLT01389,Habitation,Incendie,2022-12-14,2022-12-26,37129,22088,Fermé,19,12,0
SIN0000923,POL002111,CLT01389,Habitation,Dégât des eaux,2023-12-21,2024-01-03,6340,3925,Fermé,21,13,0
SIN0000924,POL002113,CLT02438,Habitation,Dégât des eaux,2024-02-21,2024-02-28,2576,2404,Ouvert,34,7,0
SIN0000925,POL002113,CLT02438,Habitation,Catastrophe naturelle,2024-04-25,2024-05-21,12610,9029,Fermé,21,26,0
SIN0000926,POL002115,CLT03715,Auto,Accident matériel,2023-08-22,2023-09-13,3868,2325,Fermé,11,22,0
SIN0000927,POL002116,CLT03521,Santé,Dentaire,2021-05-09,2021-06-04,1089,919,Fermé,6,26,0
SIN0000928,POL002116,CLT03521,Santé,Optique,2021-04-27,2021-05-22,305,286,Fermé,17,25,0
SIN0000929,POL002116,CLT03521,Santé,Soins courants,2023-02-18,2023-02-18,226,192,Fermé,26,0,0
SIN0000930,POL002118,CLT03306,Santé,Hospitalisation,2023-04-26,2023-05-04,5744,5355,Fermé,28,8,0
SIN0000931,POL002119,CLT02317,Habitation,Dégât des eaux,2024-10-06,2024-10-25,4371,3941,Ouvert,6,19,0
SIN0000932,POL002120,CLT04803,Auto,Bris de glace,2023-07-25,2023-08-01,241,157,Fermé,5,7,0
SIN0000933,POL002120,CLT04803,Auto,Accident matériel,2024-01-04,2024-01-30,4557,3091,Fermé,27,26,0
SIN0000934,POL002121,CLT04676,Habitation,Bris de glace,2024-09-04,2024-09-09,501,337,Fermé,30,5,0
SIN0000935,POL002124,CLT02311,Habitation,Incendie,2024-07-22,2024-08-10,36439,34598,Ouvert,4,19,0
SIN0000936,POL002125,CLT03416,Habitation,Dégât des eaux,2022-10-18,2022-10-22,3522,2273,Litigieux,128,4,0
SIN0000937,POL002128,CLT00612,Habitation,Catastrophe naturelle,2023-10-11,2023-10-29,39079,34785,Fermé,19,18,0
SIN0000938,POL002138,CLT02093,Habitation,Dégât des eaux,2023-04-22,2023-05-02,4172,2621,Ouvert,11,10,0
SIN0000939,POL002138,CLT02093,Habitation,Incendie,2024-07-22,2024-08-20,20962,13019,Fermé,23,29,0
SIN0000940,POL002139,CLT04711,Habitation,Dégât des eaux,2024-09-29,2024-10-25,8540,5193,Ouvert,56,26,0
SIN0000941,POL002139,CLT04711,Habitation,Dégât des eaux,2024-02-06,2024-02-20,3461,2078,Ouvert,50,14,0
SIN0000942,POL002139,CLT04711,Habitation,Dégât des eaux,2023-07-23,2023-07-26,1714,1482,Fermé,26,3,0
SIN0000943,POL002141,CLT03169,Auto,Accident matériel,2024-01-29,2024-02-16,2369,1444,Fermé,9,18,0
SIN0000944,POL002142,CLT03644,Auto,Accident matériel,2023-10-19,2023-11-14,3573,3122,Fermé,5,26,0
SIN0000945,POL002142,CLT03644,Auto,Vol,2024-03-28,2024-04-02,7413,4783,Fermé,5,5,0
SIN0000946,POL002150,CLT02386,Habitation,Vol/Cambriolage,2023-07-30,2023-08-07,7423,6696,Fermé,12,8,0
SIN0000947,POL002155,CLT01912,Santé,Soins courants,2023-05-28,2023-06-06,175,96,Fermé,7,9,0
SIN0000948,POL002156,CLT03708,Auto,Vol,2022-08-03,2022-08-25,5389,3479,Fermé,16,22,0
SIN0000949,POL002156,CLT03708,Auto,Accident matériel,2022-05-14,2022-06-03,3761,2180,Litigieux,70,20,0
SIN0000950,POL002158,CLT03369,Auto,Vol,2023-09-04,2023-10-02,10665,7265,Ouvert,28,28,0
SIN0000951,POL002158,CLT03369,Auto,Accident matériel,2024-01-09,2024-01-13,6151,5183,Fermé,25,4,0
SIN0000952,POL002159,CLT04429,Habitation,Vol/Cambriolage,2022-03-14,2022-03-19,9122,5974,Fermé,13,5,0
SIN0000953,POL002164,CLT02215,Habitation,Dégât des eaux,2023-10-31,2023-11-19,12395,10665,Ouvert,13,19,0
SIN0000954,POL002165,CLT02900,Habitation,Incendie,2024-08-05,2024-08-15,43703,33499,Litigieux,106,10,0
SIN0000955,POL002167,CLT01825,Habitation,Dégât des eaux,2024-06-18,2024-07-06,2946,2422,Fermé,15,18,0
SIN0000956,POL002167,CLT01825,Habitation,Dégât des eaux,2024-03-29,2024-04-06,4863,3993,Ouvert,21,8,0
SIN0000957,POL002169,CLT02056,Auto,Accident matériel,2022-10-07,2022-10-26,3147,2478,Fermé,16,19,0
SIN0000958,POL002169,CLT02056,Auto,Accident matériel,2023-01-05,2023-01-08,2191,1233,Fermé,29,3,0
SIN0000959,POL002169,CLT02056,Auto,Bris de glace,2024-09-17,2024-10-08,184,166,Ouvert,28,21,0
SIN0000960,POL002172,CLT02558,Auto,Accident matériel,2024-06-04,2024-06-17,4785,3470,Fermé,18,13,0
SIN0000961,POL002178,CLT02265,Auto,Accident matériel,2023-08-24,2023-08-25,2965,2436,Fermé,28,1,0
SIN0000962,POL002179,CLT01801,Auto,Accident matériel,2022-02-11,2022-02-15,2815,1910,Fermé,12,4,0
SIN0000963,POL002180,CLT02954,Habitation,Dégât des eaux,2024-12-25,2024-12-31,6245,5880,Ouvert,23,30,0
SIN0000964,POL002181,CLT01358,Habitation,Catastrophe naturelle,2024-06-09,2024-07-03,15150,10194,Fermé,13,24,0
SIN0000965,POL002181,CLT01358,Habitation,Dégât des eaux,2023-06-27,2023-07-06,6046,4788,Fermé,11,9,0
SIN0000966,POL002183,CLT03146,Auto,Bris de glace,2024-01-30,2024-02-08,178,117,Fermé,29,9,0
SIN0000967,POL002185,CLT00740,Habitation,Dégât des eaux,2024-11-06,2024-11-20,5574,5143,Ouvert,33,14,0
SIN0000968,POL002185,CLT00740,Habitation,Incendie,2024-05-31,2024-06-07,31406,22123,Fermé,21,7,0
SIN0000969,POL002188,CLT01930,Auto,Incendie,2023-10-23,2023-11-14,5995,4000,Fermé,9,22,0
SIN0000970,POL002188,CLT01930,Auto,Accident matériel,2023-01-14,2023-01-20,3244,2469,Fermé,11,6,0
SIN0000971,POL002188,CLT01930,Auto,Bris de glace,2024-03-01,2024-03-08,651,546,Litigieux,116,7,0
SIN0000972,POL002191,CLT03510,Auto,Accident matériel,2024-02-17,2024-02-28,3277,2129,Fermé,11,11,0
SIN0000973,POL002193,CLT03659,Habitation,Vol/Cambriolage,2023-01-01,2023-01-26,10057,8263,Fermé,5,25,0
SIN0000974,POL002195,CLT00635,Santé,Maternité,2024-08-29,2024-09-28,780,707,Fermé,23,30,0
SIN0000975,POL002200,CLT04510,Habitation,Vol/Cambriolage,2024-12-10,2024-12-31,14903,11496,Ouvert,48,23,0
SIN0000976,POL002200,CLT04510,Habitation,Dégât des eaux,2024-02-02,2024-03-03,4762,2625,Fermé,29,30,0
SIN0000977,POL002202,CLT01949,Habitation,Dégât des eaux,2022-08-08,2022-08-08,3241,2591,Fermé,26,0,0
SIN0000978,POL002210,CLT01893,Auto,Bris de glace,2023-12-03,2023-12-28,292,260,Fermé,5,25,0
SIN0000979,POL002218,CLT00767,Habitation,Dégât des eaux,2024-09-28,2024-10-01,2505,2001,Fermé,11,3,0
SIN0000980,POL002218,CLT00767,Habitation,Vol/Cambriolage,2024-12-10,2024-12-21,9929,8984,Ouvert,7,11,0
SIN0000981,POL002218,CLT00767,Habitation,Catastrophe naturelle,2023-06-02,2023-06-21,19509,16125,Fermé,9,19,0
SIN0000982,POL002220,CLT00858,Santé,Soins courants,2024-04-14,2024-04-25,347,276,Ouvert,7,11,0
SIN0000983,POL002220,CLT00858,Santé,Soins courants,2023-01-31,2023-03-01,267,242,Fermé,12,29,0
SIN0000984,POL002221,CLT00422,Habitation,Vol/Cambriolage,2024-03-02,2024-03-25,6841,6251,Litigieux,62,23,0
SIN0000985,POL002225,CLT04406,Auto,Accident matériel,2023-01-16,2023-01-26,2416,1436,Fermé,20,10,0
SIN0000986,POL002232,CLT01313,Habitation,Dégât des eaux,2022-01-11,2022-01-19,9998,6087,Fermé,24,8,0
SIN0000987,POL002234,CLT01708,Habitation,Dégât des eaux,2024-07-18,2024-08-14,3945,3163,Fermé,22,27,0
SIN0000988,POL002235,CLT03018,Santé,Optique,2022-02-06,2022-03-02,823,614,Ouvert,6,24,0
SIN0000989,POL002235,CLT03018,Santé,Dentaire,2023-11-24,2023-12-18,587,544,Fermé,11,24,0
SIN0000990,POL002238,CLT04777,Auto,Accident matériel,2024-05-14,2024-05-23,3867,2187,Fermé,10,9,0
SIN0000991,POL002245,CLT00811,Auto,Vol,2023-08-21,2023-08-27,11591,10619,Fermé,30,6,0
SIN0000992,POL002249,CLT02365,Habitation,Dégât des eaux,2022-05-11,2022-05-17,4125,3804,Fermé,17,6,0
SIN0000993,POL002249,CLT02365,Habitation,Catastrophe naturelle,2023-03-09,2023-03-11,12461,10580,Fermé,15,2,0
SIN0000994,POL002250,CLT00235,Santé,Soins courants,2024-07-17,2024-07-31,294,221,Fermé,11,14,0
SIN0000995,POL002250,CLT00235,Santé,Dentaire,2023-03-26,2023-04-06,499,466,Fermé,15,11,0
SIN0000996,POL002251,CLT00243,Habitation,Dégât des eaux,2024-09-21,2024-10-14,16201,11515,Ouvert,41,23,0
SIN0000997,POL002251,CLT00243,Habitation,Catastrophe naturelle,2024-12-03,2024-12-15,18487,11127,Ouvert,12,12,0
SIN0000998,POL002254,CLT00639,Auto,Bris de glace,2024-02-19,2024-03-03,390,362,Fermé,26,13,0
SIN0000999,POL002254,CLT00639,Auto,Accident corporel,2023-04-02,2023-04-21,7025,5123,Fermé,24,19,0
SIN0001000,POL002254,CLT00639,Auto,Accident corporel,2024-08-21,2024-09-09,11357,9944,Litigieux,125,19,0
SIN0001001,POL002254,CLT00639,Auto,Accident matériel,2024-10-13,2024-10-26,3122,2294,Ouvert,37,13,0
SIN0001002,POL002255,CLT02277,Auto,Incendie,2024-05-16,2024-06-03,34934,30167,Fermé,11,18,0
SIN0001003,POL002260,CLT01227,Habitation,Vol/Cambriolage,2023-07-26,2023-08-13,9092,6203,Litigieux,61,18,0
SIN0001004,POL002260,CLT01227,Habitation,Catastrophe naturelle,2024-11-08,2024-11-17,21830,17134,Ouvert,53,9,0
SIN0001005,POL002261,CLT02407,Auto,Bris de glace,2023-09-01,2023-09-09,221,143,Fermé,10,8,0
SIN0001006,POL002276,CLT04236,Habitation,Dégât des eaux,2022-08-31,2022-09-19,8082,4740,Fermé,5,19,0
SIN0001007,POL002278,CLT04060,Habitation,Dégât des eaux,2024-04-15,2024-04-17,4462,3313,Fermé,8,2,0
SIN0001008,POL002278,CLT04060,Habitation,Incendie,2024-05-04,2024-05-20,13208,9431,Ouvert,58,16,0
SIN0001009,POL002282,CLT03944,Habitation,Dégât des eaux,2024-02-14,2024-02-20,3444,2299,Fermé,11,6,0
SIN0001010,POL002282,CLT03944,Habitation,Dégât des eaux,2024-03-27,2024-03-28,10865,9683,Fermé,29,1,0
SIN0001011,POL002293,CLT03936,Auto,Bris de glace,2024-02-18,2024-03-01,562,347,Fermé,18,12,0
SIN0001012,POL002295,CLT02047,Auto,Accident corporel,2024-10-11,2024-10-22,19363,15454,Ouvert,54,11,0
SIN0001013,POL002301,CLT04236,Auto,Vol,2022-10-19,2022-10-21,8651,7560,Fermé,10,2,0
SIN0001014,POL002309,CLT01901,Auto,Bris de glace,2021-11-06,2021-11-28,201,138,Fermé,17,22,0
SIN0001015,POL002322,CLT04482,Santé,Soins courants,2022-08-31,2022-09-09,208,118,Fermé,13,9,0
SIN0001016,POL002324,CLT04733,Auto,Bris de glace,2023-10-14,2023-11-08,223,207,Fermé,17,25,0
SIN0001017,POL002325,CLT01206,Auto,Vol,2024-03-30,2024-04-24,9707,6317,Fermé,11,25,0
SIN0001018,POL002325,CLT01206,Auto,Accident matériel,2023-04-13,2023-04-24,2723,1763,Fermé,7,11,0
SIN0001019,POL002326,CLT04476,Habitation,Vol/Cambriolage,2022-09-08,2022-09-29,3503,3113,Fermé,26,21,0
SIN0001020,POL002328,CLT04222,Habitation,Catastrophe naturelle,2024-01-31,2024-02-10,9350,8616,Fermé,6,10,0
SIN0001021,POL002330,CLT03863,Habitation,Vol/Cambriolage,2024-07-21,2024-08-07,4175,2948,Litigieux,114,17,0
SIN0001022,POL002330,CLT03863,Habitation,Incendie,2024-06-10,2024-06-24,25255,22501,Fermé,15,14,0
SIN0001023,POL002332,CLT00157,Habitation,Catastrophe naturelle,2023-05-20,2023-05-26,29032,17715,Fermé,10,6,0
SIN0001024,POL002336,CLT01348,Auto,Accident matériel,2023-09-01,2023-09-19,1139,865,Fermé,15,18,0
SIN0001025,POL002338,CLT04793,Santé,Soins courants,2022-12-20,2022-12-25,343,310,Fermé,22,5,0
SIN0001026,POL002339,CLT03240,Santé,Soins courants,2023-10-29,2023-11-02,239,210,Fermé,29,4,0
SIN0001027,POL002339,CLT03240,Santé,Hospitalisation,2024-12-13,2024-12-31,3353,3177,Ouvert,36,28,0
SIN0001028,POL002346,CLT00667,Auto,Accident matériel,2023-04-16,2023-04-17,3206,2761,Fermé,28,1,0
SIN0001029,POL002349,CLT04469,Habitation,Vol/Cambriolage,2024-10-26,2024-11-13,4240,3869,Ouvert,8,18,0
SIN0001030,POL002349,CLT04469,Habitation,Catastrophe naturelle,2023-01-16,2023-02-08,11802,7767,Fermé,5,23,0
SIN0001031,POL002351,CLT04460,Auto,Accident matériel,2022-10-03,2022-10-20,11430,7339,Fermé,26,17,0
SIN0001032,POL002352,CLT04836,Habitation,Dégât des eaux,2022-07-01,2022-07-22,2592,2237,Fermé,25,21,0
SIN0001033,POL002356,CLT04934,Auto,Accident matériel,2022-08-03,2022-08-22,2840,1847,Fermé,12,19,0
SIN0001034,POL002361,CLT04453,Auto,Bris de glace,2024-01-20,2024-01-22,344,323,Ouvert,11,2,0
SIN0001035,POL002363,CLT00801,Habitation,Catastrophe naturelle,2022-10-16,2022-10-30,45929,31237,Fermé,27,14,0
SIN0001036,POL002365,CLT04267,Habitation,Dégât des eaux,2023-03-28,2023-04-19,15948,12527,Fermé,10,22,0
SIN0001037,POL002366,CLT01086,Santé,Soins courants,2023-04-09,2023-04-28,179,104,Litigieux,131,19,0
SIN0001038,POL002372,CLT01388,Auto,Accident matériel,2023-10-07,2023-10-11,2523,1602,Fermé,22,4,0
SIN0001039,POL002372,CLT01388,Auto,Incendie,2024-03-23,2024-04-01,13803,10374,Fermé,13,9,0
SIN0001040,POL002375,CLT03331,Habitation,Dégât des eaux,2024-10-10,2024-10-17,4438,4017,Ouvert,45,7,0
SIN0001041,POL002375,CLT03331,Habitation,Vol/Cambriolage,2024-12-10,2024-12-31,22688,20612,Ouvert,34,25,0
SIN0001042,POL002375,CLT03331,Habitation,Vol/Cambriolage,2024-12-30,2024-12-31,11387,10556,Ouvert,51,20,0
SIN0001043,POL002376,CLT02648,Auto,Bris de glace,2023-12-17,2024-01-02,1502,1323,Ouvert,2,16,0
SIN0001044,POL002381,CLT00479,Auto,Accident corporel,2024-06-12,2024-07-02,16153,12631,Fermé,10,20,0
SIN0001045,POL002382,CLT02850,Santé,Soins courants,2024-04-27,2024-05-09,331,189,Fermé,13,12,0
SIN0001046,POL002384,CLT00708,Habitation,Catastrophe naturelle,2024-10-03,2024-10-04,19828,15229,Ouvert,32,1,0
SIN0001047,POL002391,CLT04394,Auto,Accident matériel,2021-12-28,2022-01-16,2508,2302,Ouvert,30,19,0
SIN0001048,POL002394,CLT00108,Habitation,Vol/Cambriolage,2021-12-16,2022-01-04,13686,9644,Fermé,12,19,0
SIN0001049,POL002400,CLT00063,Habitation,Dégât des eaux,2022-03-24,2022-04-19,4222,2644,Ouvert,21,26,0
SIN0001050,POL002400,CLT00063,Habitation,Vol/Cambriolage,2022-01-29,2022-02-13,11648,9912,Fermé,11,15,0
SIN0001051,POL002410,CLT04794,Habitation,Dégât des eaux,2024-01-05,2024-01-06,9710,5584,Fermé,16,1,0
SIN0001052,POL002417,CLT04451,Auto,Bris de glace,2022-08-12,2022-08-27,377,238,Fermé,5,15,0
SIN0001053,POL002418,CLT03444,Habitation,Incendie,2022-09-04,2022-09-13,61882,48780,Ouvert,16,9,0
SIN0001054,POL002421,CLT04521,Auto,Accident corporel,2023-10-19,2023-11-17,6357,4239,Fermé,19,29,0
SIN0001055,POL002423,CLT03259,Auto,Accident matériel,2024-04-24,2024-04-30,5070,2999,Fermé,20,6,0
SIN0001056,POL002428,CLT03264,Habitation,Dégât des eaux,2024-10-25,2024-10-28,8339,5737,Ouvert,16,3,0
SIN0001057,POL002429,CLT02309,Santé,Soins courants,2021-03-15,2021-03-21,155,100,Litigieux,77,6,0
SIN0001058,POL002430,CLT04088,Habitation,Dégât des eaux,2024-01-21,2024-02-08,3158,2807,Ouvert,27,18,0
SIN0001059,POL002433,CLT01486,Santé,Soins courants,2024-12-11,2024-12-19,230,140,Ouvert,5,8,0
SIN0001060,POL002434,CLT01142,Habitation,Dégât des eaux,2023-03-25,2023-03-27,6681,3801,Litigieux,121,2,0
SIN0001061,POL002435,CLT01146,Habitation,Dégât des eaux,2024-10-02,2024-10-18,2899,2049,Ouvert,19,16,0
SIN0001062,POL002438,CLT01449,Santé,Maternité,2024-06-15,2024-07-10,958,693,Fermé,10,25,0
SIN0001063,POL002440,CLT01034,Santé,Soins courants,2024-01-18,2024-01-31,386,331,Fermé,16,13,0
SIN0001064,POL002441,CLT01890,Habitation,Dégât des eaux,2023-04-16,2023-04-16,2313,1426,Fermé,24,0,0
SIN0001065,POL002441,CLT01890,Habitation,Dégât des eaux,2023-04-10,2023-04-30,3914,2459,Litigieux,109,20,0
SIN0001066,POL002441,CLT01890,Habitation,Vol/Cambriolage,2023-01-09,2023-01-16,7172,3951,Fermé,17,7,0
SIN0001067,POL002446,CLT03525,Auto,Vol,2023-06-17,2023-07-14,5738,3780,Ouvert,25,27,0
SIN0001068,POL002449,CLT01169,Auto,Accident matériel,2023-03-06,2023-03-12,4992,4500,Fermé,18,6,0
SIN0001069,POL002452,CLT03088,Auto,Bris de glace,2024-05-08,2024-05-14,432,373,Fermé,28,6,0
SIN0001070,POL002455,CLT03447,Habitation,Bris de glace,2023-11-04,2023-11-09,374,243,Fermé,29,5,0
SIN0001071,POL002457,CLT04715,Auto,Vol,2023-05-25,2023-05-29,4503,3896,Ouvert,44,4,0
SIN0001072,POL002461,CLT03915,Habitation,Dégât des eaux,2023-03-31,2023-04-16,5768,3652,Fermé,28,16,0
SIN0001073,POL002463,CLT00587,Santé,Soins courants,2024-11-25,2024-12-14,726,595,Ouvert,40,19,0
SIN0001074,POL002464,CLT04200,Auto,Accident corporel,2024-10-15,2024-10-23,10508,8386,Ouvert,27,8,0
SIN0001075,POL002465,CLT02344,Santé,Soins courants,2024-07-15,2024-07-29,264,183,Fermé,12,14,0
SIN0001076,POL002469,CLT04115,Santé,Maternité,2023-05-31,2023-06-11,816,625,Fermé,26,11,0
SIN0001077,POL002472,CLT00587,Santé,Optique,2022-03-07,2022-03-28,175,133,Fermé,5,21,0
SIN0001078,POL002472,CLT00587,Santé,Maternité,2023-10-18,2023-10-20,1121,999,Fermé,27,2,0
SIN0001079,POL002473,CLT01143,Auto,Bris de glace,2024-08-10,2024-08-30,333,183,Fermé,13,20,0
SIN0001080,POL002474,CLT00249,Santé,Hospitalisation,2023-08-25,2023-09-02,7653,4263,Litigieux,158,8,0
SIN0001081,POL002478,CLT02994,Habitation,Dégât des eaux,2024-06-07,2024-07-05,1891,1426,Fermé,8,28,0
SIN0001082,POL002479,CLT03365,Auto,Accident matériel,2023-01-17,2023-02-01,3372,3189,Fermé,11,15,0
SIN0001083,POL002479,CLT03365,Auto,Vol,2024-03-31,2024-04-03,4337,2476,Fermé,5,3,0
SIN0001084,POL002479,CLT03365,Auto,Vol,2022-12-31,2023-01-12,7860,7228,Litigieux,131,12,0
SIN0001085,POL002480,CLT01309,Auto,Accident matériel,2024-10-26,2024-11-24,4605,4200,Ouvert,30,29,0
SIN0001086,POL002482,CLT02580,Auto,Bris de glace,2022-02-21,2022-02-26,561,463,Ouvert,26,5,0
SIN0001087,POL002483,CLT03431,Auto,Bris de glace,2023-08-09,2023-08-30,488,334,Fermé,14,21,0
SIN0001088,POL002485,CLT03665,Santé,Soins courants,2024-09-25,2024-10-08,249,190,Ouvert,50,13,0
SIN0001089,POL002487,CLT01766,Auto,Accident corporel,2024-03-16,2024-03-31,13383,10027,Fermé,17,15,0
SIN0001090,POL002487,CLT01766,Auto,Accident corporel,2022-10-26,2022-11-07,7304,6911,Fermé,18,12,0
SIN0001091,POL002492,CLT02387,Habitation,Vol/Cambriolage,2021-02-28,2021-03-28,10359,9130,Ouvert,45,28,0
SIN0001092,POL002492,CLT02387,Habitation,Dégât des eaux,2022-05-16,2022-05-20,3049,2202,Fermé,29,4,0
SIN0001093,POL002494,CLT01180,Habitation,Vol/Cambriolage,2024-12-16,2024-12-31,12267,6866,Ouvert,7,30,0
SIN0001094,POL002494,CLT01180,Habitation,Catastrophe naturelle,2021-11-18,2021-11-23,20757,16301,Fermé,18,5,0
SIN0001095,POL002495,CLT04649,Habitation,Vol/Cambriolage,2024-01-28,2024-01-31,9898,8835,Fermé,17,3,0
SIN0001096,POL002495,CLT04649,Habitation,Dégât des eaux,2024-09-27,2024-10-06,2593,1542,Ouvert,55,9,0
SIN0001097,POL002495,CLT04649,Habitation,Incendie,2022-01-11,2022-01-20,15984,11021,Fermé,16,9,0
SIN0001098,POL002496,CLT03234,Habitation,Incendie,2023-11-04,2023-11-17,12101,11285,Fermé,30,13,0
SIN0001099,POL002497,CLT01615,Auto,Accident matériel,2023-05-17,2023-06-04,14902,11649,Litigieux,68,18,0
SIN0001100,POL002502,CLT01741,Auto,Accident matériel,2024-10-26,2024-11-11,4365,2534,Ouvert,54,16,0
SIN0001101,POL002506,CLT04911,Auto,Accident matériel,2024-06-25,2024-07-09,3414,2472,Fermé,27,14,0
SIN0001102,POL002507,CLT02294,Habitation,Incendie,2023-05-11,2023-06-04,18765,12443,Fermé,5,24,0
SIN0001103,POL002509,CLT01763,Auto,Accident corporel,2023-02-19,2023-03-03,67354,60449,Fermé,16,12,0
SIN0001104,POL002509,CLT01763,Auto,Vol,2024-06-26,2024-07-24,15452,13690,Fermé,28,28,0
SIN0001105,POL002509,CLT01763,Auto,Accident matériel,2023-07-16,2023-08-01,2246,1575,Fermé,22,16,0
SIN0001106,POL002511,CLT04347,Habitation,Incendie,2021-07-30,2021-08-12,19510,12144,Fermé,11,13,0
SIN0001107,POL002512,CLT00400,Auto,Accident matériel,2024-11-04,2024-12-02,2846,2242,Ouvert,19,28,0
SIN0001108,POL002518,CLT00099,Auto,Vol,2024-02-19,2024-03-13,2660,1935,Ouvert,47,23,0
SIN0001109,POL002522,CLT04319,Habitation,Bris de glace,2022-07-18,2022-07-20,327,287,Fermé,9,2,0
SIN0001110,POL002523,CLT00843,Auto,Accident corporel,2023-12-05,2023-12-31,20812,15655,Ouvert,9,26,0
SIN0001111,POL002525,CLT04660,Habitation,Bris de glace,2024-08-22,2024-09-11,857,602,Ouvert,24,20,0
SIN0001112,POL002528,CLT02727,Santé,Optique,2024-01-11,2024-02-02,670,519,Ouvert,7,22,0
SIN0001113,POL002532,CLT04172,Auto,Vol,2023-08-20,2023-09-07,7559,6267,Fermé,6,18,0
SIN0001114,POL002534,CLT00355,Auto,Accident corporel,2022-11-30,2022-12-06,34908,26529,Fermé,11,6,0
SIN0001115,POL002534,CLT00355,Auto,Accident matériel,2024-07-25,2024-08-11,2038,1181,Fermé,12,17,0
SIN0001116,POL002535,CLT03505,Habitation,Vol/Cambriolage,2024-03-07,2024-03-09,4836,3412,Fermé,8,2,0
SIN0001117,POL002536,CLT01659,Auto,Incendie,2024-09-01,2024-09-25,29814,22479,Litigieux,179,24,0
SIN0001118,POL002542,CLT04623,Santé,Optique,2023-09-05,2023-10-04,154,137,Ouvert,35,29,0
SIN0001119,POL002543,CLT01834,Habitation,Catastrophe naturelle,2024-07-02,2024-07-21,11765,8872,Fermé,22,19,0
SIN0001120,POL002544,CLT03893,Habitation,Bris de glace,2023-11-02,2023-11-16,310,233,Litigieux,70,14,0
SIN0001121,POL002547,CLT00680,Auto,Accident matériel,2021-11-01,2021-11-21,3207,2366,Fermé,14,20,0
SIN0001122,POL002548,CLT02283,Auto,Accident matériel,2024-04-16,2024-05-10,3183,2294,Fermé,29,24,0
SIN0001123,POL002553,CLT03332,Auto,Bris de glace,2024-04-05,2024-04-15,339,307,Fermé,13,10,0
SIN0001124,POL002555,CLT03004,Auto,Vol,2024-10-23,2024-11-08,6437,4408,Ouvert,30,16,0
SIN0001125,POL002555,CLT03004,Auto,Accident matériel,2022-08-24,2022-09-21,2111,1162,Fermé,5,28,0
SIN0001126,POL002558,CLT01998,Santé,Soins courants,2023-10-03,2023-10-12,214,118,Fermé,22,9,0
SIN0001127,POL002560,CLT02741,Habitation,Vol/Cambriolage,2024-10-25,2024-11-13,7065,5732,Ouvert,38,19,0
SIN0001128,POL002561,CLT02694,Auto,Accident corporel,2023-09-16,2023-09-20,34140,21919,Fermé,23,4,0
SIN0001129,POL002564,CLT02755,Habitation,Incendie,2022-06-29,2022-07-05,17310,12544,Fermé,5,6,0
SIN0001130,POL002567,CLT04671,Auto,Accident corporel,2023-01-10,2023-02-08,24947,23142,Fermé,23,29,0
SIN0001131,POL002568,CLT04140,Santé,Soins courants,2023-12-26,2024-01-23,217,205,Fermé,27,28,0
SIN0001132,POL002568,CLT04140,Santé,Optique,2023-05-21,2023-06-12,167,119,Litigieux,142,22,0
SIN0001133,POL002570,CLT04054,Habitation,Vol/Cambriolage,2023-12-26,2024-01-23,11616,10306,Fermé,25,28,0
SIN0001134,POL002571,CLT01199,Habitation,Dégât des eaux,2023-03-17,2023-03-31,6294,5142,Ouvert,18,14,0
SIN0001135,POL002573,CLT04081,Habitation,Vol/Cambriolage,2023-02-15,2023-02-16,4256,3279,Ouvert,19,1,0
SIN0001136,POL002573,CLT04081,Habitation,Dégât des eaux,2022-03-06,2022-03-20,2354,1344,Fermé,23,14,0
SIN0001137,POL002574,CLT01158,Auto,Accident matériel,2024-05-29,2024-06-26,3036,2370,Fermé,5,28,0
SIN0001138,POL002577,CLT03283,Santé,Soins courants,2024-03-27,2024-04-04,210,188,Litigieux,97,8,0
SIN0001139,POL002577,CLT03283,Santé,Dentaire,2021-12-11,2022-01-05,410,309,Ouvert,6,25,0
SIN0001140,POL002577,CLT03283,Santé,Dentaire,2024-08-21,2024-08-27,2076,1830,Litigieux,134,6,0
SIN0001141,POL002578,CLT01624,Santé,Dentaire,2024-02-15,2024-03-12,544,400,Fermé,28,26,0
SIN0001142,POL002579,CLT01779,Auto,Accident corporel,2023-12-24,2024-01-20,31431,18107,Fermé,25,27,0
SIN0001143,POL002579,CLT01779,Auto,Vol,2023-06-07,2023-06-11,10254,9506,Fermé,8,4,0
SIN0001144,POL002580,CLT00733,Santé,Soins courants,2021-04-16,2021-05-14,829,509,Fermé,20,28,0
SIN0001145,POL002581,CLT04312,Santé,Dentaire,2023-01-08,2023-01-10,1204,713,Fermé,20,2,0
SIN0001146,POL002587,CLT04373,Santé,Soins courants,2022-05-09,2022-05-14,655,491,Fermé,28,5,0
SIN0001147,POL002587,CLT04373,Santé,Soins courants,2022-12-18,2022-12-21,172,163,Fermé,9,3,0
SIN0001148,POL002588,CLT01124,Habitation,Dégât des eaux,2024-05-14,2024-05-20,5321,4985,Fermé,7,6,0
SIN0001149,POL002593,CLT04954,Auto,Bris de glace,2023-02-04,2023-02-14,674,637,Fermé,7,10,0
SIN0001150,POL002595,CLT04968,Auto,Incendie,2023-05-01,2023-05-14,24207,21458,Fermé,29,13,0
SIN0001151,POL002597,CLT00806,Habitation,Dégât des eaux,2024-02-19,2024-03-03,2807,2308,Ouvert,18,13,0
SIN0001152,POL002597,CLT00806,Habitation,Catastrophe naturelle,2022-04-19,2022-05-15,10151,9220,Fermé,26,26,0
SIN0001153,POL002598,CLT04446,Santé,Maternité,2022-06-28,2022-07-23,823,713,Ouvert,50,25,0
SIN0001154,POL002600,CLT03249,Santé,Hospitalisation,2022-11-26,2022-12-22,6989,4662,Fermé,8,26,0
SIN0001155,POL002602,CLT03637,Habitation,Bris de glace,2023-12-26,2024-01-19,438,292,Ouvert,55,24,0
SIN0001156,POL002610,CLT00241,Santé,Dentaire,2023-08-03,2023-08-24,847,564,Fermé,8,21,0
SIN0001157,POL002615,CLT00323,Auto,Accident corporel,2024-03-11,2024-03-13,14770,10764,Ouvert,53,2,0
SIN0001158,POL002618,CLT00408,Habitation,Bris de glace,2022-04-27,2022-05-06,366,254,Fermé,9,9,0
SIN0001159,POL002619,CLT00148,Auto,Accident matériel,2023-12-03,2023-12-10,3882,2150,Ouvert,41,7,0
SIN0001160,POL002620,CLT00109,Auto,Bris de glace,2023-06-06,2023-06-22,321,243,Fermé,23,16,0
SIN0001161,POL002621,CLT01401,Habitation,Dégât des eaux,2024-01-05,2024-02-04,5626,3540,Fermé,8,30,0
SIN0001162,POL002622,CLT04922,Auto,Bris de glace,2023-04-08,2023-04-18,661,592,Fermé,30,10,0
SIN0001163,POL002622,CLT04922,Auto,Accident matériel,2024-09-07,2024-10-03,5569,3266,Ouvert,4,26,0
SIN0001164,POL002622,CLT04922,Auto,Accident matériel,2022-06-10,2022-06-22,3287,2038,Fermé,10,12,0
SIN0001165,POL002623,CLT01549,Auto,Accident corporel,2024-10-11,2024-10-28,7759,4299,Ouvert,30,17,0
SIN0001166,POL002623,CLT01549,Auto,Accident corporel,2024-03-30,2024-04-29,36044,20200,Fermé,7,30,0
SIN0001167,POL002625,CLT04084,Habitation,Catastrophe naturelle,2022-11-17,2022-12-14,17925,16269,Litigieux,88,27,0
SIN0001168,POL002628,CLT02676,Habitation,Dégât des eaux,2024-01-02,2024-01-25,3053,2315,Fermé,7,23,0
SIN0001169,POL002630,CLT03343,Habitation,Dégât des eaux,2024-09-22,2024-10-16,3055,2136,Ouvert,17,24,0
SIN0001170,POL002633,CLT00538,Auto,Accident corporel,2024-01-30,2024-02-19,26243,17326,Fermé,10,20,0
SIN0001171,POL002637,CLT01311,Santé,Maternité,2022-09-03,2022-10-03,1345,881,Fermé,8,30,0
SIN0001172,POL002638,CLT03209,Santé,Dentaire,2024-04-20,2024-04-29,3023,2836,Ouvert,12,9,0
SIN0001173,POL002639,CLT03775,Habitation,Dégât des eaux,2021-07-18,2021-08-13,7409,6235,Fermé,28,26,0
SIN0001174,POL002639,CLT03775,Habitation,Dégât des eaux,2022-07-25,2022-08-18,3733,3104,Fermé,17,24,0
SIN0001175,POL002641,CLT04998,Habitation,Vol/Cambriolage,2023-11-27,2023-12-17,12069,8541,Fermé,9,20,0
SIN0001176,POL002644,CLT02959,Santé,Dentaire,2024-04-18,2024-04-25,739,542,Fermé,29,7,0
SIN0001177,POL002647,CLT04647,Auto,Accident matériel,2022-05-02,2022-05-31,3111,2575,Fermé,19,29,0
SIN0001178,POL002652,CLT02814,Auto,Accident matériel,2024-06-20,2024-06-27,5590,5089,Fermé,5,7,0
SIN0001179,POL002653,CLT01719,Auto,Accident matériel,2022-05-13,2022-06-01,3126,1914,Fermé,26,19,0
SIN0001180,POL002657,CLT02251,Santé,Hospitalisation,2024-10-09,2024-10-10,3528,2269,Ouvert,29,1,0
SIN0001181,POL002659,CLT03116,Santé,Dentaire,2024-01-09,2024-01-11,1043,764,Fermé,17,2,0
SIN0001182,POL002661,CLT02868,Auto,Vol,2022-01-17,2022-01-29,2868,1899,Fermé,17,12,0
SIN0001183,POL002662,CLT03534,Santé,Optique,2022-12-15,2023-01-11,246,208,Fermé,30,27,0
SIN0001184,POL002666,CLT01637,Auto,Vol,2022-04-18,2022-05-13,6628,5612,Fermé,5,25,0
SIN0001185,POL002669,CLT02109,Santé,Maternité,2024-11-03,2024-11-18,1989,1234,Ouvert,20,15,0
SIN0001186,POL002675,CLT04835,Habitation,Catastrophe naturelle,2022-02-06,2022-02-22,24266,16239,Fermé,17,16,0
SIN0001187,POL002676,CLT03431,Auto,Accident corporel,2024-12-12,2024-12-16,24435,15917,Ouvert,18,4,0
SIN0001188,POL002678,CLT04347,Santé,Soins courants,2023-08-25,2023-08-26,344,195,Fermé,19,1,0
SIN0001189,POL002679,CLT00741,Habitation,Dégât des eaux,2023-01-21,2023-02-05,8370,6817,Ouvert,11,15,0
SIN0001190,POL002683,CLT03823,Auto,Accident matériel,2022-11-12,2022-12-06,1766,1313,Fermé,11,24,0
SIN0001191,POL002686,CLT03052,Auto,Vol,2023-06-24,2023-06-28,8523,7450,Fermé,23,4,0
SIN0001192,POL002689,CLT03832,Habitation,Dégât des eaux,2022-12-04,2023-01-03,5031,4092,Fermé,13,30,0
SIN0001193,POL002689,CLT03832,Habitation,Vol/Cambriolage,2023-09-24,2023-10-24,6661,4465,Fermé,28,30,0
SIN0001194,POL002691,CLT01158,Habitation,Vol/Cambriolage,2022-05-21,2022-05-23,3897,2170,Ouvert,2,2,0
SIN0001195,POL002695,CLT00221,Auto,Accident matériel,2023-09-09,2023-10-01,2131,1699,Ouvert,28,22,0
SIN0001196,POL002702,CLT03249,Auto,Incendie,2024-03-22,2024-04-20,19147,16628,Fermé,19,29,0
SIN0001197,POL002702,CLT03249,Auto,Accident matériel,2024-04-29,2024-05-24,4364,2990,Fermé,22,25,0
SIN0001198,POL002704,CLT03763,Habitation,Vol/Cambriolage,2023-04-29,2023-05-15,7918,6843,Litigieux,43,16,0
SIN0001199,POL002707,CLT00588,Auto,Bris de glace,2023-04-10,2023-04-25,373,286,Fermé,16,15,0
SIN0001200,POL002712,CLT03368,Auto,Vol,2022-07-31,2022-08-26,5231,3735,Ouvert,11,26,0
SIN0001201,POL002713,CLT00705,Habitation,Catastrophe naturelle,2023-04-08,2023-04-20,8710,6031,Litigieux,128,12,0
SIN0001202,POL002719,CLT02627,Auto,Bris de glace,2024-12-03,2024-12-11,278,173,Ouvert,28,8,0
SIN0001203,POL002720,CLT00663,Habitation,Dégât des eaux,2024-10-27,2024-11-09,3924,3409,Ouvert,22,13,0
SIN0001204,POL002721,CLT02170,Habitation,Incendie,2024-09-04,2024-10-04,21679,14577,Ouvert,6,30,0
SIN0001205,POL002724,CLT00642,Auto,Bris de glace,2022-06-10,2022-06-11,573,351,Litigieux,34,1,0
SIN0001206,POL002726,CLT02904,Auto,Accident matériel,2023-04-21,2023-05-13,2069,1691,Fermé,21,22,0
SIN0001207,POL002729,CLT04299,Habitation,Catastrophe naturelle,2022-05-03,2022-05-27,20511,17776,Fermé,18,24,0
SIN0001208,POL002729,CLT04299,Habitation,Incendie,2024-07-26,2024-08-20,37291,30070,Fermé,18,25,0
SIN0001209,POL002732,CLT03476,Auto,Accident matériel,2024-09-07,2024-10-04,2784,2233,Ouvert,23,27,0
SIN0001210,POL002739,CLT04578,Habitation,Incendie,2021-08-06,2021-08-17,43947,29611,Fermé,27,11,0
SIN0001211,POL002739,CLT04578,Habitation,Bris de glace,2022-06-28,2022-07-04,515,325,Fermé,24,6,0
SIN0001212,POL002743,CLT01374,Habitation,Catastrophe naturelle,2024-04-15,2024-05-05,14019,8473,Fermé,6,20,0
SIN0001213,POL002747,CLT00717,Habitation,Catastrophe naturelle,2024-11-08,2024-11-10,14822,9895,Ouvert,44,2,0
SIN0001214,POL002752,CLT01018,Auto,Bris de glace,2024-09-28,2024-10-21,559,328,Ouvert,49,23,0
SIN0001215,POL002752,CLT01018,Auto,Accident matériel,2024-01-02,2024-01-08,4267,3492,Fermé,9,6,0
SIN0001216,POL002756,CLT01993,Auto,Accident matériel,2024-11-27,2024-12-24,4382,3313,Ouvert,32,27,0
SIN0001217,POL002758,CLT01459,Habitation,Incendie,2022-10-18,2022-10-22,19420,13921,Ouvert,8,4,0
SIN0001218,POL002760,CLT00727,Habitation,Vol/Cambriolage,2023-12-14,2023-12-16,9895,5670,Fermé,12,2,0
SIN0001219,POL002765,CLT00988,Santé,Maternité,2024-05-25,2024-06-12,1004,756,Ouvert,1,18,0
SIN0001220,POL002767,CLT04933,Santé,Optique,2023-06-28,2023-06-28,244,137,Fermé,20,0,0
SIN0001221,POL002768,CLT02424,Auto,Bris de glace,2024-05-31,2024-06-11,397,261,Fermé,28,11,0
SIN0001222,POL002768,CLT02424,Auto,Bris de glace,2024-09-29,2024-10-17,497,338,Ouvert,2,18,0
SIN0001223,POL002769,CLT03450,Santé,Soins courants,2023-03-03,2023-03-04,94,52,Ouvert,28,1,0
SIN0001224,POL002772,CLT02640,Habitation,Dégât des eaux,2021-08-05,2021-08-09,3506,2954,Ouvert,29,4,0
SIN0001225,POL002775,CLT03449,Santé,Optique,2021-10-21,2021-11-11,478,343,Fermé,30,21,0
SIN0001226,POL002777,CLT04441,Auto,Accident corporel,2024-03-05,2024-03-15,17170,13992,Fermé,9,10,0
SIN0001227,POL002779,CLT01915,Auto,Vol,2023-11-18,2023-12-11,12104,11163,Fermé,5,23,0
SIN0001228,POL002784,CLT01441,Habitation,Dégât des eaux,2023-02-20,2023-03-04,3560,2175,Fermé,7,12,0
SIN0001229,POL002785,CLT00762,Auto,Bris de glace,2024-08-07,2024-09-05,1374,1233,Fermé,29,29,0
SIN0001230,POL002790,CLT04303,Santé,Soins courants,2023-10-02,2023-10-15,181,160,Ouvert,34,13,0
SIN0001231,POL002790,CLT04303,Santé,Dentaire,2022-10-25,2022-11-06,1267,936,Fermé,23,12,0
SIN0001232,POL002790,CLT04303,Santé,Maternité,2023-06-14,2023-06-16,931,699,Fermé,11,2,0
SIN0001233,POL002792,CLT03555,Auto,Accident matériel,2024-01-09,2024-01-30,1623,1407,Litigieux,47,21,0
SIN0001234,POL002792,CLT03555,Auto,Accident corporel,2024-02-04,2024-02-14,31034,22964,Fermé,18,10,0
SIN0001235,POL002796,CLT04923,Auto,Vol,2024-09-16,2024-10-08,8391,6133,Ouvert,44,22,0
SIN0001236,POL002796,CLT04923,Auto,Bris de glace,2023-09-01,2023-09-20,255,165,Fermé,13,19,0
SIN0001237,POL002798,CLT02245,Auto,Vol,2024-05-15,2024-06-03,13168,10303,Fermé,22,19,0
SIN0001238,POL002798,CLT02245,Auto,Accident corporel,2022-11-05,2022-11-26,14934,10452,Fermé,8,21,0
SIN0001239,POL002799,CLT04055,Auto,Vol,2024-08-28,2024-09-07,8641,7000,Ouvert,51,10,0
SIN0001240,POL002799,CLT04055,Auto,Accident matériel,2024-10-21,2024-10-22,5258,4687,Ouvert,51,1,0
SIN0001241,POL002802,CLT01468,Auto,Accident corporel,2024-01-17,2024-01-27,12628,11706,Litigieux,40,10,0
SIN0001242,POL002802,CLT01468,Auto,Accident matériel,2022-04-23,2022-05-01,5452,4489,Fermé,22,8,0
SIN0001243,POL002804,CLT04735,Habitation,Dégât des eaux,2024-12-27,2024-12-31,2702,2308,Ouvert,59,17,0
SIN0001244,POL002807,CLT04659,Auto,Accident matériel,2024-11-13,2024-12-13,1617,1380,Ouvert,24,30,0
SIN0001245,POL002809,CLT02504,Auto,Bris de glace,2022-05-27,2022-06-03,334,298,Ouvert,8,7,0
SIN0001246,POL002814,CLT04160,Auto,Bris de glace,2023-03-06,2023-03-22,194,144,Fermé,19,16,0
SIN0001247,POL002820,CLT04957,Santé,Maternité,2024-11-02,2024-11-04,2888,1754,Ouvert,11,2,0
SIN0001248,POL002820,CLT04957,Santé,Hospitalisation,2023-07-05,2023-07-13,6923,6390,Ouvert,53,8,0
SIN0001249,POL002824,CLT04510,Habitation,Vol/Cambriolage,2024-01-18,2024-02-14,11694,9230,Fermé,22,27,0
SIN0001250,POL002827,CLT00873,Habitation,Bris de glace,2022-02-07,2022-02-24,295,219,Fermé,7,17,0
SIN0001251,POL002830,CLT02136,Habitation,Bris de glace,2024-05-20,2024-05-20,114,76,Fermé,10,0,0
SIN0001252,POL002831,CLT03213,Habitation,Dégât des eaux,2024-12-01,2024-12-14,4892,2929,Ouvert,13,13,0
SIN0001253,POL002834,CLT01481,Auto,Bris de glace,2024-04-18,2024-05-17,307,186,Ouvert,14,29,0
SIN0001254,POL002837,CLT04724,Habitation,Incendie,2023-05-19,2023-06-03,18439,16588,Ouvert,15,15,0
SIN0001255,POL002837,CLT04724,Habitation,Dégât des eaux,2024-10-10,2024-10-28,5041,3077,Ouvert,20,18,0
SIN0001256,POL002844,CLT02043,Habitation,Dégât des eaux,2023-03-15,2023-03-24,3306,2315,Fermé,21,9,0
SIN0001257,POL002844,CLT02043,Habitation,Dégât des eaux,2024-11-25,2024-12-02,12854,10042,Ouvert,12,7,0
SIN0001258,POL002846,CLT04196,Auto,Bris de glace,2021-09-17,2021-10-14,797,615,Ouvert,21,27,0
SIN0001259,POL002851,CLT04295,Auto,Accident matériel,2023-11-24,2023-12-06,3551,3209,Fermé,8,12,0
SIN0001260,POL002852,CLT03400,Auto,Accident corporel,2023-11-24,2023-11-25,8706,7216,Ouvert,31,1,0
SIN0001261,POL002856,CLT03603,Habitation,Vol/Cambriolage,2021-04-14,2021-05-02,9779,8869,Fermé,27,18,0
SIN0001262,POL002857,CLT01801,Santé,Dentaire,2024-04-16,2024-05-05,1062,838,Fermé,25,19,0
SIN0001263,POL002862,CLT03067,Habitation,Vol/Cambriolage,2024-09-15,2024-10-11,4629,4351,Ouvert,52,26,0
SIN0001264,POL002868,CLT00724,Auto,Bris de glace,2023-09-24,2023-10-06,603,384,Fermé,7,12,0
SIN0001265,POL002870,CLT00382,Habitation,Incendie,2024-07-14,2024-08-01,53730,43686,Fermé,7,18,0
SIN0001266,POL002872,CLT02380,Habitation,Catastrophe naturelle,2024-03-31,2024-04-22,23839,17976,Ouvert,26,22,0
SIN0001267,POL002874,CLT01477,Santé,Dentaire,2022-08-23,2022-09-02,541,509,Fermé,17,10,0
SIN0001268,POL002874,CLT01477,Santé,Soins courants,2022-01-18,2022-02-10,161,103,Fermé,6,23,0
SIN0001269,POL002875,CLT03522,Santé,Soins courants,2021-03-21,2021-04-01,214,189,Fermé,23,11,0
SIN0001270,POL002875,CLT03522,Santé,Maternité,2023-01-01,2023-01-12,424,288,Fermé,30,11,0
SIN0001271,POL002877,CLT00575,Auto,Accident matériel,2023-06-12,2023-06-21,3960,2268,Fermé,16,9,0
SIN0001272,POL002882,CLT02511,Habitation,Incendie,2023-08-31,2023-09-21,112190,86227,Fermé,16,21,0
SIN0001273,POL002887,CLT04316,Habitation,Vol/Cambriolage,2022-10-19,2022-11-03,15341,12764,Fermé,9,15,0
SIN0001274,POL002888,CLT01897,Auto,Bris de glace,2023-02-03,2023-02-03,335,186,Fermé,19,0,0
SIN0001275,POL002892,CLT00265,Auto,Accident matériel,2023-12-16,2023-12-21,3453,3174,Ouvert,36,5,0
SIN0001276,POL002894,CLT02140,Habitation,Dégât des eaux,2021-11-03,2021-11-13,6992,5966,Fermé,5,10,0
SIN0001277,POL002894,CLT02140,Habitation,Dégât des eaux,2022-12-28,2023-01-17,2054,1327,Fermé,17,20,0
SIN0001278,POL002895,CLT02682,Habitation,Vol/Cambriolage,2021-04-04,2021-05-04,6432,3994,Litigieux,146,30,0
SIN0001279,POL002897,CLT01849,Santé,Soins courants,2024-12-14,2024-12-31,120,75,Ouvert,58,26,0
SIN0001280,POL002899,CLT00783,Auto,Vol,2024-07-05,2024-07-24,4623,3560,Fermé,29,19,0
SIN0001281,POL002904,CLT00475,Santé,Soins courants,2024-01-14,2024-02-11,365,240,Litigieux,123,28,0
SIN0001282,POL002905,CLT04539,Santé,Soins courants,2024-07-29,2024-08-17,143,89,Litigieux,126,19,0
SIN0001283,POL002907,CLT04408,Auto,Accident matériel,2024-10-01,2024-10-07,3241,2848,Ouvert,18,6,0
SIN0001284,POL002908,CLT04363,Habitation,Dégât des eaux,2024-06-25,2024-07-11,7388,7002,Fermé,18,16,0
SIN0001285,POL002909,CLT00337,Habitation,Vol/Cambriolage,2024-10-10,2024-10-29,8348,7743,Ouvert,36,19,0
SIN0001286,POL002913,CLT00833,Auto,Vol,2024-08-05,2024-08-19,7580,6745,Fermé,25,14,0
SIN0001287,POL002913,CLT00833,Auto,Bris de glace,2024-04-26,2024-05-21,809,448,Fermé,15,25,0
SIN0001288,POL002915,CLT00722,Auto,Vol,2024-03-24,2024-04-10,1926,1211,Fermé,14,17,0
SIN0001289,POL002918,CLT00818,Santé,Soins courants,2024-11-30,2024-12-05,383,229,Ouvert,29,5,0
SIN0001290,POL002919,CLT04498,Auto,Accident corporel,2023-07-15,2023-07-27,9955,8428,Fermé,9,12,0
SIN0001291,POL002924,CLT00844,Auto,Bris de glace,2024-11-15,2024-12-06,737,483,Ouvert,24,21,0
SIN0001292,POL002926,CLT04313,Habitation,Dégât des eaux,2023-05-17,2023-05-21,8619,5124,Fermé,21,4,0
SIN0001293,POL002931,CLT04068,Habitation,Incendie,2022-08-25,2022-09-04,34802,23727,Fermé,22,10,0
SIN0001294,POL002934,CLT00250,Auto,Accident corporel,2024-09-12,2024-09-19,15942,13685,Fermé,25,7,0
SIN0001295,POL002938,CLT04193,Santé,Hospitalisation,2022-09-22,2022-10-09,2320,1906,Ouvert,43,17,0
SIN0001296,POL002938,CLT04193,Santé,Optique,2022-10-25,2022-11-08,292,231,Litigieux,80,14,0
SIN0001297,POL002941,CLT01491,Auto,Accident corporel,2024-11-09,2024-12-02,9164,7833,Ouvert,2,23,0
SIN0001298,POL002950,CLT01049,Santé,Soins courants,2024-09-07,2024-09-24,443,295,Fermé,29,17,0
SIN0001299,POL002951,CLT00723,Santé,Maternité,2023-02-02,2023-02-17,641,380,Fermé,23,15,0
SIN0001300,POL002952,CLT00075,Santé,Maternité,2024-12-24,2024-12-25,1525,851,Ouvert,43,1,0
SIN0001301,POL002955,CLT02101,Santé,Optique,2024-04-09,2024-04-30,331,286,Fermé,26,21,0
SIN0001302,POL002955,CLT02101,Santé,Dentaire,2023-08-08,2023-08-31,1502,1214,Litigieux,32,23,0
SIN0001303,POL002957,CLT04827,Habitation,Dégât des eaux,2023-08-31,2023-09-21,2299,1429,Ouvert,21,21,0
SIN0001304,POL002957,CLT04827,Habitation,Incendie,2024-05-29,2024-06-10,20438,12425,Fermé,7,12,0
SIN0001305,POL002957,CLT04827,Habitation,Incendie,2024-04-24,2024-05-18,28588,23542,Fermé,7,24,0
SIN0001306,POL002961,CLT03227,Habitation,Incendie,2023-07-27,2023-08-23,11925,8835,Fermé,8,27,0
SIN0001307,POL002961,CLT03227,Habitation,Dégât des eaux,2022-09-03,2022-09-07,5072,4719,Fermé,7,4,0
SIN0001308,POL002961,CLT03227,Habitation,Vol/Cambriolage,2023-02-02,2023-02-24,15073,8620,Fermé,25,22,0
SIN0001309,POL002969,CLT04057,Habitation,Vol/Cambriolage,2024-08-05,2024-08-24,6963,4693,Fermé,28,19,0
SIN0001310,POL002972,CLT01644,Auto,Bris de glace,2024-02-20,2024-03-12,243,213,Fermé,15,21,0
SIN0001311,POL002972,CLT01644,Auto,Bris de glace,2024-09-21,2024-09-29,419,249,Fermé,18,8,0
SIN0001312,POL002979,CLT02935,Habitation,Catastrophe naturelle,2022-03-14,2022-03-29,19312,17474,Fermé,29,15,0
SIN0001313,POL002980,CLT03610,Habitation,Vol/Cambriolage,2024-03-22,2024-03-29,3393,2895,Fermé,19,7,0
SIN0001314,POL002982,CLT00500,Santé,Hospitalisation,2023-12-14,2023-12-25,7326,4500,Fermé,10,11,0
SIN0001315,POL002982,CLT00500,Santé,Soins courants,2023-10-21,2023-10-23,224,209,Fermé,13,2,0
SIN0001316,POL002985,CLT04436,Habitation,Bris de glace,2024-12-30,2024-12-31,633,547,Ouvert,45,11,0
SIN0001317,POL002987,CLT03571,Habitation,Vol/Cambriolage,2024-11-01,2024-11-12,7947,4793,Ouvert,36,11,0
SIN0001318,POL002987,CLT03571,Habitation,Incendie,2022-07-24,2022-08-22,34286,25982,Fermé,17,29,0
SIN0001319,POL002988,CLT04147,Santé,Optique,2022-12-04,2022-12-04,471,283,Litigieux,76,0,0
SIN0001320,POL002988,CLT04147,Santé,Soins courants,2024-09-27,2024-10-19,334,186,Ouvert,14,22,0
SIN0001321,POL002991,CLT03982,Auto,Vol,2023-11-13,2023-11-14,12781,7173,Fermé,7,1,0
SIN0001322,POL002994,CLT01129,Habitation,Vol/Cambriolage,2024-07-20,2024-08-05,12797,10059,Fermé,28,16,0
SIN0001323,POL002997,CLT02860,Auto,Bris de glace,2024-11-07,2024-11-15,841,719,Ouvert,44,8,0
SIN0001324,POL003001,CLT00732,Santé,Soins courants,2024-04-08,2024-04-19,690,428,Fermé,20,11,0
SIN0001325,POL003002,CLT04976,Auto,Accident matériel,2024-10-31,2024-11-20,4105,3471,Ouvert,36,20,0
SIN0001326,POL003003,CLT03240,Auto,Accident matériel,2024-07-10,2024-07-12,2426,1501,Fermé,26,2,0
SIN0001327,POL003007,CLT02514,Habitation,Vol/Cambriolage,2022-07-11,2022-07-28,7173,4857,Ouvert,41,17,0
SIN0001328,POL003012,CLT02158,Habitation,Dégât des eaux,2023-10-23,2023-11-10,16441,13276,Ouvert,17,18,0
SIN0001329,POL003014,CLT03364,Santé,Optique,2023-03-09,2023-03-20,350,264,Fermé,25,11,0
SIN0001330,POL003015,CLT04770,Auto,Accident matériel,2022-10-29,2022-11-10,2305,1893,Fermé,29,12,0
SIN0001331,POL003015,CLT04770,Auto,Accident corporel,2022-01-29,2022-02-16,17768,16153,Litigieux,146,18,0
SIN0001332,POL003015,CLT04770,Auto,Bris de glace,2024-03-01,2024-03-09,289,211,Ouvert,28,8,0
SIN0001333,POL003024,CLT01185,Habitation,Dégât des eaux,2023-04-05,2023-05-03,8987,6368,Fermé,19,28,0
SIN0001334,POL003025,CLT04769,Habitation,Dégât des eaux,2023-12-05,2023-12-13,10031,5539,Ouvert,26,8,0
SIN0001335,POL003029,CLT01953,Auto,Bris de glace,2024-03-01,2024-03-09,1057,640,Fermé,22,8,0
SIN0001336,POL003029,CLT01953,Auto,Incendie,2024-09-23,2024-09-23,17112,15458,Fermé,17,0,0
SIN0001337,POL003031,CLT03643,Habitation,Dégât des eaux,2024-11-26,2024-11-26,11971,6920,Ouvert,30,0,0
SIN0001338,POL003035,CLT03297,Auto,Accident corporel,2022-05-18,2022-06-13,10756,6447,Fermé,18,26,0
SIN0001339,POL003038,CLT00289,Santé,Soins courants,2024-07-13,2024-07-23,267,176,Fermé,22,10,0
SIN0001340,POL003038,CLT00289,Santé,Maternité,2024-03-02,2024-03-19,1304,805,Fermé,13,17,0
SIN0001341,POL003039,CLT04005,Habitation,Dégât des eaux,2023-09-07,2023-09-19,8412,6640,Ouvert,16,12,0
SIN0001342,POL003044,CLT02917,Habitation,Dégât des eaux,2024-03-24,2024-04-14,11115,7865,Fermé,9,21,0
SIN0001343,POL003046,CLT00700,Santé,Dentaire,2023-01-21,2023-02-08,954,686,Litigieux,147,18,0
SIN0001344,POL003051,CLT02196,Habitation,Dégât des eaux,2022-06-10,2022-07-01,4970,3388,Fermé,6,21,0
SIN0001345,POL003051,CLT02196,Habitation,Vol/Cambriolage,2021-07-30,2021-08-20,5919,4818,Fermé,9,21,0
SIN0001346,POL003052,CLT03738,Habitation,Dégât des eaux,2023-04-01,2023-04-11,14256,13468,Fermé,9,10,0
SIN0001347,POL003053,CLT03580,Santé,Optique,2024-09-15,2024-09-26,222,138,Fermé,17,11,0
SIN0001348,POL003062,CLT02164,Habitation,Incendie,2023-03-06,2023-03-16,14702,13531,Fermé,8,10,0
SIN0001349,POL003066,CLT00150,Habitation,Vol/Cambriolage,2024-01-07,2024-01-12,6268,5342,Litigieux,155,5,0
SIN0001350,POL003067,CLT04423,Auto,Accident matériel,2024-12-31,2024-12-31,1576,1344,Ouvert,32,27,0
SIN0001351,POL003070,CLT01103,Auto,Accident corporel,2022-09-06,2022-09-25,36945,27327,Fermé,6,19,0
SIN0001352,POL003071,CLT01998,Auto,Accident matériel,2022-03-23,2022-04-22,3021,1956,Fermé,5,30,0
SIN0001353,POL003071,CLT01998,Auto,Accident corporel,2022-12-11,2023-01-04,12988,8571,Ouvert,33,24,0
SIN0001354,POL003071,CLT01998,Auto,Vol,2022-09-06,2022-09-11,3139,1776,Fermé,13,5,0
SIN0001355,POL003075,CLT03456,Habitation,Catastrophe naturelle,2023-05-07,2023-05-20,29390,26842,Fermé,25,13,0
SIN0001356,POL003075,CLT03456,Habitation,Dégât des eaux,2021-12-15,2022-01-10,4067,3801,Ouvert,14,26,0
SIN0001357,POL003077,CLT03959,Auto,Accident matériel,2022-09-02,2022-09-19,1527,1252,Litigieux,120,17,0
SIN0001358,POL003080,CLT00844,Habitation,Catastrophe naturelle,2022-12-05,2022-12-19,8643,4761,Fermé,20,14,0
SIN0001359,POL003085,CLT04625,Habitation,Dégât des eaux,2023-01-30,2023-02-16,1781,1366,Fermé,10,17,0
SIN0001360,POL003085,CLT04625,Habitation,Dégât des eaux,2023-06-16,2023-07-14,8332,6150,Fermé,29,28,0
SIN0001361,POL003090,CLT01435,Auto,Accident matériel,2024-02-07,2024-02-20,2197,1969,Fermé,9,13,0
SIN0001362,POL003090,CLT01435,Auto,Accident matériel,2022-08-24,2022-09-22,5601,4903,Fermé,26,29,0
SIN0001363,POL003090,CLT01435,Auto,Bris de glace,2022-10-20,2022-10-31,288,188,Litigieux,123,11,0
SIN0001364,POL003090,CLT01435,Auto,Bris de glace,2023-10-16,2023-11-04,125,83,Fermé,28,19,0
SIN0001365,POL003091,CLT02040,Habitation,Vol/Cambriolage,2022-12-06,2022-12-06,5300,5011,Fermé,8,0,0
SIN0001366,POL003091,CLT02040,Habitation,Dégât des eaux,2022-06-29,2022-07-28,3836,3501,Ouvert,22,29,0
SIN0001367,POL003092,CLT02793,Santé,Optique,2024-09-26,2024-10-09,237,218,Ouvert,4,13,0
SIN0001368,POL003099,CLT02828,Auto,Accident corporel,2024-12-06,2024-12-28,24939,18825,Ouvert,47,22,0
SIN0001369,POL003099,CLT02828,Auto,Vol,2022-07-02,2022-07-28,5162,3443,Ouvert,17,26,0
SIN0001370,POL003100,CLT00725,Auto,Bris de glace,2023-12-27,2024-01-05,198,174,Fermé,20,9,0
SIN0001371,POL003100,CLT00725,Auto,Accident matériel,2024-07-08,2024-07-10,8448,6396,Fermé,8,2,0
SIN0001372,POL003106,CLT02078,Santé,Soins courants,2024-11-30,2024-12-13,216,199,Ouvert,54,13,0
SIN0001373,POL003106,CLT02078,Santé,Optique,2021-09-06,2021-09-27,332,271,Fermé,14,21,0
SIN0001374,POL003106,CLT02078,Santé,Soins courants,2022-09-07,2022-09-17,845,702,Fermé,30,10,0
SIN0001375,POL003108,CLT01711,Auto,Accident matériel,2023-02-06,2023-02-24,6201,5756,Litigieux,139,18,0
SIN0001376,POL003109,CLT04566,Habitation,Incendie,2024-08-09,2024-08-25,41113,24443,Fermé,8,16,0
SIN0001377,POL003109,CLT04566,Habitation,Catastrophe naturelle,2023-08-09,2023-08-15,11533,8943,Ouvert,36,6,0
SIN0001378,POL003113,CLT03871,Habitation,Vol/Cambriolage,2023-09-05,2023-09-27,9950,7555,Fermé,17,22,0
SIN0001379,POL003115,CLT04095,Santé,Soins courants,2023-06-07,2023-06-29,553,511,Ouvert,23,22,0
SIN0001380,POL003117,CLT04806,Auto,Accident matériel,2023-12-26,2024-01-10,11763,6982,Fermé,24,15,0
SIN0001381,POL003124,CLT03780,Auto,Accident matériel,2024-05-31,2024-06-05,2128,1636,Fermé,5,5,0
SIN0001382,POL003125,CLT03174,Habitation,Dégât des eaux,2024-08-12,2024-09-05,2456,1578,Fermé,10,24,0
SIN0001383,POL003127,CLT03115,Habitation,Bris de glace,2024-10-13,2024-11-12,520,489,Ouvert,2,30,0
SIN0001384,POL003127,CLT03115,Habitation,Incendie,2024-07-22,2024-08-04,24731,16873,Litigieux,108,13,0
SIN0001385,POL003130,CLT03903,Auto,Accident corporel,2024-11-12,2024-11-13,16347,12980,Ouvert,40,1,0
SIN0001386,POL003131,CLT03738,Auto,Bris de glace,2024-06-22,2024-07-14,577,398,Fermé,28,22,0
SIN0001387,POL003133,CLT01826,Habitation,Vol/Cambriolage,2023-10-26,2023-11-13,14472,11189,Ouvert,43,18,0
SIN0001388,POL003134,CLT00700,Auto,Vol,2023-02-01,2023-02-08,10280,8263,Fermé,27,7,0
SIN0001389,POL003135,CLT01010,Auto,Accident matériel,2024-04-15,2024-04-19,3721,2962,Fermé,15,4,0
SIN0001390,POL003140,CLT03096,Habitation,Catastrophe naturelle,2022-10-03,2022-10-05,12286,8178,Ouvert,56,2,0
SIN0001391,POL003140,CLT03096,Habitation,Dégât des eaux,2024-11-21,2024-12-07,3914,3711,Ouvert,44,16,0
SIN0001392,POL003142,CLT03586,Habitation,Dégât des eaux,2021-10-23,2021-10-24,5529,3342,Fermé,9,1,0
SIN0001393,POL003149,CLT02480,Santé,Soins courants,2021-06-23,2021-07-04,228,188,Fermé,28,11,0
SIN0001394,POL003150,CLT03476,Habitation,Dégât des eaux,2024-02-29,2024-03-18,2237,1374,Fermé,17,18,0
SIN0001395,POL003166,CLT03822,Auto,Incendie,2021-10-28,2021-11-13,70567,55535,Fermé,5,16,0
SIN0001396,POL003167,CLT03324,Habitation,Dégât des eaux,2023-06-29,2023-07-01,6023,4182,Ouvert,8,2,0
SIN0001397,POL003167,CLT03324,Habitation,Catastrophe naturelle,2022-06-17,2022-07-14,17792,15512,Fermé,20,27,0
SIN0001398,POL003175,CLT00058,Auto,Bris de glace,2022-08-13,2022-08-21,479,383,Ouvert,53,8,0
SIN0001399,POL003175,CLT00058,Auto,Accident matériel,2024-10-07,2024-10-26,2054,1222,Ouvert,50,19,0
SIN0001400,POL003177,CLT00227,Habitation,Dégât des eaux,2024-11-20,2024-11-26,5922,3460,Ouvert,51,6,0
SIN0001401,POL003182,CLT03048,Santé,Soins courants,2023-04-02,2023-04-03,477,344,Fermé,21,1,0
SIN0001402,POL003183,CLT01729,Santé,Optique,2024-04-14,2024-04-25,637,462,Fermé,18,11,0
SIN0001403,POL003191,CLT02505,Auto,Bris de glace,2023-03-22,2023-04-05,490,306,Litigieux,80,14,0
SIN0001404,POL003192,CLT03789,Habitation,Dégât des eaux,2023-03-02,2023-03-09,7251,4693,Ouvert,23,7,0
SIN0001405,POL003192,CLT03789,Habitation,Dégât des eaux,2023-12-19,2024-01-16,6221,3593,Ouvert,1,28,0
SIN0001406,POL003194,CLT04248,Santé,Soins courants,2022-12-30,2023-01-03,186,154,Fermé,30,4,0
SIN0001407,POL003195,CLT04681,Auto,Bris de glace,2022-09-08,2022-10-07,850,645,Fermé,26,29,0
SIN0001408,POL003197,CLT03431,Santé,Soins courants,2022-10-28,2022-11-26,242,229,Fermé,18,29,0
SIN0001409,POL003200,CLT01134,Auto,Vol,2023-04-21,2023-05-15,7547,4364,Ouvert,48,24,0
SIN0001410,POL003201,CLT01809,Auto,Accident matériel,2022-12-23,2023-01-04,2974,2014,Fermé,17,12,0
SIN0001411,POL003202,CLT00693,Habitation,Incendie,2024-11-22,2024-12-21,34319,23607,Ouvert,46,29,0
SIN0001412,POL003202,CLT00693,Habitation,Dégât des eaux,2024-10-09,2024-11-05,4233,3227,Ouvert,18,27,0
SIN0001413,POL003203,CLT02721,Auto,Accident matériel,2024-06-20,2024-06-29,6761,4414,Fermé,5,9,0
SIN0001414,POL003205,CLT02690,Auto,Bris de glace,2021-02-23,2021-03-21,80,58,Fermé,11,26,0
SIN0001415,POL003209,CLT02647,Habitation,Catastrophe naturelle,2024-04-27,2024-05-05,31824,20083,Fermé,21,8,0
SIN0001416,POL003211,CLT01383,Auto,Accident matériel,2022-06-18,2022-06-18,1353,1234,Ouvert,16,0,0
SIN0001417,POL003216,CLT02662,Auto,Accident corporel,2022-04-18,2022-04-24,9708,7622,Litigieux,67,6,0
SIN0001418,POL003216,CLT02662,Auto,Accident matériel,2024-05-02,2024-05-24,4983,4319,Fermé,20,22,0
SIN0001419,POL003219,CLT03629,Santé,Soins courants,2024-08-30,2024-09-27,402,303,Fermé,28,28,0
SIN0001420,POL003221,CLT03279,Habitation,Dégât des eaux,2023-05-13,2023-06-05,7720,4428,Fermé,15,23,0
SIN0001421,POL003222,CLT04833,Santé,Hospitalisation,2023-11-27,2023-12-05,6549,5632,Fermé,20,8,0
SIN0001422,POL003222,CLT04833,Santé,Soins courants,2024-03-28,2024-04-14,240,183,Litigieux,141,17,0
SIN0001423,POL003228,CLT01564,Habitation,Dégât des eaux,2024-12-17,2024-12-18,4798,3376,Ouvert,57,1,0
SIN0001424,POL003230,CLT02037,Santé,Soins courants,2021-08-23,2021-09-19,535,386,Litigieux,165,27,0
SIN0001425,POL003233,CLT00429,Auto,Bris de glace,2023-02-18,2023-03-10,347,328,Fermé,20,20,0
SIN0001426,POL003235,CLT03050,Santé,Optique,2022-12-22,2023-01-10,460,357,Fermé,11,19,0
SIN0001427,POL003236,CLT00292,Santé,Maternité,2024-04-09,2024-04-30,719,447,Fermé,14,21,0
SIN0001428,POL003237,CLT02044,Santé,Hospitalisation,2024-01-17,2024-02-04,4490,4067,Fermé,17,18,0
SIN0001429,POL003242,CLT04219,Habitation,Bris de glace,2023-03-10,2023-03-12,405,252,Litigieux,118,2,0
SIN0001430,POL003242,CLT04219,Habitation,Vol/Cambriolage,2024-06-14,2024-06-30,5416,4682,Fermé,5,16,0
SIN0001431,POL003245,CLT03544,Auto,Accident corporel,2023-01-30,2023-02-14,43970,25376,Ouvert,30,15,0
SIN0001432,POL003254,CLT03162,Santé,Soins courants,2022-10-30,2022-11-02,203,183,Fermé,29,3,0
SIN0001433,POL003255,CLT04164,Habitation,Dégât des eaux,2024-07-09,2024-07-13,4795,2942,Litigieux,155,4,0
SIN0001434,POL003256,CLT02894,Santé,Hospitalisation,2024-04-08,2024-04-16,9436,5506,Fermé,17,8,0
SIN0001435,POL003269,CLT00828,Auto,Accident corporel,2024-04-24,2024-04-24,18313,10291,Fermé,11,0,0
SIN0001436,POL003271,CLT02040,Santé,Optique,2021-10-06,2021-10-13,176,146,Fermé,27,7,0
SIN0001437,POL003273,CLT01104,Auto,Incendie,2024-11-01,2024-11-10,16700,14029,Ouvert,36,9,0
SIN0001438,POL003273,CLT01104,Auto,Bris de glace,2023-06-09,2023-06-28,793,554,Fermé,17,19,0
SIN0001439,POL003273,CLT01104,Auto,Vol,2023-11-05,2023-11-19,8379,6869,Fermé,20,14,0
SIN0001440,POL003273,CLT01104,Auto,Bris de glace,2024-03-13,2024-03-20,309,207,Fermé,20,7,0
SIN0001441,POL003276,CLT04565,Habitation,Vol/Cambriolage,2022-04-11,2022-04-12,3214,2494,Fermé,11,1,0
SIN0001442,POL003276,CLT04565,Habitation,Incendie,2023-11-04,2023-11-13,14658,9136,Ouvert,53,9,0
SIN0001443,POL003276,CLT04565,Habitation,Vol/Cambriolage,2022-05-14,2022-05-19,18448,11123,Fermé,12,5,0
SIN0001444,POL003276,CLT04565,Habitation,Dégât des eaux,2022-02-11,2022-02-28,6699,4037,Fermé,17,17,0
SIN0001445,POL003278,CLT00848,Auto,Accident matériel,2024-06-21,2024-07-05,4982,3025,Fermé,29,14,0
SIN0001446,POL003280,CLT02424,Habitation,Bris de glace,2024-07-22,2024-08-10,317,244,Fermé,28,19,0
SIN0001447,POL003283,CLT02539,Auto,Accident matériel,2024-12-21,2024-12-21,2926,2096,Ouvert,33,0,0
SIN0001448,POL003285,CLT04754,Auto,Accident matériel,2024-01-23,2024-01-23,5445,3974,Fermé,16,0,0
SIN0001449,POL003296,CLT03382,Auto,Accident matériel,2024-03-07,2024-03-09,3307,2350,Ouvert,56,2,0
SIN0001450,POL003302,CLT01223,Auto,Accident corporel,2024-09-29,2024-10-17,21159,19739,Ouvert,6,18,0
SIN0001451,POL003303,CLT00578,Auto,Vol,2024-12-09,2024-12-19,4624,3699,Ouvert,20,10,0
SIN0001452,POL003307,CLT04701,Auto,Accident matériel,2024-04-16,2024-05-11,3251,2972,Fermé,23,25,0
SIN0001453,POL003307,CLT04701,Auto,Accident corporel,2022-05-23,2022-05-29,22951,17634,Fermé,11,6,0
SIN0001454,POL003311,CLT03983,Auto,Accident matériel,2023-08-27,2023-09-14,2744,1769,Ouvert,9,18,0
SIN0001455,POL003315,CLT01897,Auto,Accident corporel,2024-08-21,2024-09-08,22837,16205,Fermé,26,18,0
SIN0001456,POL003322,CLT00448,Habitation,Incendie,2024-02-05,2024-02-20,23231,20860,Fermé,17,15,0
SIN0001457,POL003329,CLT03249,Auto,Accident corporel,2022-06-05,2022-06-13,12722,10838,Ouvert,43,8,0
SIN0001458,POL003332,CLT02365,Auto,Accident matériel,2024-04-15,2024-05-15,2874,2181,Fermé,13,30,0
SIN0001459,POL003335,CLT00569,Habitation,Vol/Cambriolage,2022-11-09,2022-11-14,4429,3555,Fermé,30,5,0
SIN0001460,POL003339,CLT00303,Auto,Bris de glace,2024-08-06,2024-09-03,274,194,Ouvert,43,28,0
SIN0001461,POL003339,CLT00303,Auto,Accident matériel,2023-05-04,2023-05-20,4080,2818,Ouvert,4,16,0
SIN0001462,POL003339,CLT00303,Auto,Accident matériel,2023-05-18,2023-06-04,2236,1610,Fermé,27,17,0
SIN0001463,POL003341,CLT02278,Habitation,Vol/Cambriolage,2024-02-07,2024-02-18,8700,7860,Fermé,12,11,0
SIN0001464,POL003342,CLT02407,Auto,Accident matériel,2023-10-24,2023-11-12,1885,1062,Fermé,6,19,0
SIN0001465,POL003344,CLT04252,Auto,Accident corporel,2024-04-04,2024-04-30,11239,6293,Fermé,22,26,0
SIN0001466,POL003346,CLT03933,Habitation,Bris de glace,2023-07-13,2023-08-11,714,566,Fermé,24,29,0
SIN0001467,POL003346,CLT03933,Habitation,Catastrophe naturelle,2023-03-25,2023-04-08,15329,14268,Fermé,10,14,0
SIN0001468,POL003346,CLT03933,Habitation,Bris de glace,2024-08-31,2024-09-16,616,527,Ouvert,19,16,0
SIN0001469,POL003352,CLT04058,Habitation,Dégât des eaux,2023-02-25,2023-03-01,7901,4579,Litigieux,158,4,0
SIN0001470,POL003353,CLT04589,Santé,Hospitalisation,2024-09-02,2024-09-04,4434,3643,Fermé,20,2,0
SIN0001471,POL003355,CLT03179,Habitation,Dégât des eaux,2023-11-03,2023-11-17,2537,1888,Fermé,8,14,0
SIN0001472,POL003363,CLT00833,Santé,Hospitalisation,2023-08-21,2023-08-22,3485,3064,Fermé,20,1,0
SIN0001473,POL003364,CLT00041,Santé,Dentaire,2023-07-23,2023-07-25,1028,698,Fermé,15,2,0
SIN0001474,POL003364,CLT00041,Santé,Optique,2023-01-24,2023-01-27,564,469,Fermé,24,3,0
SIN0001475,POL003364,CLT00041,Santé,Hospitalisation,2023-02-04,2023-02-24,2512,1556,Fermé,5,20,0
SIN0001476,POL003365,CLT01084,Habitation,Catastrophe naturelle,2021-09-17,2021-10-11,15322,11680,Fermé,7,24,0
SIN0001477,POL003369,CLT00911,Habitation,Dégât des eaux,2021-10-18,2021-11-13,2725,2006,Ouvert,41,26,0
SIN0001478,POL003369,CLT00911,Habitation,Dégât des eaux,2022-02-15,2022-02-23,3922,3375,Ouvert,38,8,0
SIN0001479,POL003369,CLT00911,Habitation,Dégât des eaux,2021-07-06,2021-07-08,9846,5593,Fermé,12,2,0
SIN0001480,POL003369,CLT00911,Habitation,Catastrophe naturelle,2024-08-31,2024-09-05,18639,10951,Fermé,26,5,0
SIN0001481,POL003369,CLT00911,Habitation,Vol/Cambriolage,2021-11-26,2021-12-14,12032,10823,Fermé,29,18,0
SIN0001482,POL003373,CLT04556,Habitation,Incendie,2022-11-28,2022-12-06,30339,25012,Fermé,25,8,0
SIN0001483,POL003377,CLT04046,Habitation,Incendie,2024-03-15,2024-04-14,15951,15139,Fermé,17,30,0
SIN0001484,POL003377,CLT04046,Habitation,Dégât des eaux,2024-08-21,2024-09-19,4044,2459,Fermé,14,29,0
SIN0001485,POL003380,CLT04345,Habitation,Incendie,2024-05-01,2024-05-29,17569,14324,Fermé,27,28,0
SIN0001486,POL003382,CLT03150,Auto,Vol,2024-05-04,2024-05-30,5573,3330,Fermé,17,26,0
SIN0001487,POL003383,CLT01275,Auto,Bris de glace,2024-02-20,2024-02-29,185,124,Fermé,6,9,0
SIN0001488,POL003386,CLT00123,Santé,Maternité,2024-05-20,2024-05-29,1069,762,Fermé,28,9,0
SIN0001489,POL003387,CLT04683,Habitation,Bris de glace,2023-04-05,2023-04-24,541,313,Fermé,26,19,0
SIN0001490,POL003388,CLT04372,Auto,Vol,2023-04-19,2023-05-16,8422,6829,Fermé,12,27,0
SIN0001491,POL003389,CLT00834,Auto,Accident matériel,2023-10-24,2023-11-21,2361,2021,Fermé,28,28,0
SIN0001492,POL003389,CLT00834,Auto,Accident matériel,2023-07-14,2023-07-17,2286,2107,Fermé,22,3,0
SIN0001493,POL003392,CLT02108,Auto,Vol,2024-09-29,2024-10-17,3948,2718,Ouvert,57,18,0
SIN0001494,POL003393,CLT02035,Santé,Hospitalisation,2024-06-19,2024-07-01,3703,3464,Fermé,24,12,0
SIN0001495,POL003393,CLT02035,Santé,Optique,2024-06-27,2024-07-20,519,329,Ouvert,55,23,0
SIN0001496,POL003394,CLT04442,Auto,Accident corporel,2022-07-15,2022-08-07,14403,9049,Fermé,19,23,0
SIN0001497,POL003395,CLT01824,Auto,Bris de glace,2024-11-30,2024-11-30,200,116,Ouvert,33,0,0
SIN0001498,POL003400,CLT01245,Auto,Bris de glace,2024-05-18,2024-06-09,1100,754,Ouvert,23,22,0
SIN0001499,POL003400,CLT01245,Auto,Accident corporel,2024-01-08,2024-02-06,15690,10257,Fermé,18,29,0
SIN0001500,POL003402,CLT00185,Auto,Accident matériel,2024-09-08,2024-09-22,1256,1006,Fermé,15,14,0
SIN0001501,POL003406,CLT02588,Habitation,Vol/Cambriolage,2024-06-03,2024-06-18,5387,3286,Fermé,11,15,0
SIN0001502,POL003407,CLT03699,Auto,Vol,2024-11-15,2024-12-01,6926,6085,Ouvert,58,16,0
SIN0001503,POL003413,CLT04163,Habitation,Incendie,2022-02-14,2022-03-09,10640,8761,Ouvert,34,23,0
SIN0001504,POL003413,CLT04163,Habitation,Dégât des eaux,2023-04-29,2023-05-23,5180,3123,Fermé,12,24,0
SIN0001505,POL003413,CLT04163,Habitation,Vol/Cambriolage,2023-07-01,2023-07-15,6675,4674,Ouvert,45,14,0
SIN0001506,POL003414,CLT04577,Auto,Accident matériel,2022-12-11,2022-12-24,2180,1907,Fermé,21,13,0
SIN0001507,POL003414,CLT04577,Auto,Accident matériel,2023-11-08,2023-11-22,3788,2226,Fermé,12,14,0
SIN0001508,POL003420,CLT01313,Habitation,Vol/Cambriolage,2024-03-27,2024-04-04,29255,24678,Ouvert,1,8,0
SIN0001509,POL003421,CLT02673,Auto,Vol,2024-12-14,2024-12-25,2317,1798,Ouvert,30,11,0
SIN0001510,POL003421,CLT02673,Auto,Incendie,2023-06-05,2023-06-09,73344,57122,Fermé,11,4,0
SIN0001511,POL003422,CLT00749,Habitation,Dégât des eaux,2023-12-21,2024-01-06,3297,1847,Ouvert,44,16,0
SIN0001512,POL003424,CLT01056,Auto,Accident corporel,2023-02-07,2023-03-04,22325,16881,Fermé,21,25,0
SIN0001513,POL003427,CLT01560,Habitation,Catastrophe naturelle,2023-01-01,2023-01-23,10861,8049,Ouvert,11,22,0
SIN0001514,POL003428,CLT03743,Auto,Accident corporel,2023-08-02,2023-08-12,29750,18271,Ouvert,56,10,0
SIN0001515,POL003428,CLT03743,Auto,Bris de glace,2023-11-16,2023-12-05,478,341,Ouvert,4,19,0
SIN0001516,POL003429,CLT04696,Auto,Accident corporel,2024-03-07,2024-03-13,13797,9854,Fermé,26,6,0
SIN0001517,POL003430,CLT00917,Santé,Hospitalisation,2023-12-01,2023-12-24,5213,3992,Fermé,7,23,0
SIN0001518,POL003431,CLT03493,Habitation,Catastrophe naturelle,2024-08-02,2024-08-21,14675,12602,Ouvert,1,19,0
SIN0001519,POL003433,CLT02282,Santé,Soins courants,2022-02-28,2022-03-21,153,129,Fermé,7,21,0
SIN0001520,POL003442,CLT01091,Habitation,Dégât des eaux,2022-11-07,2022-11-14,4221,2941,Ouvert,19,7,0
SIN0001521,POL003444,CLT01926,Auto,Vol,2024-06-23,2024-07-19,9026,6426,Fermé,19,26,0
SIN0001522,POL003447,CLT02701,Habitation,Dégât des eaux,2024-04-28,2024-05-26,2807,2067,Fermé,28,28,0
SIN0001523,POL003449,CLT01452,Auto,Accident matériel,2023-11-05,2023-11-08,2395,2016,Fermé,29,3,0
SIN0001524,POL003449,CLT01452,Auto,Bris de glace,2024-04-26,2024-05-15,770,582,Fermé,15,19,0
SIN0001525,POL003452,CLT04858,Habitation,Catastrophe naturelle,2024-06-24,2024-07-01,10809,7197,Fermé,18,7,0
SIN0001526,POL003454,CLT01804,Auto,Accident matériel,2024-11-11,2024-12-04,5728,4542,Ouvert,40,23,0
SIN0001527,POL003454,CLT01804,Auto,Accident matériel,2023-10-29,2023-11-27,2219,1582,Fermé,27,29,0
SIN0001528,POL003457,CLT04975,Santé,Dentaire,2024-04-02,2024-05-02,1161,799,Fermé,13,30,0
SIN0001529,POL003457,CLT04975,Santé,Hospitalisation,2024-03-08,2024-03-13,7734,6189,Fermé,20,5,0
SIN0001530,POL003459,CLT03832,Auto,Accident matériel,2024-11-24,2024-12-16,4244,3002,Ouvert,55,22,0
SIN0001531,POL003459,CLT03832,Auto,Accident matériel,2024-11-08,2024-12-05,3895,2201,Ouvert,29,27,0
SIN0001532,POL003459,CLT03832,Auto,Accident matériel,2024-04-20,2024-05-17,6048,4864,Fermé,21,27,0
SIN0001533,POL003462,CLT00894,Santé,Optique,2024-07-18,2024-07-21,189,159,Fermé,30,3,0
SIN0001534,POL003464,CLT00498,Auto,Accident matériel,2024-03-27,2024-04-14,1402,830,Ouvert,11,18,0
SIN0001535,POL003464,CLT00498,Auto,Vol,2022-08-27,2022-09-11,8402,5528,Ouvert,59,15,0
SIN0001536,POL003467,CLT00867,Habitation,Incendie,2024-12-23,2024-12-31,24556,17482,Ouvert,2,29,0
SIN0001537,POL003469,CLT00862,Habitation,Dégât des eaux,2023-06-06,2023-06-13,3970,2547,Fermé,22,7,0
SIN0001538,POL003473,CLT04474,Habitation,Vol/Cambriolage,2023-06-07,2023-06-08,5384,3797,Fermé,11,1,0
SIN0001539,POL003476,CLT02435,Habitation,Bris de glace,2023-07-01,2023-07-04,545,333,Ouvert,41,3,0
SIN0001540,POL003476,CLT02435,Habitation,Dégât des eaux,2023-01-31,2023-02-09,5713,3703,Fermé,20,9,0
SIN0001541,POL003477,CLT02538,Auto,Bris de glace,2022-09-06,2022-10-05,572,360,Fermé,18,29,0
SIN0001542,POL003477,CLT02538,Auto,Bris de glace,2023-03-07,2023-03-18,377,312,Fermé,7,11,0
SIN0001543,POL003483,CLT04689,Santé,Dentaire,2023-04-11,2023-05-11,307,261,Fermé,11,30,0
SIN0001544,POL003484,CLT01827,Santé,Maternité,2024-04-16,2024-04-27,1419,889,Fermé,18,11,0
SIN0001545,POL003485,CLT04524,Auto,Bris de glace,2024-11-07,2024-11-16,238,225,Ouvert,6,9,0
SIN0001546,POL003486,CLT01787,Santé,Soins courants,2024-04-26,2024-05-08,239,184,Fermé,27,12,0
SIN0001547,POL003487,CLT01725,Auto,Accident matériel,2022-09-02,2022-09-09,1274,715,Fermé,27,7,0
SIN0001548,POL003488,CLT03818,Habitation,Dégât des eaux,2024-04-28,2024-05-08,2651,2021,Fermé,19,10,0
SIN0001549,POL003490,CLT03178,Habitation,Bris de glace,2023-07-30,2023-08-05,703,419,Fermé,30,6,0
SIN0001550,POL003491,CLT04105,Auto,Accident matériel,2022-01-25,2022-01-27,3710,2236,Litigieux,52,2,0
SIN0001551,POL003491,CLT04105,Auto,Accident matériel,2023-05-11,2023-05-23,5187,4487,Fermé,5,12,0
SIN0001552,POL003494,CLT03217,Auto,Bris de glace,2024-02-28,2024-03-12,361,286,Fermé,30,13,0
SIN0001553,POL003495,CLT02712,Santé,Optique,2024-11-14,2024-11-29,309,182,Ouvert,7,15,0
SIN0001554,POL003496,CLT04868,Habitation,Catastrophe naturelle,2022-11-19,2022-11-27,15607,11352,Fermé,30,8,0
SIN0001555,POL003500,CLT03368,Auto,Accident matériel,2023-08-18,2023-09-17,4416,3164,Ouvert,36,30,0
SIN0001556,POL003501,CLT02533,Auto,Bris de glace,2023-10-17,2023-11-10,729,478,Fermé,26,24,0
SIN0001557,POL003504,CLT01209,Habitation,Catastrophe naturelle,2022-04-17,2022-04-28,18970,10553,Litigieux,176,11,0
SIN0001558,POL003505,CLT02662,Auto,Accident matériel,2023-01-25,2023-01-31,5838,3725,Litigieux,49,6,0
SIN0001559,POL003505,CLT02662,Auto,Bris de glace,2023-02-18,2023-02-19,979,686,Litigieux,126,1,0
SIN0001560,POL003505,CLT02662,Auto,Bris de glace,2024-12-07,2024-12-11,214,178,Ouvert,17,4,0
SIN0001561,POL003509,CLT02653,Santé,Optique,2023-12-31,2024-01-11,303,206,Fermé,11,11,0
SIN0001562,POL003516,CLT03475,Santé,Soins courants,2024-08-02,2024-08-04,238,213,Fermé,14,2,0
SIN0001563,POL003516,CLT03475,Santé,Optique,2022-08-12,2022-09-08,231,209,Fermé,29,27,0
SIN0001564,POL003518,CLT00192,Auto,Incendie,2024-12-10,2024-12-18,17229,11610,Ouvert,16,8,0
SIN0001565,POL003522,CLT03133,Auto,Incendie,2023-07-29,2023-08-22,25746,16302,Fermé,5,24,0
SIN0001566,POL003535,CLT04652,Auto,Vol,2024-04-02,2024-04-05,4704,3997,Fermé,10,3,0
SIN0001567,POL003537,CLT02807,Auto,Vol,2024-07-22,2024-07-23,7562,6527,Litigieux,54,1,0
SIN0001568,POL003538,CLT02053,Habitation,Bris de glace,2024-04-21,2024-04-28,359,282,Fermé,28,7,0
SIN0001569,POL003540,CLT02606,Habitation,Bris de glace,2024-12-28,2024-12-31,261,174,Ouvert,52,7,0
SIN0001570,POL003540,CLT02606,Habitation,Dégât des eaux,2023-01-29,2023-02-16,8712,5960,Litigieux,64,18,0
SIN0001571,POL003546,CLT04227,Santé,Dentaire,2024-05-15,2024-05-26,368,327,Fermé,30,11,0
SIN0001572,POL003548,CLT03289,Auto,Accident matériel,2024-06-22,2024-07-14,3145,1963,Fermé,23,22,0
SIN0001573,POL003556,CLT00450,Habitation,Vol/Cambriolage,2022-12-28,2023-01-13,4966,2762,Ouvert,59,16,0
SIN0001574,POL003559,CLT00440,Auto,Bris de glace,2021-03-18,2021-04-15,374,236,Fermé,10,28,0
SIN0001575,POL003562,CLT00097,Auto,Bris de glace,2024-09-29,2024-10-16,307,290,Ouvert,14,17,0
SIN0001576,POL003562,CLT00097,Auto,Bris de glace,2024-06-16,2024-07-05,297,203,Fermé,16,19,0
SIN0001577,POL003562,CLT00097,Auto,Accident matériel,2024-01-02,2024-01-20,4212,2601,Fermé,19,18,0
SIN0001578,POL003565,CLT03856,Auto,Accident matériel,2024-11-10,2024-12-02,6422,3959,Ouvert,1,22,0
SIN0001579,POL003571,CLT00323,Santé,Optique,2023-04-18,2023-04-21,187,158,Fermé,24,3,0
SIN0001580,POL003571,CLT00323,Santé,Maternité,2023-06-22,2023-06-29,1624,927,Fermé,27,7,0
SIN0001581,POL003575,CLT00040,Santé,Soins courants,2023-12-15,2023-12-22,453,296,Fermé,16,7,0
SIN0001582,POL003577,CLT03203,Habitation,Dégât des eaux,2023-07-30,2023-08-06,6768,3962,Fermé,10,7,0
SIN0001583,POL003578,CLT00286,Habitation,Vol/Cambriolage,2024-06-01,2024-06-28,6825,3957,Fermé,9,27,0
SIN0001584,POL003582,CLT03616,Habitation,Vol/Cambriolage,2023-08-22,2023-09-13,4401,3738,Ouvert,2,22,0
SIN0001585,POL003582,CLT03616,Habitation,Catastrophe naturelle,2021-10-23,2021-11-10,28334,24659,Fermé,13,18,0
SIN0001586,POL003585,CLT02634,Habitation,Catastrophe naturelle,2024-03-18,2024-03-20,10326,6011,Ouvert,28,2,0
SIN0001587,POL003592,CLT04490,Santé,Optique,2024-10-09,2024-10-30,528,488,Ouvert,12,21,0
SIN0001588,POL003592,CLT04490,Santé,Hospitalisation,2022-07-06,2022-07-15,3429,3129,Fermé,22,9,0
SIN0001589,POL003593,CLT02310,Habitation,Dégât des eaux,2024-06-24,2024-07-06,3536,2634,Fermé,9,12,0
SIN0001590,POL003595,CLT02031,Santé,Optique,2023-09-16,2023-09-22,310,289,Fermé,25,6,0
SIN0001591,POL003596,CLT02065,Habitation,Dégât des eaux,2024-06-22,2024-07-20,3848,3152,Fermé,27,28,0
SIN0001592,POL003597,CLT03521,Auto,Accident matériel,2023-04-11,2023-05-11,2789,1707,Fermé,10,30,0
SIN0001593,POL003597,CLT03521,Auto,Bris de glace,2023-06-12,2023-06-26,352,270,Litigieux,172,14,0
SIN0001594,POL003600,CLT04439,Habitation,Vol/Cambriolage,2023-12-16,2024-01-01,9070,6203,Fermé,10,16,0
SIN0001595,POL003601,CLT02699,Habitation,Dégât des eaux,2022-12-11,2022-12-20,5479,4611,Fermé,9,9,0
SIN0001596,POL003603,CLT01116,Habitation,Bris de glace,2024-11-30,2024-12-30,478,325,Ouvert,18,30,0
SIN0001597,POL003606,CLT03088,Santé,Optique,2024-07-30,2024-07-30,370,255,Fermé,19,0,0
SIN0001598,POL003615,CLT04031,Auto,Accident matériel,2022-05-31,2022-06-14,4914,3117,Fermé,11,14,0
SIN0001599,POL003624,CLT03124,Auto,Accident matériel,2022-12-28,2022-12-28,4771,3386,Fermé,23,0,0
SIN0001600,POL003624,CLT03124,Auto,Accident matériel,2024-10-28,2024-10-29,3687,2847,Ouvert,21,1,0
SIN0001601,POL003624,CLT03124,Auto,Accident matériel,2023-10-03,2023-10-09,5286,3078,Fermé,12,6,0
SIN0001602,POL003626,CLT02541,Auto,Vol,2023-05-20,2023-05-29,2022,1759,Ouvert,43,9,0
SIN0001603,POL003629,CLT04427,Habitation,Incendie,2022-10-24,2022-11-01,24665,19035,Fermé,8,8,0
SIN0001604,POL003630,CLT01373,Auto,Accident corporel,2024-05-21,2024-06-01,17982,10796,Fermé,5,11,0
SIN0001605,POL003630,CLT01373,Auto,Bris de glace,2024-10-01,2024-10-23,601,504,Ouvert,31,22,0
SIN0001606,POL003634,CLT01180,Habitation,Dégât des eaux,2022-08-23,2022-09-07,4081,2452,Fermé,22,15,0
SIN0001607,POL003635,CLT01226,Auto,Bris de glace,2024-10-01,2024-10-11,368,283,Ouvert,2,10,0
SIN0001608,POL003638,CLT02179,Habitation,Bris de glace,2024-04-02,2024-04-07,440,314,Fermé,27,5,0
SIN0001609,POL003644,CLT00186,Auto,Accident matériel,2024-05-28,2024-06-10,2804,1897,Litigieux,77,13,0
SIN0001610,POL003649,CLT03771,Auto,Accident matériel,2023-06-22,2023-07-13,3685,2386,Ouvert,29,21,0
SIN0001611,POL003660,CLT03080,Auto,Incendie,2023-09-21,2023-10-10,54686,45629,Ouvert,36,19,0
SIN0001612,POL003662,CLT00139,Santé,Maternité,2022-09-08,2022-09-17,1612,1237,Fermé,23,9,0
SIN0001613,POL003662,CLT00139,Santé,Maternité,2023-06-06,2023-06-09,1737,1439,Fermé,21,3,0
SIN0001614,POL003668,CLT04670,Auto,Bris de glace,2024-11-03,2024-11-24,375,276,Ouvert,21,21,0
SIN0001615,POL003672,CLT01315,Habitation,Catastrophe naturelle,2024-08-06,2024-08-10,8619,6791,Fermé,22,4,0
SIN0001616,POL003673,CLT00506,Santé,Dentaire,2024-09-06,2024-09-11,608,362,Fermé,20,5,0
SIN0001617,POL003674,CLT04102,Auto,Vol,2023-03-23,2023-04-11,2566,2372,Fermé,10,19,0
SIN0001618,POL003675,CLT00789,Santé,Soins courants,2022-03-28,2022-04-15,226,184,Ouvert,23,18,0
SIN0001619,POL003678,CLT03160,Habitation,Dégât des eaux,2023-12-02,2023-12-02,3608,2189,Fermé,30,0,0
SIN0001620,POL003683,CLT03576,Auto,Accident corporel,2021-12-07,2021-12-13,19212,13903,Fermé,26,6,0
SIN0001621,POL003686,CLT02597,Habitation,Dégât des eaux,2024-04-26,2024-04-28,5521,4022,Fermé,28,2,0
SIN0001622,POL003687,CLT03920,Habitation,Dégât des eaux,2022-07-01,2022-07-19,6292,4600,Ouvert,38,18,0
SIN0001623,POL003687,CLT03920,Habitation,Dégât des eaux,2023-07-14,2023-07-16,3107,2837,Fermé,30,2,0
SIN0001624,POL003687,CLT03920,Habitation,Vol/Cambriolage,2022-09-15,2022-09-20,7185,5870,Fermé,22,5,0
SIN0001625,POL003689,CLT04536,Santé,Maternité,2022-05-27,2022-06-23,1534,1126,Fermé,19,27,0
SIN0001626,POL003689,CLT04536,Santé,Optique,2024-11-02,2024-11-28,753,708,Ouvert,34,26,0
SIN0001627,POL003690,CLT02479,Habitation,Dégât des eaux,2024-07-08,2024-07-27,9765,7447,Fermé,28,19,0
SIN0001628,POL003695,CLT01670,Habitation,Vol/Cambriolage,2022-05-29,2022-06-03,4049,3466,Fermé,6,5,0
SIN0001629,POL003700,CLT00296,Habitation,Dégât des eaux,2024-07-28,2024-08-02,4936,3723,Fermé,22,5,0
SIN0001630,POL003707,CLT01302,Auto,Accident matériel,2024-03-19,2024-04-02,2844,2610,Fermé,6,14,0
SIN0001631,POL003712,CLT01712,Auto,Accident matériel,2024-10-18,2024-11-11,4040,3623,Ouvert,32,24,0
SIN0001632,POL003716,CLT03269,Santé,Soins courants,2023-11-29,2023-11-30,308,265,Ouvert,35,1,0
SIN0001633,POL003724,CLT04523,Auto,Accident matériel,2023-08-10,2023-08-22,3406,3106,Fermé,21,12,0
SIN0001634,POL003726,CLT01165,Habitation,Catastrophe naturelle,2024-10-28,2024-11-22,13579,12697,Ouvert,53,25,0
SIN0001635,POL003729,CLT00937,Santé,Optique,2024-12-01,2024-12-02,230,160,Ouvert,8,1,0
SIN0001636,POL003729,CLT00937,Santé,Maternité,2021-08-10,2021-09-03,1266,740,Fermé,25,24,0
SIN0001637,POL003733,CLT00267,Auto,Bris de glace,2023-08-07,2023-09-05,261,174,Fermé,6,29,0
SIN0001638,POL003736,CLT00724,Auto,Accident matériel,2024-10-20,2024-11-07,2255,1343,Ouvert,30,18,0
SIN0001639,POL003743,CLT04231,Habitation,Bris de glace,2022-10-01,2022-10-19,284,174,Fermé,8,18,0
SIN0001640,POL003747,CLT00734,Santé,Soins courants,2024-08-04,2024-08-07,546,488,Fermé,23,3,0
SIN0001641,POL003751,CLT01128,Auto,Bris de glace,2022-11-23,2022-12-05,1826,1222,Fermé,21,12,0
SIN0001642,POL003751,CLT01128,Auto,Vol,2022-12-07,2022-12-22,14642,12988,Fermé,16,15,0
SIN0001643,POL003752,CLT03084,Habitation,Vol/Cambriolage,2024-09-28,2024-10-19,12677,7105,Ouvert,49,21,0
SIN0001644,POL003753,CLT00811,Habitation,Dégât des eaux,2024-05-19,2024-06-07,2940,2136,Fermé,21,19,0
SIN0001645,POL003757,CLT03330,Habitation,Dégât des eaux,2022-04-30,2022-05-08,3094,2871,Ouvert,45,8,0
SIN0001646,POL003757,CLT03330,Habitation,Dégât des eaux,2024-05-07,2024-06-05,18814,12189,Fermé,19,29,0
SIN0001647,POL003757,CLT03330,Habitation,Incendie,2024-11-20,2024-12-03,35243,22257,Ouvert,5,13,0
SIN0001648,POL003758,CLT00571,Auto,Accident matériel,2024-04-18,2024-05-15,2356,1704,Fermé,28,27,0
SIN0001649,POL003758,CLT00571,Auto,Bris de glace,2024-05-22,2024-06-15,791,511,Ouvert,44,24,0
SIN0001650,POL003758,CLT00571,Auto,Vol,2024-12-10,2024-12-29,7910,7244,Ouvert,21,19,0
SIN0001651,POL003758,CLT00571,Auto,Bris de glace,2022-09-07,2022-10-02,565,426,Fermé,19,25,0
SIN0001652,POL003764,CLT03505,Habitation,Vol/Cambriolage,2024-04-05,2024-04-06,5881,4062,Fermé,7,1,0
SIN0001653,POL003766,CLT01069,Habitation,Vol/Cambriolage,2021-07-05,2021-07-28,3456,2805,Fermé,28,23,0
SIN0001654,POL003766,CLT01069,Habitation,Bris de glace,2022-05-06,2022-05-17,678,561,Fermé,17,11,0
SIN0001655,POL003773,CLT03646,Auto,Bris de glace,2023-07-16,2023-08-04,443,261,Fermé,25,19,0
SIN0001656,POL003777,CLT02009,Auto,Bris de glace,2022-11-05,2022-11-11,584,527,Fermé,15,6,0
SIN0001657,POL003778,CLT04439,Auto,Bris de glace,2022-06-08,2022-06-19,600,478,Fermé,28,11,0
SIN0001658,POL003780,CLT04545,Auto,Bris de glace,2024-03-17,2024-03-30,202,136,Fermé,8,13,0
SIN0001659,POL003780,CLT04545,Auto,Incendie,2023-04-21,2023-05-12,16213,12786,Fermé,19,21,0
SIN0001660,POL003780,CLT04545,Auto,Accident matériel,2022-05-24,2022-05-26,5117,3637,Fermé,9,2,0
SIN0001661,POL003785,CLT04726,Auto,Bris de glace,2022-04-27,2022-04-30,466,396,Ouvert,45,3,0
SIN0001662,POL003789,CLT04229,Santé,Optique,2024-04-16,2024-05-05,118,71,Ouvert,40,19,0
SIN0001663,POL003793,CLT02791,Auto,Accident matériel,2022-03-05,2022-03-24,2780,1643,Fermé,27,19,0
SIN0001664,POL003794,CLT04546,Santé,Soins courants,2023-10-19,2023-10-22,652,443,Fermé,12,3,0
SIN0001665,POL003796,CLT03325,Auto,Accident matériel,2024-07-31,2024-08-13,12864,9043,Fermé,8,13,0
SIN0001666,POL003798,CLT02958,Habitation,Dégât des eaux,2023-07-04,2023-07-10,6657,5326,Ouvert,58,6,0
SIN0001667,POL003800,CLT01548,Habitation,Dégât des eaux,2021-01-21,2021-02-12,5741,5407,Fermé,22,22,0
SIN0001668,POL003801,CLT04864,Santé,Hospitalisation,2021-12-01,2021-12-27,2402,1419,Fermé,18,26,0
SIN0001669,POL003804,CLT04752,Auto,Accident matériel,2022-02-13,2022-02-18,10557,6340,Fermé,13,5,0
SIN0001670,POL003807,CLT01442,Habitation,Dégât des eaux,2024-03-14,2024-03-25,4873,3266,Ouvert,59,11,0
SIN0001671,POL003808,CLT02204,Santé,Optique,2024-05-10,2024-05-12,387,356,Fermé,24,2,0
SIN0001672,POL003811,CLT03905,Habitation,Vol/Cambriolage,2024-01-14,2024-01-17,8821,6896,Fermé,20,3,0
SIN0001673,POL003811,CLT03905,Habitation,Incendie,2024-12-12,2024-12-22,19265,11681,Ouvert,5,10,0
SIN0001674,POL003813,CLT01471,Auto,Incendie,2023-12-11,2023-12-14,26744,25129,Fermé,12,3,0
SIN0001675,POL003823,CLT02113,Auto,Accident matériel,2024-07-21,2024-08-18,2796,2330,Ouvert,58,28,0
SIN0001676,POL003823,CLT02113,Auto,Vol,2023-08-03,2023-08-11,11143,9490,Fermé,27,8,0
SIN0001677,POL003825,CLT01795,Habitation,Dégât des eaux,2024-07-22,2024-07-28,5959,3783,Fermé,14,6,0
SIN0001678,POL003828,CLT01701,Auto,Vol,2022-06-04,2022-06-20,15655,9744,Fermé,7,16,0
SIN0001679,POL003828,CLT01701,Auto,Accident matériel,2022-03-06,2022-03-19,2031,1517,Fermé,17,13,0
SIN0001680,POL003832,CLT03989,Santé,Optique,2021-08-05,2021-08-24,163,110,Fermé,11,19,0
SIN0001681,POL003833,CLT01796,Auto,Accident matériel,2023-08-15,2023-08-17,4906,4375,Fermé,23,2,0
SIN0001682,POL003837,CLT03798,Habitation,Bris de glace,2023-02-04,2023-02-16,734,537,Ouvert,19,12,0
SIN0001683,POL003841,CLT04942,Habitation,Dégât des eaux,2024-11-28,2024-12-24,3328,1892,Ouvert,46,26,0
SIN0001684,POL003845,CLT00662,Habitation,Dégât des eaux,2023-08-30,2023-08-30,3938,2947,Fermé,23,0,0
SIN0001685,POL003846,CLT03246,Auto,Accident corporel,2024-11-09,2024-12-09,7217,5094,Ouvert,2,30,0
SIN0001686,POL003852,CLT02665,Auto,Accident corporel,2022-07-11,2022-07-23,78263,65596,Fermé,6,12,0
SIN0001687,POL003852,CLT02665,Auto,Accident corporel,2023-08-06,2023-08-25,18819,17434,Fermé,8,19,0
SIN0001688,POL003856,CLT03568,Habitation,Dégât des eaux,2023-12-10,2023-12-29,3351,2485,Fermé,5,19,0
SIN0001689,POL003857,CLT00477,Habitation,Incendie,2023-02-21,2023-02-27,19834,17224,Fermé,14,6,0
SIN0001690,POL003858,CLT00746,Auto,Accident corporel,2024-02-13,2024-03-06,12448,7323,Fermé,22,22,0
SIN0001691,POL003859,CLT03115,Habitation,Dégât des eaux,2022-12-30,2023-01-01,7611,4397,Fermé,28,2,0
SIN0001692,POL003859,CLT03115,Habitation,Incendie,2023-10-21,2023-10-29,27121,15824,Ouvert,16,8,0
SIN0001693,POL003863,CLT00787,Habitation,Dégât des eaux,2023-08-26,2023-09-25,1011,958,Fermé,30,30,0
SIN0001694,POL003863,CLT00787,Habitation,Dégât des eaux,2023-05-12,2023-05-28,3299,2954,Fermé,28,16,0
SIN0001695,POL003864,CLT04255,Auto,Accident matériel,2023-10-04,2023-10-24,2759,2348,Litigieux,172,20,0
SIN0001696,POL003865,CLT01703,Santé,Dentaire,2023-12-27,2024-01-01,1229,977,Fermé,24,5,0
SIN0001697,POL003867,CLT01620,Habitation,Incendie,2024-11-18,2024-12-14,13578,7664,Ouvert,32,26,0
SIN0001698,POL003873,CLT01916,Habitation,Vol/Cambriolage,2024-04-06,2024-04-09,12660,8525,Fermé,18,3,0
SIN0001699,POL003884,CLT00919,Auto,Accident matériel,2023-06-24,2023-07-04,3921,3604,Fermé,21,10,0
SIN0001700,POL003889,CLT04775,Auto,Accident corporel,2021-12-07,2021-12-27,10216,7834,Fermé,24,20,0
SIN0001701,POL003890,CLT01526,Auto,Vol,2022-03-05,2022-03-28,7741,4581,Fermé,18,23,0
SIN0001702,POL003891,CLT01948,Habitation,Dégât des eaux,2024-04-15,2024-05-12,6184,5211,Fermé,5,27,0
SIN0001703,POL003892,CLT02877,Habitation,Incendie,2024-07-10,2024-08-06,57007,41242,Fermé,9,27,0
SIN0001704,POL003902,CLT03287,Habitation,Dégât des eaux,2023-10-31,2023-11-13,4564,3922,Ouvert,51,13,0
SIN0001705,POL003906,CLT05000,Santé,Maternité,2022-06-27,2022-07-05,1048,658,Ouvert,9,8,0
SIN0001706,POL003910,CLT01105,Auto,Bris de glace,2023-06-16,2023-07-05,242,166,Fermé,18,19,0
SIN0001707,POL003914,CLT03184,Auto,Accident matériel,2022-07-15,2022-07-20,3890,2427,Fermé,14,5,0
SIN0001708,POL003919,CLT01080,Santé,Dentaire,2023-10-27,2023-11-05,1262,799,Ouvert,29,9,0
SIN0001709,POL003920,CLT04987,Santé,Optique,2023-12-31,2024-01-02,711,563,Fermé,7,2,0
SIN0001710,POL003920,CLT04987,Santé,Soins courants,2022-02-13,2022-03-12,163,128,Fermé,26,27,0
SIN0001711,POL003920,CLT04987,Santé,Dentaire,2022-03-06,2022-03-28,926,843,Ouvert,2,22,0
SIN0001712,POL003924,CLT04137,Habitation,Dégât des eaux,2023-04-11,2023-04-20,2825,2540,Ouvert,28,9,0
SIN0001713,POL003926,CLT04486,Auto,Accident matériel,2023-04-10,2023-04-14,4244,3794,Ouvert,27,4,0
SIN0001714,POL003927,CLT00730,Auto,Accident matériel,2023-10-06,2023-11-03,2802,2131,Ouvert,30,28,0
SIN0001715,POL003932,CLT04620,Auto,Bris de glace,2023-08-02,2023-08-27,909,572,Fermé,30,25,0
SIN0001716,POL003933,CLT03310,Auto,Bris de glace,2022-12-31,2023-01-14,928,846,Ouvert,25,14,0
SIN0001717,POL003934,CLT04109,Auto,Vol,2024-12-03,2024-12-14,4599,3577,Ouvert,55,11,0
SIN0001718,POL003934,CLT04109,Auto,Accident matériel,2024-05-24,2024-05-29,2945,2043,Fermé,12,5,0
SIN0001719,POL003936,CLT02854,Habitation,Dégât des eaux,2024-08-05,2024-08-15,3033,2466,Fermé,23,10,0
SIN0001720,POL003942,CLT04297,Santé,Optique,2024-03-14,2024-04-12,372,265,Ouvert,51,29,0
SIN0001721,POL003943,CLT03075,Santé,Optique,2021-08-27,2021-08-31,870,710,Fermé,29,4,0
SIN0001722,POL003948,CLT00377,Auto,Accident matériel,2024-07-14,2024-07-28,2326,1887,Fermé,18,14,0
SIN0001723,POL003956,CLT01866,Auto,Accident matériel,2022-04-18,2022-05-09,3012,2307,Ouvert,27,21,0
SIN0001724,POL003958,CLT01884,Auto,Vol,2022-02-10,2022-03-09,4936,4521,Fermé,9,27,0
SIN0001725,POL003960,CLT04741,Auto,Incendie,2023-07-23,2023-07-26,17348,12710,Ouvert,27,3,0
SIN0001726,POL003961,CLT02271,Santé,Soins courants,2022-07-30,2022-08-26,203,166,Ouvert,42,27,0
SIN0001727,POL003961,CLT02271,Santé,Soins courants,2022-06-07,2022-07-05,242,140,Fermé,7,28,0
SIN0001728,POL003963,CLT02173,Habitation,Incendie,2024-08-12,2024-08-17,19014,18029,Ouvert,22,5,0
SIN0001729,POL003966,CLT04350,Auto,Accident matériel,2023-11-08,2023-12-04,3103,2182,Ouvert,9,26,0
SIN0001730,POL003967,CLT04636,Santé,Dentaire,2024-07-04,2024-07-07,449,401,Fermé,25,3,0
SIN0001731,POL003968,CLT00894,Habitation,Catastrophe naturelle,2024-05-14,2024-06-09,9120,5361,Fermé,5,26,0
SIN0001732,POL003969,CLT02546,Auto,Accident matériel,2023-12-16,2023-12-22,5665,3898,Fermé,29,6,0
SIN0001733,POL003975,CLT02638,Auto,Bris de glace,2024-07-07,2024-07-27,623,579,Ouvert,4,20,0
SIN0001734,POL003982,CLT03872,Auto,Accident matériel,2024-08-15,2024-09-13,7742,6511,Fermé,6,29,0
SIN0001735,POL003983,CLT03196,Habitation,Dégât des eaux,2023-10-25,2023-11-09,4223,2387,Fermé,5,15,0
SIN0001736,POL003985,CLT02422,Habitation,Catastrophe naturelle,2022-09-15,2022-10-02,13781,11229,Litigieux,125,17,0
SIN0001737,POL003986,CLT02158,Auto,Accident matériel,2022-04-26,2022-05-20,2419,1736,Fermé,17,24,0
SIN0001738,POL003987,CLT03176,Auto,Accident matériel,2024-06-01,2024-06-08,14696,8397,Fermé,18,7,0
SIN0001739,POL003991,CLT01991,Santé,Soins courants,2024-10-26,2024-11-05,213,137,Ouvert,7,10,0
SIN0001740,POL003992,CLT03541,Santé,Dentaire,2022-12-19,2023-01-05,1250,1135,Litigieux,90,17,0
SIN0001741,POL003992,CLT03541,Santé,Soins courants,2023-02-17,2023-03-07,246,157,Fermé,16,18,0
SIN0001742,POL003994,CLT02471,Habitation,Dégât des eaux,2024-11-12,2024-11-25,5811,4631,Ouvert,34,13,0
SIN0001743,POL003999,CLT04023,Santé,Optique,2021-08-10,2021-08-22,295,183,Fermé,25,12,0
SIN0001744,POL003999,CLT04023,Santé,Optique,2021-07-08,2021-07-14,592,347,Litigieux,71,6,0
SIN0001745,POL004000,CLT01726,Auto,Accident matériel,2024-12-03,2024-12-04,8021,6128,Ouvert,7,1,1
SIN0001746,POL004001,CLT04933,Auto,Accident corporel,2023-09-12,2023-10-08,22958,17162,Fermé,15,26,0
SIN0001747,POL004003,CLT04304,Auto,Accident matériel,2024-05-02,2024-05-27,2025,1810,Ouvert,6,25,0
SIN0001748,POL004003,CLT04304,Auto,Bris de glace,2024-08-17,2024-08-20,278,228,Fermé,22,3,0
SIN0001749,POL004004,CLT03864,Habitation,Incendie,2024-12-02,2024-12-08,68471,62228,Ouvert,55,6,0
SIN0001750,POL004007,CLT04503,Santé,Dentaire,2024-08-23,2024-09-10,697,517,Fermé,23,18,0
SIN0001751,POL004011,CLT01766,Habitation,Bris de glace,2022-07-22,2022-08-13,752,711,Fermé,25,22,0
SIN0001752,POL004012,CLT02951,Habitation,Dégât des eaux,2024-09-28,2024-10-26,3179,2943,Ouvert,25,28,0
SIN0001753,POL004013,CLT00301,Santé,Maternité,2024-04-13,2024-04-17,1784,1475,Fermé,18,4,0
SIN0001754,POL004014,CLT02238,Habitation,Incendie,2022-02-09,2022-02-12,45892,29205,Fermé,28,3,0
SIN0001755,POL004014,CLT02238,Habitation,Dégât des eaux,2022-10-23,2022-11-01,4261,2618,Litigieux,152,9,0
SIN0001756,POL004015,CLT02068,Habitation,Vol/Cambriolage,2023-04-02,2023-04-22,10711,6679,Litigieux,143,20,0
SIN0001757,POL004020,CLT00156,Auto,Accident matériel,2023-03-25,2023-04-21,6297,4361,Ouvert,47,27,0
SIN0001758,POL004021,CLT02068,Habitation,Bris de glace,2022-08-20,2022-08-20,571,460,Fermé,9,0,0
SIN0001759,POL004023,CLT03050,Habitation,Dégât des eaux,2022-05-31,2022-06-04,1790,1414,Fermé,19,4,0
SIN0001760,POL004028,CLT01710,Santé,Hospitalisation,2024-04-06,2024-04-15,5114,4395,Fermé,11,9,0
SIN0001761,POL004032,CLT04015,Santé,Dentaire,2022-03-27,2022-04-19,1069,939,Ouvert,45,23,0
SIN0001762,POL004044,CLT03170,Habitation,Dégât des eaux,2022-05-13,2022-06-07,2871,2506,Fermé,24,25,0
SIN0001763,POL004048,CLT03822,Habitation,Incendie,2022-12-03,2023-01-01,15108,9058,Fermé,7,29,0
SIN0001764,POL004048,CLT03822,Habitation,Dégât des eaux,2022-12-07,2022-12-21,6000,5532,Ouvert,1,14,0
SIN0001765,POL004053,CLT03923,Santé,Dentaire,2024-12-30,2024-12-31,252,172,Ouvert,38,19,0
SIN0001766,POL004057,CLT02162,Habitation,Dégât des eaux,2023-04-30,2023-05-13,7765,4535,Ouvert,28,13,0
SIN0001767,POL004058,CLT02125,Santé,Optique,2023-11-01,2023-11-02,433,310,Fermé,27,1,0
SIN0001768,POL004061,CLT01063,Auto,Vol,2022-09-06,2022-09-29,11277,10517,Ouvert,32,23,0
SIN0001769,POL004069,CLT04300,Auto,Bris de glace,2022-07-16,2022-07-18,222,194,Fermé,6,2,0
SIN0001770,POL004069,CLT04300,Auto,Vol,2021-10-21,2021-10-21,7148,6447,Litigieux,97,0,0
SIN0001771,POL004069,CLT04300,Auto,Accident matériel,2021-06-07,2021-07-03,2067,1294,Fermé,25,26,0
SIN0001772,POL004070,CLT03757,Auto,Bris de glace,2023-05-31,2023-06-18,755,617,Fermé,17,18,0
SIN0001773,POL004075,CLT03828,Auto,Bris de glace,2024-09-16,2024-10-11,772,482,Ouvert,23,25,0
SIN0001774,POL004076,CLT00306,Auto,Accident matériel,2022-11-21,2022-12-08,5065,3640,Ouvert,23,17,0
SIN0001775,POL004076,CLT00306,Auto,Accident matériel,2022-10-13,2022-10-17,3346,2518,Fermé,27,4,0
SIN0001776,POL004076,CLT00306,Auto,Bris de glace,2023-01-21,2023-02-16,294,234,Fermé,10,26,0
SIN0001777,POL004076,CLT00306,Auto,Vol,2021-10-23,2021-10-28,3149,2687,Fermé,11,5,0
SIN0001778,POL004082,CLT03781,Habitation,Dégât des eaux,2023-08-21,2023-09-06,3811,3318,Fermé,5,16,0
SIN0001779,POL004083,CLT01934,Santé,Optique,2023-10-14,2023-11-02,338,316,Ouvert,46,19,0
SIN0001780,POL004086,CLT02818,Habitation,Incendie,2024-08-15,2024-08-30,38163,34460,Ouvert,21,15,0
SIN0001781,POL004088,CLT03854,Auto,Accident matériel,2024-07-18,2024-07-29,8414,7917,Litigieux,72,11,0
SIN0001782,POL004093,CLT00840,Habitation,Vol/Cambriolage,2022-09-03,2022-09-11,3949,3285,Fermé,29,8,0
SIN0001783,POL004096,CLT03314,Santé,Hospitalisation,2024-11-05,2024-11-29,3553,3277,Ouvert,44,24,0
SIN0001784,POL004096,CLT03314,Santé,Soins courants,2023-09-17,2023-09-25,437,348,Fermé,26,8,0
SIN0001785,POL004100,CLT02878,Habitation,Bris de glace,2023-01-10,2023-02-09,501,400,Fermé,6,30,0
SIN0001786,POL004102,CLT01514,Habitation,Vol/Cambriolage,2023-07-20,2023-08-10,4513,3117,Ouvert,35,21,0
SIN0001787,POL004104,CLT03195,Santé,Dentaire,2022-02-20,2022-03-09,340,237,Fermé,10,17,0
SIN0001788,POL004104,CLT03195,Santé,Soins courants,2022-12-16,2023-01-06,247,138,Fermé,23,21,0
SIN0001789,POL004104,CLT03195,Santé,Dentaire,2023-01-10,2023-01-24,674,469,Ouvert,43,14,0
SIN0001790,POL004107,CLT04814,Auto,Bris de glace,2023-10-01,2023-10-17,256,213,Fermé,26,16,0
SIN0001791,POL004109,CLT02804,Auto,Accident matériel,2024-10-10,2024-11-04,4429,4056,Ouvert,20,25,0
SIN0001792,POL004112,CLT01794,Auto,Accident matériel,2023-10-08,2023-10-10,2234,1452,Fermé,10,2,0
SIN0001793,POL004113,CLT02935,Santé,Soins courants,2023-07-08,2023-07-22,260,150,Fermé,28,14,0
SIN0001794,POL004113,CLT02935,Santé,Optique,2023-03-16,2023-03-20,466,387,Fermé,6,4,0
SIN0001795,POL004115,CLT02894,Auto,Accident corporel,2022-07-27,2022-08-02,13740,9051,Ouvert,6,6,0
SIN0001796,POL004115,CLT02894,Auto,Accident matériel,2024-05-03,2024-05-07,9767,8081,Fermé,30,4,0
SIN0001797,POL004116,CLT03793,Auto,Accident matériel,2023-11-19,2023-11-22,1367,1041,Litigieux,63,3,0
SIN0001798,POL004116,CLT03793,Auto,Accident matériel,2023-08-19,2023-08-29,4883,3387,Fermé,28,10,0
SIN0001799,POL004119,CLT00320,Habitation,Bris de glace,2024-12-10,2024-12-31,436,304,Ouvert,22,29,0
SIN0001800,POL004121,CLT00267,Habitation,Vol/Cambriolage,2021-12-09,2022-01-04,7511,5069,Fermé,10,26,0
SIN0001801,POL004123,CLT04229,Auto,Bris de glace,2023-09-27,2023-10-23,341,215,Fermé,19,26,0
SIN0001802,POL004131,CLT02773,Habitation,Incendie,2024-10-24,2024-10-30,21512,15307,Ouvert,40,6,0
SIN0001803,POL004136,CLT04182,Habitation,Bris de glace,2023-11-28,2023-12-15,667,401,Fermé,24,17,0
SIN0001804,POL004138,CLT03384,Habitation,Vol/Cambriolage,2023-07-29,2023-08-06,4791,3935,Fermé,17,8,0
SIN0001805,POL004139,CLT01724,Auto,Accident matériel,2024-11-12,2024-11-27,3632,2611,Ouvert,14,15,0
SIN0001806,POL004140,CLT00508,Habitation,Vol/Cambriolage,2022-05-06,2022-05-30,3771,3444,Fermé,25,24,0
SIN0001807,POL004140,CLT00508,Habitation,Vol/Cambriolage,2022-12-03,2022-12-20,5206,3599,Litigieux,162,17,0
SIN0001808,POL004142,CLT04040,Auto,Bris de glace,2022-06-24,2022-07-10,272,238,Ouvert,14,16,0
SIN0001809,POL004143,CLT00963,Auto,Bris de glace,2023-08-18,2023-08-18,939,573,Fermé,24,0,1
SIN0001810,POL004143,CLT00963,Auto,Accident corporel,2024-10-24,2024-11-13,19639,15814,Ouvert,22,20,0
SIN0001811,POL004143,CLT00963,Auto,Accident matériel,2022-01-14,2022-01-26,5039,4713,Fermé,16,12,0
SIN0001812,POL004150,CLT00245,Santé,Hospitalisation,2023-08-29,2023-09-06,7325,4482,Fermé,19,8,0
SIN0001813,POL004150,CLT00245,Santé,Maternité,2024-05-08,2024-05-20,1231,1066,Ouvert,41,12,0
SIN0001814,POL004154,CLT01655,Auto,Accident matériel,2021-09-05,2021-09-20,1603,1194,Litigieux,130,15,0
SIN0001815,POL004154,CLT01655,Auto,Bris de glace,2023-11-14,2023-12-12,534,343,Fermé,14,28,0
SIN0001816,POL004154,CLT01655,Auto,Accident matériel,2024-02-11,2024-03-08,1972,1692,Fermé,14,26,0
SIN0001817,POL004155,CLT02318,Santé,Soins courants,2023-05-14,2023-05-27,250,164,Ouvert,23,13,0
SIN0001818,POL004157,CLT01535,Santé,Hospitalisation,2024-07-04,2024-07-22,9633,7724,Fermé,15,18,0
SIN0001819,POL004158,CLT01759,Auto,Accident matériel,2023-10-05,2023-10-07,1681,1229,Fermé,17,2,0
SIN0001820,POL004164,CLT01828,Auto,Vol,2022-08-17,2022-09-03,6595,4726,Fermé,15,17,0
SIN0001821,POL004167,CLT00201,Santé,Soins courants,2023-02-04,2023-02-06,446,405,Fermé,9,2,0
SIN0001822,POL004167,CLT00201,Santé,Soins courants,2024-10-24,2024-11-14,301,200,Ouvert,42,21,0
SIN0001823,POL004167,CLT00201,Santé,Maternité,2023-12-02,2023-12-19,859,738,Fermé,7,17,0
SIN0001824,POL004170,CLT01556,Habitation,Dégât des eaux,2022-05-14,2022-06-13,3874,2143,Fermé,24,30,0
SIN0001825,POL004170,CLT01556,Habitation,Dégât des eaux,2023-10-08,2023-10-26,5133,4302,Fermé,27,18,0
SIN0001826,POL004172,CLT01935,Habitation,Dégât des eaux,2024-09-13,2024-10-05,9254,8387,Ouvert,60,22,0
SIN0001827,POL004176,CLT01107,Habitation,Dégât des eaux,2024-09-03,2024-09-04,4101,3520,Fermé,14,1,0
SIN0001828,POL004177,CLT00760,Auto,Bris de glace,2024-09-01,2024-09-14,401,310,Fermé,30,13,0
SIN0001829,POL004178,CLT03939,Auto,Accident corporel,2023-06-11,2023-07-07,16222,11875,Ouvert,53,26,0
SIN0001830,POL004186,CLT02706,Santé,Dentaire,2024-10-13,2024-10-19,1356,1163,Ouvert,11,6,0
SIN0001831,POL004186,CLT02706,Santé,Optique,2023-12-06,2023-12-28,441,300,Fermé,14,22,0
SIN0001832,POL004186,CLT02706,Santé,Hospitalisation,2021-11-29,2021-12-20,8183,5012,Fermé,26,21,0
SIN0001833,POL004188,CLT04779,Habitation,Incendie,2024-06-24,2024-07-04,19743,12960,Fermé,14,10,0
SIN0001834,POL004194,CLT02211,Auto,Accident corporel,2023-08-28,2023-09-02,17605,13069,Fermé,24,5,0
SIN0001835,POL004194,CLT02211,Auto,Accident matériel,2021-06-18,2021-07-11,3732,2957,Fermé,7,23,0
SIN0001836,POL004196,CLT04062,Habitation,Dégât des eaux,2023-06-03,2023-07-02,1599,1513,Fermé,8,29,0
SIN0001837,POL004199,CLT03772,Habitation,Dégât des eaux,2022-04-04,2022-04-12,4340,3110,Fermé,11,8,0
SIN0001838,POL004199,CLT03772,Habitation,Incendie,2022-06-18,2022-06-30,30577,27953,Fermé,12,12,0
SIN0001839,POL004202,CLT02163,Auto,Accident corporel,2023-06-15,2023-06-30,10383,7353,Fermé,18,15,0
SIN0001840,POL004204,CLT02059,Habitation,Dégât des eaux,2021-06-21,2021-06-27,2656,1666,Fermé,13,6,0
SIN0001841,POL004206,CLT00818,Santé,Optique,2022-11-30,2022-12-03,556,426,Fermé,28,3,0
SIN0001842,POL004208,CLT00178,Santé,Soins courants,2023-06-03,2023-07-03,214,191,Litigieux,156,30,0
SIN0001843,POL004209,CLT02594,Santé,Soins courants,2023-03-23,2023-04-03,273,217,Fermé,12,11,0
SIN0001844,POL004209,CLT02594,Santé,Soins courants,2023-07-03,2023-07-28,308,221,Litigieux,171,25,0
SIN0001845,POL004210,CLT02156,Santé,Dentaire,2024-01-06,2024-01-16,1707,1133,Fermé,17,10,0
SIN0001846,POL004214,CLT00013,Auto,Bris de glace,2024-09-02,2024-09-11,448,343,Ouvert,1,9,0
SIN0001847,POL004216,CLT01040,Habitation,Dégât des eaux,2024-06-04,2024-06-30,1343,870,Fermé,17,26,0
SIN0001848,POL004218,CLT00172,Auto,Accident matériel,2021-12-30,2022-01-03,2905,2520,Litigieux,158,4,0
SIN0001849,POL004219,CLT02879,Habitation,Dégât des eaux,2024-11-16,2024-12-04,5884,5569,Ouvert,38,18,0
SIN0001850,POL004222,CLT00329,Auto,Accident matériel,2024-11-03,2024-11-23,4305,3269,Ouvert,47,20,0
SIN0001851,POL004226,CLT02311,Auto,Vol,2024-06-17,2024-07-15,5823,3823,Fermé,23,28,0
SIN0001852,POL004228,CLT00709,Santé,Optique,2023-03-07,2023-03-07,1048,829,Fermé,26,0,0
SIN0001853,POL004229,CLT03429,Habitation,Dégât des eaux,2024-12-25,2024-12-31,3003,2541,Ouvert,12,28,0
SIN0001854,POL004231,CLT03320,Habitation,Incendie,2022-12-02,2023-01-01,32359,22442,Fermé,11,30,0
SIN0001855,POL004231,CLT03320,Habitation,Dégât des eaux,2022-04-20,2022-05-11,4333,2793,Fermé,18,21,0
SIN0001856,POL004232,CLT02573,Auto,Accident matériel,2023-09-17,2023-10-14,2088,1273,Litigieux,54,27,0
SIN0001857,POL004234,CLT03788,Santé,Soins courants,2023-04-23,2023-05-13,100,58,Fermé,19,20,0
SIN0001858,POL004237,CLT01882,Habitation,Vol/Cambriolage,2023-11-18,2023-12-17,5803,3482,Fermé,9,29,0
SIN0001859,POL004237,CLT01882,Habitation,Catastrophe naturelle,2021-05-07,2021-06-03,18581,13706,Litigieux,119,27,0
SIN0001860,POL004245,CLT02590,Auto,Accident matériel,2023-09-18,2023-10-13,7173,6701,Ouvert,57,25,0
SIN0001861,POL004245,CLT02590,Auto,Bris de glace,2023-05-04,2023-05-23,791,476,Ouvert,31,19,0
SIN0001862,POL004245,CLT02590,Auto,Vol,2024-12-09,2024-12-31,7771,6395,Ouvert,60,27,0
SIN0001863,POL004245,CLT02590,Auto,Accident matériel,2024-02-20,2024-03-09,3625,2264,Fermé,16,18,0
SIN0001864,POL004245,CLT02590,Auto,Bris de glace,2022-03-16,2022-04-08,656,499,Fermé,13,23,0
SIN0001865,POL004247,CLT01951,Auto,Accident matériel,2023-11-24,2023-12-11,2410,2108,Ouvert,34,17,0
SIN0001866,POL004250,CLT03678,Auto,Accident matériel,2021-10-14,2021-10-23,5460,3022,Fermé,14,9,0
SIN0001867,POL004250,CLT03678,Auto,Accident corporel,2022-02-14,2022-02-22,17046,11448,Fermé,21,8,0
SIN0001868,POL004252,CLT01507,Auto,Bris de glace,2024-11-07,2024-11-21,716,540,Ouvert,37,14,0
SIN0001869,POL004257,CLT04611,Auto,Bris de glace,2021-10-27,2021-11-06,415,249,Fermé,17,10,0
SIN0001870,POL004257,CLT04611,Auto,Vol,2022-04-15,2022-04-19,3494,2045,Fermé,25,4,0
SIN0001871,POL004259,CLT03101,Habitation,Dégât des eaux,2024-02-28,2024-03-23,5829,4961,Fermé,25,24,0
SIN0001872,POL004259,CLT03101,Habitation,Dégât des eaux,2023-12-10,2023-12-26,5217,4177,Fermé,5,16,0
SIN0001873,POL004263,CLT02908,Santé,Soins courants,2024-03-19,2024-04-15,322,237,Fermé,12,27,0
SIN0001874,POL004264,CLT03020,Habitation,Dégât des eaux,2024-11-21,2024-12-13,2616,2183,Ouvert,38,22,0
SIN0001875,POL004265,CLT00055,Habitation,Dégât des eaux,2024-08-31,2024-09-19,3791,3024,Fermé,8,19,0
SIN0001876,POL004265,CLT00055,Habitation,Bris de glace,2024-09-27,2024-10-22,295,215,Ouvert,50,25,0
SIN0001877,POL004267,CLT04760,Habitation,Bris de glace,2023-12-16,2023-12-25,288,265,Fermé,17,9,0
SIN0001878,POL004268,CLT03138,Habitation,Incendie,2023-12-04,2023-12-12,25671,21177,Fermé,15,8,0
SIN0001879,POL004272,CLT04553,Auto,Accident matériel,2023-10-08,2023-10-16,1915,1674,Litigieux,126,8,0
SIN0001880,POL004272,CLT04553,Auto,Bris de glace,2023-09-30,2023-10-17,531,378,Fermé,18,17,0
SIN0001881,POL004273,CLT01114,Habitation,Dégât des eaux,2024-06-05,2024-06-08,6898,5586,Fermé,12,3,0
SIN0001882,POL004277,CLT00824,Auto,Accident matériel,2024-10-27,2024-11-18,6663,4841,Ouvert,26,22,0
SIN0001883,POL004280,CLT04857,Santé,Dentaire,2024-01-08,2024-01-26,529,459,Ouvert,57,18,0
SIN0001884,POL004285,CLT03874,Auto,Accident matériel,2024-03-10,2024-04-07,2840,2055,Fermé,18,28,0
SIN0001885,POL004287,CLT02312,Habitation,Incendie,2023-12-10,2023-12-25,22561,12451,Fermé,15,15,0
SIN0001886,POL004289,CLT03168,Habitation,Incendie,2023-02-01,2023-02-09,51445,41057,Fermé,11,8,0
SIN0001887,POL004290,CLT01185,Habitation,Dégât des eaux,2024-06-28,2024-06-28,2382,1576,Fermé,7,0,0
SIN0001888,POL004292,CLT03126,Santé,Hospitalisation,2024-08-15,2024-08-31,8077,4659,Fermé,8,16,0
SIN0001889,POL004295,CLT01776,Auto,Bris de glace,2024-10-10,2024-10-31,349,229,Ouvert,18,21,0
SIN0001890,POL004300,CLT03018,Auto,Accident matériel,2022-05-27,2022-05-29,5224,3246,Fermé,6,2,0
SIN0001891,POL004314,CLT04745,Habitation,Catastrophe naturelle,2024-02-20,2024-03-16,15102,9222,Fermé,13,25,0
SIN0001892,POL004314,CLT04745,Habitation,Vol/Cambriolage,2022-02-12,2022-02-22,7114,6670,Fermé,23,10,0
SIN0001893,POL004316,CLT04858,Habitation,Incendie,2024-08-09,2024-09-05,31328,17507,Ouvert,57,27,0
SIN0001894,POL004320,CLT03673,Santé,Soins courants,2024-08-31,2024-09-01,153,137,Fermé,7,1,0
SIN0001895,POL004324,CLT01322,Auto,Accident matériel,2023-10-11,2023-11-05,3248,2743,Fermé,9,25,0
SIN0001896,POL004327,CLT01390,Auto,Accident matériel,2024-10-12,2024-10-27,2952,2709,Ouvert,33,15,0
SIN0001897,POL004328,CLT00683,Habitation,Bris de glace,2024-10-03,2024-10-18,469,357,Ouvert,12,15,0
SIN0001898,POL004330,CLT02124,Habitation,Incendie,2024-11-22,2024-12-17,36977,26629,Ouvert,18,25,0
SIN0001899,POL004332,CLT04736,Santé,Dentaire,2024-05-05,2024-05-27,891,627,Fermé,15,22,0
SIN0001900,POL004333,CLT01094,Auto,Accident matériel,2023-03-20,2023-04-10,8432,7811,Fermé,10,21,0
SIN0001901,POL004335,CLT03272,Auto,Accident matériel,2024-06-24,2024-07-14,4184,2366,Fermé,30,20,0
SIN0001902,POL004335,CLT03272,Auto,Vol,2024-09-07,2024-09-19,8549,6668,Fermé,25,12,0
SIN0001903,POL004336,CLT02074,Habitation,Dégât des eaux,2022-11-20,2022-12-05,6257,4144,Ouvert,12,15,0
SIN0001904,POL004336,CLT02074,Habitation,Vol/Cambriolage,2023-04-20,2023-04-24,11233,6873,Ouvert,50,4,0
SIN0001905,POL004337,CLT01571,Auto,Accident matériel,2023-07-10,2023-08-02,5011,4337,Litigieux,142,23,0
SIN0001906,POL004339,CLT00552,Auto,Incendie,2024-03-20,2024-04-17,13226,8609,Fermé,27,28,0
SIN0001907,POL004341,CLT04496,Auto,Accident matériel,2023-09-11,2023-10-05,2601,1486,Fermé,16,24,0
SIN0001908,POL004347,CLT01380,Auto,Accident matériel,2024-02-22,2024-03-23,5306,3160,Fermé,6,30,0
SIN0001909,POL004348,CLT00251,Auto,Accident corporel,2024-06-07,2024-07-05,28999,17465,Fermé,27,28,0
SIN0001910,POL004353,CLT02679,Santé,Soins courants,2024-10-09,2024-11-01,332,264,Ouvert,25,23,0
SIN0001911,POL004354,CLT02238,Habitation,Vol/Cambriolage,2024-06-04,2024-06-20,7306,6824,Fermé,9,16,0
SIN0001912,POL004361,CLT01296,Auto,Accident corporel,2023-03-02,2023-03-02,12760,8182,Litigieux,69,0,0
SIN0001913,POL004361,CLT01296,Auto,Accident corporel,2022-12-11,2022-12-24,19840,15047,Fermé,26,13,0
SIN0001914,POL004361,CLT01296,Auto,Accident matériel,2024-12-05,2024-12-27,2369,1792,Ouvert,40,22,0
SIN0001915,POL004363,CLT03672,Habitation,Catastrophe naturelle,2022-05-13,2022-06-03,10708,9559,Ouvert,57,21,0
SIN0001916,POL004365,CLT04043,Habitation,Dégât des eaux,2024-09-03,2024-09-22,4238,3996,Fermé,14,19,0
SIN0001917,POL004365,CLT04043,Habitation,Incendie,2023-08-15,2023-08-26,27018,24038,Fermé,20,11,0
SIN0001918,POL004370,CLT04902,Habitation,Vol/Cambriolage,2022-09-30,2022-10-12,5480,3218,Ouvert,2,12,0
SIN0001919,POL004371,CLT03785,Santé,Dentaire,2023-10-05,2023-10-05,958,811,Ouvert,50,0,0
SIN0001920,POL004376,CLT03124,Habitation,Catastrophe naturelle,2022-08-28,2022-09-04,22044,17281,Fermé,9,7,0
SIN0001921,POL004377,CLT03764,Habitation,Dégât des eaux,2024-12-12,2024-12-12,3915,2566,Ouvert,41,0,0
SIN0001922,POL004377,CLT03764,Habitation,Dégât des eaux,2023-10-08,2023-10-25,3014,2306,Fermé,25,17,0
SIN0001923,POL004382,CLT02560,Habitation,Incendie,2024-06-27,2024-07-01,33465,26673,Fermé,18,4,0
SIN0001924,POL004383,CLT03845,Santé,Soins courants,2022-10-11,2022-10-17,279,218,Fermé,9,6,0
SIN0001925,POL004383,CLT03845,Santé,Soins courants,2021-12-21,2021-12-24,145,90,Fermé,22,3,0
SIN0001926,POL004385,CLT04734,Habitation,Dégât des eaux,2024-12-27,2024-12-27,2980,2149,Ouvert,21,0,0
SIN0001927,POL004387,CLT00580,Auto,Bris de glace,2023-06-08,2023-07-02,294,224,Litigieux,74,24,0
SIN0001928,POL004393,CLT03365,Habitation,Vol/Cambriolage,2022-09-17,2022-09-24,4172,2378,Fermé,9,7,0
SIN0001929,POL004398,CLT00324,Santé,Soins courants,2023-06-03,2023-06-07,1025,572,Fermé,29,4,0
SIN0001930,POL004402,CLT02623,Santé,Dentaire,2021-12-30,2022-01-15,1000,856,Fermé,21,16,0
SIN0001931,POL004404,CLT04080,Santé,Maternité,2021-12-12,2021-12-20,1522,1182,Ouvert,38,8,0
SIN0001932,POL004406,CLT04128,Auto,Vol,2022-10-28,2022-11-14,15092,11534,Litigieux,72,17,0
SIN0001933,POL004409,CLT00154,Auto,Incendie,2024-04-19,2024-04-25,43821,32686,Fermé,11,6,0
SIN0001934,POL004413,CLT04507,Habitation,Dégât des eaux,2024-11-21,2024-12-21,12112,9501,Ouvert,28,30,0
SIN0001935,POL004414,CLT00527,Auto,Bris de glace,2024-03-27,2024-03-30,322,225,Fermé,23,3,0
SIN0001936,POL004415,CLT00089,Auto,Accident matériel,2021-05-15,2021-05-31,1744,1468,Fermé,29,16,0
SIN0001937,POL004416,CLT02551,Habitation,Incendie,2023-04-03,2023-04-07,29839,20718,Litigieux,58,4,0
SIN0001938,POL004417,CLT01063,Auto,Accident matériel,2022-08-23,2022-09-06,2196,1565,Litigieux,111,14,0
SIN0001939,POL004418,CLT00171,Auto,Vol,2022-05-15,2022-05-17,8467,5118,Ouvert,23,2,0
SIN0001940,POL004420,CLT03730,Habitation,Vol/Cambriolage,2024-10-21,2024-10-30,5893,3591,Ouvert,9,9,0
SIN0001941,POL004423,CLT00698,Habitation,Dégât des eaux,2021-08-03,2021-08-25,2273,2073,Fermé,13,22,0
SIN0001942,POL004426,CLT03588,Santé,Maternité,2024-10-06,2024-10-25,1870,1149,Ouvert,41,19,0
SIN0001943,POL004428,CLT00689,Habitation,Vol/Cambriolage,2024-10-16,2024-11-10,7873,5408,Ouvert,17,25,0
SIN0001944,POL004430,CLT02960,Auto,Accident matériel,2023-05-29,2023-06-19,4484,3177,Fermé,26,21,0
SIN0001945,POL004431,CLT03358,Santé,Dentaire,2022-08-07,2022-08-08,1330,784,Fermé,13,1,0
SIN0001946,POL004434,CLT00329,Auto,Accident corporel,2023-08-24,2023-09-13,8907,5016,Fermé,11,20,0
SIN0001947,POL004435,CLT03969,Santé,Dentaire,2024-10-13,2024-11-08,968,878,Ouvert,15,26,0
SIN0001948,POL004437,CLT03206,Habitation,Dégât des eaux,2022-09-15,2022-10-09,2190,1632,Ouvert,4,24,0
SIN0001949,POL004437,CLT03206,Habitation,Incendie,2022-07-30,2022-08-25,12516,10587,Fermé,22,26,0
SIN0001950,POL004438,CLT04923,Auto,Accident matériel,2024-07-29,2024-08-13,6280,3674,Fermé,18,15,0
SIN0001951,POL004442,CLT01616,Habitation,Vol/Cambriolage,2024-03-07,2024-03-22,3823,3319,Ouvert,33,15,0
SIN0001952,POL004443,CLT02838,Auto,Accident matériel,2024-05-05,2024-05-19,6729,3926,Ouvert,6,14,0
SIN0001953,POL004443,CLT02838,Auto,Vol,2024-12-12,2024-12-22,3432,3205,Ouvert,15,10,0
SIN0001954,POL004444,CLT02619,Auto,Accident matériel,2023-01-24,2023-01-31,1355,1169,Fermé,20,7,0
SIN0001955,POL004449,CLT01146,Habitation,Catastrophe naturelle,2024-03-16,2024-04-15,27746,18670,Fermé,12,30,0
SIN0001956,POL004452,CLT04403,Habitation,Incendie,2024-08-31,2024-09-18,8267,6356,Ouvert,19,18,0
SIN0001957,POL004466,CLT01570,Auto,Bris de glace,2022-10-10,2022-10-20,302,177,Fermé,28,10,0
SIN0001958,POL004466,CLT01570,Auto,Accident matériel,2024-12-12,2024-12-26,4007,2973,Ouvert,7,14,0
SIN0001959,POL004467,CLT02028,Auto,Incendie,2023-06-23,2023-07-07,15696,11478,Litigieux,164,14,0
SIN0001960,POL004469,CLT04872,Auto,Accident matériel,2021-07-25,2021-08-08,4405,3372,Fermé,17,14,0
SIN0001961,POL004470,CLT02222,Auto,Accident matériel,2024-01-13,2024-01-14,4243,3289,Ouvert,52,1,0
SIN0001962,POL004470,CLT02222,Auto,Vol,2022-12-18,2022-12-23,4121,2806,Fermé,9,5,0
SIN0001963,POL004470,CLT02222,Auto,Bris de glace,2023-06-09,2023-06-22,365,207,Fermé,19,13,0
SIN0001964,POL004474,CLT00545,Auto,Vol,2023-08-28,2023-09-01,6548,3618,Fermé,20,4,0
SIN0001965,POL004474,CLT00545,Auto,Bris de glace,2021-04-12,2021-04-14,882,715,Fermé,15,2,0
SIN0001966,POL004476,CLT04777,Auto,Vol,2023-12-15,2024-01-06,6158,3897,Fermé,19,22,0
SIN0001967,POL004476,CLT04777,Auto,Bris de glace,2024-05-14,2024-05-21,350,314,Fermé,6,7,0
SIN0001968,POL004477,CLT01447,Auto,Bris de glace,2023-10-04,2023-10-26,410,350,Fermé,14,22,0
SIN0001969,POL004478,CLT03473,Habitation,Dégât des eaux,2024-01-25,2024-02-19,7649,6684,Fermé,21,25,0
SIN0001970,POL004480,CLT03477,Auto,Accident corporel,2021-11-05,2021-11-30,22168,18860,Fermé,8,25,0
SIN0001971,POL004483,CLT02699,Auto,Vol,2024-02-22,2024-03-13,7664,4561,Fermé,28,20,0
SIN0001972,POL004488,CLT01690,Santé,Dentaire,2023-01-06,2023-01-13,686,433,Fermé,10,7,0
SIN0001973,POL004497,CLT03748,Auto,Incendie,2022-12-04,2022-12-11,25102,19188,Fermé,28,7,0
SIN0001974,POL004500,CLT00994,Auto,Accident matériel,2021-03-10,2021-03-27,2761,1954,Fermé,14,17,0
SIN0001975,POL004503,CLT01824,Auto,Accident matériel,2023-11-30,2023-12-15,3141,2862,Ouvert,8,15,0
SIN0001976,POL004506,CLT00466,Auto,Bris de glace,2024-04-11,2024-04-21,311,236,Ouvert,2,10,0
SIN0001977,POL004508,CLT04352,Auto,Incendie,2022-12-19,2023-01-07,29558,21905,Fermé,6,19,0
SIN0001978,POL004508,CLT04352,Auto,Bris de glace,2023-02-26,2023-03-14,503,277,Litigieux,32,16,0
SIN0001979,POL004509,CLT04696,Auto,Accident matériel,2023-05-26,2023-06-03,2892,2030,Fermé,12,8,0
SIN0001980,POL004510,CLT04091,Habitation,Incendie,2023-12-10,2023-12-13,17257,9828,Fermé,27,3,0
SIN0001981,POL004512,CLT02901,Santé,Optique,2021-10-24,2021-11-18,237,182,Ouvert,36,25,0
SIN0001982,POL004515,CLT01189,Santé,Dentaire,2024-08-24,2024-09-20,727,552,Litigieux,169,27,0
SIN0001983,POL004516,CLT04913,Santé,Soins courants,2024-10-04,2024-10-19,211,121,Ouvert,37,15,0
SIN0001984,POL004518,CLT02268,Santé,Dentaire,2024-10-08,2024-10-22,1833,1675,Ouvert,45,14,0
SIN0001985,POL004518,CLT02268,Santé,Soins courants,2024-10-26,2024-10-30,132,77,Ouvert,31,4,0
SIN0001986,POL004519,CLT03004,Auto,Accident corporel,2024-11-10,2024-11-28,13797,12182,Ouvert,34,18,0
SIN0001987,POL004525,CLT02236,Auto,Accident matériel,2024-09-30,2024-10-21,2888,2470,Ouvert,35,21,0
SIN0001988,POL004527,CLT01092,Habitation,Dégât des eaux,2024-08-30,2024-09-17,2578,2069,Fermé,6,18,0
SIN0001989,POL004527,CLT01092,Habitation,Incendie,2022-04-19,2022-04-27,13300,9258,Litigieux,147,8,0
SIN0001990,POL004529,CLT00098,Auto,Accident corporel,2024-01-10,2024-02-08,26861,20676,Fermé,12,29,0
SIN0001991,POL004529,CLT00098,Auto,Accident corporel,2024-07-23,2024-08-10,30580,21024,Fermé,23,18,0
SIN0001992,POL004530,CLT00555,Auto,Bris de glace,2023-12-09,2023-12-21,345,266,Fermé,19,12,0
SIN0001993,POL004535,CLT00249,Habitation,Vol/Cambriolage,2024-12-26,2024-12-31,9874,9151,Ouvert,48,19,0
SIN0001994,POL004535,CLT00249,Habitation,Incendie,2023-09-30,2023-10-08,109558,87301,Ouvert,38,8,0
SIN0001995,POL004536,CLT01717,Santé,Hospitalisation,2023-10-22,2023-11-02,3069,1829,Fermé,8,11,0
SIN0001996,POL004537,CLT01067,Habitation,Dégât des eaux,2024-06-01,2024-06-06,7077,5113,Fermé,10,5,0
SIN0001997,POL004537,CLT01067,Habitation,Dégât des eaux,2023-10-31,2023-11-07,2796,2009,Fermé,8,7,0
SIN0001998,POL004538,CLT02551,Habitation,Bris de glace,2022-02-27,2022-03-15,367,215,Fermé,15,16,0
SIN0001999,POL004539,CLT03719,Habitation,Incendie,2024-07-10,2024-08-06,14985,12582,Fermé,9,27,0
SIN0002000,POL004541,CLT00482,Habitation,Dégât des eaux,2024-10-23,2024-11-21,9337,5309,Ouvert,52,29,0
SIN0002001,POL004551,CLT03970,Auto,Accident matériel,2024-10-31,2024-11-29,2616,1733,Ouvert,11,29,0
SIN0002002,POL004551,CLT03970,Auto,Accident matériel,2023-11-11,2023-12-07,842,634,Litigieux,154,26,0
SIN0002003,POL004557,CLT01852,Habitation,Catastrophe naturelle,2024-11-11,2024-12-10,7700,5208,Ouvert,10,29,0
SIN0002004,POL004558,CLT02124,Santé,Soins courants,2024-12-11,2024-12-14,436,275,Ouvert,15,3,0
SIN0002005,POL004560,CLT04703,Santé,Soins courants,2024-03-14,2024-03-26,90,70,Litigieux,89,12,0
SIN0002006,POL004560,CLT04703,Santé,Optique,2024-04-15,2024-04-29,699,552,Fermé,16,14,0
SIN0002007,POL004567,CLT02284,Habitation,Catastrophe naturelle,2024-01-29,2024-02-02,12008,10321,Fermé,19,4,0
SIN0002008,POL004573,CLT04830,Auto,Accident matériel,2023-11-03,2023-11-19,2742,2222,Fermé,18,16,0
SIN0002009,POL004573,CLT04830,Auto,Accident matériel,2022-10-07,2022-10-29,5137,4166,Litigieux,130,22,0
SIN0002010,POL004576,CLT00593,Auto,Bris de glace,2023-01-04,2023-01-24,354,318,Ouvert,19,20,0
SIN0002011,POL004580,CLT00007,Santé,Dentaire,2024-10-21,2024-10-22,723,481,Ouvert,51,1,0
SIN0002012,POL004581,CLT01744,Auto,Accident corporel,2023-08-10,2023-09-01,10255,5918,Fermé,18,22,0
SIN0002013,POL004590,CLT02325,Auto,Bris de glace,2024-10-19,2024-11-04,444,294,Ouvert,28,16,0
SIN0002014,POL004593,CLT00051,Habitation,Vol/Cambriolage,2024-03-23,2024-04-17,12145,8028,Fermé,9,25,0
SIN0002015,POL004593,CLT00051,Habitation,Vol/Cambriolage,2024-06-30,2024-07-15,4858,2709,Ouvert,25,15,0
SIN0002016,POL004595,CLT04092,Auto,Bris de glace,2024-03-13,2024-03-20,814,474,Ouvert,39,7,0
SIN0002017,POL004598,CLT01410,Auto,Accident matériel,2022-07-05,2022-07-07,2889,1737,Ouvert,2,2,0
SIN0002018,POL004600,CLT01305,Auto,Accident matériel,2023-10-10,2023-10-27,3898,2796,Fermé,8,17,0
SIN0002019,POL004601,CLT01007,Auto,Incendie,2023-12-11,2024-01-06,16994,13036,Litigieux,134,26,0
SIN0002020,POL004602,CLT02238,Santé,Soins courants,2024-10-05,2024-10-13,282,267,Ouvert,35,8,0
SIN0002021,POL004602,CLT02238,Santé,Optique,2023-02-07,2023-02-13,340,292,Ouvert,12,6,0
SIN0002022,POL004604,CLT03807,Habitation,Dégât des eaux,2023-12-06,2023-12-08,2774,1914,Fermé,12,2,0
SIN0002023,POL004610,CLT00069,Habitation,Vol/Cambriolage,2023-05-04,2023-05-09,5404,4044,Fermé,13,5,0
SIN0002024,POL004613,CLT04255,Habitation,Vol/Cambriolage,2024-08-25,2024-09-02,10284,7934,Fermé,16,8,0
SIN0002025,POL004613,CLT04255,Habitation,Vol/Cambriolage,2024-07-12,2024-08-05,5691,4215,Fermé,20,24,0
SIN0002026,POL004616,CLT00333,Auto,Bris de glace,2024-08-24,2024-09-09,837,684,Ouvert,46,16,0
SIN0002027,POL004616,CLT00333,Auto,Accident corporel,2024-06-16,2024-06-25,52243,36021,Fermé,19,9,0
SIN0002028,POL004620,CLT01329,Santé,Dentaire,2024-06-06,2024-06-27,472,396,Fermé,7,21,0
SIN0002029,POL004620,CLT01329,Santé,Optique,2022-06-15,2022-06-28,277,164,Litigieux,172,13,0
SIN0002030,POL004621,CLT00729,Habitation,Dégât des eaux,2024-12-22,2024-12-31,7755,4938,Ouvert,17,24,0
SIN0002031,POL004621,CLT00729,Habitation,Dégât des eaux,2024-03-08,2024-03-29,5287,2925,Ouvert,8,21,0
SIN0002032,POL004623,CLT00918,Santé,Soins courants,2023-07-11,2023-07-30,338,224,Litigieux,72,19,0
SIN0002033,POL004629,CLT04110,Habitation,Dégât des eaux,2023-05-29,2023-05-31,2794,1581,Ouvert,9,2,0
SIN0002034,POL004638,CLT03536,Habitation,Dégât des eaux,2022-10-20,2022-11-18,2559,2382,Fermé,20,29,0
SIN0002035,POL004638,CLT03536,Habitation,Incendie,2024-06-04,2024-06-22,21200,16998,Fermé,7,18,0
SIN0002036,POL004640,CLT04967,Santé,Soins courants,2021-06-15,2021-06-20,466,309,Litigieux,71,5,0
SIN0002037,POL004646,CLT03136,Auto,Bris de glace,2023-02-16,2023-02-26,227,198,Ouvert,46,10,0
SIN0002038,POL004648,CLT01779,Habitation,Catastrophe naturelle,2022-10-25,2022-11-05,22957,16121,Fermé,7,11,0
SIN0002039,POL004652,CLT04877,Habitation,Dégât des eaux,2023-07-20,2023-07-25,8117,4528,Fermé,15,5,0
SIN0002040,POL004654,CLT02839,Auto,Bris de glace,2021-08-27,2021-09-15,300,237,Fermé,15,19,0
SIN0002041,POL004657,CLT00201,Auto,Accident matériel,2024-12-06,2024-12-31,1861,1297,Ouvert,56,30,0
SIN0002042,POL004657,CLT00201,Auto,Accident matériel,2023-05-05,2023-05-20,4980,4317,Fermé,30,15,0
SIN0002043,POL004659,CLT00789,Habitation,Incendie,2024-03-30,2024-04-07,20967,17819,Fermé,8,8,0
SIN0002044,POL004660,CLT01979,Santé,Dentaire,2024-03-28,2024-04-25,839,514,Fermé,6,28,0
SIN0002045,POL004661,CLT01808,Habitation,Dégât des eaux,2023-02-17,2023-02-22,3099,1841,Fermé,7,5,0
SIN0002046,POL004663,CLT02766,Auto,Accident corporel,2024-05-27,2024-06-20,16613,13165,Fermé,9,24,0
SIN0002047,POL004666,CLT01045,Habitation,Dégât des eaux,2024-10-01,2024-10-13,4050,2270,Ouvert,28,12,0
SIN0002048,POL004666,CLT01045,Habitation,Bris de glace,2024-12-28,2024-12-31,267,241,Ouvert,2,14,0
SIN0002049,POL004672,CLT04940,Santé,Soins courants,2022-07-06,2022-07-21,209,166,Fermé,28,15,0
SIN0002050,POL004672,CLT04940,Santé,Soins courants,2023-12-18,2024-01-06,110,68,Fermé,20,19,0
SIN0002051,POL004673,CLT00917,Habitation,Dégât des eaux,2024-01-28,2024-02-12,4521,2694,Fermé,26,15,0
SIN0002052,POL004674,CLT01986,Habitation,Incendie,2023-06-29,2023-07-15,22645,19858,Fermé,28,16,0
SIN0002053,POL004679,CLT02058,Santé,Dentaire,2024-08-17,2024-09-05,645,413,Fermé,20,19,0
SIN0002054,POL004681,CLT02072,Auto,Accident corporel,2021-08-08,2021-08-25,5476,5021,Fermé,15,17,0
SIN0002055,POL004682,CLT03797,Habitation,Dégât des eaux,2023-11-28,2023-11-28,4302,3270,Fermé,13,0,0
SIN0002056,POL004688,CLT03475,Habitation,Bris de glace,2024-09-11,2024-09-22,235,201,Fermé,21,11,0
SIN0002057,POL004692,CLT02352,Santé,Soins courants,2024-11-30,2024-12-08,311,272,Ouvert,60,8,0
SIN0002058,POL004692,CLT02352,Santé,Soins courants,2024-02-17,2024-03-12,173,159,Fermé,25,24,0
SIN0002059,POL004693,CLT04329,Auto,Bris de glace,2024-08-17,2024-09-13,596,477,Fermé,13,27,0
SIN0002060,POL004695,CLT01672,Auto,Accident matériel,2021-12-09,2021-12-10,3776,3184,Ouvert,24,1,0
SIN0002061,POL004695,CLT01672,Auto,Bris de glace,2024-06-16,2024-06-30,358,300,Fermé,24,14,0
SIN0002062,POL004695,CLT01672,Auto,Vol,2022-04-22,2022-04-26,6515,4645,Ouvert,57,4,0
SIN0002063,POL004696,CLT04217,Auto,Accident matériel,2024-11-26,2024-12-19,2708,1646,Ouvert,21,23,0
SIN0002064,POL004696,CLT04217,Auto,Accident matériel,2024-01-18,2024-01-28,3907,3499,Fermé,27,10,0
SIN0002065,POL004697,CLT03168,Auto,Bris de glace,2024-11-17,2024-11-22,331,297,Ouvert,12,5,0
SIN0002066,POL004701,CLT01145,Auto,Incendie,2022-12-23,2023-01-03,9197,8015,Fermé,14,11,0
SIN0002067,POL004702,CLT01048,Auto,Vol,2024-06-30,2024-07-25,9031,5480,Fermé,15,25,0
SIN0002068,POL004704,CLT01069,Auto,Vol,2022-08-22,2022-09-12,9495,6979,Fermé,23,21,0
SIN0002069,POL004715,CLT02486,Auto,Accident matériel,2023-06-27,2023-07-07,1809,1691,Fermé,18,10,0
SIN0002070,POL004715,CLT02486,Auto,Accident corporel,2024-05-07,2024-05-11,17196,9511,Fermé,17,4,0
SIN0002071,POL004716,CLT04604,Auto,Accident matériel,2023-09-30,2023-10-16,3108,2354,Fermé,5,16,0
SIN0002072,POL004723,CLT04963,Habitation,Bris de glace,2023-02-06,2023-03-06,671,625,Fermé,11,28,0
SIN0002073,POL004726,CLT00377,Auto,Accident corporel,2023-10-18,2023-10-31,22597,14040,Fermé,29,13,0
SIN0002074,POL004726,CLT00377,Auto,Accident corporel,2023-07-06,2023-07-06,15864,9002,Fermé,23,0,0
SIN0002075,POL004727,CLT03165,Auto,Bris de glace,2023-03-26,2023-04-09,665,569,Fermé,28,14,0
SIN0002076,POL004728,CLT03243,Auto,Accident matériel,2024-11-23,2024-12-23,1956,1095,Ouvert,32,30,0
SIN0002077,POL004730,CLT02227,Santé,Soins courants,2023-12-03,2023-12-03,114,63,Fermé,7,0,0
SIN0002078,POL004731,CLT02014,Habitation,Dégât des eaux,2024-12-16,2024-12-31,3497,2995,Ouvert,17,24,0
SIN0002079,POL004734,CLT04426,Auto,Accident matériel,2022-08-04,2022-08-23,2422,1878,Fermé,24,19,0
SIN0002080,POL004734,CLT04426,Auto,Accident matériel,2023-06-08,2023-06-08,6380,4198,Fermé,15,0,0
SIN0002081,POL004735,CLT04461,Auto,Vol,2023-08-24,2023-09-10,7259,5678,Fermé,25,17,0
SIN0002082,POL004736,CLT03448,Habitation,Dégât des eaux,2023-02-23,2023-03-20,3982,3639,Fermé,12,25,0
SIN0002083,POL004737,CLT04046,Habitation,Catastrophe naturelle,2024-12-02,2024-12-14,5460,3588,Ouvert,9,12,0
SIN0002084,POL004740,CLT01478,Auto,Accident matériel,2024-01-05,2024-01-12,2314,1962,Litigieux,46,7,0
SIN0002085,POL004744,CLT01504,Auto,Accident matériel,2024-10-04,2024-10-28,2431,2181,Ouvert,33,24,0
SIN0002086,POL004745,CLT00287,Santé,Optique,2023-06-25,2023-07-08,197,129,Fermé,22,13,0
SIN0002087,POL004746,CLT02007,Auto,Vol,2024-03-20,2024-04-06,2723,1629,Fermé,6,17,0
SIN0002088,POL004747,CLT03268,Santé,Optique,2024-10-13,2024-11-12,242,177,Ouvert,17,30,0
SIN0002089,POL004748,CLT00047,Habitation,Dégât des eaux,2022-01-12,2022-01-27,4391,2714,Fermé,11,15,0
SIN0002090,POL004748,CLT00047,Habitation,Dégât des eaux,2022-05-06,2022-05-19,1813,1081,Litigieux,46,13,0
SIN0002091,POL004749,CLT03082,Santé,Dentaire,2022-05-19,2022-06-05,561,476,Fermé,13,17,0
SIN0002092,POL004752,CLT00596,Auto,Accident matériel,2023-04-09,2023-05-08,4956,4077,Fermé,29,29,0
SIN0002093,POL004754,CLT04526,Habitation,Catastrophe naturelle,2024-04-18,2024-05-09,13422,7655,Fermé,17,21,0
SIN0002094,POL004754,CLT04526,Habitation,Dégât des eaux,2022-10-18,2022-10-31,4273,3492,Fermé,21,13,0
SIN0002095,POL004756,CLT01945,Habitation,Incendie,2024-10-07,2024-10-26,11639,6831,Ouvert,22,19,0
SIN0002096,POL004756,CLT01945,Habitation,Incendie,2024-05-12,2024-05-18,14703,8271,Ouvert,38,6,0
SIN0002097,POL004758,CLT01465,Santé,Optique,2024-06-21,2024-07-08,358,222,Litigieux,50,17,0
SIN0002098,POL004758,CLT01465,Santé,Soins courants,2024-04-23,2024-05-09,446,367,Fermé,24,16,0
SIN0002099,POL004758,CLT01465,Santé,Soins courants,2023-05-09,2023-05-12,163,96,Fermé,29,3,0
SIN0002100,POL004761,CLT03694,Auto,Bris de glace,2024-05-05,2024-05-19,287,161,Fermé,14,14,0
SIN0002101,POL004761,CLT03694,Auto,Vol,2022-04-30,2022-05-25,6790,4352,Fermé,20,25,0
SIN0002102,POL004761,CLT03694,Auto,Vol,2024-02-04,2024-02-28,3346,1867,Fermé,15,24,0
SIN0002103,POL004763,CLT02377,Auto,Accident corporel,2024-09-18,2024-10-03,13367,10865,Ouvert,30,15,0
SIN0002104,POL004764,CLT03165,Habitation,Dégât des eaux,2021-09-09,2021-09-25,2333,1468,Ouvert,51,16,0
SIN0002105,POL004764,CLT03165,Habitation,Dégât des eaux,2023-05-15,2023-06-01,1399,1209,Fermé,26,17,0
SIN0002106,POL004765,CLT04142,Auto,Accident matériel,2024-05-20,2024-06-14,8269,5262,Fermé,18,25,0
SIN0002107,POL004765,CLT04142,Auto,Accident matériel,2024-12-13,2024-12-31,3157,2708,Ouvert,11,23,0
SIN0002108,POL004766,CLT04400,Auto,Bris de glace,2024-11-05,2024-11-16,654,485,Ouvert,5,11,0
SIN0002109,POL004767,CLT02621,Auto,Vol,2024-02-17,2024-03-01,2236,1376,Fermé,20,13,0
SIN0002110,POL004768,CLT01387,Auto,Accident corporel,2021-07-24,2021-08-22,16920,14457,Fermé,17,29,0
SIN0002111,POL004769,CLT00335,Habitation,Dégât des eaux,2024-04-09,2024-05-07,3344,2680,Ouvert,37,28,0
SIN0002112,POL004770,CLT02769,Auto,Accident corporel,2024-02-06,2024-02-07,33651,26597,Ouvert,9,1,0
SIN0002113,POL004772,CLT00609,Auto,Accident corporel,2023-12-06,2023-12-06,12316,10243,Fermé,15,0,0
SIN0002114,POL004780,CLT01986,Santé,Soins courants,2023-05-21,2023-06-16,405,258,Fermé,28,26,0
SIN0002115,POL004780,CLT01986,Santé,Dentaire,2023-08-10,2023-09-08,1255,1071,Fermé,18,29,0
SIN0002116,POL004780,CLT01986,Santé,Hospitalisation,2024-04-20,2024-05-10,4954,2728,Fermé,29,20,0
SIN0002117,POL004785,CLT02481,Auto,Accident matériel,2022-04-10,2022-04-17,6864,4597,Fermé,15,7,0
SIN0002118,POL004785,CLT02481,Auto,Vol,2024-05-23,2024-05-29,5882,4682,Fermé,11,6,0
SIN0002119,POL004789,CLT01600,Habitation,Vol/Cambriolage,2023-01-22,2023-01-29,4967,3973,Fermé,13,7,0
SIN0002120,POL004790,CLT03669,Habitation,Vol/Cambriolage,2024-07-20,2024-07-24,3967,2250,Fermé,14,4,0
SIN0002121,POL004792,CLT04270,Auto,Accident corporel,2024-12-08,2024-12-29,12915,10152,Ouvert,52,21,0
SIN0002122,POL004792,CLT04270,Auto,Bris de glace,2022-09-03,2022-09-26,896,781,Fermé,30,23,0
SIN0002123,POL004795,CLT02772,Auto,Accident matériel,2023-08-08,2023-08-18,1958,1102,Fermé,20,10,0
SIN0002124,POL004797,CLT02713,Auto,Vol,2024-11-25,2024-12-17,9982,6078,Ouvert,3,22,0
SIN0002125,POL004797,CLT02713,Auto,Accident corporel,2023-08-24,2023-08-28,10000,8689,Ouvert,60,4,0
SIN0002126,POL004798,CLT00329,Auto,Accident matériel,2022-05-17,2022-05-17,2402,1991,Fermé,10,0,0
SIN0002127,POL004805,CLT02781,Habitation,Vol/Cambriolage,2023-04-30,2023-05-13,5409,4989,Ouvert,30,13,0
SIN0002128,POL004805,CLT02781,Habitation,Vol/Cambriolage,2023-12-09,2023-12-31,9377,7771,Fermé,17,22,0
SIN0002129,POL004809,CLT03727,Auto,Bris de glace,2023-08-27,2023-09-18,324,181,Fermé,27,22,0
SIN0002130,POL004809,CLT03727,Auto,Accident corporel,2022-12-26,2023-01-07,10059,6799,Litigieux,66,12,0
SIN0002131,POL004810,CLT03219,Habitation,Bris de glace,2024-04-17,2024-05-02,430,405,Ouvert,23,15,0
SIN0002132,POL004810,CLT03219,Habitation,Dégât des eaux,2024-10-07,2024-10-30,7702,6969,Ouvert,19,23,0
SIN0002133,POL004811,CLT04531,Habitation,Bris de glace,2023-12-31,2024-01-11,501,305,Fermé,7,11,0
SIN0002134,POL004815,CLT00956,Auto,Accident matériel,2024-09-25,2024-09-28,3481,2971,Fermé,11,3,0
SIN0002135,POL004816,CLT01608,Auto,Accident matériel,2024-03-16,2024-03-26,1868,1060,Litigieux,70,10,0
SIN0002136,POL004824,CLT02460,Auto,Incendie,2023-04-06,2023-05-06,24416,19992,Fermé,17,30,0
SIN0002137,POL004825,CLT00912,Auto,Vol,2022-11-10,2022-11-22,5595,5060,Fermé,9,12,0
SIN0002138,POL004828,CLT01674,Auto,Vol,2024-08-14,2024-08-20,5074,4283,Fermé,8,6,0
SIN0002139,POL004829,CLT04062,Auto,Bris de glace,2021-12-08,2022-01-01,799,497,Ouvert,57,24,0
SIN0002140,POL004829,CLT04062,Auto,Vol,2022-04-24,2022-05-08,6907,4249,Fermé,14,14,0
SIN0002141,POL004833,CLT03814,Santé,Soins courants,2022-07-07,2022-07-24,391,258,Fermé,22,17,0
SIN0002142,POL004833,CLT03814,Santé,Maternité,2023-03-15,2023-04-02,2479,1588,Fermé,28,18,0
SIN0002143,POL004835,CLT02057,Auto,Accident matériel,2023-08-13,2023-08-30,3891,2875,Ouvert,59,17,0
SIN0002144,POL004836,CLT04384,Habitation,Dégât des eaux,2023-07-11,2023-08-10,5340,4378,Fermé,8,30,0
SIN0002145,POL004837,CLT02528,Auto,Bris de glace,2022-09-01,2022-09-09,555,370,Fermé,17,8,0
SIN0002146,POL004840,CLT03653,Santé,Soins courants,2024-07-28,2024-08-06,322,263,Fermé,5,9,0
SIN0002147,POL004841,CLT00524,Habitation,Catastrophe naturelle,2024-10-12,2024-10-19,25946,18886,Ouvert,7,7,0
SIN0002148,POL004843,CLT02868,Habitation,Dégât des eaux,2024-01-20,2024-01-28,6161,4756,Fermé,28,8,0
SIN0002149,POL004859,CLT03844,Habitation,Incendie,2024-07-14,2024-07-30,17720,15146,Fermé,22,16,0
SIN0002150,POL004862,CLT04387,Auto,Accident matériel,2023-02-08,2023-02-27,5169,3604,Fermé,26,19,0
SIN0002151,POL004865,CLT04519,Habitation,Catastrophe naturelle,2023-09-09,2023-10-09,29740,17256,Fermé,19,30,0
SIN0002152,POL004872,CLT04969,Habitation,Incendie,2023-03-08,2023-03-13,13479,11081,Ouvert,19,5,0
SIN0002153,POL004874,CLT04840,Auto,Vol,2024-07-01,2024-07-07,11543,7585,Ouvert,24,6,0
SIN0002154,POL004882,CLT01328,Auto,Bris de glace,2024-09-13,2024-10-04,609,353,Ouvert,5,21,0
SIN0002155,POL004883,CLT04791,Santé,Soins courants,2024-12-25,2024-12-31,327,199,Ouvert,37,19,0
SIN0002156,POL004883,CLT04791,Santé,Dentaire,2022-10-08,2022-11-06,1037,637,Fermé,27,29,0
SIN0002157,POL004883,CLT04791,Santé,Optique,2022-01-08,2022-01-18,215,202,Fermé,15,10,0
SIN0002158,POL004885,CLT00483,Habitation,Vol/Cambriolage,2023-08-02,2023-09-01,4929,3471,Fermé,29,30,0
SIN0002159,POL004889,CLT02029,Auto,Accident corporel,2024-05-12,2024-05-20,34090,27823,Fermé,20,8,0
SIN0002160,POL004890,CLT01072,Habitation,Dégât des eaux,2024-08-14,2024-09-10,3500,3004,Fermé,13,27,0
SIN0002161,POL004890,CLT01072,Habitation,Dégât des eaux,2024-11-01,2024-11-19,1675,955,Ouvert,17,18,0
SIN0002162,POL004893,CLT01548,Auto,Accident matériel,2023-05-06,2023-05-06,5142,4590,Fermé,25,0,0
SIN0002163,POL004896,CLT00697,Santé,Dentaire,2024-02-05,2024-02-22,377,278,Fermé,5,17,0
SIN0002164,POL004896,CLT00697,Santé,Optique,2021-09-05,2021-09-12,678,606,Ouvert,41,7,0
SIN0002165,POL004897,CLT01658,Santé,Soins courants,2024-09-03,2024-09-12,140,120,Litigieux,47,9,0
SIN0002166,POL004899,CLT03522,Auto,Accident matériel,2021-08-24,2021-09-18,2117,1829,Ouvert,3,25,0
SIN0002167,POL004899,CLT03522,Auto,Accident matériel,2024-02-15,2024-03-01,1509,1049,Fermé,16,15,0
SIN0002168,POL004900,CLT01632,Auto,Accident matériel,2024-02-28,2024-03-27,3573,2993,Fermé,14,28,0
SIN0002169,POL004903,CLT03750,Habitation,Vol/Cambriolage,2024-03-19,2024-03-28,6408,4826,Fermé,26,9,0
SIN0002170,POL004907,CLT00910,Auto,Bris de glace,2024-05-09,2024-06-08,379,252,Fermé,17,30,0
SIN0002171,POL004911,CLT00234,Habitation,Catastrophe naturelle,2022-12-01,2022-12-06,16155,9824,Fermé,28,5,0
SIN0002172,POL004913,CLT00870,Auto,Vol,2024-12-05,2024-12-13,16086,13017,Ouvert,7,8,0
SIN0002173,POL004918,CLT03916,Santé,Optique,2021-04-15,2021-04-26,390,287,Litigieux,127,11,0
SIN0002174,POL004920,CLT01318,Auto,Accident corporel,2024-03-01,2024-03-24,12792,11708,Fermé,11,23,0
SIN0002175,POL004923,CLT02735,Habitation,Vol/Cambriolage,2024-11-06,2024-11-30,7497,5054,Ouvert,3,24,0
SIN0002176,POL004925,CLT02634,Auto,Accident corporel,2021-01-31,2021-02-26,12389,7165,Fermé,26,26,0
SIN0002177,POL004929,CLT04908,Habitation,Incendie,2024-06-17,2024-06-21,13697,12640,Fermé,15,4,0
SIN0002178,POL004932,CLT01051,Santé,Dentaire,2022-05-17,2022-06-16,808,656,Fermé,23,30,0
SIN0002179,POL004932,CLT01051,Santé,Dentaire,2023-03-12,2023-03-14,408,262,Fermé,16,2,0
SIN0002180,POL004933,CLT02537,Habitation,Vol/Cambriolage,2021-06-27,2021-07-06,7982,7055,Fermé,5,9,0
SIN0002181,POL004935,CLT02034,Auto,Accident matériel,2024-02-18,2024-02-24,5477,3973,Fermé,26,6,0
SIN0002182,POL004935,CLT02034,Auto,Bris de glace,2023-10-08,2023-10-12,274,220,Fermé,12,4,0
SIN0002183,POL004937,CLT02198,Auto,Bris de glace,2024-01-10,2024-01-20,707,571,Fermé,10,10,0
SIN0002184,POL004944,CLT00354,Habitation,Incendie,2024-05-21,2024-05-30,32530,29966,Fermé,12,9,0
SIN0002185,POL004946,CLT03386,Auto,Accident matériel,2024-07-10,2024-07-22,3444,2980,Ouvert,11,12,0
SIN0002186,POL004949,CLT03311,Auto,Bris de glace,2023-09-15,2023-09-16,278,167,Fermé,30,1,0
SIN0002187,POL004949,CLT03311,Auto,Accident matériel,2024-10-13,2024-10-19,2977,2220,Ouvert,58,6,0
SIN0002188,POL004957,CLT02307,Auto,Vol,2021-10-28,2021-11-25,3885,3541,Litigieux,30,28,0
SIN0002189,POL004961,CLT01229,Auto,Accident matériel,2024-05-12,2024-05-20,4972,3018,Fermé,16,8,0
SIN0002190,POL004961,CLT01229,Auto,Bris de glace,2022-03-24,2022-03-31,355,244,Fermé,30,7,0
SIN0002191,POL004961,CLT01229,Auto,Vol,2023-11-22,2023-12-15,8809,6477,Fermé,7,23,0
SIN0002192,POL004964,CLT00532,Auto,Accident corporel,2024-12-11,2024-12-16,6750,5505,Ouvert,38,5,0
SIN0002193,POL004965,CLT00290,Auto,Accident corporel,2024-10-24,2024-10-25,23114,13258,Ouvert,8,1,0
SIN0002194,POL004968,CLT02662,Auto,Vol,2022-12-21,2022-12-29,17269,10374,Ouvert,14,8,0
SIN0002195,POL004969,CLT00663,Auto,Accident matériel,2023-11-20,2023-12-14,4725,3374,Fermé,22,24,0
SIN0002196,POL004969,CLT00663,Auto,Accident matériel,2023-03-15,2023-04-10,4598,3269,Fermé,26,26,0
SIN0002197,POL004970,CLT01990,Santé,Optique,2024-07-21,2024-08-12,230,144,Fermé,28,22,0
SIN0002198,POL004971,CLT04774,Auto,Accident corporel,2024-08-30,2024-09-27,37996,29525,Litigieux,158,28,0
SIN0002199,POL004976,CLT01436,Habitation,Dégât des eaux,2024-11-03,2024-11-15,6764,3744,Ouvert,34,12,0
SIN0002200,POL004976,CLT01436,Habitation,Vol/Cambriolage,2022-10-05,2022-10-10,4243,2492,Fermé,19,5,0
SIN0002201,POL004977,CLT02674,Habitation,Incendie,2023-12-27,2024-01-07,24591,16776,Fermé,16,11,0
SIN0002202,POL004979,CLT00253,Santé,Dentaire,2024-08-01,2024-08-25,632,421,Ouvert,20,24,0
SIN0002203,POL004981,CLT02056,Habitation,Bris de glace,2024-01-02,2024-01-17,743,529,Fermé,5,15,0
SIN0002204,POL004986,CLT02393,Habitation,Dégât des eaux,2024-02-07,2024-02-11,3467,3142,Ouvert,9,4,0
SIN0002205,POL004988,CLT00033,Santé,Dentaire,2024-02-25,2024-03-05,989,697,Fermé,9,9,0
SIN0002206,POL004988,CLT00033,Santé,Dentaire,2022-08-25,2022-08-27,708,589,Fermé,6,2,0
SIN0002207,POL004996,CLT03353,Santé,Optique,2024-10-30,2024-11-10,761,472,Ouvert,33,11,0
SIN0002208,POL004997,CLT04392,Santé,Dentaire,2023-09-05,2023-09-24,441,344,Fermé,7,19,0
SIN0002209,POL005001,CLT04843,Habitation,Vol/Cambriolage,2022-02-07,2022-03-02,8661,7038,Fermé,27,23,0
SIN0002210,POL005002,CLT04745,Habitation,Dégât des eaux,2024-06-20,2024-07-04,3240,2302,Ouvert,29,14,0
SIN0002211,POL005003,CLT03137,Auto,Vol,2022-08-17,2022-08-22,3611,2423,Fermé,14,5,0
SIN0002212,POL005005,CLT01146,Auto,Accident corporel,2023-09-14,2023-09-26,45990,39315,Fermé,11,12,0
SIN0002213,POL005005,CLT01146,Auto,Accident matériel,2024-05-14,2024-05-21,2344,1384,Litigieux,155,7,0
SIN0002214,POL005006,CLT01759,Habitation,Dégât des eaux,2023-05-06,2023-05-12,6824,6433,Fermé,19,6,0
SIN0002215,POL005007,CLT04734,Habitation,Dégât des eaux,2024-02-03,2024-03-03,5473,4617,Fermé,19,29,0
SIN0002216,POL005008,CLT01801,Auto,Vol,2023-05-04,2023-05-05,2039,1777,Ouvert,46,1,0
SIN0002217,POL005009,CLT01832,Auto,Incendie,2023-02-25,2023-03-14,26449,16540,Fermé,9,17,0
SIN0002218,POL005012,CLT02671,Habitation,Incendie,2024-07-02,2024-07-13,9291,6470,Fermé,30,11,0
SIN0002219,POL005014,CLT01649,Habitation,Vol/Cambriolage,2023-07-01,2023-07-28,8824,6941,Litigieux,180,27,0
SIN0002220,POL005018,CLT04118,Auto,Incendie,2023-11-03,2023-11-24,45883,41051,Fermé,22,21,0
SIN0002221,POL005023,CLT02585,Habitation,Vol/Cambriolage,2022-04-20,2022-05-10,4968,3110,Fermé,12,20,0
SIN0002222,POL005025,CLT04253,Habitation,Vol/Cambriolage,2024-08-18,2024-09-16,5759,3172,Fermé,21,29,0
SIN0002223,POL005025,CLT04253,Habitation,Bris de glace,2023-12-14,2024-01-04,120,103,Ouvert,45,21,0
SIN0002224,POL005027,CLT03293,Habitation,Catastrophe naturelle,2024-08-27,2024-09-16,13324,9278,Ouvert,37,20,0
SIN0002225,POL005028,CLT00266,Habitation,Incendie,2023-04-20,2023-05-03,12076,9210,Fermé,18,13,0
SIN0002226,POL005030,CLT01795,Auto,Accident matériel,2021-03-12,2021-03-26,2514,2378,Fermé,15,14,0
SIN0002227,POL005030,CLT01795,Auto,Accident matériel,2021-08-19,2021-09-17,2337,1372,Fermé,29,29,0
SIN0002228,POL005030,CLT01795,Auto,Accident matériel,2021-08-14,2021-08-15,6752,5515,Fermé,14,1,0
SIN0002229,POL005031,CLT01031,Santé,Dentaire,2024-03-04,2024-03-21,923,628,Fermé,21,17,0
SIN0002230,POL005033,CLT04776,Habitation,Incendie,2024-09-05,2024-10-02,25370,23426,Fermé,8,27,0
SIN0002231,POL005039,CLT04290,Habitation,Dégât des eaux,2024-07-05,2024-07-21,6880,5360,Fermé,7,16,0
SIN0002232,POL005040,CLT02538,Auto,Accident corporel,2024-12-11,2024-12-27,32605,29861,Ouvert,9,16,0
SIN0002233,POL005042,CLT01593,Auto,Accident corporel,2022-02-23,2022-03-21,18180,12032,Fermé,10,26,0
SIN0002234,POL005047,CLT00864,Auto,Bris de glace,2024-09-30,2024-10-06,674,448,Ouvert,23,6,0
SIN0002235,POL005048,CLT03586,Santé,Dentaire,2024-01-04,2024-01-24,512,484,Ouvert,12,20,0
SIN0002236,POL005049,CLT04858,Auto,Accident matériel,2024-03-14,2024-03-25,3284,2012,Fermé,7,11,0
SIN0002237,POL005050,CLT01105,Habitation,Catastrophe naturelle,2023-08-05,2023-08-24,9404,8436,Ouvert,31,19,0
SIN0002238,POL005050,CLT01105,Habitation,Incendie,2021-05-22,2021-06-01,22420,16604,Fermé,15,10,0
SIN0002239,POL005051,CLT04348,Santé,Dentaire,2023-12-06,2024-01-03,796,666,Fermé,9,28,0
SIN0002240,POL005056,CLT03813,Auto,Vol,2024-10-03,2024-10-05,4690,3323,Ouvert,57,2,0
SIN0002241,POL005056,CLT03813,Auto,Accident matériel,2023-11-02,2023-11-04,7639,6522,Fermé,5,2,0
SIN0002242,POL005057,CLT03394,Habitation,Vol/Cambriolage,2024-11-27,2024-12-04,21536,20285,Ouvert,46,7,0
SIN0002243,POL005058,CLT02533,Auto,Accident matériel,2024-08-26,2024-09-20,5563,5160,Fermé,15,25,0
SIN0002244,POL005063,CLT02046,Habitation,Bris de glace,2023-12-16,2024-01-04,453,252,Ouvert,8,19,0
SIN0002245,POL005063,CLT02046,Habitation,Bris de glace,2023-08-09,2023-09-03,428,248,Fermé,11,25,0
SIN0002246,POL005066,CLT04985,Habitation,Catastrophe naturelle,2022-07-09,2022-07-19,29418,17682,Fermé,13,10,0
SIN0002247,POL005067,CLT04776,Auto,Incendie,2022-06-26,2022-07-24,31852,19436,Fermé,9,28,0
SIN0002248,POL005067,CLT04776,Auto,Bris de glace,2021-10-12,2021-11-04,221,135,Fermé,25,23,0
SIN0002249,POL005069,CLT02452,Habitation,Dégât des eaux,2024-03-21,2024-03-27,3979,3032,Ouvert,5,6,0
SIN0002250,POL005069,CLT02452,Habitation,Catastrophe naturelle,2024-08-01,2024-08-23,36554,29381,Fermé,28,22,0
SIN0002251,POL005069,CLT02452,Habitation,Incendie,2023-02-27,2023-03-19,19776,12655,Fermé,22,20,0
SIN0002252,POL005070,CLT01975,Santé,Optique,2024-07-14,2024-07-25,400,262,Fermé,15,11,0
SIN0002253,POL005075,CLT02207,Santé,Soins courants,2023-06-21,2023-07-02,171,96,Fermé,8,11,0
SIN0002254,POL005076,CLT03093,Auto,Accident corporel,2023-10-23,2023-10-26,20669,16874,Fermé,14,3,0
SIN0002255,POL005081,CLT00787,Habitation,Bris de glace,2021-09-16,2021-10-16,665,476,Litigieux,178,30,0
SIN0002256,POL005083,CLT01440,Santé,Optique,2023-03-21,2023-04-16,671,381,Fermé,16,26,0
SIN0002257,POL005085,CLT01972,Habitation,Vol/Cambriolage,2021-08-26,2021-09-24,10402,9120,Fermé,27,29,0
SIN0002258,POL005088,CLT00030,Auto,Accident matériel,2024-05-29,2024-06-06,3662,2043,Ouvert,31,8,0
SIN0002259,POL005089,CLT01664,Santé,Soins courants,2024-12-18,2024-12-31,270,237,Ouvert,45,26,0
SIN0002260,POL005093,CLT01141,Auto,Accident matériel,2024-09-13,2024-09-21,1347,956,Fermé,22,8,0
SIN0002261,POL005096,CLT04292,Santé,Dentaire,2023-01-17,2023-01-19,902,554,Fermé,15,2,0
SIN0002262,POL005096,CLT04292,Santé,Maternité,2023-04-18,2023-05-12,1027,783,Fermé,22,24,0
SIN0002263,POL005098,CLT04899,Habitation,Vol/Cambriolage,2024-07-12,2024-08-07,5965,5567,Fermé,5,26,0
SIN0002264,POL005103,CLT02327,Habitation,Catastrophe naturelle,2023-10-25,2023-11-18,13682,8636,Fermé,13,24,0
SIN0002265,POL005104,CLT00740,Auto,Vol,2023-05-26,2023-06-16,5200,4684,Litigieux,100,21,0
SIN0002266,POL005104,CLT00740,Auto,Accident matériel,2023-04-09,2023-04-10,1912,1105,Fermé,10,1,0
SIN0002267,POL005106,CLT00501,Habitation,Incendie,2024-07-14,2024-07-26,24667,15175,Fermé,9,12,0
SIN0002268,POL005107,CLT03075,Auto,Accident matériel,2022-02-10,2022-02-23,5870,4592,Ouvert,56,13,0
SIN0002269,POL005107,CLT03075,Auto,Accident corporel,2023-09-09,2023-09-14,19985,13224,Fermé,11,5,0
SIN0002270,POL005110,CLT04710,Auto,Bris de glace,2023-03-06,2023-03-14,200,118,Ouvert,23,8,0
SIN0002271,POL005111,CLT04190,Auto,Bris de glace,2021-11-22,2021-12-14,318,262,Ouvert,3,22,0
SIN0002272,POL005119,CLT00459,Santé,Soins courants,2023-11-27,2023-12-06,279,165,Fermé,7,9,0
SIN0002273,POL005125,CLT02784,Auto,Vol,2022-02-27,2022-03-26,6758,3989,Ouvert,36,27,0
SIN0002274,POL005131,CLT03609,Santé,Soins courants,2024-01-03,2024-01-09,285,252,Fermé,14,6,0
SIN0002275,POL005133,CLT02684,Habitation,Dégât des eaux,2024-04-24,2024-05-09,5763,4477,Fermé,26,15,0
SIN0002276,POL005134,CLT01114,Auto,Vol,2022-10-16,2022-10-21,5170,4677,Fermé,28,5,0
SIN0002277,POL005135,CLT04922,Auto,Incendie,2023-06-17,2023-06-22,35675,33243,Ouvert,30,5,0
SIN0002278,POL005136,CLT01380,Habitation,Bris de glace,2023-09-30,2023-10-06,241,220,Fermé,23,6,0
SIN0002279,POL005136,CLT01380,Habitation,Catastrophe naturelle,2022-07-23,2022-08-01,12906,9650,Litigieux,137,9,0
SIN0002280,POL005139,CLT04785,Habitation,Incendie,2024-11-12,2024-12-08,16549,9858,Ouvert,42,26,0
SIN0002281,POL005139,CLT04785,Habitation,Vol/Cambriolage,2024-06-04,2024-06-09,6987,5981,Fermé,15,5,0
SIN0002282,POL005143,CLT02726,Santé,Dentaire,2024-12-17,2024-12-31,529,437,Ouvert,2,24,0
SIN0002283,POL005146,CLT01396,Auto,Accident matériel,2023-12-19,2024-01-02,1256,1191,Litigieux,96,14,0
SIN0002284,POL005147,CLT02107,Habitation,Vol/Cambriolage,2024-12-30,2024-12-30,6833,4488,Ouvert,34,0,0
SIN0002285,POL005148,CLT00588,Habitation,Dégât des eaux,2024-11-10,2024-11-13,8990,5628,Ouvert,31,3,0
SIN0002286,POL005148,CLT00588,Habitation,Catastrophe naturelle,2023-05-12,2023-05-28,24384,20999,Ouvert,57,16,0
SIN0002287,POL005149,CLT00081,Auto,Vol,2024-05-17,2024-06-09,5986,3671,Fermé,10,23,0
SIN0002288,POL005149,CLT00081,Auto,Accident matériel,2023-03-26,2023-04-22,1259,1172,Fermé,25,27,0
SIN0002289,POL005151,CLT03988,Habitation,Vol/Cambriolage,2024-08-02,2024-08-31,5240,3311,Fermé,28,29,0
SIN0002290,POL005154,CLT01213,Auto,Accident matériel,2024-07-25,2024-07-29,3668,2241,Fermé,13,4,0
SIN0002291,POL005155,CLT04234,Habitation,Dégât des eaux,2022-02-16,2022-02-22,3078,1801,Fermé,22,6,0
SIN0002292,POL005159,CLT03614,Auto,Accident corporel,2024-01-02,2024-01-19,12432,10574,Fermé,29,17,0
SIN0002293,POL005161,CLT00809,Auto,Bris de glace,2024-06-08,2024-07-04,545,476,Fermé,6,26,0
SIN0002294,POL005164,CLT04221,Auto,Accident matériel,2022-10-28,2022-11-18,5708,5118,Fermé,12,21,0
SIN0002295,POL005164,CLT04221,Auto,Accident corporel,2023-04-29,2023-05-11,9280,7417,Fermé,13,12,0
SIN0002296,POL005168,CLT02081,Habitation,Vol/Cambriolage,2023-03-28,2023-04-10,4261,2919,Ouvert,33,13,0
SIN0002297,POL005168,CLT02081,Habitation,Dégât des eaux,2024-06-14,2024-07-13,4609,4082,Fermé,7,29,0
SIN0002298,POL005179,CLT03477,Santé,Optique,2024-04-03,2024-04-20,580,388,Fermé,15,17,0
SIN0002299,POL005179,CLT03477,Santé,Dentaire,2022-03-16,2022-04-11,566,454,Fermé,25,26,0
SIN0002300,POL005179,CLT03477,Santé,Dentaire,2023-03-19,2023-04-13,717,444,Fermé,15,25,0
SIN0002301,POL005179,CLT03477,Santé,Soins courants,2022-06-21,2022-07-10,176,112,Fermé,20,19,0
SIN0002302,POL005180,CLT04148,Habitation,Dégât des eaux,2024-10-11,2024-10-21,6039,4526,Ouvert,56,10,0
SIN0002303,POL005186,CLT04375,Habitation,Catastrophe naturelle,2024-12-17,2024-12-23,8902,7581,Ouvert,42,6,0
SIN0002304,POL005187,CLT04772,Auto,Accident corporel,2024-10-30,2024-11-11,11905,8210,Ouvert,27,12,0
SIN0002305,POL005191,CLT02629,Auto,Accident matériel,2024-02-10,2024-03-07,2441,1343,Fermé,30,26,0
SIN0002306,POL005197,CLT04787,Auto,Accident corporel,2022-03-09,2022-03-28,28314,16788,Fermé,15,19,0
SIN0002307,POL005198,CLT04124,Habitation,Dégât des eaux,2023-01-11,2023-01-23,2891,2531,Fermé,14,12,0
SIN0002308,POL005200,CLT04717,Santé,Optique,2024-05-27,2024-06-10,259,194,Fermé,16,14,0
SIN0002309,POL005203,CLT03781,Santé,Dentaire,2023-02-03,2023-02-24,689,624,Fermé,7,21,0
SIN0002310,POL005204,CLT03968,Santé,Maternité,2024-09-13,2024-09-21,865,805,Ouvert,56,8,0
SIN0002311,POL005209,CLT00483,Auto,Accident matériel,2023-01-27,2023-02-11,3870,3172,Fermé,8,15,0
SIN0002312,POL005211,CLT00005,Auto,Incendie,2024-09-13,2024-09-28,28212,25757,Fermé,30,15,0
SIN0002313,POL005213,CLT02422,Auto,Vol,2023-06-02,2023-06-21,3850,2328,Ouvert,30,19,0
SIN0002314,POL005213,CLT02422,Auto,Accident matériel,2023-02-24,2023-03-07,3242,2151,Fermé,21,11,0
SIN0002315,POL005213,CLT02422,Auto,Accident matériel,2023-12-07,2023-12-20,3743,2529,Fermé,23,13,0
SIN0002316,POL005214,CLT04977,Santé,Soins courants,2023-11-16,2023-12-07,299,254,Fermé,18,21,0
SIN0002317,POL005214,CLT04977,Santé,Dentaire,2022-10-16,2022-10-26,1445,1283,Fermé,9,10,0
SIN0002318,POL005214,CLT04977,Santé,Soins courants,2023-05-19,2023-06-15,136,84,Fermé,14,27,0
SIN0002319,POL005219,CLT01034,Auto,Accident corporel,2022-09-09,2022-09-19,20445,16323,Fermé,19,10,0
SIN0002320,POL005220,CLT03829,Santé,Soins courants,2023-04-17,2023-05-08,403,279,Ouvert,6,21,0
SIN0002321,POL005227,CLT00934,Habitation,Dégât des eaux,2024-12-17,2024-12-31,4570,4135,Ouvert,14,29,0
SIN0002322,POL005232,CLT03634,Santé,Soins courants,2024-07-23,2024-07-31,364,217,Fermé,17,8,0
SIN0002323,POL005233,CLT02924,Auto,Accident corporel,2024-12-01,2024-12-27,13780,10472,Ouvert,47,26,0
SIN0002324,POL005235,CLT04078,Auto,Vol,2023-01-10,2023-01-26,2562,2102,Fermé,16,16,0
SIN0002325,POL005236,CLT03060,Auto,Vol,2024-12-14,2024-12-31,10345,9355,Ouvert,19,19,0
SIN0002326,POL005236,CLT03060,Auto,Vol,2024-01-29,2024-02-27,2538,2198,Fermé,11,29,0
SIN0002327,POL005237,CLT02187,Auto,Bris de glace,2022-12-19,2023-01-07,536,489,Fermé,12,19,0
SIN0002328,POL005237,CLT02187,Auto,Accident matériel,2022-07-10,2022-08-01,4230,3997,Fermé,26,22,0
SIN0002329,POL005241,CLT01533,Auto,Accident corporel,2024-04-22,2024-05-14,14996,11306,Fermé,13,22,0
SIN0002330,POL005244,CLT01785,Auto,Bris de glace,2024-10-20,2024-11-05,421,340,Ouvert,54,16,0
SIN0002331,POL005246,CLT00163,Habitation,Incendie,2024-05-23,2024-05-29,54802,34250,Fermé,19,6,0
SIN0002332,POL005247,CLT01307,Auto,Accident matériel,2023-07-31,2023-08-03,1779,1539,Fermé,13,3,0
SIN0002333,POL005250,CLT02144,Santé,Soins courants,2021-11-11,2021-12-02,202,138,Fermé,9,21,0
SIN0002334,POL005252,CLT00886,Auto,Accident matériel,2024-10-14,2024-10-29,7055,4819,Ouvert,43,15,0
SIN0002335,POL005252,CLT00886,Auto,Accident matériel,2024-01-10,2024-01-31,1612,1489,Fermé,8,21,0
SIN0002336,POL005254,CLT02057,Auto,Accident matériel,2024-09-17,2024-10-05,2308,1912,Ouvert,30,18,0
SIN0002337,POL005254,CLT02057,Auto,Accident matériel,2024-12-27,2024-12-27,4276,2674,Ouvert,18,0,0
SIN0002338,POL005257,CLT02652,Habitation,Dégât des eaux,2024-06-15,2024-07-03,6701,3788,Ouvert,49,18,0
SIN0002339,POL005259,CLT00990,Auto,Accident corporel,2023-06-04,2023-06-26,17833,16939,Ouvert,39,22,0
SIN0002340,POL005259,CLT00990,Auto,Accident corporel,2023-06-24,2023-07-15,14484,13002,Ouvert,55,21,0
SIN0002341,POL005259,CLT00990,Auto,Accident matériel,2023-12-07,2023-12-16,3824,3417,Fermé,7,9,0
SIN0002342,POL005262,CLT04246,Habitation,Dégât des eaux,2024-06-01,2024-06-29,6140,5166,Fermé,5,28,0
SIN0002343,POL005263,CLT01511,Santé,Soins courants,2021-11-04,2021-11-09,186,158,Ouvert,34,5,0
SIN0002344,POL005266,CLT03671,Santé,Dentaire,2024-08-14,2024-09-01,474,283,Fermé,11,18,0
SIN0002345,POL005269,CLT02192,Habitation,Vol/Cambriolage,2022-07-24,2022-08-10,17984,16013,Fermé,28,17,0
SIN0002346,POL005278,CLT01557,Habitation,Dégât des eaux,2024-04-02,2024-04-23,3064,2141,Fermé,7,21,0
SIN0002347,POL005278,CLT01557,Habitation,Vol/Cambriolage,2022-05-14,2022-05-15,7322,6420,Fermé,25,1,0
SIN0002348,POL005279,CLT00189,Habitation,Catastrophe naturelle,2023-01-09,2023-01-17,6915,6564,Fermé,29,8,0
SIN0002349,POL005279,CLT00189,Habitation,Dégât des eaux,2024-12-08,2024-12-31,7027,4806,Ouvert,41,30,0
SIN0002350,POL005280,CLT04527,Santé,Soins courants,2024-09-20,2024-10-08,323,220,Ouvert,41,18,0
SIN0002351,POL005280,CLT04527,Santé,Optique,2022-07-12,2022-07-24,627,579,Ouvert,15,12,0
SIN0002352,POL005283,CLT00110,Habitation,Dégât des eaux,2023-12-31,2024-01-01,2398,1373,Fermé,5,1,0
SIN0002353,POL005283,CLT00110,Habitation,Vol/Cambriolage,2024-07-28,2024-08-11,4509,2607,Ouvert,18,14,0
SIN0002354,POL005284,CLT02559,Santé,Maternité,2024-05-26,2024-05-30,2326,1594,Fermé,16,4,0
SIN0002355,POL005286,CLT02891,Habitation,Catastrophe naturelle,2024-03-20,2024-04-08,13970,7990,Fermé,11,19,0
SIN0002356,POL005288,CLT01457,Auto,Accident matériel,2023-06-16,2023-07-12,2359,1557,Ouvert,18,26,0
SIN0002357,POL005294,CLT00146,Auto,Accident matériel,2024-05-31,2024-06-05,2438,1686,Fermé,16,5,0
SIN0002358,POL005294,CLT00146,Auto,Accident corporel,2024-04-05,2024-04-13,7162,4412,Ouvert,33,8,0
SIN0002359,POL005296,CLT00146,Auto,Bris de glace,2024-10-05,2024-11-04,434,245,Ouvert,6,30,0
SIN0002360,POL005299,CLT01526,Santé,Optique,2024-01-16,2024-01-25,164,105,Litigieux,162,9,0
SIN0002361,POL005299,CLT01526,Santé,Dentaire,2023-04-12,2023-04-14,1053,885,Litigieux,50,2,0
SIN0002362,POL005300,CLT03533,Santé,Soins courants,2024-01-09,2024-01-27,244,159,Fermé,16,18,0
SIN0002363,POL005300,CLT03533,Santé,Optique,2024-07-12,2024-07-18,522,410,Ouvert,3,6,0
SIN0002364,POL005302,CLT02106,Habitation,Vol/Cambriolage,2022-08-01,2022-08-15,11783,8441,Fermé,15,14,0
SIN0002365,POL005304,CLT01888,Habitation,Dégât des eaux,2024-01-03,2024-01-25,2082,1168,Litigieux,83,22,0
SIN0002366,POL005311,CLT02821,Auto,Accident matériel,2022-11-22,2022-11-29,4782,3520,Ouvert,34,7,0
SIN0002367,POL005312,CLT03539,Santé,Dentaire,2024-08-14,2024-08-29,457,279,Fermé,15,15,0
SIN0002368,POL005312,CLT03539,Santé,Optique,2024-05-02,2024-05-07,236,173,Ouvert,33,5,0
SIN0002369,POL005314,CLT04142,Santé,Soins courants,2023-03-09,2023-04-07,159,125,Fermé,20,29,0
SIN0002370,POL005333,CLT03237,Auto,Incendie,2024-10-10,2024-11-04,41300,33523,Ouvert,28,25,0
SIN0002371,POL005334,CLT02787,Auto,Accident matériel,2021-11-25,2021-12-03,6153,3461,Fermé,24,8,0
SIN0002372,POL005340,CLT04230,Auto,Accident matériel,2023-08-16,2023-09-10,1883,1072,Ouvert,56,25,0
SIN0002373,POL005341,CLT01019,Habitation,Catastrophe naturelle,2023-11-06,2023-11-18,23184,21147,Fermé,8,12,0
SIN0002374,POL005346,CLT00571,Auto,Accident matériel,2024-08-09,2024-08-25,6761,6076,Fermé,29,16,0
SIN0002375,POL005348,CLT01494,Santé,Soins courants,2024-07-19,2024-08-04,266,222,Fermé,12,16,0
SIN0002376,POL005349,CLT04723,Habitation,Vol/Cambriolage,2023-05-06,2023-05-25,6555,5925,Fermé,15,19,0
SIN0002377,POL005351,CLT02237,Habitation,Catastrophe naturelle,2024-12-10,2024-12-16,11887,7169,Ouvert,42,6,0
SIN0002378,POL005353,CLT02007,Habitation,Dégât des eaux,2022-06-08,2022-07-05,9337,5972,Fermé,23,27,0
SIN0002379,POL005357,CLT04590,Habitation,Dégât des eaux,2024-04-30,2024-05-23,2922,2163,Fermé,30,23,0
SIN0002380,POL005359,CLT02196,Santé,Optique,2023-08-19,2023-08-22,136,94,Fermé,28,3,0
SIN0002381,POL005359,CLT02196,Santé,Soins courants,2023-01-02,2023-01-06,192,176,Ouvert,54,4,0
SIN0002382,POL005362,CLT03616,Auto,Bris de glace,2022-12-18,2023-01-14,450,277,Fermé,11,27,0
SIN0002383,POL005365,CLT03227,Auto,Accident matériel,2024-08-08,2024-08-08,4479,3056,Fermé,19,0,0
SIN0002384,POL005367,CLT04182,Habitation,Dégât des eaux,2021-09-20,2021-10-07,3060,2846,Fermé,22,17,0
SIN0002385,POL005370,CLT02019,Habitation,Catastrophe naturelle,2022-01-06,2022-01-20,8967,8297,Fermé,17,14,0
SIN0002386,POL005374,CLT01493,Habitation,Catastrophe naturelle,2023-07-26,2023-07-27,12083,9334,Fermé,18,1,0
SIN0002387,POL005377,CLT00860,Auto,Accident matériel,2024-04-25,2024-05-07,4401,3151,Fermé,17,12,0
SIN0002388,POL005381,CLT04312,Auto,Accident matériel,2024-03-06,2024-03-29,4244,3937,Ouvert,26,23,0
SIN0002389,POL005383,CLT02987,Auto,Accident matériel,2024-12-18,2024-12-31,1222,686,Ouvert,14,21,0
SIN0002390,POL005385,CLT04017,Habitation,Bris de glace,2023-11-08,2023-12-03,579,381,Fermé,9,25,0
SIN0002391,POL005386,CLT01240,Habitation,Catastrophe naturelle,2023-03-06,2023-04-02,13573,9854,Fermé,14,27,0
SIN0002392,POL005394,CLT04423,Habitation,Bris de glace,2023-04-03,2023-04-06,331,281,Fermé,20,3,0
SIN0002393,POL005396,CLT00099,Auto,Accident corporel,2024-03-17,2024-04-03,11785,8508,Ouvert,58,17,0
SIN0002394,POL005399,CLT04354,Santé,Hospitalisation,2024-11-25,2024-12-09,2070,1344,Ouvert,46,14,0
SIN0002395,POL005400,CLT03147,Habitation,Vol/Cambriolage,2024-04-01,2024-04-24,5945,4313,Fermé,29,23,0
SIN0002396,POL005406,CLT04086,Auto,Accident matériel,2022-07-31,2022-08-06,2757,2358,Fermé,19,6,0
SIN0002397,POL005410,CLT00623,Auto,Bris de glace,2024-07-11,2024-08-05,181,107,Litigieux,85,25,0
SIN0002398,POL005411,CLT03357,Auto,Vol,2024-07-17,2024-08-01,7352,6525,Fermé,16,15,0
SIN0002399,POL005414,CLT04332,Habitation,Vol/Cambriolage,2022-11-27,2022-12-02,7098,3958,Fermé,23,5,0
SIN0002400,POL005417,CLT02150,Auto,Bris de glace,2024-10-20,2024-10-24,175,140,Ouvert,57,4,0
SIN0002401,POL005419,CLT02777,Habitation,Dégât des eaux,2024-01-14,2024-01-20,4289,3762,Fermé,28,6,0
SIN0002402,POL005421,CLT04221,Habitation,Dégât des eaux,2024-01-25,2024-02-22,9096,7708,Fermé,5,28,0
SIN0002403,POL005425,CLT00234,Santé,Dentaire,2022-11-16,2022-11-17,1220,1068,Litigieux,150,1,0
SIN0002404,POL005426,CLT02873,Habitation,Vol/Cambriolage,2024-10-25,2024-11-14,5183,3174,Ouvert,6,20,0
SIN0002405,POL005431,CLT03047,Santé,Maternité,2024-10-04,2024-10-08,1586,994,Ouvert,13,4,0
SIN0002406,POL005434,CLT00984,Habitation,Catastrophe naturelle,2024-07-09,2024-07-27,6424,5717,Fermé,14,18,0
SIN0002407,POL005439,CLT03583,Santé,Optique,2024-12-15,2024-12-31,306,216,Ouvert,28,26,0
SIN0002408,POL005440,CLT04665,Santé,Optique,2023-01-27,2023-02-03,222,127,Fermé,27,7,0
SIN0002409,POL005441,CLT00092,Habitation,Dégât des eaux,2024-07-23,2024-07-29,8265,4732,Litigieux,173,6,0
SIN0002410,POL005444,CLT00142,Santé,Soins courants,2023-05-04,2023-06-02,460,366,Fermé,19,29,0
SIN0002411,POL005444,CLT00142,Santé,Dentaire,2023-02-18,2023-03-20,1874,1170,Fermé,7,30,0
SIN0002412,POL005445,CLT01209,Auto,Accident matériel,2023-12-26,2024-01-04,2631,1454,Fermé,18,9,0
SIN0002413,POL005446,CLT02373,Auto,Accident matériel,2024-09-07,2024-10-05,2976,2468,Ouvert,58,28,0
SIN0002414,POL005447,CLT00643,Habitation,Incendie,2023-06-21,2023-07-08,36496,25276,Fermé,8,17,0
SIN0002415,POL005451,CLT02492,Auto,Vol,2022-10-19,2022-10-31,3814,3410,Fermé,24,12,0
SIN0002416,POL005451,CLT02492,Auto,Vol,2024-08-15,2024-09-12,16054,10942,Fermé,30,28,0
SIN0002417,POL005454,CLT00273,Habitation,Vol/Cambriolage,2022-01-21,2022-02-19,6844,4562,Fermé,28,29,0
SIN0002418,POL005473,CLT00175,Auto,Vol,2023-12-03,2023-12-21,2800,1617,Fermé,15,18,0
SIN0002419,POL005477,CLT00732,Auto,Vol,2024-01-05,2024-01-23,5459,4643,Fermé,25,18,0
SIN0002420,POL005484,CLT02400,Habitation,Dégât des eaux,2022-11-20,2022-12-19,4251,2876,Ouvert,44,29,0
SIN0002421,POL005485,CLT04178,Santé,Optique,2024-02-13,2024-03-06,391,262,Fermé,5,22,0
SIN0002422,POL005487,CLT01508,Auto,Accident corporel,2024-08-05,2024-08-09,10546,7976,Fermé,9,4,0
SIN0002423,POL005489,CLT00333,Habitation,Vol/Cambriolage,2024-12-23,2024-12-31,11852,8214,Ouvert,29,9,0
SIN0002424,POL005489,CLT00333,Habitation,Incendie,2022-05-19,2022-05-21,18001,12806,Fermé,29,2,0
SIN0002425,POL005493,CLT03585,Auto,Accident matériel,2023-11-10,2023-11-10,1917,1190,Fermé,22,0,0
SIN0002426,POL005499,CLT01258,Auto,Accident matériel,2023-05-19,2023-05-27,3253,2815,Fermé,12,8,0
SIN0002427,POL005508,CLT03420,Auto,Accident corporel,2022-11-10,2022-11-18,25176,15486,Fermé,14,8,0
SIN0002428,POL005510,CLT04098,Habitation,Dégât des eaux,2024-09-17,2024-10-03,3431,2006,Ouvert,17,16,0
SIN0002429,POL005511,CLT02342,Habitation,Incendie,2024-04-13,2024-04-14,23438,15057,Fermé,23,1,0
SIN0002430,POL005512,CLT04697,Habitation,Dégât des eaux,2024-02-09,2024-02-29,1845,1347,Fermé,6,20,0
SIN0002431,POL005516,CLT02560,Santé,Optique,2024-05-21,2024-06-04,195,162,Ouvert,39,14,0
SIN0002432,POL005516,CLT02560,Santé,Dentaire,2023-05-14,2023-05-23,684,436,Fermé,28,9,0
SIN0002433,POL005517,CLT03981,Auto,Accident corporel,2024-11-24,2024-12-12,17128,15172,Ouvert,12,18,0
SIN0002434,POL005519,CLT01567,Auto,Bris de glace,2023-08-03,2023-08-12,662,556,Ouvert,2,9,0
SIN0002435,POL005534,CLT01238,Santé,Dentaire,2024-07-06,2024-08-02,630,574,Fermé,16,27,0
SIN0002436,POL005534,CLT01238,Santé,Hospitalisation,2024-10-30,2024-11-20,4327,3395,Ouvert,7,21,0
SIN0002437,POL005536,CLT03304,Auto,Accident matériel,2024-08-25,2024-09-18,4510,4063,Fermé,22,24,0
SIN0002438,POL005537,CLT00038,Santé,Soins courants,2023-06-15,2023-07-15,339,318,Fermé,30,30,0
SIN0002439,POL005538,CLT03598,Habitation,Catastrophe naturelle,2024-06-20,2024-07-16,37815,26260,Fermé,22,26,0
SIN0002440,POL005539,CLT00620,Auto,Vol,2022-08-25,2022-09-16,4505,4113,Fermé,18,22,0
SIN0002441,POL005542,CLT02613,Habitation,Vol/Cambriolage,2023-12-29,2024-01-20,5495,5074,Fermé,18,22,0
SIN0002442,POL005545,CLT01820,Habitation,Dégât des eaux,2024-06-17,2024-06-26,6766,6276,Fermé,23,9,0
SIN0002443,POL005546,CLT02994,Santé,Optique,2024-12-21,2024-12-31,238,162,Ouvert,4,17,0
SIN0002444,POL005549,CLT00692,Auto,Bris de glace,2024-04-04,2024-04-06,428,291,Fermé,5,2,0
SIN0002445,POL005554,CLT04508,Santé,Optique,2023-10-23,2023-11-03,696,616,Litigieux,75,11,0
SIN0002446,POL005555,CLT00814,Santé,Soins courants,2023-12-23,2024-01-03,162,116,Fermé,20,11,0
SIN0002447,POL005559,CLT04624,Santé,Soins courants,2023-06-08,2023-07-05,171,102,Ouvert,58,27,0
SIN0002448,POL005561,CLT04370,Auto,Accident matériel,2023-08-15,2023-09-12,2816,1930,Ouvert,33,28,0
SIN0002449,POL005561,CLT04370,Auto,Accident corporel,2023-04-25,2023-05-04,15768,11500,Fermé,18,9,0
SIN0002450,POL005562,CLT01344,Auto,Bris de glace,2024-07-29,2024-08-09,317,237,Fermé,23,11,0
SIN0002451,POL005562,CLT01344,Auto,Accident matériel,2024-08-18,2024-08-19,3093,2843,Fermé,25,1,0
SIN0002452,POL005569,CLT04339,Habitation,Vol/Cambriolage,2023-10-26,2023-11-16,3390,2766,Litigieux,151,21,0
SIN0002453,POL005570,CLT04366,Auto,Vol,2022-01-21,2022-02-19,12388,7536,Fermé,30,29,0
SIN0002454,POL005570,CLT04366,Auto,Accident matériel,2023-07-25,2023-08-09,5288,4691,Fermé,5,15,0
SIN0002455,POL005572,CLT02687,Auto,Bris de glace,2024-11-26,2024-12-10,324,227,Ouvert,53,14,0
SIN0002456,POL005575,CLT02551,Auto,Accident matériel,2024-03-28,2024-04-09,4383,3123,Fermé,10,12,0
SIN0002457,POL005581,CLT00257,Habitation,Catastrophe naturelle,2024-12-25,2024-12-31,5944,3381,Ouvert,8,27,0
SIN0002458,POL005581,CLT00257,Habitation,Dégât des eaux,2023-02-18,2023-02-28,2237,1972,Fermé,6,10,0
SIN0002459,POL005581,CLT00257,Habitation,Catastrophe naturelle,2022-06-21,2022-06-22,9306,8709,Fermé,28,1,0
SIN0002460,POL005582,CLT01187,Auto,Accident corporel,2022-05-08,2022-05-12,9381,5636,Fermé,11,4,0
SIN0002461,POL005585,CLT02168,Auto,Accident matériel,2023-02-21,2023-02-27,7926,5521,Fermé,5,6,0
SIN0002462,POL005586,CLT00743,Santé,Soins courants,2024-10-18,2024-10-27,368,229,Ouvert,48,9,0
SIN0002463,POL005587,CLT00059,Santé,Dentaire,2024-01-19,2024-02-03,478,317,Ouvert,58,15,0
SIN0002464,POL005588,CLT03140,Auto,Accident corporel,2024-05-30,2024-06-05,14483,8589,Fermé,17,6,0
SIN0002465,POL005594,CLT04692,Auto,Bris de glace,2024-07-15,2024-07-18,740,540,Fermé,14,3,0
SIN0002466,POL005595,CLT00096,Auto,Accident matériel,2023-08-26,2023-09-02,3381,1930,Ouvert,20,7,0
SIN0002467,POL005598,CLT03541,Auto,Accident corporel,2022-03-30,2022-04-21,15688,9224,Ouvert,46,22,0
SIN0002468,POL005599,CLT00231,Auto,Accident corporel,2024-03-02,2024-03-28,47586,37803,Fermé,16,26,0
SIN0002469,POL005602,CLT03001,Santé,Dentaire,2023-11-18,2023-12-11,893,709,Fermé,18,23,0
SIN0002470,POL005603,CLT02466,Habitation,Vol/Cambriolage,2022-10-14,2022-10-20,13443,11745,Litigieux,44,6,0
SIN0002471,POL005603,CLT02466,Habitation,Dégât des eaux,2021-07-27,2021-08-02,6957,5609,Ouvert,3,6,0
SIN0002472,POL005603,CLT02466,Habitation,Vol/Cambriolage,2023-05-20,2023-06-06,6744,4960,Ouvert,33,17,0
SIN0002473,POL005607,CLT04294,Habitation,Dégât des eaux,2024-09-08,2024-09-19,4869,4472,Fermé,5,11,0
SIN0002474,POL005609,CLT00929,Auto,Bris de glace,2023-09-06,2023-09-10,345,312,Fermé,16,4,0
SIN0002475,POL005610,CLT02399,Habitation,Bris de glace,2024-07-18,2024-08-08,626,512,Fermé,28,21,0
SIN0002476,POL005610,CLT02399,Habitation,Vol/Cambriolage,2024-09-19,2024-09-27,6040,3713,Fermé,23,8,0
SIN0002477,POL005613,CLT00005,Habitation,Vol/Cambriolage,2024-12-12,2024-12-20,6479,4692,Ouvert,29,8,0
SIN0002478,POL005616,CLT00744,Santé,Maternité,2022-11-01,2022-11-07,1205,948,Fermé,24,6,0
SIN0002479,POL005616,CLT00744,Santé,Dentaire,2024-06-22,2024-07-04,462,437,Fermé,16,12,0
SIN0002480,POL005618,CLT01030,Habitation,Dégât des eaux,2024-08-07,2024-08-17,4514,2828,Ouvert,4,10,0
SIN0002481,POL005623,CLT03586,Habitation,Catastrophe naturelle,2023-01-06,2023-01-06,20443,12767,Fermé,5,0,0
SIN0002482,POL005623,CLT03586,Habitation,Dégât des eaux,2024-02-27,2024-03-20,2255,1359,Fermé,20,22,0
SIN0002483,POL005623,CLT03586,Habitation,Bris de glace,2024-07-09,2024-07-30,895,548,Fermé,27,21,0
SIN0002484,POL005623,CLT03586,Habitation,Dégât des eaux,2024-04-18,2024-04-29,9361,6468,Fermé,10,11,0
SIN0002485,POL005626,CLT02390,Habitation,Bris de glace,2023-05-19,2023-05-31,514,335,Fermé,22,12,0
SIN0002486,POL005626,CLT02390,Habitation,Dégât des eaux,2023-11-19,2023-12-17,3540,2496,Litigieux,55,28,0
SIN0002487,POL005626,CLT02390,Habitation,Dégât des eaux,2022-06-12,2022-07-02,5961,4437,Fermé,8,20,0
SIN0002488,POL005627,CLT04327,Auto,Vol,2021-07-30,2021-08-22,6909,4138,Fermé,21,23,0
SIN0002489,POL005629,CLT04188,Auto,Bris de glace,2024-04-16,2024-04-16,526,404,Fermé,19,0,0
SIN0002490,POL005634,CLT02215,Habitation,Catastrophe naturelle,2024-08-04,2024-08-24,33780,20786,Fermé,28,20,0
SIN0002491,POL005635,CLT02651,Habitation,Dégât des eaux,2022-10-10,2022-11-03,11661,7717,Fermé,19,24,0
SIN0002492,POL005636,CLT01747,Habitation,Catastrophe naturelle,2023-04-26,2023-05-22,23703,19702,Fermé,23,26,0
SIN0002493,POL005636,CLT01747,Habitation,Incendie,2022-07-26,2022-07-29,25696,17468,Fermé,12,3,0
SIN0002494,POL005637,CLT02381,Habitation,Vol/Cambriolage,2023-01-12,2023-02-08,7467,4168,Fermé,19,27,0
SIN0002495,POL005637,CLT02381,Habitation,Catastrophe naturelle,2023-04-04,2023-04-10,17723,13969,Fermé,15,6,0
SIN0002496,POL005638,CLT00098,Santé,Soins courants,2024-04-26,2024-05-08,290,187,Fermé,10,12,0
SIN0002497,POL005641,CLT00113,Auto,Bris de glace,2023-04-03,2023-04-11,631,493,Litigieux,42,8,0
SIN0002498,POL005650,CLT02937,Auto,Accident matériel,2023-11-12,2023-11-30,5040,3325,Fermé,27,18,0
SIN0002499,POL005650,CLT02937,Auto,Accident matériel,2024-07-01,2024-07-03,3464,2769,Fermé,15,2,0
SIN0002500,POL005653,CLT03250,Santé,Hospitalisation,2024-06-06,2024-06-11,15366,9781,Fermé,20,5,0
SIN0002501,POL005657,CLT04365,Santé,Maternité,2022-10-20,2022-10-20,2906,2497,Litigieux,165,0,0
SIN0002502,POL005658,CLT01650,Auto,Accident corporel,2023-09-30,2023-10-20,11100,7639,Fermé,27,20,0
SIN0002503,POL005660,CLT01313,Auto,Accident corporel,2023-07-03,2023-07-30,10846,7532,Fermé,12,27,0
SIN0002504,POL005662,CLT02819,Santé,Soins courants,2024-11-02,2024-12-01,267,210,Ouvert,46,29,0
SIN0002505,POL005669,CLT02356,Auto,Bris de glace,2024-01-24,2024-02-02,485,420,Fermé,25,9,0
SIN0002506,POL005674,CLT02853,Habitation,Dégât des eaux,2022-05-04,2022-05-31,7075,4968,Fermé,21,27,0
SIN0002507,POL005676,CLT00836,Habitation,Dégât des eaux,2023-06-06,2023-06-29,6969,3875,Fermé,27,23,0
SIN0002508,POL005677,CLT00416,Auto,Accident matériel,2023-08-27,2023-09-11,3061,2483,Fermé,23,15,0
SIN0002509,POL005677,CLT00416,Auto,Bris de glace,2024-10-09,2024-10-29,455,267,Ouvert,40,20,0
SIN0002510,POL005678,CLT00364,Auto,Bris de glace,2024-07-06,2024-07-25,501,327,Fermé,9,19,0
SIN0002511,POL005679,CLT04304,Santé,Hospitalisation,2023-08-26,2023-09-21,4203,3588,Fermé,30,26,0
SIN0002512,POL005686,CLT00915,Auto,Accident matériel,2024-10-04,2024-10-04,7889,5797,Ouvert,53,0,0
SIN0002513,POL005688,CLT04883,Auto,Accident matériel,2022-08-28,2022-09-20,3015,1880,Fermé,5,23,0
SIN0002514,POL005688,CLT04883,Auto,Accident matériel,2023-01-01,2023-01-20,1318,1086,Fermé,8,19,0
SIN0002515,POL005690,CLT04904,Habitation,Dégât des eaux,2023-12-21,2024-01-07,3132,1931,Litigieux,66,17,0
SIN0002516,POL005693,CLT02050,Habitation,Vol/Cambriolage,2024-03-01,2024-03-16,2081,1498,Fermé,12,15,0
SIN0002517,POL005701,CLT04223,Habitation,Dégât des eaux,2024-04-18,2024-05-17,3217,1816,Litigieux,58,29,0
SIN0002518,POL005705,CLT01909,Auto,Incendie,2024-12-03,2024-12-31,18166,14855,Ouvert,39,29,0
SIN0002519,POL005707,CLT01805,Auto,Accident matériel,2022-04-07,2022-04-08,2260,2134,Fermé,30,1,0
SIN0002520,POL005713,CLT02215,Auto,Vol,2021-10-03,2021-10-10,11644,8878,Fermé,7,7,0
SIN0002521,POL005719,CLT03906,Habitation,Dégât des eaux,2024-08-08,2024-08-08,4588,3851,Fermé,16,0,0
SIN0002522,POL005724,CLT01520,Auto,Incendie,2023-12-08,2023-12-25,22758,15470,Ouvert,11,17,0
SIN0002523,POL005725,CLT02962,Santé,Hospitalisation,2024-03-29,2024-04-27,5921,3378,Fermé,21,29,0
SIN0002524,POL005729,CLT00197,Auto,Accident matériel,2023-01-20,2023-01-27,3917,3161,Litigieux,115,7,0
SIN0002525,POL005730,CLT00273,Auto,Accident matériel,2022-10-03,2022-11-01,6227,3845,Ouvert,58,29,0
SIN0002526,POL005731,CLT03922,Auto,Accident corporel,2023-05-16,2023-06-13,27375,22871,Fermé,30,28,0
SIN0002527,POL005733,CLT00402,Auto,Accident corporel,2022-06-30,2022-07-17,11358,8603,Fermé,25,17,0
SIN0002528,POL005740,CLT00731,Santé,Optique,2022-02-22,2022-03-23,237,154,Fermé,12,29,0
SIN0002529,POL005741,CLT03147,Auto,Bris de glace,2024-12-02,2024-12-04,461,276,Ouvert,21,2,0
SIN0002530,POL005742,CLT00963,Auto,Vol,2024-02-17,2024-03-15,12922,8757,Ouvert,32,27,0
SIN0002531,POL005742,CLT00963,Auto,Accident matériel,2021-12-06,2022-01-04,1769,1625,Fermé,14,29,0
SIN0002532,POL005742,CLT00963,Auto,Accident matériel,2023-01-31,2023-02-10,1856,1177,Fermé,22,10,0
SIN0002533,POL005742,CLT00963,Auto,Accident matériel,2024-01-16,2024-02-11,2019,1440,Fermé,29,26,0
SIN0002534,POL005746,CLT00832,Habitation,Bris de glace,2024-04-14,2024-05-13,167,117,Ouvert,35,29,0
SIN0002535,POL005752,CLT04166,Santé,Soins courants,2021-10-15,2021-10-21,385,312,Litigieux,72,6,0
SIN0002536,POL005753,CLT01984,Santé,Soins courants,2023-02-24,2023-03-20,169,96,Fermé,9,24,0
SIN0002537,POL005759,CLT03320,Auto,Accident corporel,2024-09-08,2024-09-27,19932,16013,Fermé,9,19,0
SIN0002538,POL005760,CLT02370,Habitation,Incendie,2024-10-17,2024-10-26,15776,9073,Ouvert,25,9,0
SIN0002539,POL005761,CLT00150,Habitation,Dégât des eaux,2023-11-28,2023-12-08,5763,4751,Fermé,13,10,0
SIN0002540,POL005763,CLT01686,Habitation,Dégât des eaux,2024-12-28,2024-12-29,3470,1913,Ouvert,47,1,0
SIN0002541,POL005765,CLT03469,Auto,Vol,2023-11-04,2023-11-04,7083,4304,Fermé,21,0,0
SIN0002542,POL005765,CLT03469,Auto,Accident matériel,2024-04-15,2024-05-08,4079,3273,Fermé,5,23,0
SIN0002543,POL005768,CLT02074,Auto,Bris de glace,2024-12-13,2024-12-31,869,531,Ouvert,17,21,0
SIN0002544,POL005772,CLT01742,Habitation,Dégât des eaux,2024-10-11,2024-10-27,5229,4879,Ouvert,31,16,0
SIN0002545,POL005776,CLT00150,Habitation,Dégât des eaux,2024-05-13,2024-06-06,3460,3141,Ouvert,58,24,0
SIN0002546,POL005777,CLT02312,Auto,Accident corporel,2024-11-22,2024-12-10,12393,11395,Ouvert,18,18,0
SIN0002547,POL005778,CLT04410,Auto,Accident corporel,2022-04-02,2022-04-19,19626,14362,Ouvert,59,17,0
SIN0002548,POL005783,CLT02736,Auto,Vol,2023-02-06,2023-03-01,11205,8214,Fermé,9,23,0
SIN0002549,POL005785,CLT01171,Habitation,Dégât des eaux,2023-11-25,2023-12-08,8157,4541,Fermé,7,13,0
SIN0002550,POL005793,CLT03826,Habitation,Vol/Cambriolage,2023-09-15,2023-09-18,7728,5673,Fermé,16,3,0
SIN0002551,POL005796,CLT03857,Santé,Soins courants,2023-01-18,2023-02-12,942,566,Fermé,20,25,0
SIN0002552,POL005797,CLT00812,Auto,Accident matériel,2024-04-18,2024-04-28,2499,2093,Fermé,29,10,0
SIN0002553,POL005807,CLT02156,Auto,Vol,2023-06-29,2023-07-08,1204,833,Fermé,8,9,0
SIN0002554,POL005810,CLT04938,Santé,Maternité,2023-10-01,2023-10-28,967,810,Ouvert,23,27,0
SIN0002555,POL005810,CLT04938,Santé,Optique,2024-09-13,2024-10-04,227,199,Ouvert,36,21,0
SIN0002556,POL005812,CLT04569,Habitation,Dégât des eaux,2024-04-06,2024-05-05,4492,3711,Fermé,9,29,0
SIN0002557,POL005817,CLT04715,Auto,Accident matériel,2022-12-12,2022-12-31,1295,988,Ouvert,27,19,0
SIN0002558,POL005817,CLT04715,Auto,Accident matériel,2024-11-15,2024-12-05,1200,776,Ouvert,7,20,0
SIN0002559,POL005818,CLT02704,Auto,Vol,2023-10-14,2023-11-01,6114,4376,Fermé,29,18,0
SIN0002560,POL005819,CLT01194,Auto,Bris de glace,2023-03-21,2023-04-14,706,633,Litigieux,101,24,0
SIN0002561,POL005821,CLT03780,Habitation,Dégât des eaux,2023-08-14,2023-08-22,3328,2827,Fermé,16,8,0
SIN0002562,POL005836,CLT00380,Habitation,Catastrophe naturelle,2024-01-03,2024-01-14,17110,15334,Fermé,18,11,0
SIN0002563,POL005843,CLT01295,Santé,Dentaire,2023-02-06,2023-02-21,1368,1157,Ouvert,52,15,0
SIN0002564,POL005843,CLT01295,Santé,Soins courants,2023-04-10,2023-05-07,249,153,Ouvert,24,27,0
SIN0002565,POL005843,CLT01295,Santé,Dentaire,2023-02-10,2023-02-25,567,446,Fermé,8,15,0
SIN0002566,POL005844,CLT00001,Auto,Accident matériel,2023-10-27,2023-10-28,8672,8025,Fermé,25,1,0
SIN0002567,POL005845,CLT04863,Auto,Bris de glace,2023-10-21,2023-11-06,374,309,Fermé,5,16,0
SIN0002568,POL005853,CLT04973,Auto,Accident matériel,2024-12-30,2024-12-31,4490,3656,Ouvert,60,24,0
SIN0002569,POL005854,CLT04116,Santé,Dentaire,2023-01-21,2023-01-25,1114,618,Fermé,6,4,0
SIN0002570,POL005858,CLT02113,Santé,Soins courants,2023-11-28,2023-12-20,193,137,Fermé,20,22,0
SIN0002571,POL005864,CLT02374,Auto,Accident matériel,2023-04-22,2023-05-13,3952,2587,Fermé,11,21,0
SIN0002572,POL005869,CLT03640,Auto,Accident matériel,2024-02-07,2024-02-14,3312,2395,Fermé,9,7,0
SIN0002573,POL005870,CLT04616,Habitation,Dégât des eaux,2021-12-05,2021-12-21,7434,5605,Fermé,6,16,0
SIN0002574,POL005870,CLT04616,Habitation,Dégât des eaux,2024-09-07,2024-09-25,3016,2615,Fermé,13,18,0
SIN0002575,POL005874,CLT03830,Auto,Bris de glace,2024-09-23,2024-09-29,779,450,Ouvert,44,6,0
SIN0002576,POL005877,CLT00909,Habitation,Vol/Cambriolage,2022-07-12,2022-08-10,6823,5556,Litigieux,130,29,0
SIN0002577,POL005877,CLT00909,Habitation,Dégât des eaux,2024-05-24,2024-06-22,4291,3915,Fermé,12,29,0
SIN0002578,POL005879,CLT03013,Auto,Vol,2024-06-10,2024-07-07,13038,9393,Fermé,30,27,0
SIN0002579,POL005882,CLT01906,Auto,Accident matériel,2023-05-13,2023-05-22,2919,1939,Fermé,30,9,0
SIN0002580,POL005885,CLT03464,Santé,Soins courants,2024-11-26,2024-12-09,65,57,Ouvert,6,13,0
SIN0002581,POL005886,CLT00446,Santé,Maternité,2024-08-05,2024-08-24,550,420,Ouvert,58,19,0
SIN0002582,POL005889,CLT04370,Santé,Soins courants,2023-10-21,2023-11-13,214,169,Fermé,7,23,0
SIN0002583,POL005889,CLT04370,Santé,Soins courants,2021-11-15,2021-12-03,212,126,Fermé,17,18,0
SIN0002584,POL005892,CLT01219,Auto,Accident matériel,2022-04-05,2022-04-30,4607,3370,Fermé,27,25,0
SIN0002585,POL005893,CLT03305,Santé,Dentaire,2023-10-31,2023-11-20,436,294,Ouvert,29,20,0
SIN0002586,POL005895,CLT02762,Habitation,Bris de glace,2024-11-26,2024-12-04,583,379,Ouvert,20,8,0
SIN0002587,POL005897,CLT03387,Auto,Accident matériel,2024-04-16,2024-05-09,2910,1615,Fermé,29,23,0
SIN0002588,POL005901,CLT02673,Santé,Soins courants,2024-05-25,2024-06-22,218,141,Fermé,19,28,0
SIN0002589,POL005904,CLT00794,Santé,Dentaire,2024-04-17,2024-05-05,928,805,Ouvert,30,18,0
SIN0002590,POL005910,CLT04991,Habitation,Vol/Cambriolage,2024-10-04,2024-10-17,5418,4727,Ouvert,26,13,0
SIN0002591,POL005913,CLT02580,Habitation,Dégât des eaux,2022-11-09,2022-11-16,3658,2789,Fermé,26,7,0
SIN0002592,POL005917,CLT00969,Santé,Maternité,2024-12-13,2024-12-25,1007,804,Ouvert,3,12,0
SIN0002593,POL005920,CLT01311,Habitation,Bris de glace,2024-04-27,2024-05-13,346,312,Litigieux,74,16,0
SIN0002594,POL005923,CLT00960,Auto,Accident matériel,2023-12-05,2023-12-25,7681,4816,Ouvert,47,20,0
SIN0002595,POL005923,CLT00960,Auto,Accident corporel,2024-11-07,2024-11-09,23730,17136,Ouvert,32,2,0
SIN0002596,POL005930,CLT01744,Auto,Bris de glace,2024-08-01,2024-08-21,505,284,Fermé,18,20,0
SIN0002597,POL005933,CLT01664,Auto,Accident matériel,2023-08-05,2023-08-07,4257,2958,Fermé,19,2,0
SIN0002598,POL005934,CLT01669,Habitation,Vol/Cambriolage,2021-11-12,2021-12-05,7858,6345,Fermé,17,23,0
SIN0002599,POL005937,CLT01122,Habitation,Vol/Cambriolage,2024-08-09,2024-08-25,6017,4694,Fermé,12,16,0
SIN0002600,POL005943,CLT01907,Habitation,Dégât des eaux,2022-04-05,2022-05-04,3373,2537,Fermé,26,29,0
SIN0002601,POL005950,CLT04476,Santé,Dentaire,2024-09-13,2024-09-19,382,291,Fermé,29,6,0
SIN0002602,POL005953,CLT03495,Auto,Bris de glace,2024-06-19,2024-06-29,1052,717,Ouvert,1,10,0
SIN0002603,POL005953,CLT03495,Auto,Accident matériel,2023-10-29,2023-11-12,3209,2938,Fermé,13,14,0
SIN0002604,POL005954,CLT03978,Auto,Accident corporel,2024-12-10,2024-12-15,23829,19557,Ouvert,55,5,0
SIN0002605,POL005955,CLT01207,Auto,Vol,2024-11-22,2024-11-25,7673,4230,Ouvert,27,3,0
SIN0002606,POL005959,CLT04154,Habitation,Catastrophe naturelle,2023-06-08,2023-06-25,9729,7241,Fermé,9,17,0
SIN0002607,POL005970,CLT02833,Santé,Optique,2024-09-24,2024-10-22,572,323,Ouvert,42,28,0
SIN0002608,POL005982,CLT00807,Auto,Bris de glace,2024-07-08,2024-07-31,524,420,Fermé,19,23,0
SIN0002609,POL005986,CLT04070,Santé,Dentaire,2022-11-30,2022-12-19,577,467,Fermé,12,19,0
SIN0002610,POL005986,CLT04070,Santé,Dentaire,2022-08-17,2022-09-01,838,570,Fermé,5,15,0
SIN0002611,POL005988,CLT01105,Auto,Accident matériel,2023-08-14,2023-08-25,6414,4058,Fermé,13,11,0
SIN0002612,POL005994,CLT03457,Auto,Accident matériel,2023-07-19,2023-07-22,9612,6508,Fermé,21,3,0
SIN0002613,POL005994,CLT03457,Auto,Accident matériel,2024-10-22,2024-11-09,3369,2268,Ouvert,5,18,0
SIN0002614,POL005996,CLT02223,Auto,Accident corporel,2022-05-23,2022-06-17,17236,9620,Fermé,9,25,0
SIN0002615,POL005996,CLT02223,Auto,Accident matériel,2024-03-08,2024-03-27,7391,5240,Fermé,20,19,0
SIN0002616,POL006006,CLT00034,Habitation,Incendie,2024-09-09,2024-09-30,37814,24823,Fermé,28,21,0
SIN0002617,POL006007,CLT03506,Auto,Accident corporel,2024-04-25,2024-04-28,25689,21284,Litigieux,74,3,0
SIN0002618,POL006008,CLT00298,Habitation,Dégât des eaux,2024-07-30,2024-08-01,2884,1992,Fermé,13,2,0
SIN0002619,POL006008,CLT00298,Habitation,Dégât des eaux,2023-01-29,2023-02-15,6280,4896,Fermé,9,17,0
SIN0002620,POL006010,CLT00872,Auto,Bris de glace,2024-09-19,2024-09-19,737,590,Fermé,10,0,0
SIN0002621,POL006012,CLT00788,Habitation,Vol/Cambriolage,2023-05-02,2023-05-28,6318,5240,Fermé,7,26,0
SIN0002622,POL006013,CLT01068,Habitation,Bris de glace,2023-10-31,2023-11-10,1135,840,Fermé,27,10,0
SIN0002623,POL006014,CLT01281,Santé,Dentaire,2024-05-04,2024-05-17,1501,1081,Fermé,10,13,0
SIN0002624,POL006014,CLT01281,Santé,Dentaire,2023-10-05,2023-10-20,350,206,Ouvert,20,15,0
SIN0002625,POL006015,CLT01070,Auto,Bris de glace,2024-12-17,2024-12-31,1128,1041,Ouvert,13,25,0
SIN0002626,POL006019,CLT04360,Habitation,Catastrophe naturelle,2022-05-09,2022-05-15,12398,9932,Litigieux,163,6,0
SIN0002627,POL006019,CLT04360,Habitation,Dégât des eaux,2024-11-10,2024-11-28,5651,3761,Ouvert,12,18,0
SIN0002628,POL006029,CLT02593,Habitation,Catastrophe naturelle,2024-09-09,2024-09-11,11141,7341,Fermé,29,2,0
SIN0002629,POL006030,CLT00572,Habitation,Dégât des eaux,2023-12-20,2024-01-03,3673,2416,Fermé,14,14,0
SIN0002630,POL006032,CLT00408,Santé,Soins courants,2023-02-14,2023-03-12,137,127,Fermé,22,26,0
SIN0002631,POL006033,CLT00168,Santé,Maternité,2022-01-23,2022-02-13,659,487,Fermé,19,21,0
SIN0002632,POL006035,CLT01192,Habitation,Dégât des eaux,2024-06-18,2024-06-27,2809,2358,Fermé,6,9,0
SIN0002633,POL006036,CLT04087,Habitation,Catastrophe naturelle,2022-01-19,2022-02-01,44311,41435,Fermé,17,13,0
SIN0002634,POL006044,CLT03849,Santé,Dentaire,2022-10-21,2022-11-08,1141,1012,Litigieux,147,18,0
SIN0002635,POL006051,CLT01961,Habitation,Vol/Cambriolage,2024-12-11,2024-12-19,15360,10346,Ouvert,8,8,0
SIN0002636,POL006051,CLT01961,Habitation,Incendie,2024-12-30,2024-12-31,20973,14257,Ouvert,28,29,0
SIN0002637,POL006056,CLT02098,Auto,Accident matériel,2024-03-01,2024-03-16,3958,2644,Fermé,27,15,0
SIN0002638,POL006058,CLT00478,Auto,Accident matériel,2021-05-26,2021-05-26,2897,2635,Litigieux,144,0,0
SIN0002639,POL006058,CLT00478,Auto,Accident corporel,2023-10-11,2023-10-23,20743,15803,Fermé,26,12,0
SIN0002640,POL006063,CLT04206,Habitation,Dégât des eaux,2022-11-09,2022-11-14,6798,4527,Fermé,25,5,0
SIN0002641,POL006064,CLT04237,Habitation,Bris de glace,2024-04-28,2024-05-07,492,415,Ouvert,14,9,0
SIN0002642,POL006068,CLT03706,Santé,Optique,2022-08-17,2022-08-24,249,189,Fermé,10,7,0
SIN0002643,POL006069,CLT03275,Santé,Soins courants,2024-06-23,2024-07-02,289,236,Fermé,13,9,0
SIN0002644,POL006073,CLT01582,Santé,Maternité,2024-08-17,2024-08-22,821,679,Fermé,8,5,0
SIN0002645,POL006074,CLT01866,Auto,Accident matériel,2022-09-27,2022-10-02,9114,5851,Fermé,25,5,0
SIN0002646,POL006075,CLT02700,Santé,Dentaire,2024-11-10,2024-11-18,887,776,Ouvert,57,8,0
SIN0002647,POL006077,CLT00168,Santé,Soins courants,2024-03-21,2024-03-31,172,157,Fermé,10,10,0
SIN0002648,POL006079,CLT04275,Habitation,Dégât des eaux,2024-01-16,2024-01-19,3460,2964,Fermé,17,3,0
SIN0002649,POL006082,CLT00023,Auto,Accident matériel,2024-10-13,2024-11-01,5889,5169,Ouvert,27,19,0
SIN0002650,POL006096,CLT01279,Auto,Accident matériel,2023-06-24,2023-06-24,3319,1989,Ouvert,42,0,0
SIN0002651,POL006096,CLT01279,Auto,Bris de glace,2023-12-13,2023-12-17,540,304,Fermé,24,4,0
SIN0002652,POL006099,CLT03058,Auto,Bris de glace,2023-07-07,2023-07-28,495,385,Litigieux,69,21,0
SIN0002653,POL006099,CLT03058,Auto,Accident matériel,2022-07-05,2022-07-27,2109,1740,Ouvert,19,22,0
SIN0002654,POL006104,CLT03235,Auto,Vol,2022-02-19,2022-03-03,8746,5033,Fermé,12,12,0
SIN0002655,POL006111,CLT00104,Auto,Bris de glace,2024-02-03,2024-02-19,285,204,Litigieux,165,16,0
SIN0002656,POL006115,CLT00414,Auto,Accident corporel,2024-08-03,2024-08-17,19343,14144,Fermé,26,14,0
SIN0002657,POL006116,CLT03551,Santé,Optique,2022-12-02,2022-12-15,1022,941,Fermé,28,13,0
SIN0002658,POL006119,CLT04713,Santé,Dentaire,2021-10-26,2021-11-12,1266,1108,Fermé,12,17,0
SIN0002659,POL006137,CLT01932,Habitation,Catastrophe naturelle,2023-07-29,2023-07-31,31163,27641,Fermé,14,2,0
SIN0002660,POL006137,CLT01932,Habitation,Vol/Cambriolage,2023-08-21,2023-08-24,11986,10902,Fermé,12,3,0
SIN0002661,POL006139,CLT03123,Santé,Dentaire,2022-07-27,2022-08-09,2173,1520,Fermé,24,13,0
SIN0002662,POL006139,CLT03123,Santé,Hospitalisation,2023-04-22,2023-05-14,6422,5232,Fermé,21,22,0
SIN0002663,POL006142,CLT00805,Habitation,Incendie,2023-04-24,2023-05-11,19411,15223,Litigieux,78,17,0
SIN0002664,POL006142,CLT00805,Habitation,Vol/Cambriolage,2022-10-30,2022-11-19,13288,9965,Ouvert,51,20,0
SIN0002665,POL006143,CLT04052,Habitation,Catastrophe naturelle,2024-11-14,2024-12-09,18689,13363,Ouvert,13,25,0
SIN0002666,POL006145,CLT04101,Santé,Maternité,2024-04-25,2024-05-18,1832,1291,Fermé,7,23,0
SIN0002667,POL006146,CLT04282,Auto,Vol,2024-01-21,2024-02-12,7093,6213,Ouvert,22,22,0
SIN0002668,POL006146,CLT04282,Auto,Accident matériel,2024-10-06,2024-10-14,4309,3399,Ouvert,54,8,0
SIN0002669,POL006146,CLT04282,Auto,Accident corporel,2024-06-06,2024-07-06,18516,13203,Fermé,23,30,0
SIN0002670,POL006149,CLT00017,Auto,Vol,2023-11-16,2023-12-09,4339,3426,Ouvert,32,23,0
SIN0002671,POL006153,CLT01448,Auto,Accident matériel,2024-12-08,2024-12-24,2569,1879,Ouvert,2,16,0
SIN0002672,POL006153,CLT01448,Auto,Accident matériel,2022-07-19,2022-07-27,3751,2332,Fermé,11,8,0
SIN0002673,POL006163,CLT02953,Habitation,Dégât des eaux,2024-09-24,2024-10-16,4096,3181,Ouvert,44,22,0
SIN0002674,POL006164,CLT01490,Auto,Vol,2024-06-12,2024-07-10,4830,3631,Fermé,14,28,0
SIN0002675,POL006165,CLT02567,Habitation,Dégât des eaux,2023-04-19,2023-05-15,4487,2815,Fermé,9,26,0
SIN0002676,POL006166,CLT00817,Habitation,Bris de glace,2022-05-14,2022-06-12,676,484,Fermé,27,29,0
SIN0002677,POL006169,CLT04131,Habitation,Catastrophe naturelle,2023-11-27,2023-12-09,17241,15758,Fermé,17,12,0
SIN0002678,POL006174,CLT01617,Santé,Soins courants,2024-12-17,2024-12-23,177,163,Ouvert,17,6,0
SIN0002679,POL006182,CLT02885,Habitation,Vol/Cambriolage,2024-09-12,2024-09-14,14272,11134,Fermé,14,2,0
SIN0002680,POL006183,CLT01662,Santé,Dentaire,2023-07-22,2023-07-24,2443,1611,Ouvert,29,2,0
SIN0002681,POL006186,CLT01762,Santé,Optique,2023-09-18,2023-10-02,424,280,Fermé,20,14,0
SIN0002682,POL006187,CLT03636,Habitation,Dégât des eaux,2024-01-07,2024-01-09,4059,2275,Fermé,13,2,0
SIN0002683,POL006195,CLT01299,Habitation,Dégât des eaux,2024-03-21,2024-03-23,14477,8191,Fermé,11,2,1
SIN0002684,POL006198,CLT03168,Auto,Bris de glace,2024-01-03,2024-01-11,523,448,Fermé,8,8,0
SIN0002685,POL006198,CLT03168,Auto,Vol,2024-10-17,2024-11-04,3863,3179,Ouvert,17,18,0
SIN0002686,POL006204,CLT04059,Habitation,Bris de glace,2023-07-23,2023-07-26,593,497,Fermé,6,3,0
SIN0002687,POL006204,CLT04059,Habitation,Dégât des eaux,2024-11-21,2024-12-13,3494,2975,Ouvert,3,22,0
SIN0002688,POL006208,CLT04482,Habitation,Dégât des eaux,2022-11-15,2022-12-14,6351,3623,Fermé,13,29,0
SIN0002689,POL006211,CLT02313,Habitation,Dégât des eaux,2024-08-30,2024-09-03,3941,2987,Fermé,13,4,0
SIN0002690,POL006212,CLT00211,Auto,Accident matériel,2024-08-29,2024-09-24,2106,1918,Ouvert,52,26,0
SIN0002691,POL006214,CLT02229,Auto,Accident matériel,2022-05-30,2022-06-06,1150,1024,Litigieux,76,7,0
SIN0002692,POL006220,CLT03079,Habitation,Dégât des eaux,2022-01-08,2022-02-06,3427,2855,Ouvert,43,29,0
SIN0002693,POL006224,CLT03611,Auto,Bris de glace,2023-02-12,2023-03-13,727,522,Fermé,22,29,0
SIN0002694,POL006228,CLT01367,Auto,Bris de glace,2024-07-30,2024-08-17,804,582,Fermé,24,18,0
SIN0002695,POL006229,CLT02819,Auto,Accident corporel,2023-05-07,2023-05-25,28398,18932,Fermé,7,18,0
SIN0002696,POL006230,CLT04641,Auto,Bris de glace,2022-11-04,2022-12-02,168,95,Fermé,13,28,0
SIN0002697,POL006233,CLT01392,Auto,Vol,2021-05-02,2021-05-08,3445,2042,Fermé,21,6,0
SIN0002698,POL006233,CLT01392,Auto,Accident matériel,2021-03-10,2021-03-25,4833,3821,Fermé,14,15,0
SIN0002699,POL006234,CLT03677,Santé,Soins courants,2024-09-30,2024-10-04,702,517,Ouvert,13,4,0
SIN0002700,POL006236,CLT00613,Santé,Dentaire,2024-02-12,2024-02-15,375,266,Fermé,16,3,0
SIN0002701,POL006242,CLT03296,Habitation,Catastrophe naturelle,2024-07-19,2024-08-02,7419,6266,Fermé,9,14,0
SIN0002702,POL006249,CLT01957,Auto,Accident corporel,2024-02-04,2024-02-14,17773,14595,Fermé,20,10,0
SIN0002703,POL006252,CLT00096,Auto,Vol,2022-12-05,2022-12-08,7537,5101,Fermé,6,3,0
SIN0002704,POL006256,CLT02956,Habitation,Vol/Cambriolage,2023-01-23,2023-02-07,13189,11405,Fermé,11,15,0
SIN0002705,POL006258,CLT04898,Auto,Incendie,2022-09-03,2022-09-20,43780,28880,Litigieux,137,17,0
SIN0002706,POL006259,CLT02852,Auto,Bris de glace,2024-08-21,2024-09-13,229,205,Fermé,28,23,0
SIN0002707,POL006266,CLT04089,Habitation,Dégât des eaux,2024-10-08,2024-11-03,4415,3411,Ouvert,60,26,0
SIN0002708,POL006269,CLT03997,Auto,Accident matériel,2024-10-08,2024-11-05,7682,5414,Ouvert,21,28,0
SIN0002709,POL006272,CLT02430,Auto,Bris de glace,2021-12-21,2022-01-18,371,260,Fermé,6,28,0
SIN0002710,POL006272,CLT02430,Auto,Vol,2024-06-07,2024-07-01,2871,1961,Fermé,7,24,0
SIN0002711,POL006272,CLT02430,Auto,Accident matériel,2021-09-14,2021-09-24,4908,2868,Fermé,17,10,0
SIN0002712,POL006273,CLT00418,Auto,Accident corporel,2024-03-16,2024-04-06,12364,11646,Fermé,19,21,0
SIN0002713,POL006274,CLT04774,Auto,Bris de glace,2023-05-12,2023-05-20,305,187,Fermé,9,8,0
SIN0002714,POL006275,CLT02084,Auto,Vol,2024-10-14,2024-11-04,6487,5903,Ouvert,5,21,0
SIN0002715,POL006275,CLT02084,Auto,Accident matériel,2022-09-22,2022-10-19,5539,4527,Fermé,25,27,0
SIN0002716,POL006275,CLT02084,Auto,Vol,2022-10-17,2022-10-25,4968,4640,Fermé,17,8,0
SIN0002717,POL006276,CLT01665,Auto,Accident matériel,2024-09-02,2024-09-11,5987,5106,Litigieux,41,9,0
SIN0002718,POL006278,CLT00954,Auto,Bris de glace,2023-07-29,2023-08-08,556,499,Fermé,21,10,0
SIN0002719,POL006280,CLT04031,Auto,Bris de glace,2024-10-27,2024-11-23,441,378,Ouvert,41,27,0
SIN0002720,POL006284,CLT00568,Habitation,Catastrophe naturelle,2021-06-03,2021-06-15,11062,6779,Fermé,14,12,0
SIN0002721,POL006290,CLT00894,Auto,Accident matériel,2024-09-06,2024-09-21,4864,2784,Fermé,22,15,0
SIN0002722,POL006296,CLT04753,Habitation,Bris de glace,2024-03-25,2024-04-13,259,202,Fermé,22,19,0
SIN0002723,POL006296,CLT04753,Habitation,Catastrophe naturelle,2024-04-10,2024-05-04,16427,12872,Fermé,5,24,0
SIN0002724,POL006301,CLT04611,Habitation,Dégât des eaux,2023-05-14,2023-06-08,3746,2775,Fermé,29,25,0
SIN0002725,POL006301,CLT04611,Habitation,Bris de glace,2024-07-22,2024-08-11,194,153,Fermé,14,20,0
SIN0002726,POL006304,CLT00123,Habitation,Dégât des eaux,2024-11-27,2024-12-01,2210,1227,Ouvert,37,4,0
SIN0002727,POL006312,CLT02013,Auto,Accident corporel,2024-07-06,2024-07-06,21694,13239,Fermé,5,0,0
SIN0002728,POL006313,CLT03053,Auto,Bris de glace,2024-02-27,2024-03-12,212,176,Fermé,6,14,0
SIN0002729,POL006313,CLT03053,Auto,Accident corporel,2024-03-05,2024-04-02,23195,16688,Fermé,12,28,0
SIN0002730,POL006319,CLT00173,Santé,Hospitalisation,2023-12-02,2023-12-09,4800,4342,Fermé,17,7,0
SIN0002731,POL006322,CLT03857,Habitation,Catastrophe naturelle,2023-10-22,2023-11-05,24849,17976,Fermé,9,14,0
SIN0002732,POL006326,CLT02822,Santé,Optique,2024-11-29,2024-12-03,511,413,Ouvert,35,4,0
SIN0002733,POL006327,CLT04601,Auto,Accident matériel,2022-06-02,2022-07-01,3384,2803,Ouvert,29,29,0
SIN0002734,POL006337,CLT00387,Santé,Optique,2022-10-10,2022-11-04,318,289,Fermé,16,25,0
SIN0002735,POL006340,CLT03541,Auto,Accident matériel,2023-10-25,2023-10-29,3360,2998,Fermé,21,4,0
SIN0002736,POL006342,CLT00641,Auto,Bris de glace,2024-05-18,2024-06-12,435,385,Fermé,25,25,0
SIN0002737,POL006342,CLT00641,Auto,Bris de glace,2021-08-15,2021-08-24,900,641,Ouvert,28,9,0
SIN0002738,POL006346,CLT01883,Auto,Accident matériel,2022-12-30,2023-01-04,2914,1698,Fermé,9,5,0
SIN0002739,POL006348,CLT03336,Habitation,Vol/Cambriolage,2022-08-16,2022-08-18,6198,4569,Fermé,29,2,0
SIN0002740,POL006349,CLT03892,Habitation,Catastrophe naturelle,2023-09-25,2023-10-04,17121,11500,Fermé,14,9,0
SIN0002741,POL006350,CLT04575,Auto,Vol,2024-05-18,2024-06-11,8849,6720,Fermé,9,24,0
SIN0002742,POL006352,CLT01433,Auto,Vol,2023-08-22,2023-09-13,7670,4687,Fermé,26,22,0
SIN0002743,POL006353,CLT01954,Auto,Vol,2024-03-14,2024-04-09,7714,5404,Fermé,5,26,0
SIN0002744,POL006355,CLT00118,Habitation,Incendie,2023-02-05,2023-03-05,11547,10750,Fermé,26,28,0
SIN0002745,POL006361,CLT04235,Auto,Accident corporel,2024-04-29,2024-05-06,19814,16855,Fermé,24,7,0
SIN0002746,POL006362,CLT02595,Auto,Vol,2024-07-17,2024-08-16,4392,3999,Fermé,14,30,0
SIN0002747,POL006365,CLT00701,Auto,Vol,2024-02-07,2024-02-07,9201,6645,Fermé,20,0,0
SIN0002748,POL006367,CLT04719,Auto,Accident matériel,2023-03-15,2023-03-16,4968,4242,Fermé,10,1,0
SIN0002749,POL006368,CLT00635,Santé,Maternité,2022-09-05,2022-09-05,1194,885,Fermé,5,0,0
SIN0002750,POL006369,CLT03585,Auto,Accident matériel,2022-04-24,2022-05-08,3607,3285,Fermé,18,14,0
SIN0002751,POL006370,CLT04603,Auto,Incendie,2024-05-23,2024-06-20,39466,32440,Ouvert,58,28,0
SIN0002752,POL006372,CLT04461,Habitation,Vol/Cambriolage,2023-02-18,2023-02-24,7974,5982,Fermé,13,6,0
SIN0002753,POL006374,CLT03337,Auto,Accident matériel,2022-03-28,2022-03-30,3335,2439,Fermé,5,2,0
SIN0002754,POL006378,CLT03402,Auto,Accident matériel,2022-08-13,2022-09-11,3376,2167,Fermé,18,29,0
SIN0002755,POL006382,CLT04138,Auto,Accident corporel,2024-06-21,2024-07-04,14751,8677,Fermé,16,13,0
SIN0002756,POL006384,CLT01558,Habitation,Dégât des eaux,2024-03-26,2024-04-23,2752,1636,Fermé,30,28,0
SIN0002757,POL006385,CLT01070,Auto,Bris de glace,2023-02-25,2023-03-09,515,291,Fermé,29,12,0
SIN0002758,POL006388,CLT00587,Santé,Maternité,2021-03-19,2021-04-06,674,576,Fermé,28,18,0
SIN0002759,POL006394,CLT04863,Habitation,Dégât des eaux,2024-06-28,2024-07-24,5035,4364,Fermé,7,26,0
SIN0002760,POL006394,CLT04863,Habitation,Catastrophe naturelle,2024-08-04,2024-08-25,7922,4477,Fermé,27,21,0
SIN0002761,POL006399,CLT01217,Habitation,Incendie,2024-12-01,2024-12-02,56238,38293,Ouvert,20,1,0
SIN0002762,POL006403,CLT00954,Auto,Accident matériel,2024-04-06,2024-04-21,3680,2621,Ouvert,4,15,0
SIN0002763,POL006404,CLT01587,Santé,Dentaire,2023-09-26,2023-10-11,455,407,Fermé,12,15,0
SIN0002764,POL006408,CLT02966,Auto,Bris de glace,2023-07-09,2023-07-17,573,487,Ouvert,30,8,0
SIN0002765,POL006408,CLT02966,Auto,Accident corporel,2023-10-21,2023-10-23,17515,10717,Fermé,27,2,0
SIN0002766,POL006409,CLT02199,Habitation,Catastrophe naturelle,2022-09-09,2022-09-14,15378,9160,Fermé,5,5,0
SIN0002767,POL006409,CLT02199,Habitation,Incendie,2024-01-08,2024-01-31,27637,25381,Fermé,9,23,0
SIN0002768,POL006412,CLT04479,Habitation,Catastrophe naturelle,2022-10-05,2022-10-24,9894,6682,Fermé,23,19,0
SIN0002769,POL006412,CLT04479,Habitation,Incendie,2023-05-11,2023-06-02,25462,16427,Fermé,26,22,0
SIN0002770,POL006413,CLT02624,Habitation,Catastrophe naturelle,2022-10-20,2022-11-19,6544,4648,Fermé,20,30,0
SIN0002771,POL006414,CLT00161,Auto,Accident matériel,2024-05-16,2024-06-07,4721,3786,Fermé,24,22,0
SIN0002772,POL006428,CLT04928,Auto,Accident matériel,2021-12-06,2021-12-13,7232,6528,Fermé,14,7,0
SIN0002773,POL006434,CLT03184,Auto,Bris de glace,2024-08-12,2024-08-14,400,238,Fermé,26,2,0
SIN0002774,POL006435,CLT04147,Habitation,Vol/Cambriolage,2024-07-30,2024-08-11,6675,5681,Fermé,17,12,0
SIN0002775,POL006435,CLT04147,Habitation,Vol/Cambriolage,2024-06-25,2024-07-24,8046,4922,Fermé,16,29,0
SIN0002776,POL006442,CLT04929,Auto,Accident matériel,2023-12-21,2024-01-13,2068,1258,Fermé,24,23,0
SIN0002777,POL006443,CLT02272,Santé,Soins courants,2024-06-11,2024-06-16,175,140,Fermé,18,5,0
SIN0002778,POL006448,CLT03935,Habitation,Vol/Cambriolage,2023-10-07,2023-10-13,8680,7715,Fermé,12,6,0
SIN0002779,POL006451,CLT03702,Santé,Optique,2024-05-31,2024-06-21,594,449,Ouvert,10,21,0
SIN0002780,POL006453,CLT03926,Habitation,Catastrophe naturelle,2024-10-30,2024-11-28,27672,20202,Ouvert,21,29,0
SIN0002781,POL006459,CLT02268,Habitation,Catastrophe naturelle,2023-03-25,2023-03-27,9333,5220,Fermé,13,2,0
SIN0002782,POL006460,CLT02433,Auto,Accident corporel,2022-07-11,2022-07-20,31730,20168,Fermé,6,9,0
SIN0002783,POL006468,CLT01790,Auto,Accident matériel,2023-07-09,2023-07-12,3276,2225,Fermé,27,3,0
SIN0002784,POL006468,CLT01790,Auto,Vol,2023-08-28,2023-09-09,10922,8559,Fermé,7,12,0
SIN0002785,POL006468,CLT01790,Auto,Bris de glace,2022-12-05,2022-12-13,868,722,Fermé,12,8,0
SIN0002786,POL006468,CLT01790,Auto,Accident matériel,2024-10-15,2024-10-15,9048,7506,Ouvert,20,0,0
SIN0002787,POL006471,CLT04238,Auto,Accident corporel,2024-03-08,2024-04-05,28155,18289,Fermé,27,28,0
SIN0002788,POL006474,CLT00164,Auto,Accident matériel,2023-10-19,2023-11-12,2811,2063,Fermé,7,24,0
SIN0002789,POL006475,CLT03099,Auto,Bris de glace,2024-09-04,2024-09-28,681,489,Fermé,19,24,0
SIN0002790,POL006475,CLT03099,Auto,Accident matériel,2024-02-03,2024-02-15,7121,4695,Ouvert,39,12,0
SIN0002791,POL006475,CLT03099,Auto,Bris de glace,2024-09-29,2024-10-14,400,257,Ouvert,59,15,0
SIN0002792,POL006478,CLT01480,Habitation,Catastrophe naturelle,2023-07-01,2023-07-25,9197,6980,Fermé,13,24,0
SIN0002793,POL006478,CLT01480,Habitation,Dégât des eaux,2024-08-24,2024-09-02,5636,3504,Ouvert,5,9,0
SIN0002794,POL006478,CLT01480,Habitation,Dégât des eaux,2024-10-22,2024-11-12,3921,3114,Ouvert,27,21,0
SIN0002795,POL006478,CLT01480,Habitation,Catastrophe naturelle,2022-05-20,2022-05-24,18446,10726,Ouvert,33,4,0
SIN0002796,POL006478,CLT01480,Habitation,Dégât des eaux,2022-05-19,2022-05-24,8613,6843,Fermé,27,5,0
SIN0002797,POL006479,CLT03507,Auto,Accident corporel,2024-07-31,2024-08-14,23931,22604,Fermé,23,14,0
SIN0002798,POL006484,CLT00939,Santé,Optique,2023-09-04,2023-09-25,418,344,Litigieux,159,21,0
SIN0002799,POL006484,CLT00939,Santé,Hospitalisation,2023-09-30,2023-10-22,5744,4234,Ouvert,27,22,0
SIN0002800,POL006484,CLT00939,Santé,Dentaire,2023-03-19,2023-03-24,1077,637,Ouvert,23,5,0
SIN0002801,POL006487,CLT00020,Habitation,Incendie,2021-12-24,2022-01-16,30987,20688,Fermé,6,23,0
SIN0002802,POL006492,CLT04389,Santé,Optique,2023-10-14,2023-11-09,216,178,Litigieux,66,26,0
SIN0002803,POL006497,CLT00009,Auto,Accident matériel,2023-12-28,2024-01-26,8215,6796,Fermé,13,29,0
SIN0002804,POL006498,CLT01867,Santé,Optique,2022-06-27,2022-07-09,561,389,Ouvert,18,12,0
SIN0002805,POL006498,CLT01867,Santé,Optique,2023-06-28,2023-07-09,567,427,Ouvert,40,11,0
SIN0002806,POL006498,CLT01867,Santé,Soins courants,2024-10-19,2024-11-12,213,172,Ouvert,51,24,0
SIN0002807,POL006498,CLT01867,Santé,Optique,2023-07-31,2023-08-28,651,570,Fermé,10,28,0
SIN0002808,POL006500,CLT00502,Habitation,Dégât des eaux,2023-08-28,2023-08-31,1967,1805,Fermé,9,3,0
SIN0002809,POL006503,CLT00311,Auto,Accident corporel,2024-11-19,2024-12-05,10099,5772,Ouvert,49,16,0
SIN0002810,POL006503,CLT00311,Auto,Accident matériel,2024-11-19,2024-11-19,5773,3754,Ouvert,38,0,0
SIN0002811,POL006505,CLT03013,Habitation,Dégât des eaux,2023-07-14,2023-08-12,3586,2258,Fermé,28,29,0
SIN0002812,POL006505,CLT03013,Habitation,Dégât des eaux,2023-10-26,2023-11-01,5863,5024,Fermé,20,6,0
SIN0002813,POL006508,CLT04935,Habitation,Bris de glace,2023-08-24,2023-09-04,309,250,Ouvert,44,11,0
SIN0002814,POL006508,CLT04935,Habitation,Vol/Cambriolage,2022-07-27,2022-08-21,3494,2901,Fermé,23,25,0
SIN0002815,POL006509,CLT02877,Auto,Accident matériel,2024-05-24,2024-06-15,2479,2037,Fermé,11,22,0
SIN0002816,POL006509,CLT02877,Auto,Accident matériel,2024-03-02,2024-03-13,9710,7929,Fermé,7,11,0
SIN0002817,POL006513,CLT04247,Auto,Accident matériel,2021-07-04,2021-07-13,2750,2352,Fermé,30,9,0
SIN0002818,POL006515,CLT04282,Auto,Accident corporel,2023-06-07,2023-06-14,32794,24475,Fermé,16,7,0
SIN0002819,POL006519,CLT04264,Habitation,Catastrophe naturelle,2024-10-05,2024-10-09,27101,21952,Ouvert,55,4,0
SIN0002820,POL006522,CLT03791,Santé,Hospitalisation,2021-05-03,2021-05-04,4934,4059,Fermé,15,1,0
SIN0002821,POL006526,CLT00662,Santé,Dentaire,2021-02-14,2021-03-09,1206,697,Fermé,17,23,0
SIN0002822,POL006527,CLT01482,Auto,Bris de glace,2023-04-07,2023-04-18,268,214,Fermé,6,11,0
SIN0002823,POL006527,CLT01482,Auto,Accident corporel,2024-10-28,2024-11-02,14815,8312,Ouvert,14,5,0
SIN0002824,POL006527,CLT01482,Auto,Accident corporel,2024-08-22,2024-08-24,23148,16292,Fermé,21,2,0
SIN0002825,POL006528,CLT01473,Habitation,Vol/Cambriolage,2022-10-14,2022-10-19,18309,14277,Fermé,16,5,0
SIN0002826,POL006532,CLT02799,Auto,Bris de glace,2021-06-15,2021-06-20,523,475,Fermé,18,5,0
SIN0002827,POL006532,CLT02799,Auto,Accident corporel,2023-05-01,2023-05-13,36994,31893,Litigieux,41,12,0
SIN0002828,POL006533,CLT00872,Santé,Soins courants,2023-02-06,2023-02-22,60,36,Ouvert,6,16,0
SIN0002829,POL006538,CLT02432,Auto,Accident matériel,2023-09-27,2023-10-16,8119,7279,Fermé,16,19,0
SIN0002830,POL006539,CLT04021,Auto,Bris de glace,2024-07-11,2024-07-29,616,522,Fermé,8,18,0
SIN0002831,POL006539,CLT04021,Auto,Bris de glace,2024-01-14,2024-01-31,895,828,Fermé,29,17,0
SIN0002832,POL006540,CLT02066,Santé,Maternité,2023-04-08,2023-04-16,1173,925,Fermé,22,8,0
SIN0002833,POL006540,CLT02066,Santé,Dentaire,2023-05-15,2023-06-09,1024,955,Fermé,29,25,0
SIN0002834,POL006540,CLT02066,Santé,Hospitalisation,2022-07-27,2022-08-13,5106,3783,Fermé,17,17,0
SIN0002835,POL006541,CLT03224,Auto,Accident matériel,2024-02-14,2024-03-12,6490,3858,Ouvert,19,27,0
SIN0002836,POL006547,CLT04419,Habitation,Vol/Cambriolage,2023-11-02,2023-11-16,6174,4203,Fermé,12,14,0
SIN0002837,POL006548,CLT00175,Santé,Hospitalisation,2023-02-01,2023-02-21,4212,3598,Fermé,19,20,0
SIN0002838,POL006550,CLT02290,Habitation,Incendie,2022-12-21,2023-01-15,44610,31007,Fermé,17,25,0
SIN0002839,POL006551,CLT00170,Santé,Soins courants,2024-07-07,2024-07-10,172,131,Ouvert,60,3,0
SIN0002840,POL006555,CLT00204,Auto,Accident matériel,2022-05-29,2022-06-26,5749,3719,Fermé,5,28,0
SIN0002841,POL006557,CLT03839,Auto,Accident corporel,2024-01-09,2024-01-18,30810,20611,Fermé,16,9,0
SIN0002842,POL006570,CLT03514,Santé,Soins courants,2024-06-27,2024-07-24,208,177,Fermé,5,27,0
SIN0002843,POL006572,CLT00103,Habitation,Catastrophe naturelle,2023-06-05,2023-06-20,30740,28323,Litigieux,70,15,0
SIN0002844,POL006576,CLT01522,Auto,Vol,2024-07-23,2024-08-19,11327,10339,Fermé,14,27,0
SIN0002845,POL006580,CLT00247,Auto,Vol,2023-09-26,2023-10-03,3278,2529,Fermé,14,7,0
SIN0002846,POL006580,CLT00247,Auto,Bris de glace,2021-04-03,2021-04-07,586,450,Fermé,20,4,0
SIN0002847,POL006581,CLT02892,Habitation,Vol/Cambriolage,2023-11-04,2023-12-04,6994,3902,Litigieux,157,30,0
SIN0002848,POL006581,CLT02892,Habitation,Dégât des eaux,2023-10-12,2023-11-07,4422,3055,Fermé,24,26,0
SIN0002849,POL006582,CLT00629,Auto,Accident matériel,2024-10-28,2024-11-06,3876,3134,Ouvert,24,9,0
SIN0002850,POL006585,CLT04842,Auto,Bris de glace,2023-06-16,2023-06-19,613,467,Fermé,16,3,0
SIN0002851,POL006587,CLT04138,Habitation,Vol/Cambriolage,2023-06-20,2023-07-07,11257,10260,Fermé,27,17,0
SIN0002852,POL006588,CLT04749,Habitation,Incendie,2022-08-04,2022-08-10,47382,37774,Ouvert,28,6,0
SIN0002853,POL006589,CLT04486,Habitation,Vol/Cambriolage,2023-08-26,2023-09-21,17981,14956,Fermé,22,26,0
SIN0002854,POL006590,CLT03348,Auto,Accident matériel,2024-04-12,2024-05-10,2228,1767,Fermé,8,28,0
SIN0002855,POL006590,CLT03348,Auto,Bris de glace,2024-03-06,2024-03-20,198,123,Ouvert,23,14,0
SIN0002856,POL006593,CLT02046,Auto,Incendie,2024-12-17,2024-12-31,37340,24485,Ouvert,52,25,0
SIN0002857,POL006601,CLT03094,Auto,Bris de glace,2023-04-05,2023-04-22,1017,770,Ouvert,22,17,0
SIN0002858,POL006603,CLT03223,Santé,Optique,2023-07-29,2023-08-16,302,173,Litigieux,150,18,0
SIN0002859,POL006605,CLT03831,Auto,Vol,2024-09-10,2024-09-12,6850,5587,Fermé,18,2,0
SIN0002860,POL006606,CLT03286,Habitation,Dégât des eaux,2021-10-06,2021-10-10,6124,5096,Litigieux,88,4,0
SIN0002861,POL006606,CLT03286,Habitation,Catastrophe naturelle,2024-05-05,2024-06-01,14619,13524,Litigieux,85,27,0
SIN0002862,POL006616,CLT04433,Habitation,Vol/Cambriolage,2021-08-04,2021-08-16,5079,3524,Fermé,29,12,0
SIN0002863,POL006616,CLT04433,Habitation,Vol/Cambriolage,2024-06-18,2024-07-03,6351,5920,Fermé,29,15,0
SIN0002864,POL006616,CLT04433,Habitation,Catastrophe naturelle,2023-08-13,2023-08-25,24416,18197,Fermé,26,12,0
SIN0002865,POL006617,CLT02987,Santé,Dentaire,2024-03-30,2024-04-17,1934,1731,Ouvert,19,18,0
SIN0002866,POL006620,CLT03789,Santé,Maternité,2024-03-31,2024-04-03,897,659,Fermé,7,3,0
SIN0002867,POL006620,CLT03789,Santé,Dentaire,2024-02-24,2024-03-06,638,573,Litigieux,98,11,0
SIN0002868,POL006622,CLT02308,Habitation,Dégât des eaux,2023-06-21,2023-06-24,11259,8501,Litigieux,177,3,0
SIN0002869,POL006631,CLT02063,Auto,Bris de glace,2024-07-09,2024-07-23,209,157,Ouvert,54,14,0
SIN0002870,POL006636,CLT02027,Auto,Accident matériel,2022-08-01,2022-08-26,2547,2065,Fermé,18,25,0
SIN0002871,POL006636,CLT02027,Auto,Incendie,2023-09-06,2023-10-02,16911,13278,Fermé,18,26,0
SIN0002872,POL006638,CLT01313,Habitation,Dégât des eaux,2022-07-12,2022-07-13,938,792,Fermé,17,1,0
SIN0002873,POL006642,CLT03001,Auto,Bris de glace,2022-05-27,2022-06-09,555,513,Fermé,24,13,0
SIN0002874,POL006642,CLT03001,Auto,Incendie,2024-01-27,2024-02-01,25025,16578,Ouvert,30,5,0
SIN0002875,POL006648,CLT02207,Habitation,Catastrophe naturelle,2024-04-28,2024-05-20,15101,9550,Ouvert,16,22,0
SIN0002876,POL006648,CLT02207,Habitation,Dégât des eaux,2022-06-30,2022-07-12,9439,7074,Litigieux,155,12,0
SIN0002877,POL006649,CLT01154,Habitation,Dégât des eaux,2023-12-06,2023-12-19,1754,972,Ouvert,12,13,0
SIN0002878,POL006650,CLT04297,Habitation,Dégât des eaux,2024-03-11,2024-03-29,4293,3248,Fermé,7,18,0
SIN0002879,POL006652,CLT00799,Santé,Dentaire,2024-12-26,2024-12-27,2080,1318,Ouvert,31,1,0
SIN0002880,POL006653,CLT02632,Santé,Optique,2024-10-09,2024-10-23,457,409,Ouvert,30,14,0
SIN0002881,POL006653,CLT02632,Santé,Soins courants,2024-02-02,2024-03-03,254,152,Fermé,7,30,0
SIN0002882,POL006657,CLT01533,Habitation,Vol/Cambriolage,2024-11-11,2024-12-03,6982,6024,Ouvert,1,22,0
SIN0002883,POL006659,CLT00582,Habitation,Dégât des eaux,2024-09-21,2024-09-27,4767,3313,Litigieux,180,6,0
SIN0002884,POL006661,CLT03963,Auto,Vol,2022-09-06,2022-09-27,4949,2848,Fermé,7,21,0
SIN0002885,POL006661,CLT03963,Auto,Bris de glace,2023-05-23,2023-05-31,475,317,Fermé,20,8,0
SIN0002886,POL006661,CLT03963,Auto,Vol,2023-03-21,2023-03-22,4825,3980,Fermé,25,1,0
SIN0002887,POL006664,CLT00176,Santé,Dentaire,2023-05-02,2023-05-13,1697,1410,Ouvert,36,11,0
SIN0002888,POL006667,CLT02817,Santé,Soins courants,2023-08-29,2023-08-30,287,238,Fermé,15,1,0
SIN0002889,POL006668,CLT03455,Habitation,Dégât des eaux,2024-12-25,2024-12-31,3743,3381,Ouvert,35,16,0
SIN0002890,POL006672,CLT00305,Auto,Bris de glace,2023-11-16,2023-12-05,205,149,Fermé,9,19,0
SIN0002891,POL006678,CLT00775,Santé,Dentaire,2021-07-02,2021-07-02,893,811,Ouvert,60,0,0
SIN0002892,POL006678,CLT00775,Santé,Dentaire,2024-09-14,2024-10-12,615,462,Ouvert,29,28,0
SIN0002893,POL006680,CLT00660,Habitation,Dégât des eaux,2022-05-27,2022-06-05,3135,2559,Fermé,25,9,0
SIN0002894,POL006680,CLT00660,Habitation,Dégât des eaux,2024-08-07,2024-08-28,2821,2066,Litigieux,83,21,0
SIN0002895,POL006680,CLT00660,Habitation,Bris de glace,2022-07-24,2022-07-24,383,346,Fermé,28,0,0
SIN0002896,POL006681,CLT01262,Auto,Bris de glace,2024-10-25,2024-11-21,435,361,Ouvert,5,27,0
SIN0002897,POL006690,CLT03644,Habitation,Bris de glace,2024-04-27,2024-05-05,365,247,Ouvert,28,8,0
SIN0002898,POL006697,CLT01565,Auto,Accident matériel,2024-07-01,2024-07-21,1467,1204,Ouvert,43,20,0
SIN0002899,POL006698,CLT03771,Santé,Dentaire,2024-08-13,2024-08-16,1481,1233,Ouvert,40,3,0
SIN0002900,POL006699,CLT00048,Santé,Soins courants,2023-06-19,2023-06-21,435,281,Litigieux,153,2,0
SIN0002901,POL006703,CLT03405,Habitation,Dégât des eaux,2023-01-28,2023-01-29,1980,1287,Fermé,27,1,0
SIN0002902,POL006706,CLT03203,Habitation,Dégât des eaux,2024-04-08,2024-05-06,3604,2097,Fermé,16,28,0
SIN0002903,POL006707,CLT03764,Auto,Vol,2024-04-14,2024-04-14,6384,5095,Fermé,26,0,0
SIN0002904,POL006707,CLT03764,Auto,Vol,2023-01-16,2023-01-29,19186,10651,Fermé,16,13,0
SIN0002905,POL006710,CLT00298,Habitation,Incendie,2024-09-19,2024-09-22,40548,24175,Ouvert,28,3,0
SIN0002906,POL006711,CLT00531,Auto,Bris de glace,2023-07-15,2023-07-20,903,759,Ouvert,10,5,0
SIN0002907,POL006713,CLT02474,Santé,Maternité,2024-01-26,2024-02-12,1400,1283,Fermé,7,17,0
SIN0002908,POL006716,CLT04064,Habitation,Vol/Cambriolage,2022-12-16,2022-12-19,7442,5433,Fermé,5,3,0
SIN0002909,POL006716,CLT04064,Habitation,Vol/Cambriolage,2024-03-19,2024-03-19,4506,2820,Ouvert,60,0,0
SIN0002910,POL006718,CLT00894,Auto,Accident matériel,2023-02-16,2023-03-07,3687,3373,Fermé,20,19,0
SIN0002911,POL006719,CLT01413,Auto,Accident corporel,2024-04-22,2024-05-08,16474,11720,Fermé,27,16,0
SIN0002912,POL006720,CLT01484,Auto,Accident matériel,2023-10-24,2023-11-17,1073,624,Fermé,29,24,0
SIN0002913,POL006723,CLT04214,Santé,Optique,2024-02-23,2024-03-16,265,238,Fermé,5,22,0
SIN0002914,POL006725,CLT00609,Auto,Incendie,2024-05-16,2024-06-03,28495,23458,Fermé,14,18,0
SIN0002915,POL006733,CLT01389,Auto,Bris de glace,2023-07-16,2023-07-25,230,175,Fermé,8,9,0
SIN0002916,POL006736,CLT01943,Auto,Vol,2024-01-19,2024-02-14,6442,5863,Fermé,18,26,0
SIN0002917,POL006737,CLT01849,Habitation,Catastrophe naturelle,2023-04-20,2023-05-16,24003,18976,Litigieux,131,26,0
SIN0002918,POL006743,CLT02434,Habitation,Dégât des eaux,2024-06-14,2024-06-19,2158,1292,Litigieux,90,5,0
SIN0002919,POL006750,CLT00319,Habitation,Vol/Cambriolage,2023-09-24,2023-10-13,4562,3880,Fermé,8,19,0
SIN0002920,POL006759,CLT01079,Habitation,Bris de glace,2024-04-26,2024-05-11,580,433,Ouvert,6,15,0
SIN0002921,POL006760,CLT02141,Habitation,Dégât des eaux,2023-02-26,2023-03-02,5706,5395,Ouvert,26,4,0
SIN0002922,POL006763,CLT01320,Auto,Accident matériel,2024-02-28,2024-03-21,4353,2463,Fermé,22,22,0
SIN0002923,POL006765,CLT01326,Habitation,Incendie,2023-10-11,2023-11-01,12640,10246,Fermé,6,21,0
SIN0002924,POL006772,CLT01056,Habitation,Catastrophe naturelle,2023-07-18,2023-08-08,22400,14453,Fermé,8,21,0
SIN0002925,POL006772,CLT01056,Habitation,Vol/Cambriolage,2024-08-15,2024-09-01,7748,7233,Fermé,26,17,0
SIN0002926,POL006772,CLT01056,Habitation,Dégât des eaux,2021-10-14,2021-10-22,5598,4536,Fermé,21,8,0
SIN0002927,POL006772,CLT01056,Habitation,Dégât des eaux,2024-04-26,2024-05-22,5356,4572,Fermé,7,26,0
SIN0002928,POL006775,CLT04815,Auto,Vol,2024-07-11,2024-07-11,6783,4724,Fermé,29,0,0
SIN0002929,POL006781,CLT01339,Auto,Incendie,2021-08-25,2021-09-24,46840,30627,Fermé,23,30,0
SIN0002930,POL006783,CLT00348,Santé,Hospitalisation,2023-07-17,2023-07-22,5446,3380,Fermé,8,5,0
SIN0002931,POL006784,CLT01408,Auto,Accident matériel,2024-07-01,2024-07-29,2872,2376,Fermé,18,28,0
SIN0002932,POL006784,CLT01408,Auto,Accident corporel,2023-01-30,2023-02-04,7618,5380,Fermé,10,5,0
SIN0002933,POL006790,CLT01612,Santé,Optique,2024-11-26,2024-12-06,617,451,Ouvert,45,10,0
SIN0002934,POL006795,CLT01517,Auto,Accident matériel,2024-08-14,2024-08-23,2132,1754,Fermé,8,9,0
SIN0002935,POL006799,CLT02868,Auto,Bris de glace,2024-02-05,2024-02-16,658,414,Ouvert,38,11,0
SIN0002936,POL006802,CLT00006,Habitation,Bris de glace,2022-10-11,2022-10-16,288,273,Fermé,23,5,0
SIN0002937,POL006805,CLT03015,Auto,Accident matériel,2023-06-18,2023-06-26,3861,2526,Ouvert,17,8,0
SIN0002938,POL006809,CLT02035,Auto,Accident matériel,2024-03-14,2024-03-27,1170,734,Litigieux,51,13,0
SIN0002939,POL006811,CLT02623,Auto,Bris de glace,2023-11-14,2023-12-04,616,499,Fermé,9,20,0
SIN0002940,POL006812,CLT03343,Habitation,Dégât des eaux,2024-09-09,2024-09-27,4700,3841,Fermé,17,18,0
SIN0002941,POL006814,CLT02829,Auto,Vol,2023-04-10,2023-05-06,5105,3585,Fermé,7,26,0
SIN0002942,POL006816,CLT00248,Habitation,Vol/Cambriolage,2024-08-14,2024-08-19,6463,3821,Fermé,15,5,0
SIN0002943,POL006816,CLT00248,Habitation,Vol/Cambriolage,2023-05-19,2023-05-28,7966,4815,Fermé,30,9,0
SIN0002944,POL006819,CLT00506,Auto,Accident matériel,2023-06-17,2023-07-09,3348,1905,Fermé,13,22,0
SIN0002945,POL006820,CLT01338,Habitation,Dégât des eaux,2024-05-14,2024-05-15,3099,2352,Ouvert,5,1,0
SIN0002946,POL006823,CLT00076,Auto,Accident corporel,2022-10-27,2022-11-12,20884,15904,Fermé,22,16,0
SIN0002947,POL006823,CLT00076,Auto,Accident matériel,2024-12-06,2024-12-31,4033,2456,Ouvert,33,30,0
SIN0002948,POL006823,CLT00076,Auto,Accident matériel,2024-01-20,2024-02-18,2485,1610,Fermé,15,29,0
SIN0002949,POL006824,CLT00859,Auto,Accident matériel,2024-03-05,2024-03-27,5967,5523,Fermé,11,22,0
SIN0002950,POL006825,CLT00162,Auto,Accident matériel,2022-11-17,2022-11-21,2431,1601,Ouvert,57,4,0
SIN0002951,POL006826,CLT00506,Auto,Bris de glace,2023-05-30,2023-06-13,688,504,Fermé,12,14,0
SIN0002952,POL006827,CLT02404,Santé,Soins courants,2024-05-12,2024-06-05,337,190,Fermé,10,24,0
SIN0002953,POL006827,CLT02404,Santé,Soins courants,2021-04-26,2021-05-11,459,410,Fermé,30,15,0
SIN0002954,POL006828,CLT04923,Auto,Bris de glace,2024-12-08,2024-12-13,484,348,Ouvert,45,5,0
SIN0002955,POL006830,CLT02249,Habitation,Dégât des eaux,2023-07-30,2023-08-22,6674,5183,Fermé,28,23,0
SIN0002956,POL006834,CLT02170,Habitation,Vol/Cambriolage,2021-10-22,2021-11-19,16140,13683,Ouvert,54,28,0
SIN0002957,POL006837,CLT04423,Auto,Accident matériel,2024-02-08,2024-02-12,2596,2401,Ouvert,42,4,0
SIN0002958,POL006840,CLT00293,Auto,Incendie,2024-09-16,2024-09-17,29283,19363,Fermé,18,1,0
SIN0002959,POL006841,CLT00086,Habitation,Vol/Cambriolage,2024-05-02,2024-05-17,10514,9404,Fermé,27,15,0
SIN0002960,POL006843,CLT04090,Santé,Optique,2023-10-30,2023-10-31,396,286,Fermé,28,1,0
SIN0002961,POL006844,CLT02638,Habitation,Dégât des eaux,2022-10-28,2022-11-22,5951,3550,Fermé,10,25,0
SIN0002962,POL006844,CLT02638,Habitation,Dégât des eaux,2024-03-20,2024-03-26,12878,11655,Fermé,11,6,0
SIN0002963,POL006849,CLT04840,Santé,Dentaire,2022-07-24,2022-08-17,945,524,Ouvert,59,24,0
SIN0002964,POL006853,CLT02748,Habitation,Vol/Cambriolage,2023-04-18,2023-05-10,11456,8847,Fermé,8,22,0
SIN0002965,POL006855,CLT01218,Auto,Bris de glace,2023-04-22,2023-05-09,713,484,Ouvert,58,17,0
SIN0002966,POL006855,CLT01218,Auto,Accident matériel,2022-05-07,2022-06-01,7242,4368,Fermé,12,25,0
SIN0002967,POL006855,CLT01218,Auto,Incendie,2022-05-11,2022-06-02,59532,54932,Ouvert,39,22,0
SIN0002968,POL006857,CLT03583,Santé,Soins courants,2021-10-07,2021-10-22,93,59,Ouvert,6,15,0
SIN0002969,POL006858,CLT00575,Santé,Soins courants,2024-05-09,2024-05-13,261,232,Fermé,21,4,0
SIN0002970,POL006862,CLT01104,Auto,Accident corporel,2024-07-17,2024-08-02,11469,7710,Fermé,19,16,0
SIN0002971,POL006864,CLT00796,Santé,Hospitalisation,2022-03-25,2022-04-03,10981,9773,Fermé,12,9,0
SIN0002972,POL006868,CLT03125,Habitation,Incendie,2023-07-25,2023-08-10,35094,19496,Ouvert,48,16,0
SIN0002973,POL006868,CLT03125,Habitation,Vol/Cambriolage,2021-05-27,2021-06-19,9306,8086,Litigieux,147,23,0
SIN0002974,POL006870,CLT00905,Santé,Optique,2022-09-09,2022-09-14,400,304,Fermé,19,5,0
SIN0002975,POL006872,CLT03912,Auto,Vol,2024-08-09,2024-08-25,4678,3251,Ouvert,10,16,0
SIN0002976,POL006875,CLT03313,Habitation,Dégât des eaux,2024-05-04,2024-05-23,4239,3256,Litigieux,78,19,0
SIN0002977,POL006877,CLT02784,Santé,Maternité,2024-08-21,2024-09-17,1445,1247,Fermé,7,27,0
SIN0002978,POL006878,CLT01787,Auto,Accident matériel,2024-08-18,2024-09-07,3008,2204,Fermé,13,20,0
SIN0002979,POL006879,CLT04838,Habitation,Incendie,2024-10-10,2024-10-20,52095,45433,Ouvert,8,10,0
SIN0002980,POL006879,CLT04838,Habitation,Catastrophe naturelle,2023-12-23,2023-12-31,22777,13368,Fermé,10,8,0
SIN0002981,POL006881,CLT04793,Habitation,Vol/Cambriolage,2022-07-13,2022-07-21,4176,3724,Fermé,10,8,0
SIN0002982,POL006882,CLT02141,Auto,Accident matériel,2024-05-22,2024-06-11,1929,1410,Fermé,16,20,0
SIN0002983,POL006882,CLT02141,Auto,Bris de glace,2021-08-17,2021-08-17,380,316,Fermé,24,0,0
SIN0002984,POL006887,CLT01942,Auto,Accident matériel,2023-10-24,2023-11-07,4435,2757,Fermé,5,14,0
SIN0002985,POL006888,CLT04617,Santé,Dentaire,2024-03-16,2024-03-24,513,424,Fermé,12,8,0
SIN0002986,POL006889,CLT03568,Auto,Accident matériel,2024-08-08,2024-09-03,3664,2365,Fermé,30,26,0
SIN0002987,POL006890,CLT04045,Auto,Bris de glace,2024-12-05,2024-12-18,417,240,Ouvert,53,13,0
SIN0002988,POL006891,CLT03652,Auto,Accident matériel,2021-10-20,2021-11-06,4489,2588,Fermé,26,17,0
SIN0002989,POL006892,CLT02640,Auto,Accident matériel,2024-08-10,2024-08-18,3334,2326,Fermé,20,8,0
SIN0002990,POL006892,CLT02640,Auto,Incendie,2024-08-06,2024-08-13,25692,15248,Litigieux,170,7,0
SIN0002991,POL006895,CLT03009,Santé,Soins courants,2024-01-31,2024-02-25,104,87,Fermé,12,25,0
SIN0002992,POL006903,CLT02897,Auto,Accident matériel,2022-03-13,2022-03-21,3838,2856,Fermé,7,8,0
SIN0002993,POL006904,CLT04086,Santé,Dentaire,2024-07-01,2024-07-04,880,605,Fermé,26,3,0
SIN0002994,POL006912,CLT02050,Santé,Maternité,2024-06-10,2024-06-23,935,514,Fermé,24,13,0
SIN0002995,POL006914,CLT00520,Habitation,Incendie,2024-09-15,2024-09-23,51183,45607,Ouvert,19,8,0
SIN0002996,POL006916,CLT01834,Habitation,Incendie,2024-01-15,2024-01-17,50497,43357,Fermé,27,2,0
SIN0002997,POL006920,CLT01785,Habitation,Dégât des eaux,2024-09-10,2024-10-01,1512,883,Fermé,17,21,0
SIN0002998,POL006924,CLT03494,Habitation,Dégât des eaux,2024-02-04,2024-02-26,3642,2952,Fermé,20,22,0
SIN0002999,POL006926,CLT04143,Santé,Hospitalisation,2023-06-01,2023-06-29,4879,4297,Fermé,8,28,0
SIN0003000,POL006928,CLT04724,Auto,Accident corporel,2023-06-18,2023-06-27,11536,10853,Ouvert,56,9,0
SIN0003001,POL006933,CLT02411,Habitation,Dégât des eaux,2021-05-21,2021-06-02,4960,3877,Fermé,18,12,0
SIN0003002,POL006933,CLT02411,Habitation,Dégât des eaux,2024-09-14,2024-09-14,4531,4172,Fermé,25,0,0
SIN0003003,POL006933,CLT02411,Habitation,Dégât des eaux,2024-02-24,2024-03-25,3997,2220,Litigieux,105,30,0
SIN0003004,POL006935,CLT01827,Santé,Soins courants,2023-12-04,2023-12-09,315,192,Fermé,18,5,0
SIN0003005,POL006935,CLT01827,Santé,Dentaire,2024-09-24,2024-09-27,2013,1836,Fermé,6,3,0
SIN0003006,POL006936,CLT00137,Habitation,Dégât des eaux,2023-04-01,2023-04-27,2757,2054,Litigieux,80,26,0
SIN0003007,POL006941,CLT00713,Habitation,Vol/Cambriolage,2023-10-26,2023-11-19,3177,2132,Fermé,16,24,0
SIN0003008,POL006941,CLT00713,Habitation,Dégât des eaux,2024-07-13,2024-08-02,4939,3619,Fermé,11,20,0
SIN0003009,POL006941,CLT00713,Habitation,Dégât des eaux,2024-03-01,2024-03-31,7881,5012,Fermé,26,30,0
SIN0003010,POL006951,CLT00764,Santé,Optique,2023-11-12,2023-12-11,122,69,Litigieux,59,29,0
SIN0003011,POL006957,CLT02089,Habitation,Dégât des eaux,2023-05-09,2023-05-11,8066,5377,Ouvert,60,2,0
SIN0003012,POL006957,CLT02089,Habitation,Incendie,2024-05-23,2024-06-03,13443,10246,Ouvert,13,11,0
SIN0003013,POL006957,CLT02089,Habitation,Dégât des eaux,2023-03-26,2023-04-03,5161,3691,Fermé,12,8,0
SIN0003014,POL006959,CLT04185,Habitation,Dégât des eaux,2023-03-13,2023-03-26,13264,10989,Fermé,22,13,0
SIN0003015,POL006961,CLT04562,Habitation,Incendie,2023-05-22,2023-06-12,48333,38362,Litigieux,151,21,0
SIN0003016,POL006961,CLT04562,Habitation,Incendie,2023-04-14,2023-05-08,20370,18354,Fermé,12,24,0
SIN0003017,POL006964,CLT00054,Habitation,Bris de glace,2024-09-15,2024-10-12,318,231,Ouvert,33,27,0
SIN0003018,POL006970,CLT02960,Habitation,Incendie,2024-01-02,2024-01-06,24712,21562,Fermé,8,4,0
SIN0003019,POL006973,CLT02934,Habitation,Vol/Cambriolage,2024-07-06,2024-07-16,11967,8725,Fermé,16,10,0
SIN0003020,POL006976,CLT04190,Habitation,Dégât des eaux,2023-01-17,2023-02-11,6127,3903,Fermé,10,25,0
SIN0003021,POL006986,CLT03813,Auto,Accident corporel,2024-02-10,2024-03-08,14821,11431,Fermé,13,27,0
SIN0003022,POL006987,CLT03936,Habitation,Incendie,2024-08-04,2024-08-16,17326,10262,Fermé,16,12,0
SIN0003023,POL006987,CLT03936,Habitation,Vol/Cambriolage,2023-10-10,2023-10-10,4951,4279,Fermé,21,0,0
SIN0003024,POL006988,CLT01005,Santé,Maternité,2024-09-06,2024-09-29,752,665,Fermé,15,23,0
SIN0003025,POL006989,CLT01734,Auto,Accident matériel,2024-05-15,2024-05-21,1764,1582,Fermé,12,6,0
SIN0003026,POL006989,CLT01734,Auto,Accident matériel,2024-12-27,2024-12-31,1328,872,Ouvert,5,30,0
SIN0003027,POL006991,CLT01766,Santé,Hospitalisation,2024-09-09,2024-09-24,7738,6503,Fermé,25,15,0
SIN0003028,POL006992,CLT03403,Santé,Soins courants,2024-11-25,2024-12-18,137,113,Ouvert,2,23,0
SIN0003029,POL006992,CLT03403,Santé,Maternité,2023-06-24,2023-07-16,1305,1205,Fermé,16,22,0
SIN0003030,POL006996,CLT01486,Auto,Incendie,2024-12-22,2024-12-31,22528,18778,Ouvert,57,20,0
SIN0003031,POL006997,CLT00348,Santé,Dentaire,2023-10-08,2023-10-25,1188,717,Fermé,8,17,0
SIN0003032,POL007003,CLT03919,Santé,Soins courants,2021-10-21,2021-10-23,266,221,Fermé,18,2,0
SIN0003033,POL007010,CLT02425,Auto,Accident matériel,2021-08-26,2021-09-23,2814,2551,Ouvert,53,28,0
SIN0003034,POL007017,CLT01529,Auto,Bris de glace,2024-10-24,2024-11-20,416,241,Ouvert,55,27,0
SIN0003035,POL007019,CLT03858,Habitation,Incendie,2023-01-19,2023-01-20,14216,12590,Fermé,23,1,0
SIN0003036,POL007024,CLT00223,Auto,Accident matériel,2024-02-29,2024-03-01,3097,2302,Ouvert,24,1,0
SIN0003037,POL007028,CLT04933,Habitation,Vol/Cambriolage,2022-05-17,2022-06-02,3835,2683,Ouvert,3,16,0
SIN0003038,POL007029,CLT04744,Habitation,Dégât des eaux,2024-07-10,2024-08-08,15832,13811,Fermé,16,29,0
SIN0003039,POL007031,CLT04851,Habitation,Dégât des eaux,2024-11-27,2024-11-30,3935,2453,Ouvert,34,3,0
SIN0003040,POL007034,CLT00499,Habitation,Dégât des eaux,2024-07-09,2024-08-04,2906,2176,Fermé,17,26,0
SIN0003041,POL007035,CLT01946,Auto,Accident matériel,2022-02-05,2022-02-21,3406,2059,Fermé,18,16,0
SIN0003042,POL007036,CLT02677,Habitation,Catastrophe naturelle,2023-12-25,2024-01-20,26758,21188,Litigieux,138,26,0
SIN0003043,POL007037,CLT00650,Santé,Soins courants,2021-09-10,2021-10-10,166,146,Ouvert,12,30,0
SIN0003044,POL007037,CLT00650,Santé,Soins courants,2022-06-27,2022-07-24,366,251,Ouvert,51,27,0
SIN0003045,POL007037,CLT00650,Santé,Hospitalisation,2024-11-18,2024-12-09,8149,7108,Ouvert,57,21,0
SIN0003046,POL007038,CLT02247,Auto,Accident matériel,2024-02-19,2024-02-24,3345,3057,Litigieux,176,5,0
SIN0003047,POL007038,CLT02247,Auto,Accident matériel,2021-02-27,2021-03-25,5769,4862,Fermé,7,26,0
SIN0003048,POL007039,CLT04044,Auto,Accident matériel,2024-02-23,2024-02-25,3469,2074,Fermé,16,2,0
SIN0003049,POL007039,CLT04044,Auto,Bris de glace,2024-07-10,2024-07-12,456,380,Fermé,25,2,0
SIN0003050,POL007042,CLT00387,Habitation,Vol/Cambriolage,2024-12-30,2024-12-31,5623,4464,Ouvert,25,1,0
SIN0003051,POL007044,CLT03020,Santé,Soins courants,2023-05-12,2023-05-13,60,46,Fermé,19,1,0
SIN0003052,POL007045,CLT00206,Santé,Optique,2023-12-11,2023-12-23,295,186,Litigieux,164,12,0
SIN0003053,POL007048,CLT01723,Habitation,Dégât des eaux,2023-08-03,2023-08-09,2116,1684,Fermé,25,6,0
SIN0003054,POL007049,CLT04979,Habitation,Dégât des eaux,2022-07-21,2022-07-31,7634,6108,Fermé,24,10,0
SIN0003055,POL007054,CLT02462,Santé,Soins courants,2023-08-13,2023-09-08,183,139,Fermé,20,26,0
SIN0003056,POL007056,CLT00797,Habitation,Dégât des eaux,2023-05-30,2023-06-28,2072,1523,Fermé,12,29,0
SIN0003057,POL007061,CLT00218,Habitation,Vol/Cambriolage,2023-10-13,2023-10-27,8981,7860,Fermé,26,14,0
SIN0003058,POL007064,CLT01550,Habitation,Incendie,2021-12-05,2021-12-12,22091,16864,Fermé,25,7,0
SIN0003059,POL007064,CLT01550,Habitation,Dégât des eaux,2022-06-19,2022-07-12,2396,1407,Fermé,6,23,0
SIN0003060,POL007071,CLT04264,Habitation,Bris de glace,2022-10-06,2022-10-26,614,476,Fermé,25,20,0
SIN0003061,POL007071,CLT04264,Habitation,Catastrophe naturelle,2023-09-04,2023-09-04,4430,4105,Ouvert,7,0,0
SIN0003062,POL007072,CLT00184,Habitation,Dégât des eaux,2024-12-14,2024-12-25,10166,9398,Ouvert,32,11,0
SIN0003063,POL007074,CLT03165,Auto,Vol,2023-10-31,2023-11-03,6170,5052,Fermé,28,3,0
SIN0003064,POL007081,CLT01059,Auto,Vol,2022-09-16,2022-09-25,8078,6844,Fermé,18,9,0
SIN0003065,POL007081,CLT01059,Auto,Bris de glace,2024-04-04,2024-04-11,250,200,Fermé,20,7,0
SIN0003066,POL007082,CLT03534,Auto,Accident matériel,2023-06-16,2023-07-10,4286,2906,Fermé,25,24,0
SIN0003067,POL007083,CLT01919,Auto,Vol,2022-04-22,2022-05-16,7222,4971,Litigieux,124,24,0
SIN0003068,POL007085,CLT01080,Auto,Accident matériel,2023-12-23,2024-01-03,2633,2219,Litigieux,112,11,0
SIN0003069,POL007085,CLT01080,Auto,Accident matériel,2024-01-20,2024-02-02,6573,5899,Fermé,9,13,0
SIN0003070,POL007085,CLT01080,Auto,Accident matériel,2024-10-25,2024-11-22,4791,3231,Ouvert,30,28,0
SIN0003071,POL007086,CLT04617,Auto,Bris de glace,2023-08-10,2023-08-22,519,375,Fermé,24,12,0
SIN0003072,POL007087,CLT00527,Auto,Accident corporel,2024-05-13,2024-05-13,6159,4877,Fermé,7,0,0
SIN0003073,POL007088,CLT03726,Habitation,Vol/Cambriolage,2024-02-19,2024-02-22,1894,1599,Fermé,16,3,0
SIN0003074,POL007089,CLT03197,Habitation,Vol/Cambriolage,2024-02-12,2024-02-15,7863,6594,Fermé,22,3,0
SIN0003075,POL007090,CLT01575,Auto,Bris de glace,2023-09-07,2023-09-26,1230,820,Ouvert,20,19,0
SIN0003076,POL007091,CLT02307,Auto,Accident matériel,2024-04-08,2024-05-08,6583,4466,Fermé,24,30,0
SIN0003077,POL007097,CLT00216,Habitation,Catastrophe naturelle,2024-02-02,2024-02-15,22950,21009,Fermé,13,13,0
SIN0003078,POL007102,CLT02098,Auto,Accident matériel,2023-11-04,2023-11-12,2877,2157,Fermé,24,8,0
SIN0003079,POL007106,CLT03760,Santé,Dentaire,2023-09-18,2023-10-11,605,501,Fermé,23,23,0
SIN0003080,POL007106,CLT03760,Santé,Dentaire,2024-03-09,2024-03-20,966,707,Fermé,29,11,0
SIN0003081,POL007111,CLT00536,Auto,Accident matériel,2023-01-05,2023-01-14,3996,2327,Fermé,7,9,0
SIN0003082,POL007112,CLT02308,Auto,Bris de glace,2023-11-16,2023-11-20,742,561,Fermé,5,4,0
SIN0003083,POL007113,CLT02035,Habitation,Catastrophe naturelle,2021-04-18,2021-05-08,12215,11547,Fermé,5,20,0
SIN0003084,POL007114,CLT03042,Auto,Accident corporel,2022-09-12,2022-09-30,10474,6916,Fermé,13,18,0
SIN0003085,POL007114,CLT03042,Auto,Accident matériel,2022-04-29,2022-05-03,2380,1801,Fermé,19,4,0
SIN0003086,POL007114,CLT03042,Auto,Accident matériel,2022-10-24,2022-10-25,3115,1718,Fermé,12,1,0
SIN0003087,POL007116,CLT02505,Habitation,Dégât des eaux,2023-11-30,2023-11-30,5282,4143,Fermé,9,0,0
SIN0003088,POL007118,CLT04847,Auto,Accident matériel,2021-11-29,2021-12-20,6393,4375,Fermé,25,21,0
SIN0003089,POL007120,CLT03116,Habitation,Dégât des eaux,2024-07-15,2024-08-07,2600,2382,Fermé,11,23,0
SIN0003090,POL007127,CLT00916,Auto,Accident matériel,2022-10-05,2022-11-04,2496,1985,Fermé,11,30,0
SIN0003091,POL007127,CLT00916,Auto,Accident matériel,2023-12-24,2023-12-31,6585,5445,Fermé,8,7,0
SIN0003092,POL007129,CLT02519,Santé,Optique,2024-04-10,2024-05-03,253,156,Fermé,19,23,0
SIN0003093,POL007134,CLT01490,Auto,Accident corporel,2024-11-17,2024-12-02,9570,6626,Ouvert,55,15,0
SIN0003094,POL007135,CLT02477,Auto,Accident corporel,2023-03-09,2023-04-01,11187,9551,Ouvert,44,23,0
SIN0003095,POL007141,CLT01393,Auto,Accident matériel,2023-12-07,2023-12-17,3535,2000,Fermé,12,10,0
SIN0003096,POL007141,CLT01393,Auto,Bris de glace,2024-05-20,2024-06-09,473,355,Fermé,23,20,0
SIN0003097,POL007150,CLT00991,Santé,Soins courants,2023-06-09,2023-06-17,185,155,Fermé,14,8,0
SIN0003098,POL007152,CLT00245,Habitation,Dégât des eaux,2021-08-23,2021-09-01,9270,7529,Fermé,20,9,0
SIN0003099,POL007153,CLT03621,Habitation,Dégât des eaux,2023-11-24,2023-12-01,2473,1946,Fermé,22,7,0
SIN0003100,POL007159,CLT04357,Auto,Accident corporel,2024-10-29,2024-11-22,24237,13620,Ouvert,3,24,0
SIN0003101,POL007162,CLT01042,Auto,Accident matériel,2024-01-31,2024-02-20,6340,3498,Fermé,14,20,0
SIN0003102,POL007164,CLT00506,Santé,Soins courants,2022-06-18,2022-06-29,253,200,Fermé,27,11,0
SIN0003103,POL007169,CLT02846,Auto,Accident matériel,2024-03-31,2024-04-18,4393,3044,Fermé,29,18,0
SIN0003104,POL007174,CLT04668,Auto,Accident corporel,2023-11-30,2023-12-18,46000,38932,Fermé,8,18,0
SIN0003105,POL007175,CLT03375,Auto,Accident matériel,2023-07-15,2023-08-14,1339,1153,Fermé,22,30,0
SIN0003106,POL007178,CLT02764,Habitation,Dégât des eaux,2023-11-08,2023-11-14,6885,5293,Fermé,21,6,0
SIN0003107,POL007178,CLT02764,Habitation,Dégât des eaux,2022-12-23,2023-01-03,7190,6101,Fermé,15,11,0
SIN0003108,POL007178,CLT02764,Habitation,Catastrophe naturelle,2022-06-20,2022-07-19,11610,9967,Fermé,16,29,0
SIN0003109,POL007178,CLT02764,Habitation,Dégât des eaux,2021-09-17,2021-10-14,3893,2977,Ouvert,17,27,0
SIN0003110,POL007182,CLT04895,Santé,Optique,2024-11-18,2024-12-16,208,166,Ouvert,36,28,0
SIN0003111,POL007187,CLT02868,Auto,Accident matériel,2024-01-25,2024-02-11,3125,2611,Fermé,15,17,0
SIN0003112,POL007188,CLT04339,Auto,Accident matériel,2022-06-21,2022-07-17,2964,1754,Fermé,13,26,0
SIN0003113,POL007188,CLT04339,Auto,Accident matériel,2022-02-02,2022-02-07,2835,1953,Fermé,16,5,0
SIN0003114,POL007192,CLT02284,Santé,Soins courants,2024-09-12,2024-10-03,286,254,Ouvert,59,21,0
SIN0003115,POL007193,CLT03245,Habitation,Dégât des eaux,2024-05-24,2024-06-03,4915,4317,Fermé,25,10,0
SIN0003116,POL007195,CLT01084,Auto,Accident matériel,2024-10-01,2024-10-08,2206,2084,Ouvert,15,7,0
SIN0003117,POL007196,CLT03159,Habitation,Dégât des eaux,2022-01-23,2022-02-20,2814,1626,Fermé,5,28,0
SIN0003118,POL007198,CLT03005,Auto,Accident matériel,2022-12-03,2022-12-27,3295,2078,Fermé,6,24,0
SIN0003119,POL007198,CLT03005,Auto,Vol,2024-10-16,2024-10-25,3012,2013,Ouvert,26,9,0
SIN0003120,POL007199,CLT02173,Auto,Accident matériel,2022-11-26,2022-12-16,4020,3118,Fermé,5,20,0
SIN0003121,POL007199,CLT02173,Auto,Vol,2023-06-28,2023-07-25,4140,3640,Fermé,11,27,0
SIN0003122,POL007199,CLT02173,Auto,Accident matériel,2021-11-18,2021-12-01,5142,2864,Fermé,6,13,0
SIN0003123,POL007200,CLT03396,Habitation,Dégât des eaux,2023-10-04,2023-10-19,7688,4886,Fermé,11,15,0
